timestamp,x_km,y_km,z_km,vx_km_s,vy_km_s,vz_km_s,name
2025-06-28T07:06:29.896685,3027.6868219991234,-7069.2601195700045,1963.816816031693,-2.104105291147919,0.8018382828109665,6.922904844329387,12580U
2025-06-28T07:07:29.896685,2897.14524962628,-7011.034654783848,2376.1848626764577,-2.2455977229986686,1.1380892321573204,6.819072106085374,12580U
2025-06-28T07:08:29.896685,2758.325696764165,-6932.775196409513,2781.749581488944,-2.379979250291026,1.4694080734816248,6.696289941836284,12580U
2025-06-28T07:09:29.896685,2611.6663651893427,-6834.809601499227,3179.3917323652527,-2.5068795826934998,1.7947499834554874,6.555163579052971,12580U
2025-06-28T07:10:29.896685,2457.6264758667685,-6717.527045974116,3568.030468867806,-2.6259678211527566,2.113116967624301,6.396363898049246,12580U
2025-06-28T07:11:29.896685,2296.6838768442763,-6581.375061408073,3946.6270822537244,-2.7369531106310547,2.423562346343173,6.2206210180999095,12580U
2025-06-28T07:12:29.896685,2129.3326257790595,-6426.856324874608,4314.18834985656,-2.839584885172937,2.7251945362010477,6.028717648550863,12580U
2025-06-28T07:13:29.896685,1956.0805711214061,-6254.525245098152,4669.769477452049,-2.933652726906464,3.017180118072782,5.821482310799453,12580U
2025-06-28T07:14:29.896685,1777.446954413264,-6064.98438812462,5012.476631558714,-3.018985866296341,3.298746196958192,5.599782531926765,12580U
2025-06-28T07:15:29.896685,1593.9600542830285,-5858.880784874921,5341.4690635339375,-3.095452355547326,3.5691820715147173,5.364518103634345,12580U
2025-06-28T07:16:29.896685,1406.1548906100156,-5636.902161366975,5655.960832711842,-3.162957950471884,3.8278402423940068,5.1166144913851666,12580U
2025-06-28T07:17:29.896685,1214.5710050640348,-5399.773130194002,5955.222140611022,-3.2214447384001907,4.074136797972548,4.857016468696026,12580U
2025-06-28T07:18:29.896685,1019.7503318712868,-5148.251379145882,6238.580292361405,-3.27088955087782,4.307551223720935,4.5866820407987134,12580U
2025-06-28T07:19:29.896685,822.2351702797101,-4883.123889773852,6505.420304934121,-3.311302200053567,4.527625687266483,4.306576710778461,12580U
2025-06-28T07:20:29.896685,622.5662678557047,-4605.203215342214,6755.185184500746,-3.3427235769203447,4.733963855214809,4.017668130174778,12580U
2025-06-28T07:21:29.896685,421.2810214875844,-4315.323844091322,6987.375897317872,-3.365223648065235,4.926229300113731,3.7209211652070953,12580U
2025-06-28T07:22:29.896685,218.91180084087003,-4014.338670154812,7201.5510599615845,-3.378899385448381,5.1041435567139155,3.4172933995310886,12580U
2025-06-28T07:23:29.896685,15.984397037205696,-3703.1155909149775,7397.326375574409,-3.383872661106112,5.267483886087623,3.1077310849463835,12580U
2025-06-28T07:24:29.896685,-186.98340246424223,-3382.5342461201913,7574.3738430907615,-3.38028813569715,5.41608080440713,2.793165542915817,12580U
2025-06-28T07:25:29.896685,-389.4831134033824,-3053.482910785732,7732.420766240426,-3.3683111666094643,5.54981543046821,2.4745100122179813,12580U
2025-06-28T07:26:29.896685,-591.0167306917916,-2716.855550802688,7871.248588559753,-3.3481257580354584,5.668616702577,2.152656931589424,12580U
2025-06-28T07:27:29.896685,-791.0977840357326,-2373.549047322432,7990.691579734964,-3.3199325721041975,5.772458511400073,1.828475640828157,12580U
2025-06-28T07:28:29.896685,-989.2522774228848,-2024.4605933902135,8090.635397425458,-3.2839470169164637,5.861356790990265,1.502810479500495,12580U
2025-06-28T07:29:29.896685,-1185.0195174971668,-1670.4852639821506,8171.015547329929,-3.240397424230049,5.935366605609659,1.1764792590627393,12580U
2025-06-28T07:30:29.896685,-1377.952836480906,-1312.5137585604436,8231.81576272041,-3.189523326640307,5.9945792653187455,0.8502720818037794,12580U
2025-06-28T07:31:29.896685,-1567.6202157769085,-951.4303134967154,8273.066323030662,-3.131573841433587,6.0391194987076,0.524950478443189,12580U
2025-06-28T07:32:29.896685,-1753.604816710331,-588.1107802148664,8294.842329389518,-3.0668061658820567,6.069142706707957,0.20124683538447086,12580U
2025-06-28T07:33:29.896685,-1935.5054250680496,-223.42086365768813,8297.261953275904,-2.99548418661017,6.084832317220777,-0.12013591757753128,12580U
2025-06-28T07:34:29.896685,-2112.936816177934,141.78548533089472,8280.484672771961,-2.917877203799625,6.086397256377159,-0.4385243879635552,12580U
2025-06-28T07:35:29.896685,-2285.530047258142,506.6675309136264,8244.7095092304,-2.8342587694038928,6.074069548659747,-0.7532745978313647,12580U
2025-06-28T07:36:29.896685,-2452.932683672839,870.3990742668424,8190.173275572033,-2.7449056372061076,6.048102054868273,-1.0637716844997054,12580U
2025-06-28T07:37:29.896685,-2614.8089655694575,1232.1696449254503,8117.148845905866,-2.6500968214566765,6.008766354026044,-1.369429450388898,12580U
2025-06-28T07:38:29.896685,-2770.8399211568835,1591.1855699818723,8025.943454727441,-2.5501127599525106,5.956350772791319,-1.6696897860316864,12580U
2025-06-28T07:39:29.896685,-2920.723432626515,1946.670929800661,7916.897032609219,-2.445234576745032,5.891158563748104,-1.964021988626973,12580U
2025-06-28T07:40:29.896685,-3064.1742604277497,2297.8684089416192,7790.380584054023,-2.335743439167567,5.813506232088149,-2.2519219967610637,12580U
2025-06-28T07:41:29.896685,-3200.924031297419,2644.0400509213096,7646.794612039506,-2.221920003532584,5.723722008636721,-2.532911560155814,12580U
2025-06-28T07:42:29.896685,-3330.7211951143768,2984.467925298797,7486.567592738782,-2.104043943642306,5.622144465895914,-2.806537361555099,12580U
2025-06-28T07:43:29.896685,-3453.330955315408,3318.454715364911,7310.154502955536,-1.9823935561633834,5.509121272751992,-3.0723701061652,12580U
2025-06-28T07:44:29.896685,-3568.5351772696404,3645.3242344544055,7118.035401959302,-1.8572454369167066,5.385008082691976,-3.3300035924398705,12580U
2025-06-28T07:45:29.896685,-3676.1322786721494,3964.421878601733,6910.714068641375,-1.7288742222102589,5.250167549771082,-3.5790537764677812,12580U
2025-06-28T07:46:29.896685,-3775.93710568654,4275.115022932131,6688.716694229607,-1.597552389479948,5.104968466140389,-3.819157840788956,12580U
2025-06-28T07:47:29.896685,-3867.7807982431154,4576.793368829027,6452.5906301953155,-1.4635501116861322,4.94978501465913,-4.04997327714504,12580U
2025-06-28T07:48:29.896685,-3951.5106475870807,4868.869248555253,6202.903190450076,-1.3271351601293713,4.784996129953365,-4.271176991460942,12580U
2025-06-28T07:49:29.896685,-4026.989948870503,5150.777893632349,5940.240506460141,-1.188572850587963,4.610984961222767,-4.48246443826111,12580U
2025-06-28T07:50:29.896685,-4094.097851294093,5421.977672907922,5665.206433493224,-1.0481260279312106,4.428138430118536,-4.683548790742784,12580U
2025-06-28T07:51:29.896685,-4152.729208030156,5681.950305865854,5378.421505852688,-0.9060550846199247,4.2368468771022565,-4.874160151855325,12580U
2025-06-28T07:52:29.896685,-4202.794427898134,5930.201056368764,5080.521938634437,-0.7626180087590466,4.037503789826952,-5.054044810969178,12580U
2025-06-28T07:53:29.896685,-4244.219330510368,6166.258911629005,4772.158673304917,-0.6180704576339637,3.830505607276279,-5.2229645500253135,12580U
2025-06-28T07:54:29.896685,-4276.945006388932,6389.6767509418305,4453.996464046282,-0.4726658528459948,3.616251593514145,-5.380696002542432,12580U
2025-06-28T07:55:29.896685,-4300.92768329817,6600.031508198255,4126.713001816114,-0.32665549348612305,3.395143775242231,-5.527030068239904,12580U
2025-06-28T07:56:29.896685,-4316.138599862993,6796.9243320447895,3790.998072662151,-0.18028868388449606,3.167586937420101,-5.66177138574835,12580U
2025-06-28T07:57:29.896685,-4322.56388731607,6979.980747103633,3447.5527468273312,-0.03381287273448035,2.933988671509266,-5.784737865435964,12580U
2025-06-28T07:58:29.896685,-4320.204460035128,7148.850819395653,3097.088594986486,0.11252619946911382,2.6947594710590606,-5.895760284121683,12580U
2025-06-28T07:59:29.896685,-4309.075915345517,7303.209328790155,2740.3269278449343,0.2584843475866586,2.4503128695367655,-5.994681943202131,12580U
2025-06-28T08:00:29.896685,-4289.2084428865555,7442.755951002289,2377.9980552216743,0.40381878636946755,2.2010656154608808,-6.081358391527486,12580U
2025-06-28T08:01:29.896685,-4260.646743668891,7567.215451361552,2010.8405606451834,0.5482879750558598,1.9474378800288044,-6.1556572142084,12580U
2025-06-28T08:02:29.896685,-4223.449958783528,7676.337892283196,1639.600587402413,0.6916514646287742,1.68985349253231,-6.2174578884160585,12580U
2025-06-28T08:03:29.896685,-4177.691607560257,7769.898856083896,1265.0311319049874,0.8336697502768087,1.4287401989269664,-6.266651707142264,12580U
2025-06-28T08:04:29.896685,-4123.459534812244,7847.69968449588,887.8913401637744,0.9741041315641578,1.1645299389583632,-6.303141771810801,12580U
2025-06-28T08:05:29.896685,-4060.8558666439753,7909.567735943904,508.945803099988,1.1127165827976655,0.897659137251656,-6.326843054567646,12580U
2025-06-28T08:06:29.896685,-3989.9969741399777,7955.356661358463,128.96384635977498,1.2492696360836886,0.6285690037346121,-6.337682531020366,12580U
2025-06-28T08:07:29.896685,-3911.0134440914067,7984.946699001829,-251.2811897526667,1.3835262795893977,0.35770583869187744,-6.33559938413882,12580U
2025-06-28T08:08:29.896685,-3824.050055754614,7998.244988480556,-631.0126846563426,1.5152498735640243,0.08552133763492611,-6.320545279964327,12580U
2025-06-28T08:09:29.896685,-3729.2657624708568,7995.185903805378,-1009.4514906620689,1.6442040867322936,-0.18752710898039912,-6.292484715695523,12580U
2025-06-28T08:10:29.896685,-3626.833676807171,7975.731405036139,-1385.8167094334642,1.7701528557441077,-0.46097612634954344,-6.251395440619588,12580U
2025-06-28T08:11:29.896685,-3516.9410577019507,7939.871407711175,-1759.3264962774256,1.8928603704524873,-0.7343560816286396,-6.197268950228618,12580U
2025-06-28T08:12:29.896685,-3399.7892979397807,7887.624168914909,-2129.1988967499983,2.0120910878671316,-1.007190831584453,-6.1301110537078625,12580U
2025-06-28T08:13:29.896685,-3275.593910047204,7819.036688451635,-2494.6527202265706,2.127609777789683,-1.278997497643314,-6.049942514753193,12580U
2025-06-28T08:14:29.896685,-3144.5845085858577,7734.18512322716,-2854.908454813555,2.2391816031632836,-1.5492862745593226,-5.956799765453703,12580U
2025-06-28T08:15:29.896685,-3007.0047865593956,7633.1752125106905,-3209.1892281666956,2.3465722383560044,-1.8175602794682146,-5.8507356926289456,12580U
2025-06-28T08:16:29.896685,-2863.1124834871016,7516.14271132759,-3556.721818589531,2.449548028665331,-2.0833154484097065,-5.7318204956434045,12580U
2025-06-28T08:17:29.896685,-2713.1793424822813,7383.253828774674,-3896.7377207316663,2.5478761944468937,-2.3460404878636356,-5.600142614254802,12580U
2025-06-28T08:18:29.896685,-2557.4910534669866,7234.705667570346,-4228.47427007379,2.6413250833601114,-2.6052168892937755,-5.4558097245067785,12580U
2025-06-28T08:19:29.896685,-2396.347179443135,7070.726660646746,-4551.175830222438,2.729664474297245,-2.860319015158825,-5.298949800033514,12580U
2025-06-28T08:20:29.896685,-2230.0610625283375,6891.577000062014,-4864.095046827801,2.8126659366115443,-3.1108142653168738,-5.129712235396414,12580U
2025-06-28T08:21:29.896685,-2058.959706252164,6697.549052957046,-5166.494171679601,2.890103248277571,-3.356163333209684,-4.948269027211163,12580U
2025-06-28T08:22:29.896685,-1883.3836303989158,6488.9677587051565,-5457.646460220626,2.961752876593154,-3.5958205616515024,-4.754816007839195,12580U
2025-06-28T08:23:29.896685,-1703.686694479695,6266.1910008068535,-5736.837645338505,3.0273945249589387,-3.829234408448222,-4.54957412530344,12580U
2025-06-28T08:24:29.896685,-1520.2358857205043,6029.609946468292,-6003.367489847327,3.0868117491367717,-4.055848032420099,-4.332790761837247,12580U
2025-06-28T08:25:29.896685,-1333.4110672709412,5779.6493461754,-6256.551419543711,3.139792646181478,-4.275100010672374,-4.104741082083598,12580U
2025-06-28T08:26:29.896685,-1143.6046821723637,5516.767784941208,-6495.7222381098345,3.1861306189491514,-4.48642519813033,-3.86572940042659,12580U
2025-06-28T08:27:29.896685,-951.221408481878,5241.457876269819,-6720.231924430557,3.225625218695624,-4.689255740400342,-3.616090555260704,12580U
2025-06-28T08:28:29.896685,-756.6777608327154,4954.246389251665,-6929.453512088443,3.2580830677780344,-4.883022250909269,-3.356191276188282,12580U
2025-06-28T08:29:29.896685,-560.4016336326249,4655.694298595504,-7122.7830498885805,3.283318863846393,-5.0671551629739895,-3.0864315281947934,12580U
2025-06-28T08:30:29.896685,-362.83178106323487,4346.396746820993,-7299.641641242997,3.3011564661461277,-5.241086266929961,-2.8072458147973034,12580U
2025-06-28T08:31:29.896685,-164.41722905525594,4026.982907296504,-7459.477559104363,3.311430063634639,-5.404250441661919,-2.519104420017624,12580U
2025-06-28T08:32:29.896685,34.38338551394275,3698.115736327529,-7601.768431877543,3.313985423531903,-5.556087588792086,-2.2225145668293855,12580U
2025-06-28T08:33:29.896685,233.10255301696913,3360.491602094039,-7726.02349435585,3.30868121766704,-5.6960447763546,-1.9180214675020038,12580U
2025-06-28T08:34:29.896685,431.2647110666707,3014.8397779273373,-7831.785896223512,3.2953904225422117,-5.8235785969757625,-1.6062092390692146,12580U
2025-06-28T08:35:29.896685,628.3871503968423,2661.9217872228787,-7918.63505904373,3.27400178740855,-5.938157743355721,-1.2877016550386131,12580U
2025-06-28T08:36:29.896685,823.9810103296194,2302.5305872335957,-7986.189070917391,3.2444213628361744,-6.039265801173248,-0.9631627025054552,12580U
2025-06-28T08:37:29.896685,1017.5523670173797,1937.4895791015317,-8034.107106162476,3.2065740802705065,-6.126404256385986,-0.6332969121189564,12580U
2025-06-28T08:38:29.896685,1208.603417022568,1567.651431790656,-8062.091855443373,3.16040537091254,-6.199095710257914,-0.29884942696478317,12580U
2025-06-28T08:39:29.896685,1396.6337580481793,1193.8967081087817,-8069.8919497930765,3.105882809965949,-6.25688729130817,0.03939422452318708,12580U
2025-06-28T08:40:29.896685,1581.1417677488794,817.1322817778791,-8057.304359945757,3.042997769890707,-6.299354248752703,0.3806086869153906,12580U
2025-06-28T08:41:29.896685,1761.6260805314855,438.2895355574644,-8024.176750364504,2.971767063835255,-6.326103706931393,0.7239297024415244,12580U
2025-06-28T08:42:29.896685,1937.587161091386,58.32233176959399,-7970.409765347926,2.892234557942054,-6.336778554730393,1.0684554359494864,12580U
2025-06-28T08:43:29.896685,2108.5289721281024,-321.79525176050385,-7895.959222675951,2.8044727288023146,-6.331061438198676,1.4132482322333102,12580U
2025-06-28T08:44:29.896685,2273.960732243284,-701.0714253305576,-7800.838188461074,2.708584140052988,-6.308678818524117,1.7573368348490974,12580U
2025-06-28T08:45:29.896685,2433.398758455974,-1078.499433181982,-7685.118905266477,2.6047028100537712,-6.269405051410311,2.099719091485036,12580U
2025-06-28T08:46:29.896685,2586.368386086427,-1453.060541432092,-7548.934544200513,2.492995440854026,-6.213066437844636,2.4393651657152486,12580U
2025-06-28T08:47:29.896685,2732.4059569817837,-1823.7272649753834,-7392.480750668228,2.3736624773646513,-6.139545190462763,2.7752212685035436,12580U
2025-06-28T08:48:29.896685,2871.060865209243,-2189.4668268165497,-7216.016952826554,2.24693896490139,-6.048783254412565,3.106213915120569,12580U
2025-06-28T08:49:29.896685,3001.8976474583683,-2549.244839600027,-7019.867401623819,2.113095173171164,-5.940785917041212,3.4312547042357378,12580U
2025-06-28T08:50:29.896685,3124.498103512466,-2902.0291951391528,-6804.421911679055,1.9724369554397945,-5.8156251371265535,3.7492456059297496,12580U
2025-06-28T08:51:29.896685,3238.463430316311,-3246.794143588106,-6570.136273235554,1.825305813135704,-5.673442522006083,4.059084734398238,12580U
2025-06-28T08:52:29.896685,3343.4163514338406,-3582.5245396076994,-6317.532307068535,1.6720786385891624,-5.5144518800764875,4.359672569385339,12580U
2025-06-28T08:53:29.896685,3439.003222112929,-3908.220228551274,-6047.197536580003,1.5131671120235537,-5.338941276974952,4.649918578178438,12580U
2025-06-28T08:54:29.896685,3524.896088813036,-4222.900541438341,-5759.784454405723,1.3490167333236525,-5.147274526507603,4.928748177640639,12580U
2025-06-28T08:55:29.896685,3600.794680966956,-4525.608863411854,-5456.009364698133,1.1801054744827495,-4.939892052207529,5.195109963644436,12580U
2025-06-28T08:56:29.896685,3666.4283119996558,-4815.41723661736,-5136.650786817843,1.0069420449110564,-4.717311062365686,5.447983123826947,12580U
2025-06-28T08:57:29.896685,3721.557666269965,-5091.430955127601,-4802.547411428211,0.8300637688646271,-4.480124990490143,5.686384939265517,12580U
2025-06-28T08:58:29.896685,3765.9764486910394,-5352.7931068352955,-4454.595605822507,0.6500340819461936,-4.229002164291672,5.90937827196561,12580U
2025-06-28T08:59:29.896685,3799.51287433094,-5598.689015117246,-4093.7464718231035,0.46743966184226887,-3.964683679430154,6.116078928268285,12580U
2025-06-28T09:00:29.896685,3822.0309763994696,-5828.350532057208,-3721.0024661377633,0.2828872166895123,-3.6879804687429867,6.305662784176122,12580U
2025-06-28T09:01:29.896685,3833.431712573785,-6041.0601345390805,-3337.4136003065064,0.09699996287041474,-3.39976957372775,6.477372556932756,12580U
2025-06-28T09:02:29.896685,3833.653851738063,-6236.154775383548,-2944.0732442533927,-0.08958616813455905,-3.1009896415742486,6.6305241088453215,12580U
2025-06-28T09:03:29.896685,3822.6746257798313,-6413.029443412661,-2542.1135644250744,-0.2762265469172804,-2.79263568797258,6.764512173990808,12580U
2025-06-28T09:04:29.896685,3800.5101341035265,-6571.14038914893,-2132.700634046581,-0.4622720340998087,-2.4757531824802976,6.878815406327483,12580U
2025-06-28T09:05:29.896685,3767.2154919116438,-6710.007976689862,-1717.029259035759,-0.6470732807298024,-2.151431528884615,6.973000658657376,12580U
2025-06-28T09:06:29.896685,3722.8847169872147,-6829.219127085861,-1296.3175683908405,-0.829985079074588,-1.8207970271630785,7.046726415603211,12580U
2025-06-28T09:07:29.896685,3667.650353592558,-6928.429324185451,-871.8014222251098,-1.010370699684524,-1.4850054157924797,7.09974531988541,12580U
2025-06-28T09:08:29.896685,3601.6828360740014,-7007.364160256536,-444.72869392705275,-1.187606150209929,-1.1452341028198572,7.131905749208151,12580U
2025-06-28T09:09:29.896685,3525.189598719594,-7065.820405578478,-16.353485060382862,-1.361084292811728,-0.8026742009225817,7.143152420395382,12580U
2025-06-28T09:10:29.896685,3438.4139422442786,-7103.666593436909,412.0696674821325,-1.5302187600671606,-0.4585224853975562,7.133526017402143,12580U
2025-06-28T09:11:29.896685,3341.6336708678054,-7120.8431193373335,839.2915329171468,-1.694447613928546,-0.11397339451518146,7.103161859778981,12580U
2025-06-28T09:12:29.896685,3235.1595172054945,-7117.361860576842,1264.073819051074,-1.8532366983718918,0.2297888110342878,7.052287647410457,12580U
2025-06-28T09:13:29.896685,3119.3333750258157,-7093.3053293723915,1685.1946410277021,-2.0060826436385732,0.5715976186302627,6.981220335244332,12580U
2025-06-28T09:14:29.896685,2994.5263622780594,-7048.8253793515505,2101.4537754026546,-2.15251548814908,0.9103114616973633,6.890362207714897,12580U
2025-06-28T09:15:29.896685,2861.1367385711956,-6984.141491185468,2511.6776534733513,-2.2921008929891706,1.2448204537207677,6.78019623614576,12580U
2025-06-28T09:16:29.896685,2719.5877025973873,-6899.538668394124,2914.7240530922854,-2.424441932865724,1.574052579521672,6.651280813341847,12580U
2025-06-28T09:17:29.896685,2570.3250955524027,-6795.364978676733,3309.4864546720596,-2.549180456620153,1.8969792795879556,6.504243967423185,12580U
2025-06-28T09:18:29.896685,2413.8150368058914,-6672.028779572833,3694.898033265769,-2.6659980190206745,2.212620378142865,6.339777161895135,12580U
2025-06-28T09:19:29.896685,2250.5415175983203,-6529.995669695758,4069.9352654735694,-2.774616393793081,2.5200483212624474,6.158628790782399,12580U
2025-06-28T09:20:29.896685,2081.003977650595,-6369.785208268264,4433.621136558515,-2.874797685210073,2.818391706603545,5.961597476679817,12580U
2025-06-28T09:21:29.896685,1905.7148882404226,-6191.96744623695,4785.027939675278,-2.9663440619766908,3.1068381009521895,5.749525275983484,12580U
2025-06-28T09:22:29.896685,1725.1973636144385,-5997.1593119160725,5123.279665300638,-3.049097142479499,3.3846361553891655,5.52329088970528,12580U
2025-06-28T09:23:29.896685,1539.9828206379873,-5786.02089299367,5447.553984687433,-3.122937064647955,3.651097040080836,5.283802970523902,12580U
2025-06-28T09:24:29.896685,1350.6087044111002,-5559.251654927263,5757.0838363386765,-3.1877812766896345,3.9055952312978186,5.031993607504846,12580U
2025-06-28T09:25:29.896685,1157.6162952703219,-5317.586633370609,6051.158629049685,-3.243583086837243,4.147568692094443,4.768812059652496,12580U
2025-06-28T09:26:29.896685,961.5486102252065,-5061.79263542789,6329.125078942776,-3.2903300110505396,4.376518495072252,4.495218798557896,12580U
2025-06-28T09:27:29.896685,762.9484095042088,-4792.664481342133,6590.387701105808,-3.328041957447602,4.592007940809763,4.212179909261858,12580U
2025-06-28T09:28:29.896685,562.3563165654468,-4511.021314803319,6834.4089789465,-3.3567692852180824,4.793661228934961,3.9206618874114336,12580U
2025-06-28T09:29:29.896685,360.3090577096368,-4217.703006516768,7060.709236210081,-3.3765907740284513,4.981161740566919,3.621626860149389,12580U
2025-06-28T09:30:29.896685,157.33782535016053,-3913.566672092933,7268.866237822664,-3.3876115376062863,5.154249991122931,3.3160282481796095,12580U
2025-06-28T09:31:29.896685,-46.03323291756574,-3599.4833217956043,7458.514546362511,-3.3899609124279446,5.3127213114600425,3.0048068772901453,12580U
2025-06-28T09:32:29.896685,-249.28839903524994,-3276.334656278815,7629.344661092497,-3.3837903493636667,5.4564233132049,2.688887539415204,12580U
2025-06-28T09:33:29.896685,-451.9216441087755,-2945.010019212188,7781.101966171306,-3.3692713328817496,5.585253191127677,2.369175996161726,12580U
2025-06-28T09:34:29.896685,-653.4377653902145,-2606.4035146853653,7913.585513964312,-3.3465933490883635,5.699154911738774,2.0465564116523804,12580U
2025-06-28T09:35:29.896685,-853.3534041919805,-2261.4112945176093,8026.64666836941,-3.315961920576674,5.79811633312802,1.721889196532837,12580U
2025-06-28T09:36:29.896685,-1051.1979492430057,-1910.9290181054694,8120.187631816606,-3.2775967228580494,5.8821662965972825,1.396009241027601,12580U
2025-06-28T09:37:29.896685,-1246.5143307469298,-1555.8494852232411,8194.159878156916,-3.231729794111256,5.951371726018847,1.0697245119370318,12580U
2025-06-28T09:38:29.896685,-1438.8597109804125,-1197.0604402516128,8248.562512079086,-3.178603847159815,6.005834766216936,0.7438149863701721,12580U
2025-06-28T09:39:29.896685,-1627.8060776916122,-835.4425446421046,8283.440574030663,-3.1184706900062373,6.0456899871301975,0.41903189370903443,12580U
2025-06-28T09:40:29.896685,-1812.9407468400116,-471.86751301891536,8298.883307915648,-3.0515897589348473,6.071101676158775,0.09609723670133151,12580U
2025-06-28T09:41:29.896685,-1993.8667813766087,-107.19640715805347,8295.022407130493,-2.9782267661506805,6.082261236998815,-0.22429643742354768,12580U
2025-06-28T09:42:29.896685,-2170.2033328134953,257.72191884979543,8272.030252812896,-2.8986524621507255,6.079384709469015,-0.5414860444243771,12580U
2025-06-28T09:43:29.896685,-2341.5859122899747,622.0522296720886,8230.118156538834,-2.8131415115186473,6.062710421369538,-0.8548377768145735,12580U
2025-06-28T09:44:29.896685,-2507.666597724664,984.9741840027253,8169.534618129949,-2.721971479579934,6.0324967803011535,-1.1637467504250911,12580U
2025-06-28T09:45:29.896685,-2668.114183461372,1345.683482358371,8090.5636077411755,-2.625421926336367,5.989020210615341,-1.4676365088174481,12580U
2025-06-28T09:46:29.896685,-2822.6142785865904,1703.3928959661716,7993.522879995935,-2.5237736032938076,5.932573238259722,-1.7659584089947942,12580U
2025-06-28T09:47:29.896685,-2970.8693598252767,2057.333185407049,7878.762326630648,-2.4173077481866754,5.863462724214448,-2.0581909101485274,12580U
2025-06-28T09:48:29.896685,-3112.598784624723,2406.753917678923,7746.6623729033345,-2.3063054721608403,5.782008245464072,-2.343838785424667,12580U
2025-06-28T09:49:29.896685,-3247.538769716853,2750.924190248694,7597.632421915357,-2.1910472336848397,5.688540620994156,-2.622432274931163,12580U
2025-06-28T09:50:29.896685,-3375.442340118814,3089.133270497377,7432.109349987073,-2.0718123932924497,5.58340057911597,-2.8935261964790993,12580U
2025-06-28T09:51:29.896685,-3496.079253194895,3420.6911587358577,7250.55605531635,-1.9488788432010618,5.46693756147876,-3.1566990288791774,12580U
2025-06-28T09:52:29.896685,-3609.23590206394,3744.9290826948336,7053.460061328354,-1.8225227058779268,5.339508658401392,-3.411551981022877,12580U
2025-06-28T09:53:29.896685,-3714.7152023023955,4061.1999310845376,6841.332175389893,-1.693018095724881,5.201477669614236,-3.6577080584827093,12580U
2025-06-28T09:54:29.896685,-3812.3364655638675,4368.878633481425,6614.705202908676,-1.5606369382063379,5.05321428412517,-3.894811137973213,12580U
2025-06-28T09:55:29.896685,-3901.9352634172683,4667.3624934462305,6374.132716257165,-1.425648840939482,4.895093372683117,-4.1225250587361755,12580U
2025-06-28T09:56:29.896685,-3983.363284396774,4956.07148140942,6120.187877450775,-1.2883210114908727,4.727494386188338,-4.340532738746198,12580U
2025-06-28T09:57:29.896685,-4056.4881869609812,5234.448493488574,5853.46231305986,-1.1489182168667025,4.55080085336822,-4.548535322581457,12580U
2025-06-28T09:58:29.896685,-4121.193450775082,5501.959582027212,5574.565039442237,-1.0077027799381912,4.365399971083042,-4.74625136686258,12580U
2025-06-28T09:59:29.896685,-4177.37822846004,5758.094163272919,5284.121436039471,-0.8649346083004525,4.171682280730397,-4.933416068328437,12580U
2025-06-28T10:00:29.896685,-4224.957199697128,6002.365207248135,4982.772264177177,-0.7208712513155088,3.970041424362437,-5.10978053888683,12580U
2025-06-28T10:01:29.896685,-4263.860429328286,6234.309414485615,4671.172728576705,-0.5757679813484774,3.7608739743272412,-5.275111131325005,12580U
2025-06-28T10:02:29.896685,-4294.033230874843,6453.487384017662,4349.99157847196,-0.4298778953983375,3.544579330384785,-5.429188818864609,12580U
2025-06-28T10:03:29.896685,-4315.436036654607,6659.483776539231,4019.910245187723,-0.2834520336187396,3.3215596785619104,-5.571808631186185,12580U
2025-06-28T10:04:29.896685,-4328.044275495153,6851.9074764722445,3681.6220126892113,-0.13673951134131473,3.0922200061011202,-5.702779149253582,12580U
2025-06-28T10:05:29.896685,-4331.848258825329,7030.391756239226,3335.8312175802084,0.010012338548416431,2.8569681671378166,-5.821922060870331,12580U
2025-06-28T10:06:29.896685,-4326.8530757439885,7194.59444577602,2983.252474851651,0.15655781589348433,2.616214993899357,-5.929071778654582,12580U
2025-06-28T10:07:29.896685,-4313.078497482684,7344.198109999719,2624.6099255736867,0.30265269907459585,2.3703744483943696,-6.024075121894049,12580U
2025-06-28T10:08:29.896685,-4290.558891503556,7478.910236647645,2260.6365026211224,0.4480540890974497,2.1198638097083276,-6.106791063565252,12580U
2025-06-28T10:09:29.896685,-4259.343145304197,7598.463436608572,1892.073210430022,0.592520254615045,1.8651038921426342,-6.177090543660911,12580U
2025-06-28T10:10:29.896685,-4219.494599835387,7702.615658576906,1519.6684146985197,0.7358104804697019,1.606519289525294,-6.234856349859178,12580U
2025-06-28T10:11:29.896685,-4171.090992275414,7791.150419571664,1144.1771378699375,0.8776849222883204,1.344538641081081,-6.279983066480688,12580U
2025-06-28T10:12:29.896685,-4114.224407743831,7863.877052574411,766.3603561668508,1.0179044696351232,1.0795949142739074,-6.312377092608794,12580U
2025-06-28T10:13:29.896685,-4049.0012393771426,7920.63097225124,386.9842938800509,1.1562306202176968,0.81212570002174,-6.331956730188001,12580U
2025-06-28T10:14:29.896685,-3975.5421560293835,7961.2739594304685,6.819710560586138,1.2924253676522726,0.5425735156365712,-6.3386523428582064,12580U
2025-06-28T10:15:29.896685,-3893.9820766978582,7985.694464709852,-373.35882329105283,1.426251105324621,0.27138611075239705,-6.3324065862229535,12580U
2025-06-28T10:16:29.896685,-3804.4701506110264,7993.807931260652,-752.7736664874689,1.5574705489289684,-0.0009832286217242396,-6.313174710180157,12580U
2025-06-28T10:17:29.896685,-3707.1697417480864,7985.557136580024,-1130.6448678578372,1.6858466803310646,-0.2740753829555148,-6.2809249338584685,12580U
2025-06-28T10:18:29.896685,-3602.258416388597,7960.912552615109,-1506.1909519090166,1.8111427154781348,-0.5474251141965463,-6.235638893593527,12580U
2025-06-28T10:19:29.896685,-3489.9279321112253,7919.8727233384825,-1878.6297339938244,1.9331220991724058,-0.8205607984101386,-6.177312164236891,12580U
2025-06-28T10:20:29.896685,-3370.3842265043277,7862.464658505653,-2247.1791694623694,2.0515485295984135,-1.0930041817829317,-6.105954853926467,12580U
2025-06-28T10:21:29.896685,-3243.8474036004245,7788.744241925447,-2611.058241477546,2.166186015671234,-1.3642701661932128,-6.021592272190769,12580U
2025-06-28T10:22:29.896685,-3110.5517159518613,7698.796652211126,-2969.4878918261575,2.2767989702780356,-1.6338666306730252,-5.9242656710312955,12580U
2025-06-28T10:23:29.896685,-2970.745539980889,7592.736793533311,-3321.691999302299,2.3831523426940118,-1.9012942956928527,-5.814033058244954,12580U
2025-06-28T10:24:29.896685,-2824.69134208276,7470.709733470474,-3666.898410004447,2.4850117935090985,-2.1660466375007497,-5.690970081860695,12580U
2025-06-28T10:25:29.896685,-2672.665632740015,7332.89114458361,-4004.3400238310733,2.582143915518015,-2.4276098602247616,-5.5551709840671,12580U
2025-06-28T10:26:29.896685,-2514.958905697112,7179.4877458529745,-4333.2559413158515,2.674316504111246,-2.685462933903027,-5.406749622427152,12580U
2025-06-28T10:27:29.896685,-2351.87555903204,7010.7377396007805,-4652.892674762666,2.7612988807707164,-2.9390777070727356,-5.2458405554967635,12580U
2025-06-28T10:28:29.896685,-2183.733794748281,6826.911238985489,-4962.50542741436,2.8428622733134836,-3.187919103015531,-5.072600189175789,12580U
2025-06-28T10:29:29.896685,-2010.865493297194,6628.3106805903935,-5261.359444112608,2.918780256531615,-3.431445409212442,-4.887207979213955,12580U
2025-06-28T10:30:29.896685,-1833.6160592322633,6415.2712160458605,-5548.731436567709,2.988829256836277,-3.669108669988232,-4.6898676842637945,12580U
2025-06-28T10:31:29.896685,-1652.3442339943701,6188.161076020781,-5823.9110859541515,3.052789124420715,-3.9003551927102644,-4.480808662709058,12580U
2025-06-28T10:32:29.896685,-1467.4218716342816,5947.381899299091,-6086.202625072449,3.110443776298284,-4.124626178230829,-4.26028720519431,12580U
2025-06-28T10:33:29.896685,-1279.2336731007547,5693.369019027102,-6334.926501759604,3.161581913335994,-4.341358486500657,-4.028587893337917,12580U
2025-06-28T10:34:29.896685,-1088.1768745634715,5426.591697581156,-6569.421124586428,3.2059978140793857,-4.54998554841248,-3.786024973522739,12580U
2025-06-28T10:35:29.896685,-894.6608851047118,5147.553300870809,-6789.044691139979,3.2434922077366126,-4.7499384349282225,-3.5329437329302427,12580U
2025-06-28T10:36:29.896685,-699.106869010028,4856.791402269723,-6993.177098346653,3.273873228145144,-4.940647094369627,-3.2697218631211773,12580U
2025-06-28T10:37:29.896685,-501.9472678207601,4554.877805764121,-7181.221933340887,3.2969574498689584,-5.12154176837815,-2.9967707944801325,12580U
2025-06-28T10:38:29.896685,-303.6252572896243,4242.418477340449,-7352.60854231908,3.312571006754215,-5.292054596437552,-2.7145369827508854,12580U
2025-06-28T10:39:29.896685,-104.59413441146549,3920.053373112773,-7506.794173635022,3.320550792293924,-5.451621417964839,-2.4235031267183804,12580U
2025-06-28T10:40:29.896685,94.68337020539687,3588.4561522344193,-7643.266190087546,3.3207457400051013,-5.599683779771542,-2.12418929387578,12580U
2025-06-28T10:41:29.896685,293.7358591976513,3248.3337622634263,-7761.544343923877,3.3130181806967434,-5.7356911551391425,-1.8171539286919147,12580U
2025-06-28T10:42:29.896685,492.08411885960675,2900.425884381188,-7861.183106533425,3.297245271996265,-5.8591033787999365,-1.5029947159201889,12580U
2025-06-28T10:43:29.896685,689.2420570983223,2545.504225715626,-7941.774043142459,3.2733204938044884,-5.969393299734423,-1.1823492693240567,12580U
2025-06-28T10:44:29.896685,884.7177324803154,2184.371646025393,-8002.948221046437,3.241155201467482,-6.066049650855018,-0.8558956143163086,12580U
2025-06-28T10:45:29.896685,1078.0144773710583,1817.861106177327,-8044.378638048409,3.2006802263968743,-6.148580131324007,-0.5243524313980465,12580U
2025-06-28T10:46:29.896685,1268.6321174978868,1446.8344262305322,-8065.782655823177,3.151847511656646,-6.21651469343513,-0.18847902604182312,12580U
2025-06-28T10:47:29.896685,1456.0682894689746,1072.1808415494802,-8066.924420922149,3.094631767689478,-6.269409021676046,0.1509250101067445,12580U
2025-06-28T10:48:29.896685,1639.819856848561,694.8153462317924,-8047.617254100348,3.029032130916341,-6.3068481867994794,0.49302048202057813,12580U
2025-06-28T10:49:29.896685,1819.3844243133417,315.6768142885768,-8007.725986619539,2.9550738054573116,-6.328450452500293,0.8369296528633646,12580U
2025-06-28T10:50:29.896685,1994.2619482020084,-64.27410953405337,-7947.169220201143,2.872809665747821,-6.333871206686604,1.1817377177887367,12580U
2025-06-28T10:51:29.896685,2163.9564404122357,-444.05735561638625,-7865.921485418024,2.7823217954362915,-6.322806983428808,1.5264947211232918,12580U
2025-06-28T10:52:29.896685,2327.977761110103,-822.6760162087785,-7764.015271579653,2.683722935727573,-6.2949995355878166,1.8702179447595522,12580U
2025-06-28T10:53:29.896685,2485.843494101302,-1199.1191747758348,-7641.542899641869,2.5771578143777956,-6.250239912005442,2.21189479111437,12580U
2025-06-28T10:54:29.896685,2637.080896989288,-1572.3649768236855,-7498.658208427301,2.462804324952199,-6.18837248716009,2.5504861783344297,12580U
2025-06-28T10:55:29.896685,2781.2289164349063,-1941.383937913518,-7335.578023545116,2.3408745248371456,-6.109298885551175,2.884930458521303,12580U
2025-06-28T10:56:29.896685,2917.8402569616615,-2305.142481057261,-7152.583377923635,2.2116154199638225,-6.0129817380023,3.214147861606495,12580U
2025-06-28T10:57:29.896685,3046.483489857802,-2662.606691896042,-6950.0204528876,2.0753095043611287,-5.899448202811762,3.5370454581918023,12580U
2025-06-28T10:58:29.896685,3166.745186850604,-3012.7462760230956,-6728.301209294767,1.9322750236117614,-5.768793181485767,3.852522624288404,12580U
2025-06-28T10:59:29.896685,3278.232061418578,-3354.538698596046,-6487.903679458307,1.7828659331254881,-5.6211821569227665,4.159476979610766,12580U
2025-06-28T11:00:29.896685,3380.5730989178655,-3686.973482072672,-6229.3718924732,1.6274715249305798,-5.456853581621644,4.456810759144791,12580U
2025-06-28T11:01:29.896685,3473.421655185317,-4009.0566335877656,-5953.315408181421,1.4665157004600107,-5.276120744985891,4.743437565402727,12580U
2025-06-28T11:02:29.896685,3556.457502006499,-4319.8151692860365,-5660.4084383682675,1.3004558715725605,-5.07937305226705,5.0182894364621,12580U
2025-06-28T11:03:29.896685,3629.388796859605,-4618.301698950564,-5351.388537885248,1.1297814777670145,-4.86707665326271,5.280324152958685,12580U
2025-06-28T11:04:29.896685,3691.953953726891,-4903.599030653204,-5027.054853215749,0.9550121141374361,-4.639774366609284,5.528532696108503,12580U
2025-06-28T11:05:29.896685,3743.9233915561035,-5174.8247520304885,-4688.265921490458,0.7766952719555792,-4.39808485536449,5.7619467590258395,12580U
2025-06-28T11:06:29.896685,3785.101137206766,-5431.135742318274,-4335.937018999895,0.595403701660044,-4.142701021411437,5.979646205567662,12580U
2025-06-28T11:07:29.896685,3815.326260442712,-5671.732567465333,-3971.037064884149,0.4117324163462946,-3.8743875999299413,6.180766365000034,12580U
2025-06-28T11:08:29.896685,3834.474119808967,-5895.863709897724,-3594.585092382511,0.22629536213669108,-3.593977950182,6.364505047587931,12580U
2025-06-28T11:09:29.896685,3842.4573999723793,-6102.829584430617,-3207.6463072512897,0.039721790109067394,-3.3023700551863855,6.530129165651944,12580U
2025-06-28T11:10:29.896685,3839.2269233974066,-6291.986293013871,-2811.327759849909,-0.14734762786854064,-3.00052175954751,6.676980847378345,12580U
2025-06-28T11:11:29.896685,3824.7722219631,-6462.749073091756,-2406.7736642499435,-0.33426489004600285,-2.6894452915673805,6.8044829364716,12580U
2025-06-28T11:12:29.896685,3799.121857290088,-6614.595397543269,-1995.1604040974896,-0.520378907159177,-2.3702011320578875,6.912143779728855,12580U
2025-06-28T11:13:29.896685,3762.3434820556104,-6747.067688345794,-1577.6912707305441,-0.7050398363264643,-2.043891307451001,6.999561216572579,12580U
2025-06-28T11:14:29.896685,3714.5436383454835,-6859.775611203393,-1155.590984016946,-0.887603443392648,-1.7116521982998951,7.0664256992035455,12580U
2025-06-28T11:15:29.896685,3655.867293025796,-6952.39792428013,-730.1000503779522,-1.0674354291337327,-1.3746469655684752,7.112522488896526,12580U
2025-06-28T11:16:29.896685,3586.4971141065844,-7024.683860729846,-302.4690153620278,-1.2439156549606032,-1.0340577057875135,7.1377328925196535,12580U
2025-06-28T11:17:29.896685,3506.652496000559,-7076.454031741495,126.04733016651603,-1.4164422057255546,-0.6910774518830486,7.142034522995659,12580U
2025-06-28T11:18:29.896685,3416.5883453449624,-7107.600844124858,554.1957307052785,-1.584435230877237,-0.3469021390587267,7.125500587468785,12580U
2025-06-28T11:19:29.896685,3316.5936425437826,-7118.088433841673,980.7301749477335,-1.7473405103975785,-0.0027226544615252136,7.088298226710287,12580U
2025-06-28T11:20:29.896685,3206.9897973114544,-7107.952124132576,1404.4174760891997,-1.9046326984872943,0.3402829144476183,7.030685948120673,12580U
2025-06-28T11:21:29.896685,3088.128819175283,-7077.297423804553,1824.0426700850323,-2.0558182055967764,0.6809567246645999,6.9530102119552035,12580U
2025-06-28T11:22:29.896685,2960.391326044187,-7026.298587636221,2238.414182588781,-2.2004376878601333,1.018168216865601,6.855701245563661,12580U
2025-06-28T11:23:29.896685,2824.184415605486,-6955.196766593468,2646.3687202207416,-2.3380681218792447,1.3508206619361212,6.739268173118386,12580U
2025-06-28T11:24:29.896685,2679.9394252930883,-6864.29778045829,3046.7758477981583,-2.4683244520056182,1.6778571412450745,6.604293558099477,12580U
2025-06-28T11:25:29.896685,2528.1096070930244,-6753.969549514702,3438.5422192408155,-2.5908608061951988,1.998265901583002,6.4514274626722665,12580U
2025-06-28T11:26:29.896685,2369.167743340213,-6624.639225008891,3820.6154365563802,-2.705371285136484,2.3110850410802457,6.2813811318662385,12580U
2025-06-28T11:27:29.896685,2203.6037290706718,-6476.790060208373,4191.987517984576,-2.811590337270512,2.6154064978497478,6.094920411297795,12580U
2025-06-28T11:28:29.896685,2031.9221454306773,-6310.958065032013,4551.697963022879,-2.909292739390542,2.910379328196399,5.892859005234804,12580U
2025-06-28T11:29:29.896685,1854.6398471811085,-6127.728487454159,4898.83640846678,-2.9982932085633536,3.1952122755271337,5.676051677365488,12580U
2025-06-28T11:30:29.896685,1672.2835855420308,-5927.732164270867,5232.544875633284,-3.078445676053879,3.4691756442112687,5.445387490058978,12580U
2025-06-28T11:31:29.896685,1485.387685574484,-5711.641782447955,5552.019614474654,-3.1496422577110033,3.731602504284035,5.20178316959126,12580U
2025-06-28T11:32:29.896685,1294.4917950635358,-5480.168090248207,5856.512555252288,-3.211811957888027,3.9818892628596694,4.94617667517216,12580U
2025-06-28T11:33:29.896685,1100.1387195291468,-5234.056094780359,6145.332382748806,-3.264919145465723,4.219495646288736,4.679521039080857,12580U
2025-06-28T11:34:29.896685,902.8723556081776,-4974.081279635335,6417.845251631392,-3.3089618410011448,4.44394414342755,4.402778534194591,12580U
2025-06-28T11:35:29.896685,703.2357326895808,-4701.04587299852,6673.475164516943,-3.343969853544958,4.654818964903748,4.1169152140620096,12580U
2025-06-28T11:36:29.896685,501.76917039229363,-4415.7751931538405,6911.70403655231,-3.370002804381779,4.851764576057767,3.822895859749859,12580U
2025-06-28T11:37:29.896685,299.0085572995515,-4119.114094735294,7132.071471930797,-3.3871480729864034,5.034483862445059,3.5216793572672382,12580U
2025-06-28T11:38:29.896685,95.48375433523206,-3811.9235355184082,7334.174278771182,-3.395518697996474,5.202735986574991,3.2142145196611756,12580U
2025-06-28T11:39:29.896685,-108.28287568647352,-3495.077280057698,7517.665749239403,-3.395251263116434,5.356333993132161,2.9014363590509555,12580U
2025-06-28T11:40:29.896685,-311.7778124687882,-3169.4587531332645,7682.254731756908,-3.386503794719402,5.495142217479352,2.58426280604144,12580U
2025-06-28T11:41:29.896685,-514.4975981917966,-2835.9580528165384,7827.704521683732,-3.369453694622744,5.6190735489883545,2.263591867186382,12580U
2025-06-28T11:42:29.896685,-715.9499358780641,-2495.469130043704,7953.831596051711,-3.344295728184367,5.72808659688462,1.9402992054858195,12580U
2025-06-28T11:43:29.896685,-915.6546700805757,-2148.887138918934,8060.504216822989,-3.311240084590062,5.822182802012242,1.6152361242761253,12580U
2025-06-28T11:44:29.896685,-1113.1446546787347,-1797.1059595759793,8147.640925821512,-3.270510523050181,5.901403533396962,1.2892279312632104,12580U
2025-06-28T11:45:29.896685,-1307.9665132580578,-1441.0158933097528,8215.208952990617,-3.2223426156548616,5.965827203854902,0.963072656785787,12580U
2025-06-28T11:46:29.896685,-1499.681298072339,-1081.5015278495816,8263.222558019039,-3.166982094891268,6.015566434291086,0.6375400985930831,12580U
2025-06-28T11:47:29.896685,-1687.8650539594605,-719.4397690732335,8291.741323698268,-3.1046833113340977,6.050765291856858,0.31337116438139606,12580U
2025-06-28T11:48:29.896685,-1872.1092938192674,-355.69803414456584,8300.868417665788,-3.0357078047959334,6.071596622871755,-0.008722517042317622,12580U
2025-06-28T11:49:29.896685,-2052.0213923812275,8.867400020270395,8290.748837485085,-2.9603229902739656,6.078259497423893,-0.3280587449174295,12580U
2025-06-28T11:50:29.896685,-2227.2249050068535,373.4128999108392,8261.56765234253,-2.8788009583506216,6.07097677888629,-0.6439846843080137,12580U
2025-06-28T11:51:29.896685,-2397.359818202577,737.1088378148146,8213.548253025107,-2.791417388287707,6.049992828250771,-0.9558766197865861,12580U
2025-06-28T11:52:29.896685,-2562.0827383779933,1099.140821534161,8146.950620298683,-2.6984505708826854,6.015571350198976,-1.2631395510071515,12580U
2025-06-28T11:53:29.896685,-2721.067025184941,1458.710799834592,8062.069620346581,-2.600180537212449,5.967993385201858,-1.5652066546433392,12580U
2025-06-28T11:54:29.896685,-2874.0028755280487,1815.0380522215628,7959.233334560527,-2.496888288654118,5.907555449656982,-1.8615386355213714,12580U
2025-06-28T11:55:29.896685,-3020.5973640566167,2167.3600717000886,7838.801429706627,-2.388855123021253,5.834567824121461,-2.1516229880491524,12580U
2025-06-28T11:56:29.896685,-3160.574445642142,2514.9333491400434,7701.163573318945,-2.2763620512663563,5.749352988056377,-2.4349731872836036,12580U
2025-06-28T11:57:29.896685,-3293.674925022391,2857.0340677495283,7546.737898102932,-2.159689298952561,5.6522441981429505,-2.711127827227766,12580U
2025-06-28T11:58:29.896685,-3419.6563984594422,3192.9587159701678,7375.969518158483,-2.039115886570226,5.543584206134231,-2.9796497222393774,12580U
2025-06-28T11:59:29.896685,-3538.2931719214184,3522.0246268657415,7189.329098953751,-1.9149192827458432,5.423724111342283,-3.240124985790481,12580U
2025-06-28T12:00:29.896685,-3649.376159960296,3843.5704517889417,6987.3114821918425,-1.7873751244445502,5.2930223422020095,-3.49216209926019,12580U
2025-06-28T12:01:29.896685,-3752.7127691252454,4156.95657579261,6770.4343660076165,-1.656756998385738,5.151843760872749,-3.735390981985007,12580U
2025-06-28T12:02:29.896685,-3848.126769425416,4461.5654819084575,6539.237040305472,-1.523336278060462,5.000558884512085,-3.9694620724401566,12580U
2025-06-28T12:03:29.896685,-3935.458157040439,4756.802071058527,6294.27917649451,-1.3873820109447146,4.839543216658812,-4.194045429187861,12580U
2025-06-28T12:04:29.896685,-4014.5630111726623,5042.093943995779,6036.139670389057,-1.249160850734512,4.66917668207245,-4.408829859104044,12580U
2025-06-28T12:05:29.896685,-4085.3133476431663,5316.891651297726,5765.415536614051,-1.1089370296762486,4.489843158374326,-4.613522079383508,12580U
2025-06-28T12:06:29.896685,-4147.596971555112,5580.668917064391,5482.720852479347,-0.9669723663208879,4.301930097902303,-4.807845918922141,12580U
2025-06-28T12:07:29.896685,-4201.3173310834845,5832.922841606496,5188.685748954801,-0.8235263042842842,4.105828233307994,-4.991541563880768,12580U
2025-06-28T12:08:29.896685,-4246.393374191324,6073.174088011301,4883.9554461346825,-0.6788559778671288,3.901931360612576,-5.164364851512852,12580U
2025-06-28T12:09:29.896685,-4282.759409856325,6300.967057230377,4569.189330196483,-0.533216300563881,3.69063619353214,-5.326086615814939,12580U
2025-06-28T12:10:29.896685,-4310.364975122363,6515.870055778924,4245.060068889928,-0.38686007283783413,3.4723422832493602,-5.476492087889353,12580U
2025-06-28T12:11:29.896685,-4329.174709122715,6717.475460026074,3912.2527621351696,-0.24003810562057604,3.247451997835575,-5.615380353632747,12580U
2025-06-28T12:12:29.896685,-4339.168234984241,6905.399880573307,3571.464124324185,-0.09299935627504183,3.01637055585198,-5.742563870881591,12580U
2025-06-28T12:13:29.896685,-4340.340050339387,7079.2843299558845,3223.40169470965,0.05400892609737483,2.77950610881059,-5.857868047879962,12580U
2025-06-28T12:14:29.896685,-4332.699426983673,7238.794396581181,2868.7830721504542,0.20074104896718545,2.537269867364443,-5.961130884675254,12580U
2025-06-28T12:15:29.896685,-4316.27032003674,7383.620427513554,2508.335170371258,0.3469527211352413,2.29007626625823,-6.052202678843301,12580U
2025-06-28T12:16:29.896685,-4291.0912867919715,7513.477722418119,2142.7934897937275,0.49240089666115144,2.0383431632080873,-6.130945796781274,12580U
2025-06-28T12:17:29.896685,-4257.215415270883,7628.106740682502,1772.9014019078568,0.6368436205968497,1.7824920669897875,-6.197234511677716,12580U
2025-06-28T12:18:29.896685,-4214.710262333735,7727.273323447297,1399.4094420698777,0.7800398790964163,1.5229483900935448,-6.250954909167809,12580U
2025-06-28T12:19:29.896685,-4163.657801036012,7810.768931987473,1023.0746065391202,0.9217494564302648,1.2601417213502373,-6.2920048616012565,12580U
2025-06-28T12:20:29.896685,-4104.15437675909,7878.410903599447,644.6596494998096,1.0617328014097618,0.9945061139460974,-6.32029407178361,12580U
2025-06-28T12:21:29.896685,-4036.3106714833866,7930.042725858665,264.9323757488905,1.199750905727969,0.7264803842155609,-6.335744186993654,12580U
2025-06-28T12:22:29.896685,-3960.2516754108196,7965.5343298177395,-115.33507532174761,1.3355651967389934,0.45650841654080687,-6.338288984021692,12580U
2025-06-28T12:23:29.896685,-3876.116664980393,7984.782402414814,-495.3669588733135,1.4689374472357932,0.18503946958195633,-6.32787462591139,12580U
2025-06-28T12:24:29.896685,-3784.059186155347,7987.710718052395,-874.384671364855,1.5996297048389885,-0.08747152107928556,-6.304459991013134,12580U
2025-06-28T12:25:29.896685,-3684.247041690964,7974.270488986848,-1251.607519397605,1.7274042436782182,-0.36056364898272814,-6.268017074863788,12580U
2025-06-28T12:26:29.896685,-3576.862280916432,7944.44073383545,-1626.2535151963016,1.852023541132701,-0.6337697568479455,-6.218531465287337,12580U
2025-06-28T12:27:29.896685,-3462.101190401538,7898.228663164321,-1997.540203227778,1.9732502824742701,-0.9066161761995951,-6.156002890966283,12580U
2025-06-28T12:28:29.896685,-3340.174283655511,7835.670080745344,-2364.6855225989957,2.0908473964059167,-1.178622492513894,-6.080445843522258,12580U
2025-06-28T12:29:29.896685,-3211.306287876049,7756.829798701806,-2726.908709652203,2.204578124528337,-1.4493013420240581,-5.991890272929417,12580U
2025-06-28T12:30:29.896685,-3075.7361255192313,7661.802064345434,-3083.4312453317266,2.314206127943412,-1.718158246832051,-5.890382355762275,12580U
2025-06-28T12:31:29.896685,-2933.7168882901115,7550.710996088499,-3433.477851735214,2.4194956342803082,-1.984691495299694,-5.775985335428005,12580U
2025-06-28T12:32:29.896685,-2785.5158009407164,7423.711025363172,-3776.2775422100476,2.520211628547693,-2.2483920751437645,-5.648780433090645,12580U
2025-06-28T12:33:29.896685,-2631.414172053947,7280.987341006747,-4111.064729235857,2.6161200913110205,-2.5087436671064554,-5.508867827472393,12580U
2025-06-28T12:34:29.896685,-2471.707328780129,7122.756332073164,-4437.080394180692,2.706988287774757,-2.765222707535667,-5.356367701101546,12580U
2025-06-28T12:35:29.896685,-2306.704532277899,6949.266024508146,-4753.573322823337,2.7925851114078983,-3.017298528679119,-5.191421349858198,12580U
2025-06-28T12:36:29.896685,-2136.7288703971108,6760.796506576831,-5059.801410291249,2.8726814857803107,-3.264433585960977,-5.014192351838595,12580U
2025-06-28T12:37:29.896685,-1962.1171239283433,6557.660337363153,-5355.033038764017,2.9470508282672427,-3.5060837819563173,-4.824867790609044,12580U
2025-06-28T12:38:29.896685,-1783.219602535296,6340.2029320673655,-5638.548530933411,3.015469579222722,-3.741698897194798,-4.62365952684113,12580U
2025-06-28T12:39:29.896685,-1600.3999462861502,6108.802917218121,-5909.641681782121,3.0777178001073686,-3.9707231382905697,-4.410805511106327,12580U
2025-06-28T12:40:29.896685,-1414.0348885108185,5863.872448291433,-6167.621370738199,3.1335798438715505,-4.192595814191954,-4.186571129254625,12580U
2025-06-28T12:41:29.896685,-1224.5139755374832,5605.857481593695,-6411.81325567595,3.182845100629603,-4.4067521515498695,-3.9512505703037837,12580U
2025-06-28T12:42:29.896685,-1032.23923871003,5335.237991630075,-6641.56154955406,3.2253088213001204,-4.612624260289216,-3.705168205127027,12580U
2025-06-28T12:43:29.896685,-837.6248139618591,5052.528124546977,-6856.230879706113,3.260773021419315,-4.809642260407041,-3.4486799624472413,12580U
2025-06-28T12:44:29.896685,-641.0965041287219,4758.276277619354,-7055.208228917658,3.289047466743885,-4.99723558078101,-3.182174686735677,12580U
2025-06-28T12:45:29.896685,-443.09127913094943,4453.065094161897,-7237.904956431628,3.309950741533442,-5.174834440317065,-2.906075460586244,12580U
2025-06-28T12:46:29.896685,-244.0567091495816,4137.511362687953,-7403.758895916635,3.3233113995259216,-5.341871521060577,-2.620840872011295,12580U
2025-06-28T12:47:29.896685,-44.45032597367794,3812.2658086411134,-7552.236526204189,3.328969196580944,-5.497783841898864,-2.3269662049121576,12580U
2025-06-28T12:48:29.896685,155.26109218845858,3478.012766592205,-7682.835209251518,3.326776402753615,-5.6420148401591765,-2.024984528749615,12580U
2025-06-28T12:49:29.896685,354.6023169479497,3135.4697204563668,-7795.085488313468,3.316599190167243,-5.774016666710896,-1.7154676612275008,12580U
2025-06-28T12:50:29.896685,553.0905512626255,2785.3866990516294,-7888.55343771632,3.29831909147244,-5.893252698081496,-1.3990269756548679,12580U
2025-06-28T12:51:29.896685,750.236400118432,2428.5455142262294,-7962.843053919301,3.2718345219114244,-5.999200266553365,-1.076314022645052,12580U
2025-06-28T12:52:29.896685,945.5449337542021,2065.7588288422385,-8017.598675739885,3.2370623560555387,-6.091353606199567,-0.7480209340138984,12580U
2025-06-28T12:53:29.896685,1138.5168462267427,1697.8690421498936,-8052.507419717701,3.193939548163326,-6.1692270093177894,-0.4148805752488673,12580U
2025-06-28T12:54:29.896685,1328.6497113985674,1325.746980543,-8067.301614619488,3.142424782835249,-6.232358183727771,-0.0776664118319084,12580U
2025-06-28T12:55:29.896685,1515.4393375817542,950.2903823853563,-8061.761217066978,3.0825001402516503,-6.280311796911111,0.2628079458730964,12580U
2025-06-28T12:56:29.896685,1698.3812210888993,572.4221665566297,-8035.716188232972,3.0141727578097077,-6.312683188021618,0.6056895544074794,12580U
2025-06-28T12:57:29.896685,1876.9720978139878,193.0884756244419,-7989.04880953373,2.9374764674787315,-6.329102223419977,0.9500873401133019,12580U
2025-06-28T12:58:29.896685,2050.711590698714,-186.74351388348464,-7921.695913292588,2.8524733857324422,-6.3292372656610905,1.2950737259040914,12580U
2025-06-28T12:59:29.896685,2219.103949532008,-566.0880197296566,-7833.651002510988,2.759255430568728,-6.31279921988018,1.6396867120280492,12580U
2025-06-28T13:00:29.896685,2381.65987798982,-943.9433241095201,-7724.9662322157965,2.65794573798017,-6.279545615410062,1.9829324372085395,12580U
2025-06-28T13:01:29.896685,2537.898441162616,-1319.294686451262,-7595.754223418865,2.5486999483889865,-6.229284674371566,2.323788241651851,12580U
2025-06-28T13:02:29.896685,2687.349045055351,-1691.1174966781043,-7446.1896795951225,2.4317073321144838,-6.161879313095751,2.6612062472961333,12580U
2025-06-28T13:03:29.896685,2829.553477704328,-2058.3806634405323,-7276.5107748293585,2.307191722009984,-6.077251016771183,2.9941174633202294,12580U
2025-06-28T13:04:29.896685,2964.067999666838,-2420.0502282110365,-7087.020282475195,2.1754122211026306,-5.975383522896342,3.3214364163567676,12580U
2025-06-28T13:05:29.896685,3090.4654697429005,-2775.0931922494824,-6878.086413380025,2.0366636534969413,-5.856326245205438,3.642066295141426,12580U
2025-06-28T13:06:29.896685,3208.3374899235378,-3122.481539334815,-6650.143333531383,1.891276728064273,-5.720197366985624,3.9549045885999385,12580U
2025-06-28T13:07:29.896685,3317.296551781484,-3461.1964329015254,-6403.691332428296,1.7396178866105962,-5.567186531367414,4.258849184830041,12580U
2025-06-28T13:08:29.896685,3416.978164880386,-3790.2325618946684,-6139.296615628703,1.5820888113542528,-5.39755705648889,4.552804886325761,12580U
2025-06-28T13:09:29.896685,3507.04294633798,-4108.602605370952,-5857.590697802099,1.4191255706784958,-5.211647605614396,4.835690284437632,12580U
2025-06-28T13:10:29.896685,3587.1786494965595,-4415.341781734331,-5559.2693762444615,1.251197387242477,-5.009873246495641,5.106444923831813,12580U
2025-06-28T13:11:29.896685,3657.1021087943786,-4709.5124446383015,-5245.091269172501,1.078805018582572,-4.792725840593083,5.36403667603212,12580U
2025-06-28T13:12:29.896685,3716.561077445747,-4990.208684125123,-4915.875908189941,0.902478747226214,-4.560773711267381,5.607469230432447,12580U
2025-06-28T13:13:29.896685,3765.3359344917303,-5256.5608887008975,-4572.501379976478,0.7227759848919433,-4.314660550595585,5.835789601969187,12580U
2025-06-28T13:14:29.896685,3803.2412381754207,-5507.740221682865,-4215.901518650526,0.5402785035079604,-4.055103537090192,6.048095547213462,12580U
2025-06-28T13:15:29.896685,3830.1271035604473,-5742.962963932059,-3847.062656662554,0.355589313991149,-3.782890650612786,6.243542775839991,12580U
2025-06-28T13:16:29.896685,3845.880383695615,-5961.494674282543,-3467.0199493246146,0.16932922225192254,-3.4988771865303194,6.421351841903308,12580U
2025-06-28T13:17:29.896685,3850.4256356154965,-6162.654119574054,-3076.8532949352816,-0.017866900126961172,-3.203981487472874,6.58081460015273,12580U
2025-06-28T13:18:29.896685,3843.7258548994046,-6345.81692758501,-2677.682879499905,-0.2053540855298212,-2.899179927956363,6.721300116349319,12580U
2025-06-28T13:19:29.896685,3825.782965414649,-6510.418918678441,-2270.664381711965,-0.3924814286078381,-2.585501203819914,6.842259927529879,12580U
2025-06-28T13:20:29.896685,3796.6380541686126,-6655.959075508689,-1856.9838800505056,-0.5785963760579538,-2.2640199943825663,6.943232558234817,12580U
2025-06-28T13:21:29.896685,3756.3713448118856,-6782.002114648877,-1437.8525093487747,-0.7630490865494769,-1.9358500798543117,7.023847211668247,12580U
2025-06-28T13:22:29.896685,3705.101907182536,-6888.180629389511,-1014.5009188320552,-0.9451967968725573,-1.6021370093026002,7.083826570233987,12580U
2025-06-28T13:23:29.896685,3642.9871042538557,-6974.1967791044735,-588.1735872376983,-1.1244081294794752,-1.2640504248787656,7.122988657422428,12580U
2025-06-28T13:24:29.896685,3570.221781838538,-7039.823507314013,-160.1230531173168,-1.3000672774259383,-0.9227761556693981,7.141247732035343,12580U
2025-06-28T13:25:29.896685,3487.0372102934866,-7084.90527771885,268.3958803230221,-1.4715780052908176,-0.5795081991543894,7.138614205592378,12580U
2025-06-28T13:26:29.896685,3393.6997911574886,-7109.358324827527,696.131906480537,-1.6383674088602072,-0.23544070968586778,7.115193593781394,12580U
2025-06-28T13:27:29.896685,3290.5095450310405,-7113.170423149537,1121.8428845985754,-1.7998893820575166,0.10823988838646381,7.07118453231498,12580U
2025-06-28T13:28:29.896685,3177.7983999884086,-7096.400186069274,1544.3013613224198,-1.9556277465602139,0.45036255020069954,7.0068759058839225,12580U
2025-06-28T13:29:29.896685,3055.928302322799,-7059.175912261899,1962.2998924351805,-2.1050990075032963,0.7897789174747929,6.922643155470863,12580U
2025-06-28T13:30:29.896685,2925.2891733834144,-7001.694003674796,2374.6561172360216,-2.247854707361429,1.1253701885173322,6.818943843584442,12580U
2025-06-28T13:31:29.896685,2786.296737739493,-6924.216984565034,2780.2175431576366,-2.3834833590840923,1.4560534686324673,6.696312568686252,12580U
2025-06-28T13:32:29.896685,2639.390248664086,-6827.071155672036,3177.8660044828703,-2.511611948790528,1.7807875325272815,6.5553553287977575,12580U
2025-06-28T13:33:29.896685,2485.0301372808976,-6710.643921319474,3566.521765157907,-2.6319070071311774,2.0985779450330924,6.396743440068933,12580U
2025-06-28T13:34:29.896685,2323.6956114088334,-6575.38082996366,3945.1472424931253,-2.7440752568692397,2.4084815019742116,6.22120711878209,12580U
2025-06-28T13:35:29.896685,2155.8822293851963,-6421.782370471554,4312.750335196803,-2.847863851878294,2.7096099683427792,6.029528835086584,12580U
2025-06-28T13:36:29.896685,1982.0994729361573,-6250.400567228201,4668.387345766176,-2.9430602294904324,3.001133105782014,5.8225365438930865,12580U
2025-06-28T13:37:29.896685,1802.8683415769788,-6061.835417098487,5011.165493547713,-3.0294916038093107,3.28228099527393,5.6010968931203395,12580U
2025-06-28T13:38:29.896685,1618.718989130405,-5856.731210376608,5340.245020649158,-3.1070241321447454,3.552345673536412,5.366108502249919,12580U
2025-06-28T13:39:29.896685,1430.1884208306117,-5635.772776249049,5654.84089822338,-3.175561790097597,3.810682112688566,5.118495395318824,12580U
2025-06-28T13:40:29.896685,1237.818267199909,-5399.68169107641,5954.224145379346,-3.2350449930445575,4.056708582076271,4.859200662484072,12580U
2025-06-28T13:41:29.896685,1042.1526485229801,-5149.212485087381,6237.722777044299,-3.285449002895406,4.28990643865892,4.589180413553627,12580U
2025-06-28T13:42:29.896685,843.7361413584433,-4885.14887998612,6504.722400488722,-3.3267821591126086,4.509819398036067,4.309398075782969,12580U
2025-06-28T13:43:29.896685,643.1118561834635,-4608.30008662294,6754.666482918244,-3.3590839722059,4.716052342081581,4.020819077153984,12580U
2025-06-28T13:44:29.896685,440.81963300791676,-4319.497188367813,6987.056314563805,-3.382423116376083,4.908269721367694,3.7244059455859837,12580U
2025-06-28T13:45:29.896685,237.39435966520412,-4019.5896322617587,7201.450693088525,-3.3968953558188653,5.086193611245465,3.421113844344956,12580U
2025-06-28T13:46:29.896685,33.36441551383535,-3709.4418464810633,7397.465355933879,-3.4026214365542526,5.2496014797884465,3.1118865545113445,12580U
2025-06-28T13:47:29.896685,-170.74975850561998,-3389.9299992138326,7574.772187499792,-3.3997449726542404,5.3983237239965725,2.797652906893787,12580U
2025-06-28T13:48:29.896685,-374.43696411010194,-3061.9389107710294,7733.098227862542,-3.3884303525296833,5.532241027909737,2.4793236583249394,12580U
2025-06-28T13:49:29.896685,-577.1964262563816,-2726.3591276832944,7872.224509145395,-3.368860687620875,5.651281592798008,2.157788800895425,12580U
2025-06-28T13:50:29.896685,-778.5388533039387,-2384.084164706377,7991.984744735871,-3.3412358225146948,5.755418285574459,1.8339152873805202,12580U
2025-06-28T13:51:29.896685,-977.9873809921785,-2036.0079180886617,8092.263895358094,-3.305770422269114,5.84466574720028,1.5085451518582738,12580U
2025-06-28T13:52:29.896685,-1175.0784052723213,-1683.0222511619713,8172.996634616972,-3.2626921496303907,5.919077498280007,1.1824940012563094,12580U
2025-06-28T13:53:29.896685,-1369.362309665906,-1326.0147513007487,8234.165735091461,-3.212239941931157,5.97874307442014,0.8565498512180153,12580U
2025-06-28T13:54:29.896685,-1560.4040932919877,-965.8666555520958,8275.800394416106,-3.154662394796148,6.02378521936415,0.531472278157872,12580U
2025-06-28T13:55:29.896685,-1747.7839060299386,-603.4509407598165,8297.97451909803,-3.090216257380249,6.054357159516694,0.2079918585816888,12580U
2025-06-28T13:56:29.896685,-1931.0974974791725,-239.6305727783461,8300.804982107831,-3.019165041732978,6.07063997930375,-0.11319013341824073,12580U
2025-06-28T13:57:29.896685,-2109.956586461115,124.74309162680596,8284.449868590302,-2.941777747026533,6.072840112938392,-0.43140179922752414,12580U
2025-06-28T13:58:29.896685,-2283.9891577941285,488.8317573781704,8249.10672238852,-2.8583276977965735,6.061186964609195,-0.7460004872806344,12580U
2025-06-28T13:59:29.896685,-2452.8396929774526,851.8115059641049,8195.01080448425,-2.7690914940130655,6.0359306659021374,-1.056372489962337,12580U
2025-06-28T14:00:29.896685,-2616.169341257576,1212.8739807936147,8122.433372943591,-2.6743480697077984,5.997339976414603,-1.36193259128263,12580U
2025-06-28T14:01:29.896685,-2773.656037335522,1571.227451499337,8031.679992529873,-2.5743778560147157,5.945700331019249,-1.6621234892091141,12580U
2025-06-28T14:02:29.896685,-2924.9945717141927,1926.0977657967726,7923.088880814167,-2.469462043809196,5.881312035075373,-1.9564151148594053,12580U
2025-06-28T14:03:29.896685,-3069.8966193957026,2276.729197537205,7797.02929638024,-2.3598819406394487,5.804488607048094,-2.2443038690161754,12580U
2025-06-28T14:04:29.896685,-3208.0907323264773,2622.3851995261844,7653.899973587017,-2.2459184163049173,5.715555266459318,-2.5253117946699355,12580U
2025-06-28T14:05:29.896685,-3339.322300659371,2962.3490695324986,7494.127607317875,-2.1278514312327914,5.614847563835162,-2.7989857025556786,12580U
2025-06-28T14:06:29.896685,-3463.3534875683777,3295.9245377081215,7318.165390206854,-2.0059596417110823,5.502710148303274,-3.0648962649666314,12580U
2025-06-28T14:07:29.896685,-3579.9631420122614,3622.4362833782748,7126.491603987213,-1.8805200760387766,5.379495667706161,-3.322637091513888,12580U
2025-06-28T14:08:29.896685,-3688.946693507686,3941.2303888640345,6919.608265849478,-1.7518078757303912,5.2455637955039505,-3.5718237989803363,12580U
2025-06-28T14:09:29.896685,-3790.116032642587,4251.674737673805,6698.03983001927,-1.6200960960490018,5.101280378315949,-3.812093085999417,12580U
2025-06-28T14:10:29.896685,-3883.299380737012,4553.1593640498795,6462.331944166814,-1.4856555603244639,4.947016697672539,-4.0431018219778645,12580U
2025-06-28T14:11:29.896685,-3968.3411517481522,4845.096760497336,6213.050259728083,-1.3487547627282779,4.783148839390118,-4.264526158487728,12580U
2025-06-28T14:12:29.896685,-4045.101809214891,5126.922149550461,5950.779294753148,-1.2096598144150281,4.610057163925669,-4.476060670267895,12580U
2025-06-28T14:13:29.896685,-4113.457720751136,5398.093725662596,5676.121347486213,-1.0686344281898756,4.42812587108938,-4.677417532006653,12580U
2025-06-28T14:14:29.896685,-4173.301012321939,5658.092872731717,5389.695458526541,-0.9259399371184092,4.237742652582,-4.868325736211749,12580U
2025-06-28T14:15:29.896685,-4224.539424277501,5906.4243624133,5092.136419100827,-0.7818353427465189,4.039298425953369,-5.048530356718917,12580U
2025-06-28T14:16:29.896685,-4267.096170866247,6142.616537982333,4784.093822742094,-0.6365773888628109,3.8331871437716223,-5.217791861705266,12580U
2025-06-28T14:17:29.896685,-4300.9098047310035,6366.221488241938,4466.231157325456,-0.4904206569210447,3.619805671911145,-5.375885479564394,12580U
2025-06-28T14:18:29.896685,-4325.934087637714,6576.815215473995,4139.224934399871,-0.3436176795560024,3.399553731200292,-5.5226006203950195,12580U
2025-06-28T14:19:29.896685,-4342.137868509363,6773.997801267478,3803.763852363698,-0.19641906872933873,3.1728338967346343,-5.657740355566046,12580U
2025-06-28T14:20:29.896685,-4349.504969612261,6957.393573616552,3460.5479900180644,-0.049073655297686904,2.9400516494583964,-5.7811209573876425,12580U
2025-06-28T14:21:29.896685,-4348.034081558817,7126.65127841038,3110.2880268399585,0.09817136306520384,2.701615474770919,-5.892571500664145,12580U
2025-06-28T14:22:29.896685,-4337.738667604637,7281.444258120022,2753.704486205871,0.24507026851081554,2.4579370030958025,-5.991933527664094,12580U
2025-06-28T14:23:29.896685,-4318.646877540622,7421.470640186565,2391.526997689532,0.3913786670181455,2.2094311875034593,-6.079060777854043,12580U
2025-06-28T14:24:29.896685,-4290.801471308704,7546.453537319376,2024.4935744623224,0.5368533324503091,1.9565165136061207,-6.1538189835926325,12580U
2025-06-28T14:25:29.896685,-4254.259752300526,7656.141261629726,1653.3499017143165,0.6812520532906073,1.6996152370269508,-6.216085732867302,12580U
2025-06-28T14:26:29.896685,-4209.093510142179,7750.307554208776,1278.8486320237848,0.8243334845918004,1.4391536438736114,-6.265750400046386,12580U
2025-06-28T14:27:29.896685,-4155.388972590023,7828.751831529405,901.7486833495706,0.9658570077086138,1.1755623295551363,-6.302714145578115,12580U
2025-06-28T14:28:29.896685,-4093.2467660216657,7891.299449690816,522.814535481621,1.1055826002801576,0.9092764914355365,-6.326889985462882,12580U
2025-06-28T14:29:29.896685,-4022.781883829101,7937.801987291676,142.81552054311882,1.2432707190062835,0.6407362306528832,-6.338202931301563,12580U
2025-06-28T14:30:29.896685,-3944.1236618668313,7968.1375473925145,-237.47489682692287,1.3786821977515558,0.3703868584168374,-6.336590201647231,12580U
2025-06-28T14:31:29.896685,-3857.4157599407463,7982.211078732957,-617.2798540556488,1.5115781635635523,0.09867920196268179,-6.322001505326375,12580U
2025-06-28T14:32:29.896685,-3762.8161481570633,7979.95471605553,-995.8198444661543,1.6417199732504142,-0.17393009481502766,-6.294399397314505,12580U
2025-06-28T14:33:29.896685,-3660.4970967790287,7961.3281390636575,-1372.3134948714012,1.768869173236948,-0.44697828122336886,-6.253759707649419,12580U
2025-06-28T14:34:29.896685,-3550.645168060364,7926.318949202393,-1745.9783714828595,1.8927874855096383,-0.7199962255458172,-6.200072043733373,12580U
2025-06-28T14:35:29.896685,-3433.461208364252,7874.943063103734,-2116.0318186274017,2.013236822536542,-0.9925081623763129,-6.133340366219837,12580U
2025-06-28T14:36:29.896685,-3309.1603386369475,7807.24512115021,-2481.691834946418,2.1299793342153506,-1.2640314676060846,-6.053583638444437,12580U
2025-06-28T14:37:29.896685,-3177.971941194068,7723.298909243847,-2842.177991452787,2.2427774899223514,-1.5340764673037568,-5.960836549137078,12580U
2025-06-28T14:38:29.896685,-3040.1396405073074,7623.207791434423,-3196.7123960361073,2.35139419893387,-1.802146287298812,-5.855150307796154,12580U
2025-06-28T14:39:29.896685,-2895.92127551792,7507.105150638587,-3544.5207087959166,2.4555929725548786,-2.0677367505853432,-5.736593511734977,12580U
2025-06-28T14:40:29.896685,-2745.5888607828856,7375.154834218456,-3884.8332125367997,2.5551381314105774,-2.3303363301357005,-5.605253083335443,12580U
2025-06-28T14:41:29.896685,-2589.428533550861,7227.551600707485,-4216.8859426207,2.6497950614459107,-2.58942616516213,-5.4612352754905205,12580U
2025-06-28T14:42:29.896685,-2427.740483649253,7064.5215634619235,-4539.921880209127,2.739330522253967,-2.84448014933529,-5.3046667425634295,12580U
2025-06-28T14:43:29.896685,-2260.838862850344,6886.32262648564,-4853.19221271155,2.8235130114024822,-3.094965099934111,-5.1356956734352,12580U
2025-06-28T14:44:29.896685,-2089.051670166913,6693.244907117946,-5155.957664997913,2.902113188445499,-3.3403410173653696,-4.954492982337751,12580U
2025-06-28T14:45:29.896685,-1912.7206093159066,6485.611139695543,-5447.489904611969,2.9749043622820066,-3.5800614449283947,-4.761253552173771,12580U
2025-06-28T14:46:29.896685,-1732.2009143822372,6263.777053700633,-5727.073023838034,3.0416630454472773,-3.8135739391004786,-4.556197523897582,12580U
2025-06-28T14:47:29.896685,-1547.8611395158698,6028.131719289994,-5994.005101019916,3.1021695787848818,-4.0403206609641105,-4.339571624265882,12580U
2025-06-28T14:48:29.896685,-1360.0829083104954,5779.09785247089,-6247.599842996737,3.156208829735424,-4.259739099664071,-4.1116505228612015,12580U
2025-06-28T14:49:29.896685,-1169.2606183450748,5517.13207155337,-6487.188309899991,3.2035709671801906,-4.471262938948258,-3.8727382077417594,12580U
2025-06-28T14:50:29.896685,-975.801096224084,5242.7250958711,-6712.120722844309,3.2440523153805336,-4.674323077884791,-3.62316936737862,12580U
2025-06-28T14:51:29.896685,-780.123198336736,4956.401877134089,-6921.768354229982,3.277456289042908,-4.86834881672718,-3.3633107647127405,12580U
2025-06-28T14:52:29.896685,-582.6573524753356,4658.721653166171,-7115.525499454562,3.30359441090127,-5.052769218587355,-3.093562587209012,12580U
2025-06-28T14:53:29.896685,-383.8450354150097,4350.277913198612,-7292.811527797743,3.322287412428731,-5.227014657037914,-2.814359754717435,12580U
2025-06-28T14:54:29.896685,-184.13818157015945,4031.6982633534044,-7453.073009092315,3.3333664173556614,-5.390518558961442,-2.526173164796786,12580U
2025-06-28T14:55:29.896685,16.001482082740104,3703.6441804729548,-7595.785911520722,3.3366742065696666,-5.542719350856093,-2.22951085294544,12580U
2025-06-28T14:56:29.896685,216.10317948630603,3366.8106420490853,-7720.457864483516,3.3320665616937863,-5.683062615356527,-1.9249190429518057,12580U
2025-06-28T14:57:29.896685,415.6879118349041,3021.925619702598,-7826.630478967406,3.3194136831752745,-5.8110034628933045,-1.6129830603814135,12580U
2025-06-28T14:58:29.896685,614.2693708984265,2669.749423476324,-7913.881716207286,3.2986016770652107,-5.9260091211614405,-1.2943280801089367,12580U
2025-06-28T14:59:29.896685,811.3549430680457,2311.073884161235,-7981.828293690148,3.269534102829818,-6.027561742363299,-0.9696196768601294,12580U
2025-06-28T15:00:29.896685,1006.4468073366309,1946.7213610002298,-8030.128115702723,3.232133572515727,-6.115161425008712,-0.6395641460312838,12580U
2025-06-28T15:01:29.896685,1199.0431297921516,1577.5435624293132,-8058.482713694697,3.186343389408211,-6.188329443381289,-0.304908560691599,12580U
2025-06-28T15:02:29.896685,1388.6393564384887,1204.4201680568706,-8066.639679734792,3.1321292119969972,-6.246611673608343,0.03355947024235441,12580U
2025-06-28T15:03:29.896685,1574.7296052610586,828.2572408687812,-8054.395074305859,3.069480726633415,-6.28958220061665,0.3750123780356568,12580U
2025-06-28T15:04:29.896685,1756.808157418459,449.98541970931717,-8021.59578764934,2.998413309768053,-6.316847085148194,0.7185835794367641,12580U
2025-06-28T15:05:29.896685,1934.3710462610497,70.55788345289754,-7968.141831868593,2.9189696581580438,-6.328048264501449,1.063368825221122,12580U
2025-06-28T15:06:29.896685,2106.917741556944,-309.05192003460525,-7893.988539080963,2.831221362994587,-6.322867554834155,1.4084279839402394,12580U
2025-06-28T15:07:29.896685,2273.9529248455933,-687.8527850188614,-7799.148639122965,2.7352704016056837,-6.30103071681863,1.7527872898114925,12580U
2025-06-28T15:08:29.896685,2434.9883502511957,-1064.8385016024138,-7683.694188720932,2.631250518327543,-6.2623115403160785,2.095442079543864,12580U
2025-06-28T15:09:29.896685,2589.5447833854773,-1438.990851779881,-7547.758322705749,2.5193284644116507,-6.20653589769674,2.4353600375669577,12580U
2025-06-28T15:10:29.896685,2737.15400916979,-1809.2828445260066,-7391.536796845852,2.3997050655530265,-6.13358570967299,2.771484962566441,12580U
2025-06-28T15:11:29.896685,2877.360897542126,-2174.682183191247,-7215.289291266804,2.272616084897047,-6.043402762251046,3.1027410604349637,12580U
2025-06-28T15:12:29.896685,3009.7255141116907,-2534.154954760792,-7019.340443295888,2.1383328493233615,-5.935992308885114,3.4280377597490492,12580U
2025-06-28T15:13:29.896685,3133.8252609273163,-2886.66952656127,-6804.080578984522,1.9971626075161057,-5.811426388389843,3.7462750357848247,12580U
2025-06-28T15:14:29.896685,3249.2570306812963,-3231.200631830994,-6569.966113585325,1.8494485899040467,-5.669846786889893,4.056349218038892,12580U
2025-06-28T15:15:29.896685,3355.639355927221,-3566.7336212748983,-6317.519592955292,1.695569743066815,-5.511467571312045,4.357159244435285,12580U
2025-06-28T15:16:29.896685,3452.6145333095424,-3892.2688534058816,-6047.329350260686,1.5359401146973628,-5.336577122882558,4.64761331316265,12580U
2025-06-28T15:17:29.896685,3539.8507014410725,-4206.826192225685,-5760.048755505541,1.3710078697051156,-5.145539601976796,4.926635870726827,12580U
2025-06-28T15:18:29.896685,3617.043849985466,-4509.449576748079,-5456.395039295896,1.2012539235096567,-4.938795780619114,5.193174862720431,12580U
2025-06-28T15:19:29.896685,3683.919736763794,-4799.211623135761,-5137.147676872752,1.0271901849475478,-4.716863186027402,5.446209162428453,12580U
2025-06-28T15:20:29.896685,3740.2356893634746,-5075.218216944754,-4803.1463237533,0.8493574083805303,-4.480335507836303,5.684756082164975,12580U
2025-06-28T15:21:29.896685,3785.782267838671,-5336.613050308599,-4455.288300200427,0.6683226623716239,-4.229881232895332,5.907878863656504,12580U
2025-06-28T15:22:29.896685,3820.3847656648504,-5582.5820568364725,-4094.525628267974,0.4846764305759454,-3.9662414847610648,6.11469403717527,12580U
2025-06-28T15:23:29.896685,3843.9045272426506,-5812.3576960203045,-3721.861631759604,0.29902936879418635,-3.6902270595767463,6.30437853519157,12580U
2025-06-28T15:24:29.896685,3856.24006183016,-6025.223038549392,-3338.347116672595,0.1120087505761038,-3.4027146661055014,6.476176444879475,12580U
2025-06-28T15:25:29.896685,3857.327935939812,-6220.515604842133,-2945.076156588356,-0.07574535837966168,-3.1046423942190704,6.62940528567956,12580U
2025-06-28T15:26:29.896685,3847.1434288421024,-6397.630910879397,-2543.1815144183493,-0.2635841494862225,-2.7970044530379177,6.763461703005939,12580U
2025-06-28T15:27:29.896685,3825.7009388738447,-6556.025678305182,-2133.8297384278103,-0.45085429035117364,-2.480845236397362,6.877826477289609,12580U
2025-06-28T15:28:29.896685,3793.0541316747053,-6695.220669645267,-1718.2159764279852,-0.6369022547650653,-2.1572527888552577,6.972068758680605,12580U
2025-06-28T15:29:29.896685,3749.2958251925006,-6814.803114327688,-1297.5585572377656,-0.8210787010506378,-1.827351759471216,7.045849451630579,12580U
2025-06-28T15:30:29.896685,3694.5576102082528,-6914.4286968571805,-873.0933928126265,-1.002742834209833,-1.4922959425592024,7.098923689842671,12580U
2025-06-28T15:31:29.896685,3629.009209131369,-6993.823084864996,-446.06825765945007,-1.18126668701069,-1.1532605140727958,7.131142360202357,12580U
2025-06-28T15:32:29.896685,3552.8575797909048,-7052.782981649934,-17.737004214899205,-1.3560392566077886,-0.8114340788843949,7.142452653687067,12580U
2025-06-28T15:33:29.896685,3466.345774788891,-7091.1766950600295,410.64622632188474,-1.5264704364542836,-0.4680106477124361,7.132897641239935,12580U
2025-06-28T15:34:29.896685,3369.751570578159,-7108.944221930728,837.8327386552314,-1.6919946880225043,-0.12418166273328066,7.102614892497322,12580U
2025-06-28T15:35:29.896685,3263.3858836822105,-7106.096854587867,1262.5849061883075,-1.852074403024474,0.2188718119866235,7.051834174406691,12580U
2025-06-28T15:36:29.896685,3147.5909943011193,-7082.7163229411435,1683.6816274324187,-2.0062029141810473,0.559986625035681,6.980874284528288,12580U
2025-06-28T15:37:29.896685,3022.73859988709,-7038.9534922489465,2099.923565401025,-2.1539071208365717,0.8980246956310097,6.890139089627566,12580U
2025-06-28T15:38:29.896685,2889.2277230321256,-6975.02664254916,2510.1381242919133,-2.2947497046040124,1.2318797045906034,6.780112853545027,12580U
2025-06-28T15:39:29.896685,2747.482499310156,-6891.219360937981,2913.184123071521,-2.4283309192578177,1.560483240582591,6.651354949042911,12580U
2025-06-28T15:40:29.896685,2597.949871244569,-6787.878082132171,3307.9561321108863,-2.5542899483232495,1.8828103385522066,6.50449405594249,12580U
2025-06-28T15:41:29.896685,2441.097214757766,-6665.40931613765,3693.3884451791596,-2.672305832445524,2.197884362074922,6.340221952594224,12580U
2025-06-28T15:42:29.896685,2277.409923957824,-6524.276604218871,4068.458665975025,-2.782097976862153,2.504781196966357,6.159287009348814,12580U
2025-06-28T15:43:29.896685,2107.38897920391,-6364.997245791192,4432.190894991702,-2.8834262566456204,2.802632738644034,5.962487491536845,12580U
2025-06-28T15:44:29.896685,1931.5485220416297,-6188.138839353437,4783.658509000512,-2.97609074377265,3.0906296702683393,5.750664775718459,12580U
2025-06-28T15:45:29.896685,1750.4134588944976,-5994.315680205322,5121.986531590848,-3.05993108537231,3.3680235421484634,5.524696576974356,12580U
2025-06-28T15:46:29.896685,1564.517113416207,-5784.185056541838,5446.353598891337,-3.134825566644138,3.6341281749642187,5.285490277165717,12580U
2025-06-28T15:47:29.896685,1374.3989452198136,-5558.443483681772,5755.993529728384,-3.2006898949079665,3.8883204198036063,5.033976434805624,12580U
2025-06-28T15:48:29.896685,1180.6023503832148,-5317.822913785927,6050.1965139760905,-3.2574757430784267,4.13004031669546,4.771102546887085,12580U
2025-06-28T15:49:29.896685,983.6725567488154,-5063.086955563915,6328.309936681886,-3.305169091620133,4.358790700169642,4.4978271221094674,12580U
2025-06-28T15:50:29.896685,784.15462465848,-4795.02713527981,6589.738858686767,-3.3437884078307967,4.574136305403764,4.215114113827936,12580U
2025-06-28T15:51:29.896685,582.591561440629,-4514.459226950062,6833.946176915639,-3.3733827002428387,4.775702431797269,3.9239277500530445,12580U
2025-06-28T15:52:29.896685,379.52255574808476,-4222.219676095415,7060.452489304723,-3.39402948416066,4.963173222464717,3.625227787253149,12580U
2025-06-28T15:53:29.896685,175.48133576379203,-3919.1621378471577,7268.835690509373,-3.405832692003442,5.136289618330537,3.3199652047913597,12580U
2025-06-28T15:54:29.896685,-29.00534662080591,-3606.15414670369,7458.730325143298,-3.408920559340865,5.294847044420519,3.009078347749049,12580U
2025-06-28T15:55:29.896685,-233.4191052759636,-3284.0739318521937,7629.826725401682,-3.4034435144250916,5.4386928837864765,2.69348951777613,12580U
2025-06-28T15:56:29.896685,-437.25118410141266,-2953.8073887665287,7781.869959582223,-3.3895720957606166,5.567723791476352,2.3741020045404393,12580U
2025-06-28T15:57:29.896685,-640.003598566875,-2616.245214807029,7914.65861730526,-3.3674949189234558,5.6818828972762745,2.051797544356522,12580U
2025-06-28T15:58:29.896685,-841.1901581235542,-2272.280213814312,8028.043456213256,-3.337416710537253,5.781156941792535,1.7274341876536767,12580U
2025-06-28T15:59:29.896685,-1040.3373740162133,-1922.804772218922,8121.925933666742,-3.299556424114309,5.865573385988375,1.4018445530490882,12580U
2025-06-28T16:00:29.896685,-1236.9852577703575,-1568.7085069972716,8196.256645505387,-3.2541454494367077,5.9351975296938315,1.075834442866751,12580U
2025-06-28T16:01:29.896685,-1430.6880162041984,-1210.8760838878002,8251.033692364565,-3.201425924332624,5.990129670001865,0.7501817929005921,12580U
2025-06-28T16:02:29.896685,-1621.0146492339502,-850.1852026348046,8286.300992378296,-3.1416491551277095,6.030502325959034,0.425635927968305,12580U
2025-06-28T16:03:29.896685,-1807.5494570195772,-487.50474464029725,8302.146557398975,-3.0750741497422003,6.056477551641976,0.10291709424197648,12580U
2025-06-28T16:04:29.896685,-1989.8924631533546,-123.69307726030675,8298.700748160094,-3.0019662653665558,6.068244355649373,-0.217283760629642,12580U
2025-06-28T16:05:29.896685,-2167.6597606417367,240.40349193671491,8276.13452212892,-2.922595970885846,6.066016241279435,-0.5343049880740867,12580U
2025-06-28T16:06:29.896685,-2340.4837873887,603.9521183468624,8234.657686165276,-2.837237722722849,6.050028878237321,-0.8475140473777996,12580U
2025-06-28T16:07:29.896685,-2508.013537768199,966.1346888672982,8174.517164539134,-2.746168951523772,6.020537913639959,-1.1563071490298595,12580U
2025-06-28T16:08:29.896685,-2669.9147166928833,1326.148964084246,8095.995291377034,-2.64966915609639,5.977816927362999,-1.4601087575109437,12580U
2025-06-28T16:09:29.896685,-2825.8698423544483,1683.2096026263364,7999.408135214854,-2.5480191002110786,5.922155534398875,-1.7583709768041893,12580U
2025-06-28T16:10:29.896685,-2975.5783035406375,2036.5490762947675,7885.103862038305,-2.4415001072680265,5.85385763485416,-2.050572840199573,12580U
2025-06-28T16:11:29.896685,-3118.7563771361188,2385.4184845762297,7753.4611419957455,-2.3303934473962387,5.773239810488009,-2.336219524215035,12580U
2025-06-28T16:12:29.896685,-3255.1372110963366,2729.0882770503567,7604.887603870251,-2.2149798112591492,5.680629865259567,-2.614841504706086,12580U
2025-06-28T16:13:29.896685,-3384.4707778523807,3066.848892034453,7439.81834039928,-2.095538864678339,5.576365506184653,-2.8859936715151115,12580U
2025-06-28T16:14:29.896685,-3506.5238027691285,3398.0113195844247,7258.714466625123,-1.9723488781277148,5.460793159873569,-3.1492544163538296,12580U
2025-06-28T16:15:29.896685,-3621.0796719403534,3721.9075966956784,7062.061732647218,-1.845686425180149,5.3342669194066135,-3.4042247070307656,12580U
2025-06-28T16:16:29.896685,-3727.9383232710315,4037.8912422425815,6850.369191418072,-1.7158261440863043,5.1971476156733525,-3.650527159653913,12580U
2025-06-28T16:17:29.896685,-3826.916124468516,4345.337638858225,6624.1679215778,-1.5830405568198083,5.049802006932152,-3.887805119057784,12580U
2025-06-28T16:18:29.896685,-3917.8457412458197,4643.644368605803,6384.009804747068,-1.4475999401165494,4.892602080112089,-4.115721756437711,12580U
2025-06-28T16:19:29.896685,-4000.5759987323304,4932.231508928217,6130.466356192171,-1.309772243259797,4.725924457258816,-4.333959192018936,12580U
2025-06-28T16:20:29.896685,-4074.971738791456,5210.541894993149,5864.12760733023,-1.1698230476052793,4.550149900498178,-4.542217649546871,12580U
2025-06-28T16:21:29.896685,-4140.913675661736,5478.041354179016,5585.601038153231,-1.0280155630933552,4.365662908938505,-4.740214648453189,12580U
2025-06-28T16:22:29.896685,-4198.298252069057,5734.218918080069,5295.510557307614,-0.8846106572503266,4.172851401035672,-4.927684238728615,12580U
2025-06-28T16:23:29.896685,-4247.037497701038,5978.587017045654,4994.495527267399,-0.7398669124324349,3.972106476091283,-5.104376282809553,12580U
2025-06-28T16:24:29.896685,-4287.0588916883835,6210.681661893755,4683.209831803991,-0.5940407073215154,3.7638222487469477,-5.2700557881427414,12580U
2025-06-28T16:25:29.896685,-4318.305230518733,6430.062617152396,4362.320982651645,-0.4473863188754203,3.548395750480367,-5.42450229359439,12580U
2025-06-28T16:26:29.896685,-4340.734502567554,6636.313569728168,4032.50926221651,-0.3001560412220859,3.326226892409848,-5.567509312324952,12580U
2025-06-28T16:27:29.896685,-4354.319770246834,6829.042296697992,3694.4668988476,-0.1526003181088766,3.0977184838126623,-5.6988838334524825,12580U
2025-06-28T16:28:29.896685,-4359.049060557065,7007.880835513097,3348.8972711439824,-0.004967885749123125,2.863276301030616,-5.818445884440638,12580U
2025-06-28T16:29:29.896685,-4354.92526464473,7172.485659624296,2996.5141376016477,0.14249407695287247,2.623309201594598,-5.926028155903559,12580U
2025-06-28T16:30:29.896685,-4341.966046784158,7322.537862227398,2638.0408877932305,0.2895397936770981,2.3782292785701373,-6.021475690298856,12580U
2025-06-28T16:31:29.896685,-4320.203763027027,7457.743350528569,2274.2098111707605,0.4359247342268603,2.1284520502700057,-6.104645635805618,12580U
2025-06-28T16:32:29.896685,-4289.685389592128,7577.833052637957,1905.7613794860179,0.5814054590036163,1.8743966805951482,-6.175407066547223,12580U
2025-06-28T16:33:29.896685,-4250.472460901649,7682.56313890885,1533.4435387420194,0.7257394670178021,1.616486225354775,-6.233640870209027,12580U
2025-06-28T16:34:29.896685,-4202.641017006456,7771.715259254155,1158.011006508114,0.8686850499889972,1.3551478999686424,-6.279239704016311,12580U
2025-06-28T16:35:29.896685,-4146.281559981208,7845.096797683895,780.2245703635381,1.0100011550604127,1.0908133639768596,-6.312108019967142,12580U
2025-06-28T16:36:29.896685,-4081.4990187082853,7902.541145019429,400.8503831678384,1.1494472586469913,0.8239190177654454,-6.3321621601550415,12580U
2025-06-28T16:37:29.896685,-4008.4127213079855,7943.907990447404,20.659250797645797,1.2867832539496116,0.5549063068621837,-6.339330522959112,12580U
2025-06-28T16:38:29.896685,-3927.156374309076,7969.083632278015,-359.57409206186924,1.4217693546992505,0.28422202906617483,-6.333553800818564,12580U
2025-06-28T16:39:29.896685,-3837.878047487395,7977.981307966213,-739.0717225324447,1.5541660177457155,0.01231863954008822,-6.314785290238343,12580U
2025-06-28T16:40:29.896685,-3740.7401631314965,7970.541543137811,-1117.053291062941,1.683733887169977,-0.26034545117596025,-6.282991274584804,12580U
2025-06-28T16:41:29.896685,-3635.919488320813,7946.732519033511,-1492.7368083837955,1.810233762679457,-0.5333055914829087,-6.238151480119337,12580U
2025-06-28T16:42:29.896685,-3523.6071286195993,7906.5504574392035,-1865.3394624585796,1.9334265951422045,-0.8060906208893487,-6.180259605573144,12580U
2025-06-28T16:43:29.896685,-3404.008521433214,7850.020021821131,-2234.078469915883,2.0530735121895023,-1.0782226257688265,-6.109323925399513,12580U
2025-06-28T16:44:29.896685,-3277.34342701433,7777.1947329813975,-2598.171966669517,2.168935877002976,-1.349216724948784,-6.025367966576374,12580U
2025-06-28T16:45:29.896685,-3143.8459150176004,7688.157397186674,-2956.8399420557375,2.2807753833991162,-1.6185808914769795,-5.928431258602572,12580U
2025-06-28T16:46:29.896685,-3003.7643442061426,7583.020544272104,-3309.3052210889477,2.388354190545067,-1.8858158175409758,-5.818570155938988,12580U
2025-06-28T16:47:29.896685,-2857.3613327605917,7461.926872795823,-3654.7944991840745,2.4914351006908104,-2.1504148298086783,-5.69585873175361,12580U
2025-06-28T16:48:29.896685,-2704.9137164151634,7325.049698847006,-3992.5394336445747,2.589781783423444,-2.411863862944436,-5.560389741322483,12580U
2025-06-28T16:49:29.896685,-2546.712491434673,7172.593404619539,-4321.777796064162,2.6831590500339093,-2.6696414995098183,-5.412275652850642,12580U
2025-06-28T16:50:29.896685,-2383.0627392292563,7004.793882345796,-4641.754689610764,2.7713331816545503,-2.9232190849299737,-5.251649742786673,12580U
2025-06-28T16:51:29.896685,-2214.2835291879333,6821.918968644039,-4951.723834930193,2.854072314864819,-3.1720609266731423,-5.078667251906373,12580U
2025-06-28T16:52:29.896685,-2040.707796094795,6624.2688637665815,-5250.948928127563,2.931146888466871,-3.4156245872479105,-4.893506597522762,12580U
2025-06-28T16:53:29.896685,-1862.682188281074,6412.176529650274,-5538.7050739396955,3.00233015509053,-3.653361281047879,-4.69637063613767,12580U
2025-06-28T16:54:29.896685,-1680.566882459363,6186.008060062029,-5814.280296807079,3.067398761191929,-3.884716385459836,-4.487487969671197,12580U
2025-06-28T16:55:29.896685,-1494.7353609924664,5946.163015512508,-6076.977132067889,3.126133398846205,-4.109130076969017,-4.2671142870912036,12580U
2025-06-28T16:56:29.896685,-1305.5741471677584,5693.074714975144,-6326.114298935899,3.1783195324950655,-4.326038103232387,-4.035533731804208,12580U
2025-06-28T16:57:29.896685,-1113.4824938873821,5427.210475811584,-6561.028456269166,3.223748203477069,-4.53487270221354,-3.7930602835682308,12580U
2025-06-28T16:58:29.896685,-918.8720210480709,5149.071792667532,-6781.076041389065,3.2622169147324818,-4.735063679459684,-3.540039141943892,12580U
2025-06-28T16:59:29.896685,-722.1662967793363,4859.1944454789245,-6985.635191356881,3.293530597518949,-4.926039654416678,-3.2768480964231133,12580U
2025-06-28T17:00:29.896685,-523.8003576415474,4558.148526125472,-7174.107745154276,3.31750266128616,-5.107229486290547,-3.003898866375205,12580U
2025-06-28T17:01:29.896685,-324.22016286493226,4246.538372701839,-7345.92132413732,3.3339561270223927,-5.278063889335041,-2.7216383918482,12580U
2025-06-28T17:02:29.896685,-123.88197774226195,3925.0023998558618,-7500.531486939542,3.342724843391228,-5.437977246538881,-2.4305500540808618,12580U
2025-06-28T17:03:29.896685,76.74831861521639,3594.2128131908476,-7637.423953681277,3.3436547838099937,-5.586409629460268,-2.1311548023567255,12580U
2025-06-28T17:04:29.896685,277.19600578063904,3254.875195358784,-7756.116892903241,3.336605421274277,-5.7228090303732015,-1.8240121616046852,12580U
2025-06-28T17:05:29.896685,476.97837914521324,2907.727951204484,-7856.16326308181,3.3214511761980225,-5.84663381091138,-1.5097210929749123,12580U
2025-06-28T17:06:29.896685,675.6056957094685,2553.5415991839022,-7937.153198905866,3.298082930815439,-5.957355368983458,-1.1889206775619718,12580U
2025-06-28T17:07:29.896685,872.5822121139356,2193.1178962903555,-7998.716430711381,3.2664096017808864,-6.054461022862295,-0.862290591577786,12580U
2025-06-28T17:08:29.896685,1067.4073179315906,1827.2887839112502,-8040.524723590207,3.2263597605181955,-6.137457107994383,-0.5305513396867594,12580U
2025-06-28T17:09:29.896685,1259.5767665627586,1456.9151424319862,-8062.294320731898,3.1778832886273967,-6.205872278223728,-0.19446421200130296,12580U
2025-06-28T17:10:29.896685,1448.5840052624796,1082.8853430262209,-8063.788373545432,3.1209530532832814,-6.259260998779075,0.1451690704992132,12580U
2025-06-28T17:11:29.896685,1633.9216048820754,706.1135859539686,-8044.81933906948,3.0555665850931404,-6.297207213551919,0.48750705750135526,12580U
2025-06-28T17:12:29.896685,1815.082788816831,327.5380158561613,-8005.251323150027,2.9817477383692466,-6.319328163934663,0.831669652640881,12580U
2025-06-28T17:13:29.896685,1991.5630594187394,-51.88139399024069,-7945.002345885851,2.8995483112770777,-6.325278330854929,1.1767396119242541,12580U
2025-06-28T17:14:29.896685,2162.8619187597556,-431.1651946898692,-7864.046503962636,2.8090496009135455,-6.314753465722291,1.5217644883172343,12580U
2025-06-28T17:15:29.896685,2328.4846791198506,-809.3170561016876,-7762.416002772392,2.710363866137969,-6.287494669912976,1.8657590501114556,12580U
2025-06-28T17:16:29.896685,2487.9443569392283,-1185.3266041474308,-7640.203029706317,2.6036356690162323,-6.243292476303488,2.207708196120293,12580U
2025-06-28T17:17:29.896685,2640.763642230784,-1558.172499781368,-7497.561438783837,2.4890430641495946,-6.1819908804003285,2.5465703849885246,12580U
2025-06-28T17:18:29.896685,2786.4769336171134,-1926.825755143974,-7334.708215909811,2.3667986040554783,-6.103491263004251,2.8812815888909733,12580U
2025-06-28T17:19:29.896685,2924.6324272689635,-2290.2532788993885,-7151.924693607459,2.2371501282602675,-6.007756141320754,3.2107597736603046,12580U
2025-06-28T17:20:29.896685,3054.7942461117095,-2647.4216389456105,-6949.557484129706,2.100381303961884,-5.894812681230631,3.5339098979783317,12580U
2025-06-28T17:21:29.896685,3176.54459377657,-2997.3010266358488,-6728.0191004770595,1.9568118871273055,-5.76475590032162,3.8496294138028997,12580U
2025-06-28T17:22:29.896685,3289.485915952205,-3338.869402427385,-6487.788236107978,1.8067976747904093,-5.617751489512414,4.156814238860285,12580U
2025-06-28T17:23:29.896685,3393.243050095977,-3671.1167985637817,-6229.409676069436,1.650730122174922,-5.454038180915559,4.4543651600515055,12580U
2025-06-28T17:24:29.896685,3487.465342946764,-3993.049750085849,-5953.493814944893,1.4890356021230788,-5.273929591209258,4.741194614292165,12580U
2025-06-28T17:25:29.896685,3571.8287140091898,-4303.695821279377,-5660.715760427214,1.3221742891612682,-5.077815473390796,5.016233780998965,12580U
2025-06-28T17:26:29.896685,3646.0376422090167,-4602.108190714813,-5351.814005479126,1.150638656342516,-4.866162315491203,5.2784399085488225,12580U
2025-06-28T17:27:29.896685,3709.82705231221,-4887.370254449949,-5027.588656915569,0.9749515796875978,-4.639513232690111,5.526803786014208,12580U
2025-06-28T17:28:29.896685,3762.9640775097396,-5158.600203884904,-4688.899213775211,0.7956640524714501,-4.398487109247487,5.76035726178164,12580U
2025-06-28T17:29:29.896685,3805.2496748451244,-5414.955532330935,-4336.66189492955,0.6133525195776635,-4.14377695861825,5.978180702763504,12580U
2025-06-28T17:30:29.896685,3836.5200709175983,-5655.637422600542,-3971.846522030769,0.4286158505244032,-3.8761474839108776,6.1794102821575505,12580U
2025-06-28T17:31:29.896685,3856.6480166005863,-5879.894967223677,-3595.472970633613,0.24207197811233244,-3.5964318359232754,6.363244980703726,12580U
2025-06-28T17:32:29.896685,3865.543831293943,-6087.029172892836,-3208.607209541071,0.054354237974455495,-3.305527582331914,6.528953186058203,12580U
2025-06-28T17:33:29.896685,3863.1562195561637,-6276.39670198262,-2812.3569553154684,-0.1338925480007401,-3.004391918296493,6.675878777869199,12580U
2025-06-28T17:34:29.896685,3849.4728457361684,-6447.413306146138,-2407.866975725547,-0.32201619440311613,-2.694036165553892,6.803446592171932,12580U
2025-06-28T17:35:29.896685,3824.520655423958,-6599.556910232355,-1996.3140822383198,-0.509361425315327,-2.3755196232737745,6.91116716792932,12580U
2025-06-28T17:36:29.896685,3788.3659360842553,-6732.37030899454,-1578.9018573854137,-0.695274237129032,-2.0499428490009146,6.9986406907001975,12580U
2025-06-28T17:37:29.896685,3741.1141130401334,-6845.463444199895,-1156.8551677338937,-0.8791062875996442,-1.7184404613429025,7.065560063211245,12580U
2025-06-28T17:38:29.896685,3682.909280935489,-6938.515235678635,-731.4145171220058,-1.0602192461506763,-1.3821735671805222,7.111713049598508,12580U
2025-06-28T17:39:29.896685,3613.933474816516,-7011.274946421231,-303.8302976371691,-1.2379890407571787,-1.0423219246487567,7.13698345872844,12580U
2025-06-28T17:40:29.896685,3534.4056889202357,-7063.563068863915,124.64300256699815,-1.4118099388028047,-0.7000759586485849,7.1413513516802265,12580U
2025-06-28T17:41:29.896685,3444.580655032309,-7095.271726799727,552.7525751493387,-1.5810984030502986,-0.35662874800718963,7.124892278501349,12580U
2025-06-28T17:42:29.896685,3344.7473957701613,-7106.364594709834,979.252992578887,-1.7452966691534113,-0.013168102545779579,7.087775569051259,12580U
2025-06-28T17:43:29.896685,3235.2275712675373,-7096.876343520776,1402.9117777788565,-1.9038759977666415,0.3291311556833456,7.030261721461255,12580U
2025-06-28T17:44:29.896685,3116.373640405926,-7066.911628661264,1822.5147891738636,-2.0563395620226363,0.6691145996553909,6.95269894885483,12580U
2025-06-28T17:45:29.896685,2988.566859873108,-7016.643642629746,2236.871372207929,-2.2022249396814875,1.0056551953887773,6.855518959951961,12580U
2025-06-28T17:46:29.896685,2852.215145970722,-6946.3122599582375,2644.819233354169,-2.34110618819512,1.3376598045981736,6.739232061659225,12580U
2025-06-28T17:47:29.896685,2707.7508250481987,-6856.221807301446,3045.228998670024,-2.472595490178236,1.6640751195157881,6.604421681319411,12580U
2025-06-28T17:48:29.896685,2555.628298946365,-6746.7384953547835,3437.0084250326113,-2.5963443657191725,1.9838929718830516,6.451738412941801,12580U
2025-06-28T17:49:29.896685,2396.321651696854,-6618.287552311553,3819.1062388933215,-2.7120444565996498,2.2961549734875946,6.281893695292074,12580U
2025-06-28T17:50:29.896685,2230.322223111885,-6471.350100614625,4190.515584052917,-2.8194278954009806,2.5999564609795773,6.095653230355809,12580U
2025-06-28T17:51:29.896685,2058.136173815008,-6306.4598198479725,4550.2770665811295,-2.918267279522975,2.8944497327019745,5.893830248569434,12580U
2025-06-28T17:52:29.896685,1880.282064779279,-6124.199438793065,4897.481391387304,-3.0083752761661957,3.1788465794438765,5.677278722627669,12580U
2025-06-28T17:53:29.896685,1697.288472631213,-5925.197099020439,5231.271590939401,-3.089603889228536,3.4524201239997034,5.446886624988143,12580U
2025-06-28T17:54:29.896685,1509.6916599119852,-5710.122630981983,5550.8448521308865,-3.1618434228030945,3.7145059959213405,5.203569315792309,12580U
2025-06-28T17:55:29.896685,1318.0333172466192,-5479.683781526799,5855.453952200995,-3.225021178533678,3.9645028776679876,4.9482631382383815,12580U
2025-06-28T17:56:29.896685,1122.8583920202705,-5234.622429189892,6144.408318880655,-3.279099925536511,4.201872466388096,4.681919287888408,12580U
2025-06-28T17:57:29.896685,924.7130157748941,-4975.710820623678,6417.074733513828,-3.3240761820084814,4.426138901757943,4.40549801138278,12580U
2025-06-28T17:58:29.896685,724.142540170549,-4703.747858263535,6672.877698799195,-3.359978347124768,4.636887714697913,4.119963178930357,12580U
2025-06-28T17:59:29.896685,521.689689063572,-4419.555465857746,6911.299495010231,-3.386864720505901,4.833764354471006,3.826277264076341,12580U
2025-06-28T18:00:29.896685,317.89283207435477,-4123.975054941876,7131.879950122843,-3.404821444545045,5.016472352785763,3.525396753888498,12580U
2025-06-28T18:01:29.896685,113.28438299390982,-3817.864111798216,7334.215950243373,-3.413960402370258,5.184771183240401,3.218268003075693,12580U
2025-06-28T18:02:29.896685,-91.61067547579478,-3502.092920974288,7517.960717155389,-3.4144171013140205,5.338473872963216,2.9058235368080805,12580U
2025-06-28T18:03:29.896685,-296.27614081176745,-3177.5414381164455,7682.822879740689,-3.4063485686014108,5.4774444208208335,2.588978799268746,12580U
2025-06-28T18:04:29.896685,-500.2058152129718,-2845.0963217493377,7828.565365551815,-3.3899312826700174,5.601595073292222,2.2686293382856064,12580U
2025-06-28T18:05:29.896685,-702.9046084765116,-2505.6481307361637,7955.004137986156,-3.3653591602023942,5.710883505241194,1.9456484107867746,12580U
2025-06-28T18:06:29.896685,-903.8895231440944,-2160.088691515959,8062.006803399029,-3.3328416156748655,5.805309948547481,1.620884989275733,12580U
2025-06-28T18:07:29.896685,-1102.6905267222114,-1809.3086368453862,8149.491111159731,-3.2926017070772464,5.884914307045069,1.295162145983258,12580U
2025-06-28T18:08:29.896685,-1298.8513164655046,-1454.1951156803045,8217.42336815599,-3.244874378493197,5.949773291612181,0.969275788751704,12580U
2025-06-28T18:09:29.896685,-1491.9299827321634,-1095.6296720157573,8265.816787641726,-3.1899048074916516,5.999997604684767,0.6439937209580846,12580U
2025-06-28T18:10:29.896685,-1681.4995772901011,-734.486288950345,8294.729790646605,-3.127946862794072,6.035729199026579,0.32005499678586524,12580U
2025-06-28T18:11:29.896685,-1867.1485931873656,-371.62959294308905,8304.264276462449,-3.0592616754651014,6.057138631363266,-0.00183045718551155,12580U
2025-06-28T18:12:29.896685,-2048.48136291727,-7.913212169346748,8294.563877024662,-2.984116324931462,6.06442252753552,-0.32098198289261337,12580U
2025-06-28T18:13:29.896685,-2225.118381624292,355.8217179614418,8265.812208344094,-2.9027826394619876,6.0578011721882925,-0.6367481223541719,12580U
2025-06-28T18:14:29.896685,-2396.6965620260435,718.7479097086605,8218.231130537855,-2.8155361093305356,6.0375162327149186,-0.9485063670137387,12580U
2025-06-28T18:15:29.896685,-2562.8694275855573,1080.0531463775603,8152.079026472766,-2.722654909718143,6.0038286242280625,-1.2556627506749825,12580U
2025-06-28T18:16:29.896685,-2723.307250267181,1438.9413825345157,8067.649107584803,-2.624419029473245,5.9570165197342275,-1.557651310333742,12580U
2025-06-28T18:17:29.896685,-2877.697138964598,1794.6337296030456,7965.267754080857,-2.521109501117122,5.897373507436284,-1.853933437567067,12580U
2025-06-28T18:18:29.896685,-3025.7430844094456,2146.3693354446955,7845.292895468171,-2.4130077269340333,5.825206895163374,-2.1439971414177332,12580U
2025-06-28T18:19:29.896685,-3167.1659660615696,2493.4061664861533,7708.112436197438,-2.300394895601758,5.740836160309815,-2.42735624195748,12580U
2025-06-28T18:20:29.896685,-3301.7035261612036,2835.021700838125,7554.142730142959,-2.183551483571437,5.644591542328325,-2.7035495119753272,12580U
2025-06-28T18:21:29.896685,-3429.1103157887464,3170.513540659211,7383.827106679562,-2.062756835280601,5.536812773744266,-2.9721397825358156,12580U
2025-06-28T18:22:29.896685,-3549.1576174407523,3499.199951775812,7197.634450245374,-1.9382888162562,5.417847944808091,-3.2327130265215107,12580U
2025-06-28T18:23:29.896685,-3661.6333482946716,3820.420338285985,6996.0578344966025,-1.8104235332177463,5.288052496255724,-3.4848774327307934,12580U
2025-06-28T18:24:29.896685,-3766.3419480016782,4133.53565955509,6779.613211463338,-1.6794351154104814,5.147788334176259,-3.7282624816538728,12580U
2025-06-28T18:25:29.896685,-3863.1042545229666,4437.928796674165,6548.838155492678,-1.5455955515653783,4.99742306066581,-3.962518032714265,12580U
2025-06-28T18:26:29.896685,-3951.7573712085823,4733.004875092478,6304.290661218045,-1.4091745770892674,4.8373293137552835,-4.187313431534018,12580U
2025-06-28T18:27:29.896685,-4032.154528015175,5018.191549772523,6046.547994308519,-1.270439606318479,4.667884210012652,-4.4023366446696715,12580U
2025-06-28T18:28:29.896685,-4104.1649394671995,5292.939258846211,5776.2055933264,-1.1296557049153275,4.489468883220009,-4.607293428265203,12580U
2025-06-28T18:29:29.896685,-4167.673661687834,5556.721451380085,5493.87602065079,-0.9870855977416685,4.302468112594107,-4.801906536175138,12580U
2025-06-28T18:30:29.896685,-4222.581450562044,5809.034794496428,5200.187960093865,-0.8429897077952248,4.107270034135027,-4.985914972327431,12580U
2025-06-28T18:31:29.896685,-4268.80462283559,6049.399364704122,4895.785258592731,-0.6976262220628091,3.904265928871612,-5.159073291382897,12580U
2025-06-28T18:32:29.896685,-4306.27492173655,6277.358828043152,4581.326008989809,-0.5512511803244321,3.6938500818737032,-5.321150951225276,12580U
2025-06-28T18:33:29.896685,-4334.939388439312,6492.4806131146415,4257.481670922763,-0.40411858327729544,3.4764197062480546,-5.471931720167332,12580U
2025-06-28T18:34:29.896685,-4354.760240519794,6694.356080937787,3924.9362264172382,-0.25648051644112524,3.2523749263786876,-5.61121314147195,12580U
2025-06-28T18:35:29.896685,-4365.714758315646,6882.600695113818,3584.3853667686303,-0.10858728657493646,3.022118814978291,-5.738806057323003,12580U
2025-06-28T18:36:29.896685,-4367.795179921115,7056.854195507397,3236.5357071019093,0.03931243251935938,2.7860574786741954,-5.854534194112682,12580U
2025-06-28T18:37:29.896685,-4361.008605357104,7216.780778341324,2882.104024878114,0.1869714477775641,2.5446001870339265,-5.958233810659136,12580U
2025-06-28T18:38:29.896685,-4345.376910276781,7362.0692852979155,2521.81651850402,0.33414389107999026,2.2981595400930956,-6.049753410767056,12580U
2025-06-28T18:39:29.896685,-4320.936669393213,7492.433403923543,2156.4080821031025,0.48058506261874684,2.0471516695832817,-6.128953521382941,12580U
2025-06-28T18:40:29.896685,-4287.739089645918,7607.611881342794,1786.621592414578,0.626051276076081,1.7919964691628445,-6.1957065374706595,12580U
2025-06-28T18:41:29.896685,-4245.849952957743,7707.368753001338,1413.2072037027392,0.7702997082027107,1.5331178490272244,-6.249896634633558,12580U
2025-06-28T18:42:29.896685,-4195.349568269978,7791.493587868719,1036.9216464871295,0.9130882553432824,1.2709440103198788,-6.291419750429185,12580U
2025-06-28T18:43:29.896685,-4136.332732381722,7859.80175124644,658.5275258324032,1.0541753994377234,1.0059077347700276,-6.3201836352575995,12580U
2025-06-28T18:44:29.896685,-4068.9086989574125,7912.1346860367585,278.7926148745117,1.1933200860279392,0.7384466849541963,-6.3361079736455554,12580U
2025-06-28T18:45:29.896685,-3993.20115490379,7948.360213033517,-101.51086079796515,1.3302816168199236,0.46900371051034506,-6.339124576691357,12580U
2025-06-28T18:46:29.896685,-3909.3482031525464,7968.372850495861,-481.60695233949724,1.46481955939008,0.19802715552641198,-6.329177646371581,12580U
2025-06-28T18:47:29.896685,-3817.5023507177275,7972.094152955939,-860.716734898109,1.596693676680762,-0.07402883782236415,-6.306224112334998,12580U
2025-06-28T18:48:29.896685,-3717.8305007251647,7959.4730688911295,-1238.0590774343439,1.7256638790011318,-0.3467040344994009,-6.270234041713784,12580U
2025-06-28T18:49:29.896685,-3610.5139469340124,7930.486316556919,-1612.8514396575727,1.851490201337052,-0.6195318260405775,-6.221191122359194,12580U
2025-06-28T18:50:29.896685,-3495.7483691048274,7885.138776932528,-1984.310700592487,1.973932808853018,-0.8920389697687584,-6.1590932197608925,12580U
2025-06-28T18:51:29.896685,-3373.7438273414787,7823.463902353673,-2351.6540234354793,2.092752033623363,-1.1637453537715594,-6.0839530076932435,12580U
2025-06-28T18:52:29.896685,-3244.724753405181,7745.524139037586,-2714.099761125937,2.207708445667786,-1.4341637938055218,-5.995798672413103,12580U
2025-06-28T18:53:29.896685,-3108.929936745128,7651.411361286083,-3070.8684072251467,2.3185629615492394,-1.7027998688113581,-5.894674689905249,12580U
2025-06-28T18:54:29.896685,-2966.6125028190513,7541.247314731248,-3421.1835965260857,2.425076993868544,-1.969151802049284,-5.780642675314292,12580U
2025-06-28T18:55:29.896685,-2818.039881058816,7415.184065534022,-3764.273159768786,2.527012645111119,-2.232710395321872,-5.653782303251204,12580U
2025-06-28T18:56:29.896685,-2663.4937596261475,7273.40445197019,-4099.370236711626,2.6241329493973584,-2.4929590241995756,-5.5141922971328805,12580U
2025-06-28T18:57:29.896685,-2503.2700238878106,7116.122534337276,-4425.714451654293,2.716202165770211,-2.7493737026304537,-5.3619914850882395,12580U
2025-06-28T18:58:29.896685,-2337.678675321172,6943.5840385885585,-4742.553155312913,2.8029861267134484,-3.0014232257888223,-5.197319919234846,12580U
2025-06-28T18:59:29.896685,-2167.0437273441944,6756.0667885507455,-5049.1427366972985,2.8842526456215074,-3.2485694004808336,-5.020340054290354,12580U
2025-06-28T19:00:29.896685,-1991.7030743470848,6553.881121007332,-5344.750008340703,2.9597719869318824,-3.490267372874575,-4.831237980519423,12580U
2025-06-28T19:01:29.896685,-1812.0083299923565,6337.370277335037,-5628.65366786585,3.029317402571591,-3.7259660637355605,-4.630224704926197,12580U
2025-06-28T19:02:29.896685,-1628.3246306455164,6106.910764766715,-5900.145838438893,3.092665738251242,-3.9551087217140513,-4.41753747337372,12580U
2025-06-28T19:03:29.896685,-1441.0303996082293,5862.912679727762,-6158.533690149927,3.149598112950987,-4.177133605522298,-4.193441124944884,12580U
2025-06-28T19:04:29.896685,-1250.517067649056,5605.819985055042,-6403.141143765969,3.1999006746714724,-4.39147480604079,-3.9582294683460986,12580U
2025-06-28T19:05:29.896685,-1057.188745174525,5336.110732270671,-6633.310657612871,3.2433654351542884,-4.597563219469384,-3.7122266685024905,12580U
2025-06-28T19:06:29.896685,-861.4618412539452,5054.297219446332,-6848.405097560639,3.2797911857993483,-4.794827682571822,-3.4557886296965905,12580U
2025-06-28T19:07:29.896685,-663.764624619955,4760.926074577512,-7047.809689193215,3.3089844964042205,-4.98269628080757,-3.189304359680444,12580U
2025-06-28T19:08:29.896685,-464.53672171361484,4456.578253793862,-7230.934050242194,3.330760797610329,-5.160597839677376,-2.913197297149935,12580U
2025-06-28T19:09:29.896685,-264.22854683804616,4141.86894317762,-7397.2143002456705,3.3449455470487193,-5.327963608887055,-2.6279265828328904,12580U
2025-06-28T19:10:29.896685,-63.30065954023152,3817.4473524659193,-7546.115243151999,3.351375478120983,-5.484229147917065,-2.333988252241928,12580U
2025-06-28T19:11:29.896685,137.776955541155,3483.9963884836097,-7677.1326172279105,3.3498999291183607,-5.628836420239186,-2.0319163259076283,12580U
2025-06-28T19:12:29.896685,338.52569092692,3142.232195818347,-7789.7954051447605,3.3403822489647363,-5.761236101701265,-1.7222837706922667,12580U
2025-06-28T19:13:29.896685,538.4592049296289,2792.9035520258067,-7883.668195512867,3.322701274263753,-5.88089010647178,-1.405703303641227,12580U
2025-06-28T19:14:29.896685,737.0844005703422,2436.791104564097,-7958.353585416068,3.2967528705345632,-5.98727433136459,-1.0828280078278227,12580U
2025-06-28T19:15:29.896685,933.9024981969487,2074.7064367280177,-8013.494611677148,3.2624515285421296,-6.079881616321615,-0.7543517278668065,12580U
2025-06-28T19:16:29.896685,1128.410204619713,1707.4909501103618,-8048.77719667386,3.2197320044775988,-6.158224915299903,-0.4210092113017285,12580U
2025-06-28T19:17:29.896685,1320.1009808500353,1336.014551592187,-8063.932592543675,3.168550990444811,-6.221840667780046,-0.0835759610173406,12580U
2025-06-28T19:18:29.896685,1508.4664096703432,961.1741335705955,-8058.739805589528,3.1088887992893426,-6.270292356596066,0.2571322367117419,12580U
2025-06-28T19:19:29.896685,1692.9976632603375,583.8918371176819,-8033.0279806571325,3.0407510453101003,-6.3031742328032925,0.6002601438173945,12580U
2025-06-28T19:20:29.896685,1873.187069963561,205.11308903440627,-7986.678723237262,2.9641702998714132,-6.3201151829012705,0.9449142961025649,12580U
2025-06-28T19:21:29.896685,2048.5297779908706,-174.19559464537275,-7919.628335095789,2.879207698453229,-6.320782707981611,1.2901646556579278,12580U
2025-06-28T19:22:29.896685,2218.5255124314967,-553.0490442225569,-7831.869937402434,2.785954473313509,-6.304886978375198,1.6350467199888017,12580U
2025-06-28T19:23:29.896685,2382.680420381361,-930.446114218293,-7723.455453673853,2.6845333837814302,-6.272184921255705,1.9785641139909833,12580U
2025-06-28T19:24:29.896685,2540.5089973188947,-1305.3726041972266,-7594.497423430355,2.5751000143501437,-6.2224842925737684,2.3196916859279826,12580U
2025-06-28T19:25:29.896685,2691.536086076115,-1676.8044201681882,-7445.170616358049,2.457843909301095,-6.155647678834165,2.657379122350022,12580U
2025-06-28T19:26:29.896685,2835.298937892775,-2043.7109708837254,-7275.713416040146,2.332989511680925,-6.07159636879934,2.990555089442509,12580U
2025-06-28T19:27:29.896685,2971.349323135394,-2405.0587897292335,-7086.428942047405,2.2007968741783146,-5.970314030442216,3.318131899624284,12580U
2025-06-28T19:28:29.896685,3099.25567735008,-2759.8153689927053,-6877.6858794275895,2.061562109919242,-5.8518501246292205,3.6390106924152854,12580U
2025-06-28T19:29:29.896685,3218.605266440333,-3106.9531891861475,-6649.91898547833,1.9156175525136752,-5.7163229843505095,3.952087107789102,12580U
2025-06-28T19:30:29.896685,3329.0063529725303,-3445.4539218279156,-6403.629245184251,1.7633315969225674,-5.563922487080463,4.256257418622368,12580U
2025-06-28T19:31:29.896685,3430.0903439657354,-3774.3127797726393,-6139.383648897876,1.605108195928774,-5.394912248286712,4.550425076705846,12580U
2025-06-28T19:32:29.896685,3521.5138990807836,-4092.542984898974,-5857.814568774816,1.4413859912117108,-5.209631266413002,4.833507614417461,12580U
2025-06-28T19:33:29.896685,3602.960976945489,-4399.180318844465,-5559.618714154217,1.2726370632332056,-5.008494954001428,5.10444383194684,12580U
2025-06-28T19:34:29.896685,3674.144796501442,-4693.287718644409,-5245.555650487993,1.0993652902821436,-4.791995496085676,5.362201188332687,12580U
2025-06-28T19:35:29.896685,3734.8096897876244,-4973.959875705017,-4916.445871544154,0.9221043140059568,-4.560701485608138,5.6057833039663345,12580U
2025-06-28T19:36:29.896685,3784.732822548729,-5240.327793706611,-4573.168420314886,0.7414151163967692,-4.315256796282653,5.834237473134437,12580U
2025-06-28T19:37:29.896685,3823.7257594759703,-5491.563258730803,-4216.658060480026,0.5578832214289015,-4.056378666039473,6.046662077908715,12580U
2025-06-28T19:38:29.896685,3851.635851878504,-5726.883173714564,-3847.9020067324,0.3721155428322328,-3.7848549783000354,6.2422137900525545,12580U
2025-06-28T19:39:29.896685,3868.3474270054626,-5945.5537086151,-3467.9362295049154,0.1847369080441619,-3.501540744112942,6.420114445315235,12580U
2025-06-28T19:40:29.896685,3873.7827602589737,-6146.894218309995,-3077.8413565100605,-0.0036137035945015133,-3.20735380451957,6.579657475494378,12580U
2025-06-28T19:41:29.896685,3867.9028140096575,-6330.280881713029,-2678.738200525459,-0.19228716276680508,-2.9032697893947366,6.7202137876122,12580U
2025-06-28T19:42:29.896685,3850.7077296680573,-6495.1500181618785,-2271.782949492737,-0.380628379960282,-2.5903163856267004,6.841236986760526,12580U
2025-06-28T19:43:29.896685,3822.237063000324,-6641.0010407200625,-1858.1620611515461,-0.5679806253375778,-2.26956698335754,6.942267849451198,12580U
2025-06-28T19:44:29.896685,3782.5697563263498,-6767.399010606497,-1439.086909838566,-0.7536899168532631,-1.9421337834663153,7.022937967457022,12580U
2025-06-28T19:45:29.896685,3731.8238451275847,-6873.976762350817,-1015.7882377909455,-0.9371094121905105,-1.6091604621755045,7.082972497730623,12580U
2025-06-28T19:46:29.896685,3670.15590056785,-6960.43657553311,-589.5104665603794,-1.1176037393959604,-1.271814498655708,7.122191971693041,12580U
2025-06-28T19:47:29.896685,3597.7602134693743,-7026.551375600329,-161.50592689834485,-1.2945532018677275,-0.9312792792235219,7.140513136187926,12580U
2025-06-28T19:48:29.896685,3514.8677291689623,-7072.165453487595,266.9709336388429,-1.4673577961514774,-0.5887460959048918,7.137948818331942,12580U
2025-06-28T19:49:29.896685,3421.744746386439,-7097.194701060083,694.6693060449593,-1.6354409852444476,-0.24540615846831362,7.11460682644508,12580U
2025-06-28T19:50:29.896685,3318.691396612508,-7101.62636672832,1120.3476802359573,-1.7982531759228324,0.09755726299368277,7.070687918670743,12580U
2025-06-28T19:51:29.896685,3206.0399234996185,-7085.518342691351,1542.7793550011897,-1.9552748556543678,0.4389764529107986,7.006482889095495,12580U
2025-06-28T19:52:29.896685,3084.1527842402406,-7048.998001958886,1960.7577457015311,-2.1060193526981634,0.7777065183746917,6.9223688375857995,12580U
2025-06-28T19:53:29.896685,2953.4205968587376,-6992.260609407986,2373.1014425330563,-2.2500351917526897,1.1126322168694505,6.818804703661632,12580U
2025-06-28T19:54:29.896685,2814.2599588057756,-6915.567336534688,2778.6589773342853,-2.3869080265387916,1.4426742621151496,6.696326156229731,12580U
2025-06-28T19:55:29.896685,2667.111162973242,-6819.242914081135,3176.3132632306883,-2.516262139980428,1.766795040733336,6.555539939487227,12580U
2025-06-28T19:56:29.896685,2512.43583758286,-6703.672960368037,3564.9856775354647,-2.637761511452247,2.084003687119375,6.397117780885301,12580U
2025-06-28T19:57:29.896685,2350.714536067808,-6569.301025820227,3943.639765128658,-2.7511104590152864,2.3933604793916534,6.221789969523286,12580U
2025-06-28T19:58:29.896685,2182.4443022889377,-6416.625395876878,4311.284546179297,-2.8560538721914503,2.693980534536343,6.030338712973136,12580U
2025-06-28T19:59:29.896685,2008.136235197353,-6246.195695241111,4666.977418623623,-2.95237705753973,2.9850367955987744,5.823591377503391,12580U
2025-06-28T20:00:29.896685,1828.3130754466329,-6058.609336300087,5009.82665207143,-3.039905224944691,3.2657623175443224,5.602413711297049,12580U
2025-06-28T20:01:29.896685,1643.506834550083,-5854.50785361762,5338.993475638076,-3.1185026470293375,3.5354518708761167,5.367703142917897,12580U
2025-06-28T20:02:29.896685,1454.2564850409885,-5634.573164762287,5653.693767495218,-3.1880715274341362,3.793462893006824,5.1203822383806115,12580U
2025-06-28T20:03:29.896685,1261.1057278043224,-5399.523795494872,5953.199358615809,-3.2485506158791906,4.039215826563533,4.861392390147208,12580U
2025-06-28T20:04:29.896685,1064.6008503751418,-5150.111104612406,6236.838967211857,-3.2999136090072083,4.272193891174517,4.591687800620448,12580U
2025-06-28T20:05:29.896685,865.2886876115053,-4887.115540655311,6503.998783695468,-3.342167376079715,4.49194234082676,4.312229811632345,12580U
2025-06-28T20:06:29.896685,663.714693797418,-4611.3429593307965,6754.122728646989,-3.375350047786917,4.6980672626593565,4.023981620376866,12580U
2025-06-28T20:07:29.896685,460.42113297507086,-4323.6210270123665,6986.712408249475,-3.3995290048593323,4.890233975164258,3.7279034115345246,12580U
2025-06-28T20:08:29.896685,255.9453921730398,-4024.795732122022,7201.326793002007,-3.4147988009808565,5.068165084369896,3.424947925219718,12580U
2025-06-28T20:09:29.896685,50.818420227219406,-3715.7280226843236,7397.581646290874,-3.421279051835842,5.231638255855476,3.1160564710596055,12580U
2025-06-28T20:10:29.896685,-154.43670689485242,-3397.290584931017,7575.148729639554,-3.4191123191146304,5.380483758586043,2.8021553903280827,12580U
2025-06-28T20:11:29.896685,-359.306094951897,-3070.36477457808,7733.754811246642,-3.4084620150798726,5.514581833783034,2.4841529606894572,12580U
2025-06-28T20:12:29.896685,-563.2862165412017,-2735.837709359441,7873.180503808238,-3.389510349972948,5.63385993854459,2.1629367318184967,12580U
2025-06-28T20:13:29.896685,-765.8849757281744,-2394.599528594907,7993.258956689734,-3.3624563412164856,5.738289909910719,1.8393712749379534,12580U
2025-06-28T20:14:29.896685,-966.6226564466016,-2047.540823029456,8093.874426314834,-3.3275139001274363,5.827885090701931,1.5142963251360426,12580U
2025-06-28T20:15:29.896685,-1165.0327597260093,-1695.5502359133523,8174.960747243059,-3.2849100087633194,5.902697453908897,1.188525292131246,12580U
2025-06-28T20:16:29.896685,-1360.6627354308305,-1339.512234300153,8236.499724865436,-3.234882996632037,5.962814757814096,0.8628441128636103,12580U
2025-06-28T20:17:29.896685,-1553.0746146623392,-980.3050478196592,8278.519469010917,-3.1776809243411686,6.008357759499111,0.5380104178211343,12580U
2025-06-28T20:18:29.896685,-1741.8455492973874,-618.798770721929,8301.092686068085,-3.1135600788670557,6.039477510028175,0.21475298225534833,12580U
2025-06-28T20:19:29.896685,-1926.5682653286947,-255.85362178080405,8304.334945523375,-3.0427835830013703,6.05635275047066,-0.10622856669128833,12580U
2025-06-28T20:20:29.896685,-2106.8514367547623,107.6816443407963,8288.402935131951,-2.9656201196828875,6.059187424087402,-0.42426381554565623,12580U
2025-06-28T20:21:29.896685,-2282.3199867502676,470.9711814292712,8253.492717293459,-2.882342770341341,6.04820831649127,-0.7387114305449091,12580U
2025-06-28T20:22:29.896685,-2452.6153227521454,833.1933595099891,8199.8379976235,-2.7932279650550003,6.023662832423102,-1.0489588508170555,12580U
2025-06-28T20:23:29.896685,-2617.3955119341376,1193.5419442486866,8127.708415207463,-2.698554541237991,5.985816914966249,-1.3544218339760739,12580U
2025-06-28T20:24:29.896685,-2776.335403325795,1551.2271563875188,8037.407862605981,-2.5986029067087433,5.9349531105537725,-1.654543877843693,12580U
2025-06-28T20:25:29.896685,-2929.1267025725792,1905.4766197712804,7929.272842359995,-2.493654302324723,5.871368780991292,-1.948795540332422,12580U
2025-06-28T20:26:29.896685,-3075.4780050457907,2255.5362065471945,7803.670865518758,-2.38399015887878,5.795374461905989,-2.236673677792441,12580U
2025-06-28T20:27:29.896685,-3215.114792697084,2600.67078804988,7660.998896590121,-2.2698915426175432,5.707292365518998,-2.5177006203725614,12580U
2025-06-28T20:28:29.896685,-3347.7793997257527,2940.1648997377447,7501.681848287119,-2.151638683540131,5.607455024397684,-2.791423301219072,12580U
2025-06-28T20:29:29.896685,-3473.2309517930225,3273.323328341757,7326.171128513507,-2.0295105805437266,5.496204071849454,-3.0574123546637204,12580U
2025-06-28T20:30:29.896685,-3591.245283178873,3599.4716291261684,7134.9432411940425,-1.9037846774862588,5.373889153844794,-3.315261196949421,12580U
2025-06-28T20:31:29.896685,-3701.6148359420395,3917.956580866166,6928.498441803471,-1.774736604312959,5.2408669667750125,-3.564585101534457,12580U
2025-06-28T20:32:29.896685,-3804.148544813792,4228.146585821919,6707.359447778279,-1.642639977530636,5.097500414935394,-3.805020279609307,12580U
2025-06-28T20:33:29.896685,-3898.6717112350984,4529.432021644726,6472.070203399668,-1.5077662544944543,4.944157881350847,-4.036222975164076,12580U
2025-06-28T20:34:29.896685,-3985.0258696336305,4821.225551787368,6223.194698213855,-1.3703846361885246,4.781212605410264,-4.257868582756219,12580U
2025-06-28T20:35:29.896685,-4063.068648739983,5102.962400631098,5961.315837589012,-1.230762013415507,4.609042160718153,-4.469650795061719,12580U
2025-06-28T20:36:29.896685,-4132.673630453355,5374.100599166175,5687.0343636075095,-1.0891629515625407,4.428028026600063,-4.671280786327106,12580U
2025-06-28T20:37:29.896685,-4193.730208495033,5634.121206700819,5400.967824132854,-0.9458497093627437,4.238555246782271,-4.862486436990698,12580U
2025-06-28T20:38:29.896685,-4246.143448826776,5882.5285137081955,5103.749587581865,-0.8010822873248458,4.041012168900436,-5.04301160398879,12580U
2025-06-28T20:39:29.896685,-4289.833953560437,6118.850230544214,4796.027900688171,-0.6551185017620254,3.835790258675974,-5.21261544059333,12580U
2025-06-28T20:40:29.896685,-4324.737729864526,6342.63766649301,4478.464986217459,-0.5082140805420815,3.6232839827276444,-5.371071769114505,12580U
2025-06-28T20:41:29.896685,-4350.806065122793,6553.465903117711,4151.736177560405,-0.3606227769843631,3.403890754299264,-5.518168509217427,12580U
2025-06-28T20:42:29.896685,-4368.00540941978,6750.933965717761,3816.5290867622475,-0.21259649844108094,3.178010936262661,-5.65370716430518,12580U
2025-06-28T20:43:29.896685,-4376.31726620446,6934.664996266748,3473.542802517977,-0.06438544634680039,2.9460478960368492,-5.777502368001688,12580U
2025-06-28T20:44:29.896685,-4375.738091798962,7104.306430929849,3123.4871144789035,0.0837617353382535,2.70840810722132,-5.889381492513702,12580U
2025-06-28T20:45:29.896685,-4366.279204232894,7259.530184949831,2767.0817600990445,0.23159780622045775,2.465501292914037,-5.989184320417244,12580U
2025-06-28T20:46:29.896685,-4347.966701705902,7400.032847388488,2405.0556901467326,0.3788767729068066,2.217740605836919,-6.076762781226311,12580U
2025-06-28T20:47:29.896685,-4320.841390808121,7525.5358879198575,2038.1463489047696,0.525353732490574,1.9655428405116173,-6.151980753956155,12580U
2025-06-28T20:48:29.896685,-4284.958724460117,7635.78587758067,1667.0989649970008,0.6707847187210666,1.709328672824506,-6.214713936776215,12580U
2025-06-28T20:49:29.896685,-4240.388749368914,7730.5547250969,1292.665848699565,0.8149265534355183,1.4495229223831763,-6.264849784756092,12580U
2025-06-28T20:50:29.896685,-4187.2160626331715,7809.6399301202555,915.6056915181738,0.9575367057999469,1.1865548330934736,-6.302287516634893,12580U
2025-06-28T20:51:29.896685,-4125.539776968614,7872.864854419319,536.6828637502529,1.0983731618921104,0.9208583673829261,-6.32693819148101,12580U
2025-06-28T20:52:29.896685,-4055.4734938617253,7920.07901178152,156.66670568287552,1.2371943071705946,0.6528725094480273,-6.338724856052721,12580U
2025-06-28T20:53:29.896685,-3977.145283796655,7951.1583770839925,-223.6691919712205,1.3737588243988494,0.3830415728256208,-6.337582763610322,12580U
2025-06-28T20:54:29.896685,-3890.697672532662,7966.005714689836,-603.5477228553286,1.5078256096417477,0.1118155074607292,-6.3234596648638375,12580U
2025-06-28T20:55:29.896685,-3796.287632241799,7964.550926011776,-982.1890194576138,1.6391537090110175,-0.1603497987122236,-6.29631617165775,12580U
2025-06-28T20:56:29.896685,-3694.086576141599,7946.751415761095,-1358.8112318394242,1.7675022789161257,-0.4329922288658077,-6.256126193890417,12580U
2025-06-28T20:57:29.896685,-3584.2803550773806,7912.592476059345,-1732.6313351628123,1.8926305726681225,-0.7056431624888826,-6.202877450030926,12580U
2025-06-28T20:58:29.896685,-3467.069254346529,7862.087687242807,-2102.8659705233545,2.0142979563630576,-0.9778272223764499,-6.136572051437364,12580U
2025-06-28T20:59:29.896685,-3342.667988811369,7795.279333799094,-2468.732323782754,2.1322639571444753,-1.2490620495256624,-6.057227160438736,12580U
2025-06-28T21:00:29.896685,-3211.3056942392345,7712.238833507957,-2829.4490467810238,2.2462883469600134,-1.5188581122030076,-5.964875721917187,12580U
2025-06-28T21:01:29.896685,-3073.2259125297633,7613.067177422447,-3184.237225537771,2.356131265134238,-1.7867185560321652,-5.85956726776362,12580U
2025-06-28T21:02:29.896685,-2928.6865683273377,7497.895377901664,-3532.3213998349765,2.4615533831425185,-2.052139102258608,-5.741368793202486,12580U
2025-06-28T21:03:29.896685,-2777.959934293125,7366.884921441881,-3872.930638524323,2.5623161150930382,-2.3146080018213495,-5.610365703499761,12580U
2025-06-28T21:04:29.896685,-2621.332582097568,7220.2282225672125,-4205.299674767939,2.6581818775164923,-2.573606053318262,-5.46666282900427,12580U
2025-06-28T21:05:29.896685,-2459.1053159779563,7058.149074531932,-4528.670105248345,2.748914402137249,-2.8286066934183993,-5.310385505812164,12580U
2025-06-28T21:06:29.896685,-2291.5930854846515,6880.903092048194,-4842.291657174708,2.834279105351493,-3.0790761687503787,-5.1416807185736,12580U
2025-06-28T21:07:29.896685,-2119.1248738236886,6688.778140697056,-5145.423526639339,2.9140435181518,-3.3244737987519577,-4.96071830107928,12580U
2025-06-28T21:08:29.896685,-1942.04355798437,6482.094747094242,-5437.335791562225,2.9879777802137912,-3.5642523394103387,-4.767692189252283,12580U
2025-06-28T21:09:29.896685,-1760.705736633361,6261.2064832831375,-5717.310902066383,3.0558552017801435,-3.797858458217241,-4.562821720032973,12580U
2025-06-28T21:10:29.896685,-1575.4815215542494,6026.500318205912,-5984.6452506697615,3.117452896836755,-4.024733331007682,-4.346352968364333,12580U
2025-06-28T21:11:29.896685,-1386.754288223831,5778.396928471953,-6238.6508241381225,3.17255249085857,-4.244313371614247,-4.118560113064683,12580U
2025-06-28T21:12:29.896685,-1194.920380948242,5517.350960005036,-6478.656938215056,3.2209409060981167,-4.456031105427629,-3.8797468208110755,12580U
2025-06-28T21:13:29.896685,-1000.3887678339275,5243.851231509993,-6704.012055725461,3.2624112269843306,-4.659316197986049,-3.630247635748467,12580U
2025-06-28T21:14:29.896685,-803.5806407528831,4958.4208700713625,-6914.085687724353,3.2967636476776194,-4.853596649584115,-3.370429360397715,12580U
2025-06-28T21:15:29.896685,-604.9289553802377,4661.617368583158,-7108.270376433364,3.3238065031773205,-5.038300166568116,-3.1006924115646495,12580U
2025-06-28T21:16:29.896685,-404.8779063447163,4354.032554128724,-7285.983757662483,3.34335738458264,-5.212855719430695,-2.8214721328733616,12580U
2025-06-28T21:17:29.896685,-203.88233254970285,4036.292455895581,-7446.670699250421,3.3552443381571857,-5.37669529699428,-2.5332400433836235,12580U
2025-06-28T21:18:29.896685,-2.407047793857749,3709.057060728952,-7589.805510776004,3.359307146726198,-5.529255864847466,-2.2365049995269883,12580U
2025-06-28T21:19:29.896685,199.0739080290172,3373.019944037016,-7714.8942183816725,3.3553986906348645,-5.669981534718832,-1.9318142453675253,12580U
2025-06-28T21:20:29.896685,400.07810164950064,3028.907763455892,-7821.476897024566,3.3433863840089204,-5.79832594961502,-1.619754323988739,12580U
2025-06-28T21:21:29.896685,600.1156272421115,2677.4796025065125,-7909.1300508218055,3.3231536803804853,-5.913754887265251,-1.3009518207088613,12580U
2025-06-28T21:22:29.896685,798.6901191102901,2319.5261514384547,-7977.4690303998805,3.294601639875688,-6.015749081678816,-0.9760739068912802,12580U
2025-06-28T21:23:29.896685,995.299859474187,1955.8687125921022,-8026.150474300727,3.2576505481133453,-6.103807259406466,-0.6458286514373767,12580U
2025-06-28T21:24:29.896685,1189.4389839530875,1587.358017938187,-8054.874759557649,3.2122415747512116,-6.177449383389094,-0.3109650657119745,12580U
2025-06-28T21:25:29.896685,1380.5987865581005,1214.872847007925,-8063.388444551924,3.1583384572631252,-6.236220093072107,0.02772715323194737,12580U
2025-06-28T21:26:29.896685,1568.269125099136,839.3184342310708,-8051.486685224071,3.095929193070471,-6.279692324776342,0.36941821658355684,12580U
2025-06-28T21:27:29.896685,1751.9399268572229,461.62465578054366,-8019.015603675005,3.025027720631571,-6.307471091178725,0.7132392099535205,12580U
2025-06-28T21:28:29.896685,1931.102793177231,82.74398740412956,-7965.874586192304,2.945675567568263,-6.319197393223151,1.0582834657361686,12580U
2025-06-28T21:29:29.896685,2105.252700296193,-296.35077357029394,-7892.018485820924,2.8579434414526257,-6.314552231933378,1.403608373509099,12580U
2025-06-28T21:30:29.896685,2273.8897922422557,-674.6690268194576,-7797.459702821419,2.761932736568009,-6.29326068154495,1.7482376572143745,12580U
2025-06-28T21:31:29.896685,2436.5212600326317,-1051.2051305676894,-7682.270114779858,2.6577769278914865,-6.255095979248678,2.0911641436395203,12580U
2025-06-28T21:32:29.896685,2592.6632996753506,-1424.9414057030551,-7546.582826818425,2.5456428218210365,-6.199883580811142,2.431353041293356,12580U
2025-06-28T21:33:29.896685,2741.843139659755,-1794.8513789751457,-7390.593711376266,2.4257316319029085,-6.1275051256046735,2.7677457421096774,12580U
2025-06-28T21:34:29.896685,2883.601126738948,-2159.9032583592307,-7214.562706452881,2.2982798471090455,-6.037902249359633,3.099264150524407,12580U
2025-06-28T21:35:29.896685,3017.492856885468,-2519.0636299330135,-7018.814841113536,2.163559860191634,-5.931080178489451,3.424815535377616,12580U
2025-06-28T21:36:29.896685,3143.091336391665,-2871.3013616320736,-6803.740957509263,2.021880324398562,-5.807111036385987,3.743297889914512,12580U
2025-06-28T21:37:29.896685,3259.989156228282,-3215.591695071689,-6569.798099734977,1.8735862084669153,-5.666136789898566,4.053605774040527,12580U
2025-06-28T21:38:29.896685,3367.8006610235448,-3550.9205023271293,-6317.509541592482,1.7190585223933974,-5.508371763544138,4.354636601149813,12580U
2025-06-28T21:39:29.896685,3466.1640924402545,-3876.2886802506196,-6047.4644277810075,1.5587136900527776,-5.334104650073535,4.645297319582014,12580U
2025-06-28T21:40:29.896685,3554.7436853670283,-4190.7166506667945,-5760.317006237283,1.3930025493154077,-5.143699949032685,4.924511426402567,12580U
2025-06-28T21:41:29.896685,3633.2316942660277,-4493.248930756746,-5456.785433291309,1.2224089658716304,-4.937598770044257,5.191226239147791,12580U
2025-06-28T21:42:29.896685,3701.350326293347,-4782.958734240171,-5137.6501379736255,1.0474480534341513,-4.716318944764501,5.444420339860006,12580U
2025-06-28T21:43:29.896685,3758.8535574835855,-5058.952560722168,-4803.751737163331,0.8686640002455214,-4.480454400837981,5.683111095612055,12580U
2025-06-28T21:44:29.896685,3805.5288084226268,-5320.374727952418,-4455.988499188554,0.68662750968048,-4.230673762551055,5.906362151273456,12580U
2025-06-28T21:45:29.896685,3841.1984564344866,-5566.4117997443,-4095.3133600395427,0.5019328710821067,-3.967718156194994,6.113290783829936,12580U
2025-06-28T21:46:29.896685,3865.7211624694733,-5796.296861363772,-3722.7305029836,0.3151946853407506,-3.69239821280536,6.303075003814054,12580U
2025-06-28T21:47:29.896685,3878.992992501851,-6009.313593878092,-3339.291519591702,0.12704427819625658,-3.40559027703754,6.474960288197432,12580U
2025-06-28T21:48:29.896685,3880.948315437648,-6204.800099914004,-2946.0911770871544,-0.061874157865685446,-3.1082318474852926,6.628265831180076,12580U
2025-06-28T21:49:29.896685,3871.5604621779808,-6382.15243511661,-2544.262823846938,-0.2509076449569182,-2.8013162905982263,6.762390204430123,12580U
2025-06-28T21:50:29.896685,3850.8421335762896,-6540.827802536423,-2134.9734713692646,-0.4393986699268396,-2.4858868867561696,6.876816326653015,12580U
2025-06-28T21:51:29.896685,3818.8455484902684,-6680.34737111021,-1719.4185969394905,-0.6266895438199405,-2.1630302824795566,6.971115653705422,12580U
2025-06-28T21:52:29.896685,3775.6623268789535,-6800.2986842755,-1298.816716382804,-0.8121268076009185,-1.8338694366217236,7.0449515145446275,12580U
2025-06-28T21:53:29.896685,3721.4231068354375,-6900.337630463298,-874.4037805130318,-0.9950656191594508,-1.4995561601744816,7.09808153471249,12580U
2025-06-28T21:54:29.896685,3656.2968984685517,-6980.189953602191,-447.4274520344692,-1.1748740563999498,-1.1612633585766257,7.130359107276419,12580U
2025-06-28T21:55:29.896685,3580.490181541017,-7039.652288670413,-19.141321629913428,-1.3509372727724247,-0.8201770918015027,7.141733890583499,12580U
2025-06-28T21:56:29.896685,3494.2457576230577,-7078.592714561331,409.20087730451957,-1.522661444868598,-0.4774885707732499,7.132251332170147,12580U
2025-06-28T21:57:29.896685,3397.8413711225426,-7096.9508238747285,836.3509963412324,-1.6894774565678494,-0.1343862087350146,7.102051238021493,12580U
2025-06-28T21:58:29.896685,3291.5881168062892,-7094.737316508147,1261.0720849420582,-1.850844270490236,0.20795215690543198,7.051365425421884,12580U
2025-06-28T21:59:29.896685,3175.8286542502933,-7072.03313089657,1682.1438343511238,-2.0062519449539638,0.5483667628179201,6.980514515254949,12580U
2025-06-28T22:00:29.896685,3050.935251963818,-7028.988133246918,2098.367802212472,-2.155224262984769,0.8857230374956698,6.889903935235655,12580U
2025-06-28T22:01:29.896685,2917.307685742393,-6965.819390985283,2508.5723724087306,-2.297320948786725,1.2189182489446817,6.780019218779832,12580U
2025-06-28T22:02:29.896685,2775.3710169539854,-6882.809061721933,2911.6174104229576,-2.432139456326658,1.5468876058979624,6.65142069462489,12580U
2025-06-28T22:03:29.896685,2625.5732771303938,-6780.301933269399,3306.3985805196785,-2.559316323739027,1.8686097503193912,6.5047376698151,12580U
2025-06-28T22:04:29.896685,2468.3830852732754,-6658.702653535317,3691.8512976450374,-2.6785280960623687,2.1831115941450467,6.340662213092246,12580U
2025-06-28T22:05:29.896685,2304.2872238207688,-6518.472691436258,4066.954293601315,-2.789491826976691,2.4894724685612397,6.1599426471947885,12580U
2025-06-28T22:06:29.896685,2133.7881982689314,-6360.127071342657,4430.732783706632,-2.891965177558393,2.786827569241023,5.963376857214758,12580U
2025-06-28T22:07:29.896685,1957.40180407336,-6184.230924008758,4782.261226604532,-2.9857461364273883,3.0743706953733376,5.751805518260955,12580U
2025-06-28T22:08:29.896685,1775.6547227329415,-5991.395896523957,5120.665676005771,-3.0706723909214397,3.3513562936458685,5.526105339561093,12580U
2025-06-28T22:09:29.896685,1589.0821669599986,-5782.276462633662,5445.1257287883545,-3.1466203830297785,3.6171008302640533,5.287182414199159,12580U
2025-06-28T22:10:29.896685,1398.2255926409134,-5557.566172917354,5754.876078963983,-3.2135040867441336,3.870983524387566,5.035965754340941,12580U
2025-06-28T22:11:29.896685,1203.630492961748,-5317.993881890439,6049.2076914717345,-3.271273545272791,4.112446484901989,4.773401081472185,12580U
2025-06-28T22:12:29.896685,1005.8442876879751,-5064.319986234795,6327.468613533587,-3.319913207282208,4.340994299151752,4.500444930276161,12580U
2025-06-28T22:13:29.896685,805.4143182008002,-4797.332705168531,6589.064444400463,-3.35944010108392,4.556193127165541,4.218059113680073,12580U
2025-06-28T22:14:29.896685,602.8859565708153,-4517.844430561538,6833.458486719397,-3.3899018845908793,4.757669358067101,3.9272055856568047,12580U
2025-06-28T22:15:29.896685,398.8008347261039,-4226.6881708791825,7060.171604508167,-3.4113748070651626,4.9451078869251,3.6288417278521115,12580U
2025-06-28T22:16:29.896685,193.69519769338032,-3924.7141094954018,7268.7818138590455,-3.423961616306513,5.118250070405529,3.32391607626495,12580U
2025-06-28T22:17:29.896685,-11.90161701950313,-3612.7862944341205,7458.923633067733,-3.427789442129747,5.276891418444144,3.013364495212995,12580U
2025-06-28T22:18:29.896685,-217.4685735554974,-3291.779473239757,7630.287218959073,-3.423007683881311,5.420879076957331,2.698106797788772,12580U
2025-06-28T22:19:29.896685,-422.4942065343275,-2962.576083500266,7782.617315818861,-3.4097859264748176,5.55010915356072,2.3790438050318525,12580U
2025-06-28T22:20:29.896685,-626.4777670737749,-2626.0634065888426,7915.712042611119,-3.388311906090223,5.664523934569271,2.0570548301353893,12580U
2025-06-28T22:21:29.896685,-828.930249627691,-2283.1308894815993,8029.421543127147,-3.3587895433769663,5.764109037398595,1.7329955691621026,12580U
2025-06-28T22:22:29.896685,-1029.3753041885607,-1934.6676370660991,8123.646522441045,-3.3214370588032436,5.848890538048058,1.4076963759243473,12580U
2025-06-28T22:23:29.896685,-1227.35003914441,-1581.5600751876607,8198.336691593699,-3.276485181765113,5.918932108773557,1.0819608958205722,12580U
2025-06-28T22:24:29.896685,-1422.4057206504112,-1224.6897827886587,8253.489140848205,-3.2241754622547996,5.974332196482259,0.7565650314349689,12580U
2025-06-28T22:25:29.896685,-1614.108374792917,-864.9314898682206,8289.146660202561,-3.164758691319277,6.015221267911863,0.4322562114993365,12580U
2025-06-28T22:26:29.896685,-1802.0392990979922,-503.1512366240884,8305.396024148935,-3.0984934342376946,6.041759143377042,0.10975293429586577,12580U
2025-06-28T22:27:29.896685,-1985.7954900902475,-140.20468801011538,8302.366255971314,-3.025644678316805,6.054132436843055,-0.21025544336342988,12580U
2025-06-28T22:28:29.896685,-2164.989993653886,223.0644029612156,8280.226885201719,-2.9464825954472653,6.052552116365887,-0.5271086999045423,12580U
2025-06-28T22:29:29.896685,-2339.252184904604,585.8255905454188,8239.186210233242,-2.8612814180709485,6.037251195550224,-0.8401755529038983,12580U
2025-06-28T22:30:29.896685,-2508.2279841583204,947.2629981105333,8179.4895765339825,-2.770318425969205,6.008482563635819,-1.1488532993089948,12580U
2025-06-28T22:31:29.896685,-2671.5800154029657,1306.5764547506699,8101.417679433167,-2.6738730402733757,5.966516959133215,-1.4525673166824395,12580U
2025-06-28T22:32:29.896685,-2828.9877134456606,1662.9825151315727,8005.2848990680295,-2.572226020304905,5.911641089585176,-1.7507704485746005,12580U
2025-06-28T22:33:29.896685,-2980.1473856388607,2015.7153711279211,7891.437673793837,-2.465658758248193,5.844155898016358,-2.0429422954323972,12580U
2025-06-28T22:34:29.896685,-3124.7722337900336,2364.027663800476,7760.252917171685,-2.354452666225609,5.764374974932187,-2.3285884307080207,12580U
2025-06-28T22:35:29.896685,-3262.5923415421857,2707.1912041664455,7612.136482560388,-2.238888650055364,5.672623113314785,-2.6072395600900045,12580U
2025-06-28T22:36:29.896685,-3393.354632181769,3044.497611046161,7447.521678348352,-2.1192466638115053,5.569235002914348,-2.8784506400688405,12580U
2025-06-28T22:37:29.896685,-3516.8228014947554,3375.2588740448446,7266.8678359645455,-1.9958053392474402,5.4545540592212785,-3.141799970402382,12580U
2025-06-28T22:38:29.896685,-3632.7772299546605,3698.807849456025,7070.658932001675,-1.8688416841740894,5.32893138180088,-3.3968882734786288,12580U
2025-06-28T22:39:29.896685,-3741.0148781919916,4014.4986965660596,6859.40226506359,-1.7386308439828304,5.192724836152666,-3.643337772101091,12580U
2025-06-28T22:40:29.896685,-3841.3491693682604,4321.707261509253,6633.627187305566,-1.6054459206557838,5.046298252893153,-3.8807912758569363,12580U
2025-06-28T22:41:29.896685,-3933.609861758275,4619.831415470078,6393.883890068906,-1.4695578438009618,4.890020737833661,-4.108911284969595,12580U
2025-06-28T22:42:29.896685,-4017.642914538208,4908.291353670907,6140.742242507422,-1.3312352884715044,4.724266086406915,-4.32737911939663,12580U
2025-06-28T22:43:29.896685,-4093.3103494811126,5186.529861215664,5874.79068166246,-1.190744634770039,4.549412295871172,-4.535894079901882,12580U
2025-06-28T22:44:29.896685,-4160.490110979198,5454.012551491708,5596.6351520570415,-1.048349964490834,4.365841168768747,-4.734172646909506,12580U
2025-06-28T22:45:29.896685,-4219.075926544472,5710.228082472774,5306.898092534366,-0.9043130903031269,4.173938001215124,-4.921947722136585,12580U
2025-06-28T22:46:29.896685,-4268.977169674814,5954.688355865875,5006.217467817383,-0.7588936132523777,3.974091349771782,-5.098967917256406,12580U
2025-06-28T22:47:29.896685,-4310.118726756816,6186.928703816549,4695.2458418630695,-0.6123490045267992,3.7666928707341567,-5.264996893313886,12580U
2025-06-28T22:48:29.896685,-4342.440869395868,6406.508067314421,4374.649490124109,-0.4649347077963114,3.552137226033502,-5.41981275391316,12580U
2025-06-28T22:49:29.896685,-4365.8991334005905,6613.0091703527705,4045.107547351157,-0.3169042585050871,3.3308220499644805,-5.563207494922887,12580U
2025-06-28T22:50:29.896685,-4380.464205402538,6806.038693404515,3707.3111875831632,-0.1685094167877197,3.1031479712739953,-5.694986512940347,12580U
2025-06-28T22:51:29.896685,-4386.12181790769,6985.227449517394,3361.962832759069,-0.02000031082410074,2.8695186852979595,-5.814968174478579,12580U
2025-06-28T22:52:29.896685,-4382.872653383788,7150.230566013248,3009.7753862599793,0.12837441239147476,2.6303410710185386,-5.922983447572085,12580U
2025-06-28T22:53:29.896685,-4370.732257804723,7300.727674472729,2651.4714875753243,0.2763674317559592,2.3860253480773954,-6.018875597282279,12580U
2025-06-28T22:54:29.896685,-4349.730963896968,7436.423111390193,2287.7827841821186,0.4237325950140671,2.136985268919819,-6.102499946412927,12580U
2025-06-28T22:55:29.896685,-4319.913824161847,7557.046131592882,1919.4492166316466,0.570224762651707,1.8836383413567526,-6.173723702610501,12580U
2025-06-28T22:56:29.896685,-4281.340553579593,7662.351136230382,1547.218312753089,0.7155996553440094,1.626406076915165,-6.232425852917606,12580U
2025-06-28T22:57:29.896685,-4234.085481737009,7752.1179168548315,1171.8444868035165,0.8596137075299477,1.3657142603963242,-6.2784971267633924,12580U
2025-06-28T22:58:29.896685,-4178.23751395682,7826.151916825793,794.0883393240946,1.0020239296601219,1.101993236078982,-6.311840028305429,12580U
2025-06-28T22:59:29.896685,-4113.9001008444575,7884.284510986202,414.7159533950197,1.1425877816605767,0.835678205983081,-6.332368938977921,12580U
2025-06-28T23:00:29.896685,-4041.1912155043674,7926.37330426344,34.49818292136876,1.2810630601714297,0.5672095355514274,-6.340010291043873,12580U
2025-06-28T23:01:29.896685,-3960.2433375125033,7952.302449551821,-345.7900714724921,1.4172078021537293,0.29703306200947516,-6.334702812887276,12580U
2025-06-28T23:02:29.896685,-3871.2034425646107,7961.982984925541,-725.3706034080287,1.5507802075092543,0.025600400528311525,-6.316397846709756,12580U
2025-06-28T23:03:29.896685,-3774.2329965475783,7955.353189915001,-1103.4626630897699,1.6815385834277432,-0.24663075686369956,-6.285059739206638,12580U
2025-06-28T23:04:29.896685,-3669.5079526066975,7932.378960249177,-1479.283745553403,1.8092413132565721,-0.5191963548881162,-6.240666305683866,12580U
2025-06-28T23:05:29.896685,-3557.2187495957714,7893.054200120995,-1852.0504094032333,1.9336468527892345,-0.7916257066800795,-6.183209367928982,12580U
2025-06-28T23:06:29.896685,-3437.5703101403833,7837.401230681981,-2220.979130529343,2.0545137569417906,-1.0634412492708634,-6.112695365979938,12580U
2025-06-28T23:07:29.896685,-3310.7820362770476,7765.471213066553,-2585.287195539021,2.171600739982685,-1.3341583291681047,-6.029146043664589,12580U
2025-06-28T23:08:29.896685,-3177.087800547713,7677.344583883433,-2944.1936392292937,2.284666772469943,-1.6032850244012515,-5.93259920755297,12580U
2025-06-28T23:09:29.896685,-3036.735930122901,7573.131500657284,-3296.920230726216,2.3934712182828535,-1.870322010052366,-5.823109558562434,12580U
2025-06-28T23:10:29.896685,-2889.98918137517,7452.972294274891,-3642.6925126483648,2.4977740151830985,-2.134762474578489,-5.700749595058302,12580U
2025-06-28T23:11:29.896685,-2737.1247020947176,7317.037925015937,-3980.7408976034217,2.5973359024634473,-2.3960920947228983,-5.565610585777689,12580U
2025-06-28T23:12:29.896685,-2578.433978323622,7165.530438253344,-4310.301826177838,2.691918699329105,-2.65378907727293,-5.417803610306262,12580U
2025-06-28T23:13:29.896685,-2414.2227625665932,6998.6834153890295,-4630.6189903928325,2.781285637724029,-2.9073242763926195,-5.257460664138737,12580U
2025-06-28T23:14:29.896685,-2244.810979915352,6816.762415045456,-4940.944626369951,2.8652017533546923,-3.156161395729669,-5.084735824543495,12580U
2025-06-28T23:15:29.896685,-2070.53260840489,6620.065398965308,-5240.540879662648,2.9434343386663477,-3.399757284951286,-4.899806472523076,12580U
2025-06-28T23:16:29.896685,-1891.7355297046404,6408.923136481285,-5528.681246364255,3.0157534614837638,-3.6375623407906357,-4.70287456510616,12580U
2025-06-28T23:17:29.896685,-1708.7813460387601,6183.699580807689,-5804.652092689974,3.0819325529295973,-3.869021023068416,-4.494167951015538,12580U
2025-06-28T23:18:29.896685,-1522.0451590327507,5944.7922097818455,-6067.754255240021,3.1417490680659843,-4.093572496469768,-4.273941721427366,12580U
2025-06-28T23:19:29.896685,-1331.915305999477,5692.632323045468,-6317.3047235827225,3.194985222459537,-4.310651409088969,-4.042479586061869,12580U
2025-06-28T23:20:29.896685,-1138.7930490156882,5427.685287017318,-6552.638406133699,3.2414288075299904,-4.519688818870407,-3.8000952632298106,12580U
2025-06-28T23:21:29.896685,-943.0922120019583,5150.450718370621,-6773.109979550452,3.2808740870972652,-4.720113279052124,-3.547133870700544,12580U
2025-06-28T23:22:29.896685,-745.2387609125853,4861.462596101788,-6978.095821001545,3.313122776975833,-4.911352093523771,-3.2839733023644935,12580U
2025-06-28T23:23:29.896685,-545.6703220757107,4561.289291675751,-7166.996021696112,3.3379851087632995,-5.092832752608209,-3.0110255736516587,12580U
2025-06-28T23:24:29.896685,-344.8356337037763,4250.53350616631,-7339.236478972975,3.3552809781200033,-5.263984559131551,-2.728738116552877,12580U
2025-06-28T23:25:29.896685,-143.19392562703217,3929.8321027888674,-7494.271063043394,3.3648411768241924,-5.424240453722148,-2.437595002896583,12580U
2025-06-28T23:26:29.896685,58.785777594890966,3599.855822778048,-7631.58385314891,3.3665087067001354,-5.57303904702848,-2.1381180723063475,12580U
2025-06-28T23:27:29.896685,260.62543485949084,3261.30887219062,-7750.691436447065,3.360140172147546,-5.709826864941372,-1.8308679390286648,12580U
2025-06-28T23:28:29.896685,461.8388524223048,2914.928366959976,-7851.145261362068,3.3456072464412494,-5.834060810895868,-1.516444849651457,12580U
2025-06-28T23:29:29.896685,661.9326375805899,2561.483623392792,-7932.534035450418,3.32279820522017,-5.945210846889534,-1.1954893616774407,12580U
2025-06-28T23:30:29.896685,860.4072457518423,2201.775281322271,-7994.4861560346535,3.291619518647123,-6.042762891948462,-0.8686828110633681,12580U
2025-06-28T23:31:29.896685,1056.7581239902645,1836.6342473321338,-8036.672159968646,3.2519974916068106,-6.126221933383184,-0.5367475352655396,12580U
2025-06-28T23:32:29.896685,1250.4769532917198,1466.9204458708632,-8058.807176931702,3.2038799390367614,-6.195115342291358,-0.2004468171442582,12580U
2025-06-28T23:33:29.896685,1441.052991212809,1093.521366714781,-8060.65336862926,3.147237881083394,-6.248996380385055,0.13941548561683792,12580U
2025-06-28T23:34:29.896685,1627.974515367,717.3503981368636,-8042.02233423511,3.0820672402800375,-6.2874478803679725,0.48199566101304503,12580U
2025-06-28T23:35:29.896685,1810.7303672537198,339.34493632500994,-8002.777460378703,3.00839052040765,-6.310086076801613,0.8264112479448571,12580U
2025-06-28T23:36:29.896685,1988.811594627086,-39.535736913762456,-7942.836192004235,2.9262584441812947,-6.316564558743949,1.1717425594960669,12580U
2025-06-28T23:37:29.896685,2161.7131892164716,-418.3128142991795,-7862.172198554721,2.835751524483372,-6.306578309507972,1.5170346551535314,12580U
2025-06-28T23:38:29.896685,2328.9359150817804,-795.9905650398063,-7760.817408220271,2.7369815416218346,-6.279867792790807,1.8612997893590877,12580U
2025-06-28T23:39:29.896685,2489.98822123152,-1171.5591800546722,-7638.863881496198,2.6300928971266737,-6.236223038313435,2.2035203591346075,12580U
2025-06-28T23:40:29.896685,2644.3882303662936,-1543.997859016898,-7496.46549409311,2.5152638130161713,-6.175487674165123,2.542652367654765,12580U
2025-06-28T23:41:29.896685,2791.665793761885,-1912.2781345649187,-7333.839398394974,2.392707344375843,-6.097562847469616,2.8776294135415057,12580U
2025-06-28T23:42:29.896685,2931.3646003979416,-2275.367425481369,-7151.267232250059,2.262672172614292,-6.002410970011847,3.207367207319152,12580U
2025-06-28T23:43:29.896685,3063.0443265131157,-2632.232806817669,-6949.0960439708615,2.1254431469968065,-5.890059221330549,3.5307686069773525,12580U
2025-06-28T23:44:29.896685,3186.282809861533,-2981.844980876873,-6727.738903089227,1.9813415431170598,-5.7606027387523895,3.8467291540434525,12580U
2025-06-28T23:45:29.896685,3300.6782311169923,-3323.1824287481854,-6487.67516771297,1.8307250089276539,-5.614207422168719,4.15414308016797,12580U
2025-06-28T23:46:29.896685,3405.8512831628054,-3655.2357177640847,-6229.4503813294905,1.6739871718866568,-5.451112281288161,4.4519097421901295,12580U
2025-06-28T23:47:29.896685,3501.447307490465,-3977.0119359617083,-5953.675774616218,1.5115568847099168,-5.27163125484102,4.738940431315454,12580U
2025-06-28T23:48:29.896685,3587.1383756567575,-4287.5392204479485,-5661.02735128676,1.3438970921610944,-5.076154434949794,5.0141654897324495,12580U
2025-06-28T23:49:29.896685,3662.6252927879805,-4585.871342641374,-5352.244541207651,1.1715033072104308,-4.865148635721233,5.276541656154014,12580U
2025-06-28T23:50:29.896685,3727.639499526144,-4871.092309813371,-5028.128408938962,0.9949016916654606,-4.6391572531055365,5.525059550825899,12580U
2025-06-28T23:51:29.896685,3781.944848639321,-5142.320939304817,-4689.539411431606,0.8146467438913281,-4.398799373171286,5.758751200956839,12580U
2025-06-28T23:52:29.896685,3825.339232817216,-5398.715359412509,-4337.394704734432,0.631318604296028,-4.144768098003378,5.9766974997728015,12580U
2025-06-28T23:53:29.896685,3857.6560409587946,-5639.477389247007,-3972.6650062318986,0.4455199976993362,-3.8778280723033194,6.178035486825918,12580U
2025-06-28T23:54:29.896685,3878.7654215958296,-5863.856749202313,-3596.3710257047874,0.25787284011620165,-3.5988122089152523,6.3619653343701605,12580U
2025-06-28T23:55:29.896685,3888.5753339131033,-6071.155053753722,-3209.579485700693,0.06901454583915835,-3.30861762785059,6.527756924521015,12580U
2025-06-28T23:56:29.896685,3887.0323691896156,-6260.729539591176,-2813.3987586008097,-0.12040592157954133,-3.008200840068979,6.674755905097382,12580U
2025-06-28T23:57:29.896685,3874.1223282975384,-6431.996484319142,-2408.9741545625675,-0.3097322038580788,-2.6985722240231795,6.802389118311788,12580U
2025-06-28T23:58:29.896685,3849.870544132285,-6584.434274247053,-1997.4829008256875,-0.49830485155661464,-2.38078985908678,6.91016930589735,12580U
2025-06-28T23:59:29.896685,3814.341941427553,-6717.58608407268,-1580.128858530835,-0.6854657156683525,-2.055952794900422,6.997699006614703,12580U
2025-06-29T00:00:29.896685,3767.6408302436657,-6831.062136438065,-1158.137028044011,-0.8705623631877905,-1.7251938488475833,7.064673577039234,12580U
2025-06-29T00:01:29.896685,3709.910433407107,-6924.541515296439,-732.7478976336367,-1.0529524512721122,-1.3896720347970706,7.110883283646652,12580U
2025-06-29T00:02:29.896685,3641.3321522118586,-6997.773513616044,-305.2116930849114,-1.2320079950242544,-1.0505647345120277,7.136214432939147,12580U
2025-06-29T00:03:29.896685,3562.124578657699,-7050.5785029805265,123.21741262555915,-1.40711946609117,-0.709059728422196,7.140649526057216,12580U
2025-06-29T00:04:29.896685,3472.5422662834517,-7082.848319933921,551.287070189398,-1.5776996631207814,-0.36634720459548764,7.12426644433247,12580U
2025-06-29T00:05:29.896685,3372.8742751504847,-7094.546171251458,977.7524469243872,-1.7431873005100913,-0.0236118636812846,7.08723669186996,12580U
2025-06-29T00:06:29.896685,3263.4425096485556,-7085.706067492844,1401.381785572858,-1.9030502685992607,0.3179747665846079,7.029822739846052,12580U
2025-06-29T00:07:29.896685,3144.5998704567223,-7056.43180101599,1820.9617759796915,-2.056788526263746,0.6572617008078678,6.952374534169233,12580U
2025-06-29T00:08:29.896685,3016.7282441119746,-7006.89549091093,2235.3026910611793,-2.20393659546309,0.9931254525150727,6.855325242942925,12580U
2025-06-29T00:09:29.896685,2880.2363552662305,-6937.335722926766,2643.243243457013,-2.3440656362921017,1.3244764927942887,6.739186332442681,12580U
2025-06-29T00:10:29.896685,2735.5575076415967,-6848.055317241349,3043.6551253443545,-2.476785090375295,1.6502651396197376,6.60454206966791,12580U
2025-06-29T00:11:29.896685,2583.147240182498,-6739.418760831066,3435.4471999699235,-2.6017438894003213,1.969486820942412,6.452043555957656,12580U
2025-06-29T00:12:29.896685,2423.480924741604,-6611.849344139762,3817.5693201707563,-2.7186312342296586,2.2811866699720467,6.282402399503924,12580U
2025-06-29T00:13:29.896685,2257.051331001482,-6465.826043727175,4189.015755808397,-2.827176957929483,2.584463426367362,6.096384135032826,12580U
2025-06-29T00:14:29.896685,2084.366183229561,-6301.8801936114405,4548.8282186386705,-2.927151493080066,2.8784726319502596,5.89480149663126,12580U
2025-06-29T00:15:29.896685,1905.9457319607673,-6120.591988151017,4896.09847948977,-3.0183654697249716,3.1624291236123074,5.678507644967685,12580U
2025-06-29T00:16:29.896685,1722.3203618738985,-5922.5868586130755,5229.970578578553,-3.100668975179368,3.435608838923078,5.448389443350733,12580U
2025-06-29T00:17:29.896685,1534.0282550500742,-5708.5317641413085,5549.642635244707,-3.1739505106089276,3.6973499613015073,5.205360868591227,12580U
2025-06-29T00:18:29.896685,1341.6131265445244,-5479.13143576689,5854.36826824814,-3.2381356818173552,3.947053441287547,4.950356632897143,12580U
2025-06-29T00:19:29.896685,1145.622046846508,-5235.124609522627,6143.457641983657,-3.293185663086612,4.1841829383299,4.684326082465564,12580U
2025-06-29T00:20:29.896685,946.6033634048928,-4977.280281730624,6416.278157503254,-3.3390954732855525,4.408264233566817,4.4082274274311715,12580U
2025-06-29T00:21:29.896685,745.104731028604,-4706.394016262472,6672.254810075681,-3.3758921029053215,4.618884168344113,4.1230223467663665,12580U
2025-06-29T00:22:29.896685,541.671258671915,-4423.284330113346,6910.870237188346,-3.403632529324742,4.815689165797086,3.829671000909338,12580U
2025-06-29T00:23:29.896685,336.8437779402593,-4128.789180102216,7131.664482419939,-3.422401655590463,4.9983833938452715,3.5291274746106813,12580U
2025-06-29T00:24:29.896685,131.15723662514668,-3823.7625699843998,7334.234501545707,-3.432310205458864,5.166726627597847,3.222335662935102,12580U
2025-06-29T00:25:29.896685,-74.86078127262294,-3509.071293821696,7518.233437628488,-3.4334926045266014,5.320531867630283,2.910225604698584,12580U
2025-06-29T00:26:29.896685,-280.69140922760715,-3185.591828163483,7683.369691759544,-3.4261048741038276,5.459662768074428,2.5937102599700395,12580U
2025-06-29T00:27:29.896685,-485.8257272356306,-2854.2073824898034,7829.405815617106,-3.410322561178892,5.584030925173461,2.273682721668043,12580U
2025-06-29T00:28:29.896685,-689.7658691249985,-2515.8051145028053,7956.157251164617,-3.3863387244875405,5.693593073081353,1.9510138457645725,12580U
2025-06-29T00:29:29.896685,-892.0260120934411,-2171.2735142352713,8063.490941690325,-3.354361993422589,5.7883482294241615,1.6265502801318006,12580U
2025-06-29T00:30:29.896685,-1092.1332532887272,-1821.4999586095519,8151.32383704599,-3.314614713374275,5.868334828643993,1.301112868605257,12580U
2025-06-29T00:31:29.896685,-1289.6283789385943,-1467.3684360036493,8219.621314444907,-3.267331188130731,5.933627876571402,0.9754954042879641,12580U
2025-06-29T00:32:29.896685,-1484.0665320473124,-1109.7574385941962,8268.395534566182,-3.2127560272354723,5.984336155128819,0.6504637044298741,12580U
2025-06-29T00:33:29.896685,-1675.0177850462092,-749.5380187083829,8297.703751040703,-3.151142603719785,6.020599501666218,0.32675497825862876,12580U
2025-06-29T00:34:29.896685,-1862.067624015097,-387.57200414174883,8307.646589694648,-3.08275162541865,6.04258618324164,0.00507745883562249,12580U
2025-06-29T00:35:29.896685,-2044.8173512088981,-24.71036634882835,8298.366312237418,-3.0078498211429876,6.050490382246477,-0.31388972975432594,12580U
2025-06-29T00:36:29.896685,-2222.8844126351546,338.2082654119602,8270.04507742552,-2.9267087413168302,6.044529806175461,-0.6294964978814308,12580U
2025-06-29T00:37:29.896685,-2395.902657358672,700.3589515364744,8222.90321113655,-2.839603671282912,6.024943431080541,-0.9411215354807945,12580U
2025-06-29T00:38:29.896685,-2563.5225350644805,1060.9316591487463,8157.197495262,-2.7468126543217615,5.991989385336016,-1.2481719024383808,12580U
2025-06-29T00:39:29.896685,-2725.4112382125873,1419.132357114189,8073.219483887011,-2.6486156204956397,5.945942977779331,-1.550082488390575,12580U
2025-06-29T00:40:29.896685,-2881.252794868956,1774.183997480384,7971.293853878143,-2.545293616703066,5.887094872069553,-1.8463153644259713,12580U
2025-06-29T00:41:29.896685,-3030.74811801967,2125.327391896205,7851.776795748999,-2.4371281327847907,5.815749407206563,-2.1363590474660024,12580U
2025-06-29T00:42:29.896685,-3173.615016867255,2471.821991513452,7715.05444952297,-2.3244005181412506,5.732223062559367,-2.4197276963525436,12580U
2025-06-29T00:43:29.896685,-3309.5881752873906,2812.9465787571753,7561.541389258927,-2.207391483077055,5.636843064435741,-2.695960256942788,12580U
2025-06-29T00:44:29.896685,-3438.4191022896516,3147.9998791567155,7391.67915895086,-2.0863806789653263,5.529946130164128,-2.9646195718200823,12580U
2025-06-29T00:45:29.896685,-3559.876058991059,3476.3011011921317,7205.934861647637,-1.9616463512969946,5.411877344822266,-3.2252914686142935,12580U
2025-06-29T00:46:29.896685,-3673.7439662736574,3797.19041182368,7004.799802865177,-1.8334650597355144,5.282989165112073,-3.477583839389763,12580U
2025-06-29T00:47:29.896685,-3779.8242969661815,4110.029355057484,6788.788188670523,-1.7021114594161115,5.143640544418205,-3.72112572212643,12580U
2025-06-29T00:48:29.896685,-3877.934956065312,4414.201220562192,6558.435878202632,-1.5678581378965153,4.994196172775163,-3.9555663939928696,12580U
2025-06-29T00:49:29.896685,-3967.910152198003,4709.111368999773,6314.299189848617,-1.4309755023699484,4.8350258252796445,-4.180574484896983,12580U
2025-06-29T00:50:29.896685,-4049.6002632222144,4994.187520367985,6056.953759816908,-1.2917317119821934,4.666503812403343,-4.395837118695552,12580U
2025-06-29T00:51:29.896685,-4122.871698573495,5268.880011288969,5786.993451424603,-1.1503926503383255,4.489008525661224,-4.601059088456459,12580U
2025-06-29T00:52:29.896685,-4187.606760686258,5532.662026808964,5505.02931305025,-1.00722193353875,4.302922072160528,-4.7959620712825535,12580U
2025-06-29T00:53:29.896685,-4243.703507555569,5785.029811918279,5211.688582373113,-0.8624809493333648,4.108629991670114,-4.980283887433186,12580U
2025-06-29T00:54:29.896685,-4291.075618246825,6025.502867610383,4907.61373427786,-0.716428923249719,3.9065210500322216,-5.15377780777417,12580U
2025-06-29T00:55:29.896685,-4329.652262942605,6253.6241360468775,4593.46156944207,-0.5693230077320579,3.6969871028431744,-5.316211913068351,12580U
2025-06-29T00:56:29.896685,-4359.3779788516795,6468.960178878409,4269.902340618569,-0.4214183906549024,3.4804230236634854,-5.467368507985427,12580U
2025-06-29T00:57:29.896685,-4380.212553131497,6671.101352630952,3937.6189132124628,-0.272968419672243,3.257226691069334,-5.6070435924199815,12580U
2025-06-29T00:58:29.896685,-4392.130913741669,6859.661984615338,3597.3059567382793,-0.12422473912675563,3.0277990291543992,-5.735046392253,12580U
2025-06-29T00:59:29.896685,-4395.1230289614,7034.280552549743,3249.6691635468346,0.024562563612715808,2.7925440962452153,-5.851198951427535,12580U
2025-06-29T01:00:29.896685,-4389.193816113897,7194.619870773146,2895.4244910887787,0.1731448053663214,2.5518692167696493,-5.955335786960939,12580U
2025-06-29T01:01:29.896685,-4374.363059860562,7340.367285624467,2535.297423874959,0.32127455076227535,2.3061851513755975,-6.047303608316237,12580U
2025-06-29T01:02:29.896685,-4350.665340252662,7471.234882271066,2170.022251187629,0.46870545500884614,2.055906300523163,-6.126961102399727,12580U
2025-06-29T01:03:29.896685,-4318.149970558126,7586.959704979744,1800.341356507882,0.6151921084848179,1.8014509368767893,-6.194178785326405,12580U
2025-06-29T01:04:29.896685,-4276.880944714581,7687.303992537057,1427.0045145395127,0.760489885754573,1.5432414618936785,-6.248838921997398,12580U
2025-06-29T01:05:29.896685,-4226.936894095117,7772.055430240242,1050.7681916357324,0.9043548015748623,1.2817046820441067,-6.290835514454793,12580U
2025-06-29T01:06:29.896685,-4168.411053109685,7841.027419594682,672.3948453600776,1.0465433764450927,1.0172721000985605,-6.320074359915148,12580U
2025-06-29T01:07:29.896685,-4101.411233002315,7894.059366563761,292.6522188541747,1.1868125142542483,0.7503802168861016,-6.3364731793235425,12580U
2025-06-29T01:08:29.896685,-4026.05980303914,7931.016988924097,-87.68737437852012,1.3249193946024003,0.4814708388526292,-6.339961817213018,12580U
2025-06-29T01:09:29.896685,-3942.493678116026,7951.792642978063,-467.8477797147193,1.4606213824155154,0.21099138663724407,-6.330482513589176,12580U
2025-06-29T01:10:29.896685,-3850.864311645282,7956.305669565513,-847.0497491649619,1.5936759575301602,-0.060604800265383243,-6.30799024848266,12580U
2025-06-29T01:11:29.896685,-3751.3376924070167,7944.502758995819,-1224.5117121671751,1.723840667000397,-0.33285816788331535,-6.272453159714694,12580U
2025-06-29T01:12:29.896685,-3644.0943438704867,7916.358334185628,-1599.4505739805388,1.8508731029680041,-0.6053026665474663,-6.223853034295153,12580U
2025-06-29T01:13:29.896685,-3529.329324325294,7871.874950942689,-1971.0825462015296,1.9745309090179366,-0.8774654896648465,-6.162185873722047,12580U
2025-06-29T01:14:29.896685,-3407.2522259272296,7811.083713956916,-2338.6240140852697,2.0945718181028368,-1.1488668385004688,-6.0874625332294,12580U
2025-06-29T01:15:29.896685,-3278.087170638598,7734.04470668888,-2701.2924450995215,2.2107537251529523,-1.4190197191530223,-5.999709434809604,12580U
2025-06-29T01:16:29.896685,-3142.072800780394,7640.8474329244955,-3058.3073433257996,2.3228347976802994,-1.6874297784490238,-5.898969353499781,12580U
2025-06-29T01:17:29.896685,-2999.4622617420864,7531.6112673410325,-3408.8912541414416,2.4305736277605354,-1.9535951858008707,-5.785302276059153,12580U
2025-06-29T01:18:29.896685,-2850.5231741737052,7406.485911973479,-3752.2708235684245,2.5337294288994587,-2.2170065685371108,-5.658786330706429,12580U
2025-06-29T01:19:29.896685,-2695.537592769796,7265.651854990459,-4087.677916552363,2.6320622813898646,-2.4771470086668694,-5.51951878604715,12580U
2025-06-29T01:20:29.896685,-2534.8019485375303,7109.320827686379,-4414.3507982746205,2.725333429846178,-2.7334921095063995,-5.367617116687692,12580U
2025-06-29T01:21:29.896685,-2368.6269712186286,6937.736255065389,-4731.535382404134,2.8133056366653144,-2.985510141072313,-5.2032201322925795,12580U
2025-06-29T01:22:29.896685,-2197.337588315014,6751.173694840474,-5038.4865499414955,2.895743595189119,-3.232662273610276,-5.026489165990911,12580U
2025-06-29T01:23:29.896685,-2021.2727969470384,6549.941259092174,-5334.4695420055,2.9724144063332263,-3.4744029090790476,-4.8376093170611805,12580U
2025-06-29T01:24:29.896685,-1840.7855045610218,6334.380012235333,-5618.7614295383755,3.04308812238465,-3.7101801208201186,-4.63679074172143,12580U
2025-06-29T01:25:29.896685,-1656.2423342944435,6104.864338323864,-5890.652662470196,3.107538361549968,-3.9394362120083795,-4.424269984608249,12580U
2025-06-29T01:26:29.896685,-1468.0233906145086,5861.802270095508,-6149.448700362329,3.165542996641462,-4.161608403766296,-4.200311342147575,12580U
2025-06-29T01:27:29.896685,-1276.5219806668306,5605.635771517252,-6394.471725950419,3.21688492101168,-4.376129664020257,-3.965208247491706,12580U
2025-06-29T01:28:29.896685,-1082.1442866158081,5336.840964952554,-6625.062442310446,3.261352894470372,-4.582429688247997,-3.719284665028529,12580U
2025-06-29T01:29:29.896685,-885.3089841305588,5055.928293436761,-6840.581953577066,3.298742471430356,-4.779936043185881,-3.4628964806607185,12580U
2025-06-29T01:30:29.896685,-686.4468020744188,4763.442607924899,-7040.413728244984,3.328857012915643,-4.968075484303012,-3.1964328721116573,12580U
2025-06-29T01:31:29.896685,-486.00001840601124,4459.963168786933,-7223.965643068001,3.351508783310276,-5.146275457363139,-2.9203176414642047,12580U
2025-06-29T01:32:29.896685,-284.4218872959125,4146.103550271371,-7390.672104441841,3.3665201318183926,-5.313965793657312,-2.6350104899892095,12580U
2025-06-29T01:33:29.896685,-82.17599251910303,3822.511436162472,-7539.996242904946,3.373724757530252,-5.470580607454108,-2.34100821310904,12580U
2025-06-29T01:34:29.896685,120.26447769410306,3489.8682944311468,-7671.432175017679,3.3729690557353638,-5.615560402844161,-2.038845791100828,12580U
2025-06-29T01:35:29.896685,322.41753896221593,3148.8889183528413,-7784.507325381366,3.364113541683799,-5.748354395407924,-1.7290973489293986,12580U
2025-06-29T01:36:29.896685,523.7933065410069,2800.3208213415433,-7878.78479994546,3.347034346365467,-5.8684230519814315,-1.4123769564533797,12580U
2025-06-29T01:37:29.896685,723.8949825335985,2444.943472676544,-7953.865800017808,3.321624777055186,-5.975240849188493,-1.089339238262369,12580U
2025-06-29T01:38:29.896685,922.2199379695766,2083.567361372309,-8009.3920645637145,3.2877969333634582,-6.068299248336315,-0.7606797606305843,12580U
2025-06-29T01:39:29.896685,1118.2608925837224,1717.032875717247,-8045.0483264559725,3.245483367354142,-6.147109880703654,-0.4271351616314558,12580U
2025-06-29T01:40:29.896685,1311.5071943874368,1346.2089864881434,-8060.564766350024,3.1946387739601954,-6.211207933189986,-0.08948298942812577,12580U
2025-06-29T01:41:29.896685,1501.446200248293,971.9917225796202,-8055.7194458246,3.135241695481645,-6.260155719741906,0.251458786735486,12580U
2025-06-29T01:42:29.896685,1687.564757681883,595.3024287773272,-8030.340699384311,3.067296221424753,-6.293546418962208,0.5948326281726147,12580U
2025-06-29T01:43:29.896685,1869.3507868947052,217.08579670637573,-7984.309462901903,2.990833662396988,-6.3110079528785406,0.9397426754197828,12580U
2025-06-29T01:44:29.896685,2046.294960817203,-161.6923384130039,-7917.56151413088,2.9059141742702215,-6.312206976083114,1.2852564265315993,12580U
2025-06-29T01:45:29.896685,2217.892479416986,-540.0474406188337,-7830.0895990947865,2.812628306447574,-6.2968529384455545,1.6304068747934228,12580U
2025-06-29T01:46:29.896685,2383.6449330027685,-916.9789587912481,-7721.945416516145,2.711098445905958,-6.2647021784813735,1.9741951317375275,12580U
2025-06-29T01:47:29.896685,2543.0622475311593,-1291.4732554429659,-7593.241431048549,2.601480126835883,-6.215561998384301,2.315593556271783,12580U
2025-06-29T01:48:29.896685,2695.664703122487,-1662.506776183997,-7444.152484991812,2.4839631742757335,-6.149294665891943,2.6535494044148793,12580U
2025-06-29T01:49:29.896685,2840.985015116903,-2029.0494539996228,-7274.917177468895,2.3587726492444654,-6.065821282762329,2.98698900659055,12580U
2025-06-29T01:50:29.896685,2978.5704650755424,-2390.0683388276047,-7085.838979803871,2.2261695626371534,-5.9651254549327195,3.3148224706672984,12580U
2025-06-29T01:51:29.896685,3107.985067202772,-2744.5314390075273,-6877.287056130585,2.0864513256620145,-5.8472566956619065,3.635948899042875,12580U
2025-06-29T01:52:29.896685,3228.8117537769444,-3091.4117570509625,-6649.696759147789,1.9399519059668338,-5.712333490379359,3.9492620971989174,12580U
2025-06-29T01:53:29.896685,3340.654561376067,-3429.6914979093544,-6403.569772484569,1.787041660907045,-5.560545950836393,4.253656739484595,12580U
2025-06-29T01:54:29.896685,3443.140798036087,-3758.3664236043974,-6139.473873385989,1.6281268226959902,-5.392157986704181,4.548034945712451,12580U
2025-06-29T01:55:29.896685,3535.9231700345736,-4076.4503238127177,-5858.042292416573,1.4636486144814869,-5.20750892520013,4.831313209770765,12580U
2025-06-29T01:56:29.896685,3618.6818458199614,-4382.979567897971,-5559.972650610506,1.2940819816879723,-5.007014513796863,5.102429609271381,12580U
2025-06-29T01:57:29.896685,3691.1264337646426,-4677.01770007579,-5246.025458961679,1.1199339291966586,-4.791167247668902,5.360351213677895,12580U
2025-06-29T01:58:29.896685,3752.997849964612,-4957.660036004694,-4917.022170315962,0.9417414620069378,-4.560535972283289,5.604081597840705,12580U
2025-06-29T01:59:29.896685,3804.07005230173,-5224.038216300185,-4573.842779479045,0.7600691347502175,-4.315764722330524,5.832668358906663,12580U
2025-06-29T02:00:29.896685,3844.151617431508,-5475.3246702269125,-4217.422973793334,0.5755062237263873,-4.057570770998017,6.045210527472413,12580U
2025-06-29T02:01:29.896685,3873.087138377167,-5710.736941669967,-3848.750842938021,0.388663543495444,-3.7867418777900466,6.240865759382354,12580U
2025-06-29T02:02:29.896685,3890.758421869208,-5929.541828842029,-3468.8631639320665,0.2001699386537843,-3.504132738913504,6.418857192495903,12580U
2025-06-29T02:03:29.896685,3897.085466625201,-6131.059289877076,-3078.8412841985487,0.010668489480277217,-3.2106606606023727,6.578479853974745,12580U
2025-06-29T02:04:29.896685,3892.0272062738827,-6314.666067978828,-2679.8066325546442,-0.179187522287322,-2.907300492601473,6.719106507836387,12580U
2025-06-29T02:05:29.896685,3875.582003607531,-6479.798992427209,-2272.9158945956974,-0.3687388346622625,-2.5950788755807888,6.84019283995527,12580U
2025-06-29T02:06:29.896685,3847.7878862184402,-6625.957915386115,-1859.3558950495471,-0.5573245552644742,-2.2750678719989086,6.941281888185851,12580U
2025-06-29T02:07:29.896685,3808.7225172620147,-6752.708249061978,-1440.3382350643192,-0.7442865774410646,-1.9483780642799953,7.022007638609708,12580U
2025-06-29T02:08:29.896685,3758.502898997388,-6859.683073226646,-1017.0937369018902,-0.928973997820865,-1.6161512165890328,7.082097724691221,12580U
2025-06-29T02:09:29.896685,3697.284810781291,-6946.584789313249,-590.8667519785488,-1.1107474697397857,-1.279552606503941,7.121375183881762,12580U
2025-06-29T02:10:29.896685,3625.261987220105,-7013.186304054859,-162.9093905131724,-1.288983428006427,-0.9397631401149001,7.139759245355922,12580U
2025-06-29T02:11:29.896685,3542.6650461050485,-7059.331732776776,265.5242678652587,-1.4630781232514904,-0.5979713682643657,7.137265142448629,12580U
2025-06-29T02:12:29.896685,3449.7601794582333,-7084.936619772822,693.1839233554147,-1.6324514085176947,-0.25536552264736295,7.114002963308178,12580U
2025-06-29T02:13:29.896685,3346.8476243955706,-7089.987680492122,1118.8287072878736,-1.7965502266437545,0.08687431170248171,7.070175572610568,12580U
2025-06-29T02:14:29.896685,3234.259933484235,-7074.542077325487,1541.232680297334,-1.9548517541347228,0.4275837762484002,7.006075655250878,12580U
2025-06-29T02:15:29.896685,3112.360066762021,-7038.726247427752,1959.1901258345804,-2.1068661653309655,0.7656214678513444,6.922081949167866,12580U
2025-06-29T02:16:29.896685,2981.5393295113327,-6982.734307058217,2371.5205921967327,-2.2521389895132247,1.09987572402457,6.818654748364262,12580U
2025-06-29T02:17:29.896685,2842.215181328899,-6906.826062263621,2777.0736414379485,-2.390253042649701,1.4292708841139539,6.696330768477374,12580U
2025-06-29T02:18:29.896685,2694.828942733094,-6811.324660180113,3174.7332698875953,-2.5208299248082606,1.7527729602107602,6.55571747551698,12580U
2025-06-29T02:19:29.896685,2539.843425870663,-6696.613918814879,3563.4219711147634,-2.6435310830681504,2.069394666249211,6.3974869837514445,12580U
2025-06-29T02:20:29.896685,2377.740515522242,-6563.135375759351,3942.1044189969484,-2.7580584482241735,2.3781997691926837,6.2223696309919125,12580U
2025-06-29T02:21:29.896685,2209.0187258106325,-6411.385097931396,4309.79075516632,-2.864154661186867,2.6783067413702373,6.031147338968405,12580U
2025-06-29T02:22:29.896685,2034.190756760303,-6241.9102951503755,4665.539471641027,-2.9616029116720894,2.968891707658924,5.824646863292982,12580U
2025-06-29T02:23:29.896685,1853.7810732341145,-6055.3057801812965,5008.459885662822,-3.0502264173834304,3.249190694842743,5.6037330320011565,12580U
2025-06-29T02:24:29.896685,1668.3235268443239,-5852.210316914525,5337.714209556068,-3.129887576354424,3.5185012028101066,5.369302064216629,12580U
2025-06-29T02:25:29.896685,1478.3590392867181,-5633.30289668145,5652.51922366574,-3.200486828401349,3.7761831280089218,5.122275051519786,12580U
2025-06-29T02:26:29.896685,1284.4333632444207,-5399.298980445834,5952.147565069327,-3.26196126376886,4.0216590786157,4.863591674528833,12580U
2025-06-29T02:27:29.896685,1087.0949346281682,-5150.946741875564,6235.928648727201,-3.3142830180865097,4.254414128100427,4.5942042164460934,12580U
2025-06-29T02:28:29.896685,886.8928275232983,-4889.023343201401,6503.2492410242585,-3.3574574927896013,4.47399505928218,4.315071924264499,12580U
2025-06-29T02:29:29.896685,684.3748208630469,-4614.331272427465,6753.553708254265,-3.3915214393070428,4.6800091546229075,4.027155757328847,12580U
2025-06-29T02:30:29.896685,480.0855835847664,-4327.694766968806,6986.343964538434,-3.4165409437168424,4.872122590519083,3.731413552297259,12580U
2025-06-29T02:31:29.896685,274.5649828969692,-4029.9563452595626,7201.17914497804,-3.4326093463536935,5.050058493867785,3.42879562350944,12580U
2025-06-29T02:32:29.896685,68.34651831682814,-3721.973464378207,7397.675030574318,-3.4398451281659326,5.213594718392395,3.120240808527569,12580U
2025-06-29T02:33:29.896685,-138.04411764869246,-3404.615318345126,7575.5032516644205,-3.4383897925960722,5.3625613963121195,2.806672960312245,12580U
2025-06-29T02:34:29.896685,-344.09035289333156,-3078.7597885233754,7734.39029638195,-3.4284057685259985,5.496838318131106,2.4889978802208943,12580U
2025-06-29T02:35:29.896685,-549.2859252753949,-2745.290554536332,7874.116350023252,-3.4100743564999676,5.616352189812545,2.168100679807014,12580U
2025-06-29T02:36:29.896685,-753.1359516414824,-2405.094371339265,7994.5139902529945,-3.3835937371126725,5.721073812582412,1.8448435542567727,12580U
2025-06-29T02:37:29.896685,-955.1578805826515,-2059.0585155682566,8095.466761876327,-3.3491770572097996,5.811015226252673,1.5200639461951857,12580U
2025-06-29T02:38:29.896685,-1154.8823339964538,-1708.068402044828,8176.907653503997,-3.3070506064598013,5.886226852425033,1.194573075462806,12580U
2025-06-29T02:39:29.896685,-1351.853843151128,-1353.0053693482944,8238.81749689262,-3.2574520939694436,5.946794669366686,0.869154808235711,12580U
2025-06-29T02:40:29.896685,-1545.6314854132956,-994.7446316666084,8281.22330810713,-3.2006290319668937,5.9928374458567735,0.5445648374370804,12580U
2025-06-29T02:41:29.896685,-1735.7894281169335,-634.1533927014459,8304.196587967257,-3.136837231189215,6.024504056974662,0.22153014568011098,12580U
2025-06-29T02:42:29.896685,-1921.9173862460225,-272.08911620176366,8307.851597544031,-3.066339410494143,6.041970900713529,-0.09925127812812505,12580U
2025-06-29T02:43:29.896685,-2103.6210006771726,90.60205325744397,8292.343622792754,-2.9894039213755073,6.045439430502006,-0.41711049697806174,12580U
2025-06-29T02:44:29.896685,-2280.522143715279,453.08672639934326,8257.867240774996,-2.9063035864865983,6.035133815241522,-0.7314074863865181,12580U
2025-06-29T02:45:29.896685,-2452.2591585576147,814.545569990945,8204.654598348929,-2.817314649956532,6.011298735333654,-1.0415308239596306,12580U
2025-06-29T02:46:29.896685,-2618.487039154069,1174.1744803234517,8132.973712713822,-2.722715836207467,5.974197320388103,-1.3468972329891695,12580U
2025-06-29T02:47:29.896685,-2778.8775567214125,1531.1856378116065,8043.126801785886,-2.6227875131169447,5.924109231864236,-1.6469510036317039,12580U
2025-06-29T02:48:29.896685,-2933.119338902852,1884.808451208854,7935.448651072232,-2.5178109547115612,5.8613288917964175,-1.941163313533013,12580U
2025-06-29T02:49:29.896685,-3080.9179072812553,2234.29039997041,7810.305022493323,-2.4080676980885745,5.786163856965879,-2.2290314680436785,12580U
2025-06-29T02:50:29.896685,-3221.9956786365874,2578.8977832128107,7668.091109491458,-2.2938389889328366,5.69893333639135,-2.5100780784200807,12580U
2025-06-29T02:51:29.896685,-3356.0919350166046,2917.9163835831423,7509.230041742741,-2.175405309792711,5.599966848787123,-2.783850194697902,12580U
2025-06-29T02:52:29.896685,-3482.9627673510568,3250.6520541332666,7334.17144187069,-2.053045985192201,5.489603015660612,-3.0499184082538067,12580U
2025-06-29T02:53:29.896685,-3602.3809970057932,3576.4312360437443,7143.390035726846,-1.9270388576578124,5.368188484958452,-3.3078759374882667,12580U
2025-06-29T02:54:29.896685,-3714.1360793365266,3894.6014147438846,6937.384317060067,-1.797660028817006,5.236076979599858,-3.5573377085629985,12580U
2025-06-29T02:55:29.896685,-3818.033992973578,4204.53152165244,6716.675266731936,-1.6651836598617327,5.09362846482848,-3.7979394417331376,12580U
2025-06-29T02:56:29.896685,-3913.897118247252,4505.6122884195565,6481.805126046951,-1.5298818258517068,4.941208428048244,-4.029336752528177,12580U
2025-06-29T02:57:29.896685,-4001.5641078535014,4797.256560196442,6233.3362232439495,-1.392024418545327,4.779187264658704,-4.2512042758641035,12580U
2025-06-29T02:58:29.896685,-4080.8897525594616,5078.89957409262,5971.849851739268,-1.2518790926829395,4.607939763355211,-4.463234820105852,12580U
2025-06-29T02:59:29.896685,-4151.744844463009,5349.999208617724,5697.94519830818,-1.1097112508941216,4.427844684384033,-4.665138557150947,12580U
2025-06-29T03:00:29.896685,-4214.016040046789,5610.036209539334,5412.238319039755,-0.9657840626540241,4.239284424330215,-4.856642253760699,12580U
2025-06-29T03:01:29.896685,-4267.605725007639,5858.5143972300675,5115.361160590551,-0.8203585129640143,4.0426447611472405,-5.0374885486242285,12580U
2025-06-29T03:02:29.896685,-4312.431882590884,6094.96086020327,4807.960624019808,-0.6736934766885141,3.838314673320141,-5.207435278978995,12580U
2025-06-29T03:03:29.896685,-4348.427966938763,6318.9261392589415,4490.697668170431,-0.5260458146723871,3.626686227184151,-5.366254860102338,12580U
2025-06-29T03:04:29.896685,-4375.542782712112,6529.984406194773,4164.2464495148915,-0.37767048805913683,3.408154526724072,-5.513733720417453,12580U
2025-06-29T03:05:29.896685,-4393.740372063423,6727.733640854689,3829.2934950299496,-0.22882068734567296,3.1831177202618997,-5.649671794659397,12580U
2025-06-29T03:06:29.896685,-4402.999909815845,6911.79580986612,3486.5369046300457,-0.07974797295194022,2.951977058716083,-5.773882077135819,12580U
2025-06-29T03:07:29.896685,-4403.315607518269,7081.817050147691,3136.6855795014344,0.06929757577860697,2.715137000265728,-5.886190236869022,12580U
2025-06-29T03:08:29.896685,-4394.6966268593105,7237.46785995478,2780.4584725716823,0.21806720608411084,2.473005356428817,-5.986434296171366,12580U
2025-06-29T03:09:29.896685,-4377.167002744988,7378.443299937045,2418.5838572342577,0.3663133346152364,2.22599347470412,-6.074464374026475,12580U
2025-06-29T03:10:29.896685,-4350.765576170755,7504.46320638937,2051.7986103511535,0.5137893903152743,1.9745164530462016,-6.150142495502811,12580U
2025-06-29T03:11:29.896685,-4315.545936850122,7615.272418587734,1680.847505473404,0.6602496599962503,1.7189933815372243,-6.213342468310904,12580U
2025-06-29T03:12:29.896685,-4271.576375395226,7710.6410218206365,1306.482512126838,0.8054491392105996,1.4598476066700763,-6.263949827528003,12580U
2025-06-29T03:13:29.896685,-4218.939844681055,7790.364607437085,929.4620969469635,0.9491433909829884,1.1975070136897858,-6.301861849438526,12580U
2025-06-29T03:14:29.896685,-4157.733929860545,7854.2645509485765,550.5505223698702,1.091088414961042,0.9324043224233145,-6.326987635378418,12580U
2025-06-29T03:15:29.896685,-4088.0708263346614,7902.1883089305475,170.51713852916058,1.231040529552172,0.6649773919836456,-6.3392482664132705,12580U
2025-06-29T03:16:29.896685,-4010.0773248145642,7934.0097351745635,-209.86433605553145,1.3687562696466502,0.395669529641997,-6.338577029620886,12580U
2025-06-29T03:17:29.896685,-3923.894802446504,7949.629416237175,-589.8165494543841,1.503992302571714,0.12492979904219721,-6.324919716680174,12580U
2025-06-29T03:18:29.896685,-3829.67921879716,7948.975026219341,-968.5592714776318,1.6365053649900236,-0.1467866772423311,-6.298234995384731,12580U
2025-06-29T03:19:29.896685,-3727.6011153230183,7932.001700283938,-1345.3101735355078,1.7660522235319835,-0.4190184260078865,-6.258494854593022,12580U
2025-06-29T03:20:29.896685,-3617.845616762043,7898.692426077812,-1719.2856377891405,1.892389662051301,-0.6912973480361937,-6.2056851229889665,12580U
2025-06-29T03:21:29.896685,-3500.6124327246607,7849.0584518765845,-2089.701600101705,2.01527449846813,-0.9631484647101033,-6.139806061865341,12580U
2025-06-29T03:22:29.896685,-3376.11585750726,7783.139709877219,-2455.7744315108766,2.134463634348094,-1.2340896927913847,-6.06087303189431,12580U
2025-06-29T03:23:29.896685,-3244.5847660468753,7701.0052526950385,-2816.721862604834,2.249714140374309,-1.5036316536492496,-5.968917233620939,12580U
2025-06-29T03:24:29.896685,-3106.2626036494644,7602.753700683752,-3171.7639554308175,2.3607833810856524,-1.7712775238289844,-5.863986521044583,12580U
2025-06-29T03:25:29.896685,-2961.407366960923,7488.513697269436,-3520.1241273401015,2.4674291823163865,-2.036522934155264,-5.746146287269375,12580U
2025-06-29T03:26:29.896685,-2810.2915734221797,7358.4443690220005,-3861.030231126374,2.5694100448974333,-2.298855925045127,-5.615480420714675,12580U
2025-06-29T03:27:29.896685,-2653.202216235108,7212.735786701066,-4193.7156956720255,2.6664854082715297,-2.55775696615974,-5.472092329806039,12580U
2025-06-29T03:28:29.896685,-2490.440701643151,7051.609422998403,-4517.420731150935,2.758415967752274,-2.812699049000487,-5.316106033394112,12580U
2025-06-29T03:29:29.896685,-2322.322765109125,6875.318602160554,-4831.393602616222,2.844964049206486,-3.063147861526029,-5.1476673133704285,12580U
2025-06-29T03:30:29.896685,-2149.1783627510536,6684.148936113173,-5134.891975531204,2.925894044954646,-3.3085620543289807,-4.9669449250535225,12580U
2025-06-29T03:31:29.896685,-1971.351534177438,6478.418741122901,-5427.184336475005,3.0009729146569866,-3.548393608350159,-4.774131859897065,12580U
2025-06-29T03:32:29.896685,-1789.2002326499173,6258.479428426367,-5707.55149186077,3.0699707548718638,-3.7820883145070328,-4.569446653917459,12580U
2025-06-29T03:33:29.896685,-1603.0961182979247,6024.715861633651,-5975.288147037217,3.132661440827495,-4.00908637595189,-4.353134733945649,12580U
2025-06-29T03:34:29.896685,-1413.424309920667,5777.546673080428,-6229.7045675954005,3.1888233437255926,-4.228823143933085,-4.125469792374156,12580U
2025-06-29T03:35:29.896685,-1220.5830907385155,5517.424530659189,-6470.12832407082,3.2382401265853122,-4.440729998389383,-3.886755179488525,12580U
2025-06-29T03:36:29.896685,-1024.9835633089579,5244.836346021032,-6695.906120498762,3.2807016212205915,-4.644235384427608,-3.6373253007521447,12580U
2025-06-29T03:37:29.896685,-827.0492487046146,4960.303414407706,-6906.405706448551,3.316004788413052,-4.8387660156929595,-3.3775470045553417,12580U
2025-06-29T03:38:29.896685,-627.2156249678402,4664.381475759393,-7101.017871223683,3.3439547626793154,-5.023748255305771,-3.1078209439537976,12580U
2025-06-29T03:39:29.896685,-425.92959982431086,4357.6606861688515,-7279.158517854711,3.3643659822221177,-5.198609684464635,-2.8285828938349433,12580U
2025-06-29T03:40:29.896685,-223.64891264824976,4040.765488209319,-7440.270813343927,3.3770634036869898,-5.362780867981604,-2.540305002766995,12580U
2025-06-29T03:41:29.896685,-20.841460755793634,3714.3543681983265,-7583.8274103186195,3.381883800204942,-5.515697324859598,-2.243496956564123,12580U
2025-06-29T03:42:29.896685,182.0154547510313,3379.1194880609114,-7709.3327338338995,3.37867713987995,-5.656801710526016,-1.9387070283570005,12580U
2025-06-29T03:43:29.896685,384.43596813506224,3035.7861791638065,-7816.325325523116,3.3673080403683198,-5.7855462154472805,-1.6265229877601985,12580U
2025-06-29T03:44:29.896685,585.9265773929659,2685.1122853192087,-7904.380235635396,3.347657293493154,-5.901395182537288,-1.30757283962918,12580U
2025-06-29T03:45:29.896685,785.9871656403399,2327.8873421323374,-7973.11145172992,3.31962345194308,-6.003827943004012,-0.9825253609786422,12580U
2025-06-29T03:46:29.896685,984.1121187765274,1964.9315800081688,-8022.174350930053,3.2831244680278826,-6.092341867032089,-0.6520904029669896,12580U
2025-06-29T03:47:29.896685,1179.791542032678,1597.0947384781698,-8051.268160690117,3.238099372221912,-6.1664556219557225,-0.31701892354505745,12580U
2025-06-29T03:48:29.896685,1372.5125772177282,1225.2546800765292,-8060.138411018054,3.184509976843443,-6.2257126263384075,0.021897284481683217,12580U
2025-06-29T03:49:29.896685,1561.7608215537275,850.3157928100694,-8048.579359055477,3.1223425877297433,-6.26968468365771,0.36382620551049855,12580U
2025-06-29T03:50:29.896685,1747.0218479185885,473.20717137349743,-8016.436364874631,3.0516097042219053,-6.2979757741249545,0.7078965884300021,12580U
2025-06-29T03:51:29.896685,1927.782825105887,94.88056865323638,-7963.608195352414,2.9723516852255605,-6.310225977614001,1.0531993430369089,12580U
2025-06-29T03:52:29.896685,2103.5342353457554,-283.69188919596576,-7890.0492310713935,2.884638356640545,-6.306115494805627,1.398789377312408,12580U
2025-06-29T03:53:29.896685,2273.7716848400087,-661.5202287638963,-7795.771549428907,2.7885705331290507,-6.285368727591203,1.7436879041140707,12580U
2025-06-29T03:54:29.896685,2437.997801430262,-1037.5993987169056,-7680.8468555716745,2.6842814251219806,-6.247758373654958,2.0868852415098136,12580U
2025-06-29T03:55:29.896685,2595.724211777294,-1410.9122819101563,-7545.408231477519,2.5719379002428724,-6.1931094841414085,2.4273441254687964,12580U
2025-06-29T03:56:29.896685,2746.47358859161,-1780.4329466180302,-7389.651672549183,2.4517415670728653,-6.121303427608991,2.7640035468683646,12580U
2025-06-29T03:57:29.896685,2889.7817565511764,-2145.130129770123,-7213.837380541056,2.3239296485021597,-6.032281698295178,3.0957831167851553,12580U
2025-06-29T03:58:29.896685,3025.199843606231,-2503.9709413337646,-7018.290781580027,2.188775611924281,-5.9260495023157915,3.421587954859496,12580U
2025-06-29T03:59:29.896685,3152.2964624446927,-2855.9247749876436,-6803.403238537612,2.0465895243359014,-5.802679052045712,3.7403140852585954,12580U
2025-06-29T04:00:29.896685,3270.659905021779,-3199.967406045479,-6569.632428127672,1.8977181020983431,-5.662312496838142,4.050854313576268,12580U
2025-06-29T04:01:29.896685,3379.9003313001845,-3535.0852532981503,-6317.502354893313,1.7425444277663704,-5.505164417680217,4.3521045461270065,12580U
2025-06-29T04:02:29.896685,3479.6519317551556,-3860.2797771252626,-6047.602976759361,1.5814873100455025,-5.331523814584138,4.6429705007937265,12580U
2025-06-29T04:03:29.896685,3569.5750418408084,-4174.571982010316,-5760.589420076167,1.415000267603136,-5.141755518655252,4.922374746236811,12580U
2025-06-29T04:04:29.896685,3649.358185545614,-4477.006987580357,-5457.180766078444,1.2435701231076899,-4.9363009660001955,5.189263994249468,12580U
2025-06-29T04:05:29.896685,3718.720024450639,-4766.658628621184,-5138.158395400843,1.0677152004242254,-4.715678278000279,5.442616558797499,12580U
2025-06-29T04:06:29.896685,3777.411188395756,-5042.634041308311,-4804.36388269592,0.8879831252436714,-4.480481601972325,5.681449885253754,12580U
2025-06-29T04:07:29.896685,3825.2159640154146,-5304.078190325474,-4456.696439356047,0.7049482373651382,-4.23137967772702,5.904828045032118,12580U
2025-06-29T04:08:29.896685,3861.9538180344207,-5550.178289592397,-4096.109908918668,0.5192086312730848,-3.9691136089354733,6.111869084552247,12580U
2025-06-29T04:09:29.896685,3887.4807334059856,-5780.1680684348985,-3723.6093263925245,0.3313828500842203,-3.6944938329433556,6.301752113900678,12580U
2025-06-29T04:10:29.896685,3901.6903380322647,-5993.331834780842,-3340.2470599569247,0.14210626644565327,-3.4083962987885497,6.473724019570588,12580U
2025-06-29T04:11:29.896685,3904.5148080359895,-6189.008287978826,-2947.1185603898894,-0.0479728081176576,-3.111757879728306,6.627105687967412,12580U
2025-06-29T04:12:29.896685,3895.925530235104,-6366.594035742205,-2545.357750473686,-0.2381972366158348,-2.8055710633836544,6.761297631718372,12580U
2025-06-29T04:13:29.896685,3875.9335116031702,-6525.546772709699,-2136.1320930845613,-0.42790533771711364,-2.4908779789356204,6.875784919366658,12580U
2025-06-29T04:14:29.896685,3844.589526996851,-6665.388082108659,-1720.6373825313249,-0.6164352745434013,-2.1687638360995205,6.970141320575806,12580U
2025-06-29T04:15:29.896685,3801.9840002146525,-6785.705826918967,-1300.092308815293,-0.8031294875868271,-1.8403498643244265,7.044032593215309,12580U
2025-06-29T04:16:29.896685,3748.2466174192414,-6886.156102676186,-875.7328486244062,-0.9873391063412457,-1.5067858522598254,7.097218855248137,12580U
2025-06-29T04:17:29.896685,3683.5456760033435,-6966.464730457924,-448.80653995644485,-1.1684282741220648,-1.169242396595694,7.129556002655183,12580U
2025-06-29T04:18:29.896685,3608.0871759895704,-7026.428275512227,-20.566699146107464,-1.34577832220478,-0.8289029755426192,7.14099615411336,12580U
2025-06-29T04:19:29.896685,3522.113664918213,-7065.914584206074,407.7333602752093,-1.5187917327797178,-0.48695596528319346,7.131587123122185,12580U
2025-06-29T04:20:29.896685,3425.9028507837957,-7084.862839300691,834.8460480684153,-1.686895835185286,-0.1445867175871879,7.101470938070513,12580U
2025-06-29T04:21:29.896685,3319.7660008326507,-7083.283140789567,1259.5351001430008,-1.849546186252044,0.19703018650722207,7.050881449678725,12580U
2025-06-29T04:22:29.896685,3204.046146850333,-7061.25562646556,1680.5810097765302,-2.006229593116195,0.536738398298511,6.98014108272409,12580U
2025-06-29T04:23:29.896685,3079.116119860836,-7018.929152827767,2096.7862372780123,-2.156466745287787,0.8734068786534301,6.889656804401918,12580U
2025-06-29T04:24:29.896685,2945.376438956439,-6956.519562751,2506.9801529545143,-2.2998144316750526,1.2059365023159965,6.7799153946972055,12580U
2025-06-29T04:25:29.896685,2803.253080101187,-6874.307571361893,2910.0236740982837,-2.4358673275587703,1.5332661139554362,6.651478114329364,12580U
2025-06-29T04:26:29.896685,2653.1951514027037,-6772.636305729955,3304.8135627065653,-2.564259345583092,1.8543779747976203,6.504974873113988,12580U
2025-06-29T04:27:29.896685,2495.672501356909,-6651.908537201196,3690.2863572713586,-2.684664553648169,2.1683025538546654,6.341098005793971,12580U
2025-06-29T04:28:29.896685,2331.1732860863613,-6512.583647463152,4065.4219186167547,-2.7967976707393447,2.474122633051936,6.160595763654139,12580U
2025-06-29T04:29:29.896685,2160.201520619449,-6355.17437073663,4429.246576399747,-2.9004141590564783,2.770976710584061,5.964265628699519,12580U
2025-06-29T04:30:29.896685,1983.2746378659465,-6180.243354879756,4780.83586931966,-2.9953099371368874,3.058061701132089,5.752947553121299,12580U
2025-06-29T04:31:29.896685,1800.9210772068498,-5988.399583731288,5119.31687815484,-3.0813207438865877,3.334634944761491,5.527517220539371,12580U
2025-06-29T04:32:29.896685,1613.6779225984174,-5780.294701793826,5443.87015635393,-3.158321187491536,3.6000155481052434,5.288879417480113,12580U
2025-06-29T04:33:29.896685,1422.08860788219,-5556.619280475373,5753.731267935062,-3.226223516059559,3.853585091579654,5.037961594152516,12580U
2025-06-29T04:34:29.896685,1226.7007046481997,-5318.09906266542,6048.191946857948,-3.284976148588616,4.0947877447783805,4.77570768322651,12580U
2025-06-29T04:35:29.896685,1028.0638056101523,-5065.491219556439,6326.600895750516,-3.334562005530884,4.323129838753962,4.5030722344273695,12580U
2025-06-29T04:36:29.896685,826.7275140571859,-4799.580650424853,6588.364244921691,-3.3749966779369576,4.538178948678342,4.221014911688043,12580U
2025-06-29T04:37:29.896685,623.2395476224411,-4521.176352688295,6832.9456949476335,-3.4063264730354197,4.73956254342404,3.9304953887065377,12580U
2025-06-29T04:38:29.896685,418.14396238646725,-4231.107886047591,7059.866367830152,-3.4286263722706405,4.926966260071481,3.6324686683068044,12580U
2025-06-29T04:39:29.896685,211.97950125422713,-3930.221950997185,7268.704392825519,-3.4419979354253223,5.100131861384053,3.327880841233813,12580U
2025-06-29T04:40:29.896685,5.278068634843549,-3619.379098524711,7459.094253585626,-3.4465671816339536,5.2588549330898005,3.017665291098946,12580U
2025-06-29T04:41:29.896685,-201.43666826225828,-3299.450584494778,7630.7259232957595,-3.4424824749821954,5.40298237556501,2.7027393442603405,12580U
2025-06-29T04:42:29.896685,-407.65055273026184,-2971.315379048118,7783.343814117788,-3.429912439108098,5.532409741450362,2.3840013565165976,12580U
2025-06-29T04:43:29.896685,-612.8600889893551,-2635.8573384317956,7916.745566490772,-3.40904392188216,5.647078467017809,2.062328222684006,12580U
2025-06-29T04:44:29.896685,-816.5734733814427,-2293.962543979546,8030.780702804924,-3.3800800279370664,5.746973040964816,1.7385732903477449,12580U
2025-06-29T04:45:29.896685,-1018.311510898206,-1946.5168105561224,8125.349168678403,-3.3432382336233624,5.832118149882956,1.4135646553398862,12580U
2025-06-29T04:46:29.896685,-1217.6084223487526,-1594.4033646291905,8200.399783614186,-3.2987485959420946,5.902575835102467,1.0881038136906356,12580U
2025-06-29T04:47:29.896685,-1414.012548037893,-1238.5006902666807,8255.928621232522,-3.2468520641976824,5.9584426910675825,0.7629646428715083,12580U
2025-06-29T04:48:29.896685,-1607.0869542410612,-879.6805397494336,8291.977337620345,-3.1877989005526794,5.999847130963009,0.438892683985797,12580U
2025-06-29T04:49:29.896685,-1796.409949032422,-518.8061041443552,8308.631464646798,-3.121847213371418,6.026946741069316,0.11660469608035844,12580U
2025-06-29T04:50:29.896685,-1981.5755141770094,-156.7303380661078,8306.018683403472,-3.0492616052169073,6.039925741341609,-0.2032115461663883,12580U
2025-06-29T04:51:29.896685,-2162.193659837905,205.70556802663825,8284.307091263396,-2.970311935617532,6.03899256602305,-0.5198972395567377,12580U
2025-06-29T04:52:29.896685,-2337.890708808346,567.6735753526217,8243.703474440317,-2.885272197233201,6.024377574755153,-0.8328223515279227,12580U
2025-06-29T04:53:29.896685,-2508.3095168529408,928.3600519999624,8184.451596384864,-2.794419502817532,5.996330901641114,-1.141385257344332,12580U
2025-06-29T04:54:29.896685,-2673.109635562563,1286.9669039975872,8106.83051089106,-2.69803317936892,5.9551204470624395,-1.445012239873458,12580U
2025-06-29T04:55:29.896685,-2831.967423893003,1642.712590680281,8011.1529074138925,-2.5963939650744634,5.901030014734445,-1.7431568748819615,12580U
2025-06-29T04:56:29.896685,-2984.57611428812,1994.8330328526104,7897.763494822056,-2.4897833040507384,5.834357594499956,-2.035299323094127,12580U
2025-06-29T04:57:29.896685,-3130.6458389899854,2342.5824222437127,7767.0374286319,-2.3784827334543053,5.755413789682905,-2.3209455485194708,12580U
2025-06-29T04:58:29.896685,-3269.903621821787,2685.2339406488645,7619.378785688147,-2.2627733572486437,5.664520386430682,-2.5996264808246785,12580U
2025-06-29T04:59:29.896685,-3402.0933403967897,3022.0803969783815,7455.219089277048,-2.142935400755485,5.562009061343797,-2.8708971378215105,12580U
2025-06-29T05:00:29.896685,-3526.975663374657,3352.434790216945,7275.015886765898,-2.0192478400602227,5.448220222791355,-3.1343357225128297,12580U
2025-06-29T05:01:29.896685,-3644.3279670469715,3675.6308060191354,7079.251381066421,-1.8919881003728365,5.323501980621105,-3.3895427075779105,12580U
2025-06-29T05:02:29.896685,-3753.944235202254,3991.0232543659577,6868.431116502791,-1.7614318175437833,5.188209238461472,-3.636139918721955,12580U
2025-06-29T05:03:29.896685,-3855.634945893448,4297.988455375817,6643.082719029174,-1.627852657087471,5.042702902458264,-3.873769626958934,12580U
2025-06-29T05:04:29.896685,-3949.226948413147,4595.9245800153285,6403.754690178468,-1.4915221852596,4.88734920006618,-4.102093658652031,12580U
2025-06-29T05:05:29.896685,-4034.5633334752915,4884.251952098346,6151.015253625445,-1.352709786956049,4.722519102402045,-4.320792531005038,12580U
2025-06-29T05:06:29.896685,-4111.503299308207,5162.413317600304,5885.451252807382,-1.211682625440086,4.548587843641763,-4.529564619679809,12580U
2025-06-29T05:07:29.896685,-4179.922016079355,5429.874086942611,5607.667097668834,-1.0687056391584444,4.365934530996289,-4.728125364297545,12580U
2025-06-29T05:08:29.896685,-4239.710490808247,5686.122555555657,5318.283758245462,-0.9240415711513207,4.17494183889542,-4.916206516788029,12580U
2025-06-29T05:09:29.896685,-4290.77543465636,5930.670107623285,5017.937802563312,-0.7779510268374178,3.9759957811890123,-5.093555436807592,12580U
2025-06-29T05:10:29.896685,-4333.039134269725,6163.051407689322,4707.280475927167,-0.630692556122848,3.7694855552512356,-5.259934437926313,12580U
2025-06-29T05:11:29.896685,-4366.4393285682545,6382.82458424235,4386.976818704472,-0.48252275613795015,3.5558034522332034,-5.415120187593843,12580U
2025-06-29T05:12:29.896685,-4390.929092212417,6589.571409301919,4057.704819241934,-0.33369639098223075,3.335344827726024,-5.558903163619463,12580U
2025-06-29T05:13:29.896685,-4406.476726731444,6782.897477543871,3720.154598563935,-0.18446652514354842,3.1085081274147943,-5.691087169405036,12580U
2025-06-29T05:14:29.896685,-4413.065660113157,6962.432388248658,3375.027623282376,-0.035084667398271784,2.875694962448144,-5.81148890990001,12580U
2025-06-29T05:15:29.896685,-4410.694355462089,7127.829933034637,3023.0359430335598,0.11419907783771067,2.637310229436879,-5.9199376299782696,12580U
2025-06-29T05:16:29.896685,-4399.376229149516,7278.7682920454,2664.901448626753,0.2631358546104127,2.393762270144296,-6.016274816731862,12580U
2025-06-29T05:17:29.896685,-4379.139578702331,7414.95024095542,2301.3551470028865,0.41147789776571636,2.145463066078646,-6.100353967001636,12580U
2025-06-29T05:18:29.896685,-4350.02752050482,7536.103370879308,1933.1364489872165,0.5589783762286371,1.8928284632934314,-6.172040421338672,12580U
2025-06-29T05:19:29.896685,-4312.097937219984,7641.980322976096,1560.9924657478098,0.7053912398560777,1.6362784227895264,-6.231211265480555,12580U
2025-06-29T05:20:29.896685,-4265.423434670487,7732.359039259467,1185.677309782661,0.8504710724556012,1.376237291952688,-6.277755300346333,12580U
2025-06-29T05:21:29.896685,-4210.09130775556,7807.04303083707,807.9513961943921,0.9939729535367188,1.1131340924777076,-6.311573081483822,12580U
2025-06-29T05:22:29.896685,-4146.203514814799,7865.861664518242,428.5807399292701,1.1356523313651785,0.8474028201952372,-6.332577028845498,12580U
2025-06-29T05:23:29.896685,-4073.8766596869923,7908.670468432603,48.33624461833046,1.2752649099005744,0.5794827521702703,-6.340691607708942,12580U
2025-06-29T05:24:29.896685,-3993.2419805418544,7935.351457009699,-332.00702142453156,1.412566552245031,0.30981875632071243,-6.335853581498503,12580U
2025-06-29T05:25:29.896685,-3904.4453443969296,7945.813475358055,-711.6705665144008,1.5473132032752088,0.03886159868232163,-6.3180123371894545,12580U
2025-06-29T05:26:29.896685,-3807.647246054037,7939.992562768211,-1089.8732387505454,1.6792608342100461,-0.2329317567524899,-6.2871302838859515,12580U
2025-06-29T05:27:29.896685,-3703.0228100139084,7917.8523347307755,-1465.8320155660913,1.8081654119462844,-0.505097860905491,-6.243183325046316,12580U
2025-06-29T05:28:29.896685,-3590.7617937556897,7879.384382520248,-1838.7628242124215,1.9337828960805967,-0.7771665107135765,-6.186161404686703,12580U
2025-06-29T05:29:29.896685,-3471.0685905439764,7824.608689024064,-2207.8813978504986,2.055869266686901,-1.0486605043693475,-6.116069127690134,12580U
2025-06-29T05:30:29.896685,-3344.1622297865106,7753.5740591256945,-2572.404171716364,2.174180585964153,-1.3190954268045618,-6.032926454133229,12580U
2025-06-29T05:31:29.896685,-3210.276372717512,7666.358562540536,-2931.5492239793825,2.2884730970499505,-1.5879794720192766,-5.9367694672315015,12580U
2025-06-29T05:32:29.896685,-3069.6593009992084,7563.069986581751,-3284.5372657707567,2.39850336338216,-1.854813309196484,-5.827651214154642,12580U
2025-06-29T05:33:29.896685,-2922.5738956195905,7443.8462958863865,-3630.5926848003533,2.5040284521114398,-2.1190899999840185,-5.705642618531155,12580U
2025-06-29T05:34:29.896685,-2769.297603244134,7308.85609565717,-3968.9446468815086,2.604806165175765,-2.3802949747849738,-5.570833462943982,12580U
2025-06-29T05:35:29.896685,-2610.1223869627156,7158.2990944793655,-4298.828259528685,2.700595321735067,-2.6379060763579227,-5.423333439113407,12580U
2025-06-29T05:36:29.896685,-2445.354658148934,6992.406562248973,-4619.485801609309,2.7911560957337254,-2.8913936795051884,-5.26327326275342,12580U
2025-06-29T05:37:29.896685,-2275.315185924728,6811.441778199209,-4930.168022798289,2.8762504123988752,-3.140220896100554,-5.090805849265699,12580U
2025-06-29T05:38:29.896685,-2100.338980502423,6615.700463442904,-5230.135516289334,2.955642407482993,-3.383843875160606,-4.906107545496625,12580U
2025-06-29T05:39:29.896685,-1920.7751464566998,6405.511191853047,-5518.660167870466,3.029098953015635,-3.621712208093577,-4.709379411711971,12580U
2025-06-29T05:40:29.896685,-1736.9867017677084,6181.235772491639,-5795.026684050707,3.0963902532265153,-3.853269449638956,-4.500848546740191,12580U
2025-06-29T05:41:29.896685,-1549.350358276014,5943.2695961687405,-6058.534201429964,3.1572905141310046,-4.077953765325204,-4.280769447890556,12580U
2025-06-29T05:42:29.896685,-1358.2562590066655,5692.041938077542,-6308.497978923873,3.2115786900165877,-4.295198716496192,-4.049425395766184,12580U
2025-06-29T05:43:29.896685,-1164.1076676497653,5428.016207802541,-6544.25117379384,3.2590393097237915,-4.5044341940738715,-3.8071298524541497,12580U
2025-06-29T05:44:29.896685,-967.3206053522387,5151.6901373668725,-6765.146701656452,3.2994633851579005,-4.705087512184884,-3.554227859809394,12580U
2025-06-29T05:45:29.896685,-768.3234298637252,4863.595897351488,-6970.559179783494,3.33264940389223,-4.89658467257902,-3.2910974226366916,12580U
2025-06-29T05:46:29.896685,-567.5563520145266,4564.300130518415,-7159.886952018205,3.358404407008075,-5.078351810349215,-3.0181508595510227,12580U
2025-06-29T05:47:29.896685,-365.4708844840899,4254.403891804012,-7332.554192535299,3.376545152450404,-5.249816830801918,-2.735836102169956,12580U
2025-06-29T05:48:29.896685,-162.52921785573145,3934.5424830330953,-7488.013084453469,3.386899363148149,-5.4104112463806375,-2.4446379210913802,12580U
2025-06-29T05:49:29.896685,40.79648094799967,3605.3851702526467,-7625.746067970101,3.3893070579411573,-5.559572221278594,-2.1450790548662186,12580U
2025-06-29T05:50:29.896685,244.02485257292713,3267.634771230111,-7745.268151219168,3.3836219619631205,-5.6967448297388135,-1.8377212159491316,12580U
2025-06-29T05:51:29.896685,446.6662159505466,2922.027100399404,-7846.129275472186,3.369712991546643,-5.821384532009501,-1.5231659454301725,12580U
2025-06-29T05:52:29.896685,648.2235299296691,2569.3302584210755,-7927.916724597834,3.3474658069394705,-5.932959869448126,-1.2020552863108922,12580U
2025-06-29T05:53:29.896685,848.1934494676299,2210.3437535473167,-7990.257566891267,3.3167844241552995,-6.030955377334032,-0.8750722432403002,12580U
2025-06-29T05:54:29.896685,1046.0674794419338,1845.8974422021577,-8032.821115481187,3.277592875139499,-6.114874710523766,-0.5429409950838948,12580U
2025-06-29T05:55:29.896685,1241.33322844444,1476.8502765958299,-8055.321391550221,3.2298369031272403,-6.184243973167467,-0.20642682553099556,12580U
2025-06-29T05:56:29.896685,1433.4757640757623,1104.0888478569816,-8057.519572575553,3.1734856776404725,-6.2386152392892305,0.13366426370365664,12580U
2025-06-29T05:57:29.896685,1621.9790702838857,728.5257140742629,-8039.226405750877,3.108533511046915,-6.277570246153317,0.4764862925798264,12580U
2025-06-29T05:58:29.896685,1806.3276061660674,351.0975038464512,-8000.30456471734,3.0350015560424035,-6.300724237023311,0.8211544301355427,12580U
2025-06-29T05:59:29.896685,1986.0079643849344,-27.23721254514726,-7940.670925756469,2.9529394608798185,-6.307729924243524,1.1667465428538004,12580U
2025-06-29T06:00:29.896685,2160.5106259383424,-405.5002903840271,-7860.298737730445,2.8624269567280445,-6.298281537621344,1.5123051947407622,12580U
2025-06-29T06:01:29.896685,2329.3318064699015,-782.6966200287445,-7759.219658352695,2.7635753492937787,-6.272118916986345,1.8568401262735232,12580U
2025-06-29T06:02:29.896685,2491.975387636244,-1157.8169799932618,-7637.525627893129,2.6565288848700237,-6.229031601697203,2.199331234642445,12580U
2025-06-29T06:03:29.896685,2647.9549252589813,-1529.8411319978547,-7495.370550239748,2.5414659594016036,-6.168862863939644,2.538732071746782,12580U
2025-06-29T06:04:29.896685,2796.7957241201493,-1897.7411531507607,-7332.971750421275,2.418600138088466,-6.091513627115711,2.8739738692012846,12580U
2025-06-29T06:05:29.896685,2938.036967337877,-2260.4849968687167,-7150.6111773124985,2.288180952594255,-5.996946205694767,3.203970091191403,12580U
2025-06-29T06:06:29.896685,3071.2338863118007,-2617.040270294465,-6948.63632037834,2.150494443209222,-5.8851877988310015,3.52762150642161,12580U
2025-06-29T06:07:29.896685,3195.959955313328,-2966.3782119072866,-6727.46081001966,2.00586341442415,-5.756333667103464,3.8438217597903357,12580U
2025-06-29T06:08:29.896685,3311.8090929512473,-3307.4778487844014,-6487.564672438396,1.8546473744011318,-5.610549920162635,4.151463412951805,12580U
2025-06-29T06:09:29.896685,3418.3978510340917,-3639.3303086662304,-6229.494211980195,1.697242131831311,-5.448075843108147,4.449444410861697,12580U
2025-06-29T06:10:29.896685,3515.367569827264,-3960.943257679652,-5953.861496690257,1.5340790276920704,-5.269225691295837,4.7366749190362665,12580U
2025-06-29T06:11:29.896685,3602.3864774377626,-4271.345430422624,-5661.343426330669,1.3656237844406398,-5.074389887136989,5.012084463976753,12580U
2025-06-29T06:12:29.896685,3679.1517101027107,-4569.591215200482,-5352.680366372245,1.192374961176608,-4.864035558432916,5.274629297405692,12580U
2025-06-29T06:13:29.896685,3745.3912295785963,-4854.7652536850765,-5028.674336443956,1.0148620101712023,-4.638706365911836,5.523299894098371,12580U
2025-06-29T06:14:29.896685,3800.8656136827035,-5125.987011300434,-4690.186747299017,0.8336429377381336,-4.399021577827214,5.757128483653509,12580U
2025-06-29T06:15:29.896685,3845.369696330775,-5382.415272162121,-4338.135686681465,0.6493015806495519,-4.1456743617597045,5.975196508820754,12580U
2025-06-29T06:16:29.896685,3878.734034292185,-5623.252511043994,-3973.492760830028,0.4624445176279403,-3.8794292774798613,6.17664189785654,12580U
2025-06-29T06:17:29.896685,3900.8261791751565,-5847.749093880746,-3597.27950557404,0.2736976441425321,-3.6011189702304196,6.360666035450854,12580U
2025-06-29T06:18:29.896685,3911.551735071168,-6055.207258742754,-3210.5633878258227,0.08370244693972098,-3.3116400799122894,6.526540317145122,12580U
2025-06-29T06:19:29.896685,3910.855184657179,-6244.9848304273855,-2814.453425332095,-0.10688797744102113,-3.011948398445262,6.673612175446194,12580U
2025-06-29T06:20:29.896685,3898.7204694135853,-6416.498624129724,-2410.0954592759067,-0.29741310895597706,-2.703053324240551,6.801310472367713,12580U
2025-06-29T06:21:29.896685,3875.171312889618,-6569.227497006933,-1998.6671205784908,-0.4872093380923149,-2.3860116787293744,6.909150162771423,12580U
2025-06-29T06:22:29.896685,3840.27127956291,-6702.715010767989,-1581.3725363789588,-0.6756143860812023,-2.0619209646899024,6.996736145421742,12580U
2025-06-29T06:23:29.896685,3794.123565706416,-6816.571673644606,-1159.4368279319112,-0.8619717467771568,-1.7319121591116262,7.063766233793251,12580U
2025-06-29T06:24:29.896685,3736.870522692309,-6910.4767360811975,-734.1004549551326,-1.0456350844289315,-1.3971421440797795,7.110033195906823,12580U
2025-06-29T06:25:29.896685,3668.692917216774,-6984.179521086929,-306.61346411290583,-1.2259725220772748,-1.0587858872130709,7.135425831272695,12580U
2025-06-29T06:26:29.896685,3589.8089369096224,-7037.500277228596,121.77029922336712,-1.4023707575815305,-0.7180284882688595,7.139929072748156,12580U
2025-06-29T06:27:29.896685,3500.4729535842903,-7070.330549520416,549.7989565973733,-1.5742389482314354,-0.37605721045351787,7.123623121103681,12580U
2025-06-29T06:28:29.896685,3400.9740598832445,-7082.633070775552,976.2282811835616,-1.7410123103907325,-0.03405361370796782,7.0866816396508225,12580U
2025-06-29T06:29:29.896685,3291.634398187201,-7074.4411831227,1399.8272455591214,-1.9021553874353399,0.3068140971265893,7.029369054763509,12580U
2025-06-29T06:30:29.896685,3172.8073033087485,-7045.85780616529,1819.3833798553733,-2.057164947128094,0.6453984035946128,6.952037024928936,12580U
2025-06-29T06:31:29.896685,3044.8752825925258,-6997.053974486224,2233.707892052708,-2.2055724782531,0.9805793885509109,6.8551201555650145,12580U
2025-06-29T06:32:29.896685,2908.2478586631973,-6928.266972753131,2641.6405071760973,-2.3469462653610074,1.3112711506587573,6.739131048910927,12580U
2025-06-29T06:33:29.896685,2763.359300958311,-6839.798101387748,3042.053988307671,-2.480893029825098,1.6364276481848803,6.604654787417152,12580U
2025-06-29T06:34:29.896685,2610.6662726623663,-6732.010109607147,3433.858308380496,-2.607059134365187,1.9550479162382222,6.452342955278863,12580U
2025-06-29T06:35:29.896685,2450.6454194629837,-6605.3243355165305,3816.0044484694827,-2.725131356856508,2.266180616933446,6.282907305880265,12580U
2025-06-29T06:36:29.896685,2283.7909259010307,-6460.217594857442,4187.487804912071,-2.8348372471202627,2.5689278971584115,6.0971131831669965,12580U
2025-06-29T06:37:29.896685,2110.612063953693,-6297.218860989157,4547.351194185575,-2.9359450874012913,2.862448543438896,5.895772802493425,12580U
2025-06-29T06:38:29.896685,1931.6307569715896,-6116.905778765944,4894.687450774136,-3.028263483194512,3.1459604373135455,5.679738491624638,12580U
2025-06-29T06:39:29.896685,1747.3791802428407,-5919.901054232569,5228.6416191820035,-3.1116406159074472,3.418742327340554,5.449895985654999,12580U
2025-06-29T06:40:29.896685,1558.3974173654485,-5706.868760595234,5548.41274665282,-3.1859631924930243,3.680134945061603,5.207157861049856,12580U
2025-06-29T06:41:29.896685,1365.2311893403505,-5478.510598833734,5853.255287971554,-3.251155129668238,3.929541501776826,4.952457184235837,12580U
2025-06-29T06:42:29.896685,1168.4296709306657,-5235.562148721624,6142.480137887445,-3.307176011696404,4.166427610721475,4.686741439582418,12580U
2025-06-29T06:43:29.896685,968.5434064329488,-4978.7891430317195,6415.455310175903,-3.354019361038649,4.390320685156183,4.410966790631432,12580U
2025-06-29T06:44:29.896685,766.1223346263611,-4708.983794426343,6671.606285161141,-3.391710760587192,4.600808867038326,4.126092717392082,12580U
2025-06-29T06:45:29.896685,561.713930375479,-4426.96120109696,6910.416049636128,-3.420305864801491,4.797539543405971,3.833077061770295,12580U
2025-06-29T06:46:29.896685,355.8614681750205,-4133.555853687374,7131.424854617488,-3.4398883350249583,4.980217508555224,3.5328715029668767,12580U
2025-06-29T06:47:29.896685,149.10241091218026,-3829.6182625449273,7334.229717253481,-3.450567731697232,5.148602829657357,3.2264174752227106,12580U
2025-06-29T06:48:29.896685,-58.03307473575346,-3516.01172091163,7518.483693577378,-3.4524773932417507,5.302508471885088,2.914642531702711,12580U
2025-06-29T06:49:29.896685,-265.02347649380516,-3193.609216412277,7683.894948674499,-3.4457723282232977,5.441797736557113,2.598457150758339,12580U
2025-06-29T06:50:29.896685,-471.35716995858166,-2863.2905001097583,7830.225650322301,-3.430627144057911,5.5663815625083135,2.2787519742848827,12580U
2025-06-29T06:51:29.896685,-676.533530269497,-2525.939319571635,7957.290711294904,-3.4072340322192503,5.676215737011723,1.956395462464454,12580U
2025-06-29T06:52:29.896685,-880.0639259680707,-2182.440819787808,8064.956404399472,-3.3758008266084403,5.771298058330701,1.6322319447727134,12580U
2025-06-29T06:53:29.896685,-1081.4725998762206,-1833.6791134827588,8153.138872955143,-3.336549148612203,5.851665487496345,1.3070800437463068,12580U
2025-06-29T06:54:29.896685,-1280.297442516352,-1480.5350203004962,8221.80255793035,-3.289712649417764,5.9173913223611345,0.9817314455068856,12580U
2025-06-29T06:55:29.896685,-1476.090664097409,-1123.8839725870307,8270.958561337437,-3.235535357427744,5.968582422465254,0.656949989409621,12580U
2025-06-29T06:56:29.896685,-1668.4193714639782,-764.5940839677008,8300.662963818408,-3.174270136145369,6.005376508889055,0.3334710482587132,12580U
2025-06-29T06:57:29.896685,-1856.8660566281217,-403.52437566711563,8311.015112658983,-3.106177255699809,6.0279395591130305,0.012001170271565454,12580U
2025-06-29T06:58:29.896685,-2041.0290036212411,-41.52315448112545,8302.155894787338,-3.031523079252264,6.036463313033626,-0.30678204577037654,12580U
2025-06-29T06:59:29.896685,-2220.522620412287,320.57346450048453,8274.266007666753,-2.9505788638671135,6.031162902721228,-0.6222298700362706,12580U
2025-06-29T07:00:29.896685,-2394.977702567817,681.9428979493795,8227.564239402489,-2.863619674033746,6.012274615283054,-0.9337221826275987,12580U
2025-06-29T07:01:29.896685,-2564.0416351844146,1041.777305108846,8162.305767867755,-2.7709234048719686,5.980053795316389,-1.2406670615050779,12580U
2025-06-29T07:02:29.896685,-2727.3785394227257,1399.284677632919,8078.780487223102,-2.672769911127045,5.93477289090716,-1.542500241324776,12580U
2025-06-29T07:03:29.896685,-2884.6693697277847,1753.6898168976718,7977.311368865375,-2.5694402373366736,5.876719644935219,-1.8386844655093313,12580U
2025-06-29T07:04:29.896685,-3035.6119675378914,2104.2352072757913,7858.252862601921,-2.461215944013912,5.806195431575229,-2.128708752164725,12580U
2025-06-29T07:05:29.896685,-3179.921076979774,2450.1817938238146,7721.989342703519,-2.3483785243099504,5.723513736310036,-2.412087592718701,12580U
