timestamp,x_km,y_km,z_km,vx_km_s,vy_km_s,vz_km_s,name
2025-06-29T10:45:39.409912,1180.8108353896764,-7422.723134501642,0.0013669001606214865,2.3264172013543463,0.33159900348212357,6.8183341061016485,16390U
2025-06-29T10:46:39.409912,1318.3120668307415,-7390.289568630053,408.86434991481826,2.255958873478635,0.7492275153817626,6.806779776462552,16390U
2025-06-29T10:47:39.409912,1451.357608659633,-7332.878014541414,816.3422332705451,2.1779304087695643,1.164017081594467,6.772179331473445,16390U
2025-06-29T10:48:39.409912,1579.5010413348375,-7250.698562788382,1221.0563285304354,2.0925914334273665,1.574643433163069,6.714673705011592,16390U
2025-06-29T10:49:39.409912,1702.3121219993732,-7144.040280733603,1621.638348974226,2.0002217300124294,1.9797974277801496,6.634468844743746,16390U
2025-06-29T10:50:39.409912,1819.3779695847743,-7013.270223842058,2016.7342794389763,1.9011205160380766,2.3781878504849097,6.53183491672142,16390U
2025-06-29T10:51:39.409912,1930.304206889925,-6858.832282358247,2405.0081975782728,1.7956057140697506,2.768544154556478,6.407105457406643,16390U
2025-06-29T10:52:39.409912,2034.7160592252505,-6681.245866544889,2785.146043841609,1.6840132139028117,3.149619148834179,6.2606764776226855,16390U
2025-06-29T10:53:39.409912,2132.2594092075483,-6481.104433204619,3155.8593376708263,1.566696127023471,3.520191638279985,6.093005522130738,16390U
2025-06-29T10:54:39.409912,2222.60180726201,-6259.073855729595,3515.888837543089,1.4440240331561276,3.8790690251551725,5.904610687632059,16390U
2025-06-29T10:55:39.409912,2305.433437332165,-6015.890639431416,3864.008142554635,1.3163822182657605,4.22508987869063,5.6960696009750045,16390U
2025-06-29T10:56:39.409912,2380.468037216278,-5752.359983400151,4199.027233233467,1.1841709029160932,4.557126481567112,5.468018358198818,16390U
2025-06-29T10:57:39.409912,2447.4437728398466,-5469.35368963196,4519.795949187341,1.0478044593849307,4.874087361862805,5.221150423765603,16390U
2025-06-29T10:58:39.409912,2506.124065636456,-5167.807919657694,4825.207401031216,0.9077106154114373,5.174919819341946,4.956215487915927,16390U
2025-06-29T10:59:39.409912,2556.2983720441302,-4848.720798406342,5114.201313792146,0.7643296419009277,5.458612455021019,4.674018278532933,16390U
2025-06-29T11:00:39.409912,2597.782913931474,-4513.149864556949,5385.767298654004,0.6181135213478535,5.7241977128248775,4.375417322221046,16390U
2025-06-29T11:01:39.409912,2630.4213585456905,-4162.209366180767,5638.948049476204,0.46952509316771307,5.970754441800349,4.061323647508445,16390U
2025-06-29T11:02:39.409912,2654.0854463265364,-3797.0674000625186,5872.8424599956425,0.31903717156255307,6.197410486754761,3.732699421184911,16390U
2025-06-29T11:03:39.409912,2668.675564654179,-3418.942892730103,6086.608656996181,0.16713163099901193,6.403345314295754,3.3905565068116568,16390U
2025-06-29T11:04:39.409912,2674.121265299027,-3029.1024209288566,6279.466944003965,0.014298453866232077,6.587792680033101,3.035954932417666,16390U
2025-06-29T11:05:39.409912,2670.381723018569,-2628.85686906759,6450.702649237543,-0.13896526557617084,6.750043341130336,2.670001252367872,16390U
2025-06-29T11:06:39.409912,2657.4461324040735,-2219.5579210552432,6599.6688706117375,-0.2921563672329361,6.889447816436191,2.293846786397834,16390U
2025-06-29T11:07:39.409912,2635.3340397228226,-1802.5943839596246,6725.789109565527,-0.44476672774908604,7.005419194059777,1.908685716914666,16390U
2025-06-29T11:08:39.409912,2604.095606134213,-1379.3883410741616,6828.559784363053,-0.5962844263475241,7.097435983464017,1.5157530239289654,16390U
2025-06-29T11:09:39.409912,2563.8117982881563,-951.3911322958025,6907.552612312694,-0.7461949806634828,7.16504500593349,1.1163222354804057,16390U
2025-06-29T11:10:39.409912,2514.5945019487463,-520.0791602209842,6962.4168490742195,-0.8939826591485929,7.207864313631498,0.7117029702312963,16390U
2025-06-29T11:11:39.409912,2456.586553935484,-86.949521077439,6992.8813718962265,-1.0391318762536728,7.22558612341804,0.303238248113915,16390U
2025-06-29T11:12:39.409912,2389.9616873491873,346.4845394470138,6998.7565922662525,-1.1811286760057167,7.217979747191816,-0.10769845537739407,16390U
2025-06-29T11:13:39.409912,2314.9243847626085,778.6983442267644,6979.936182092635,-1.319462308750121,7.184894495802351,-0.5197064353706429,16390U
2025-06-29T11:14:39.409912,2231.709633821047,1208.1606738588093,6936.398596201628,-1.4536269047123258,7.126262528628298,-0.9313612874310961,16390U
2025-06-29T11:15:39.409912,2140.5825795309233,1633.3388225074148,6868.208372664176,-1.5831232466294216,7.0421016158332055,-1.3412187624306178,16390U
2025-06-29T11:16:39.409912,2041.8380674311218,2052.703813947592,6775.517191307638,-1.707460642004035,6.932517775210782,-1.7478189653219964,16390U
2025-06-29T11:17:39.409912,1935.8000718595908,2464.7357689995674,6658.564669766849,-1.8261588935400983,6.797707740559327,-2.1496909131900037,16390U
2025-06-29T11:18:39.409912,1822.8210036639748,2867.9294129389004,6517.6788756392325,-1.9387503640424806,6.63796121384206,-2.5453574635216456,16390U
2025-06-29T11:19:39.409912,1703.2808919761048,3260.7997085909133,6353.276532786219,-2.0447821295230155,6.453662849175212,-2.9333406182386423,16390U
2025-06-29T11:20:39.409912,1577.5864350931288,3641.887597699343,6165.862899626168,-2.143818211485199,6.245293913132718,-3.3121672026755458,16390U
2025-06-29T11:21:39.409912,1446.1699160953149,4009.765829837602,5956.0312974499,-2.2354418764094737,6.013433563164968,-3.6803749114122524,16390U
2025-06-29T11:22:39.409912,1309.4879795949084,4363.044854657051,5724.462267414915,-2.31925798738828,5.758759684301358,-4.036518704763343,16390U
2025-06-29T11:23:39.409912,1168.0202669587534,4700.378749704161,5471.922335989928,-2.394895389740505,5.482049223936646,-4.379177530913297,16390U
2025-06-29T11:24:39.409912,1022.2679084829334,5020.471152465194,5199.262370270431,-2.4620093093548574,5.184177965566463,-4.706961339335314,16390U
2025-06-29T11:25:39.409912,872.7518723190526,5322.081161798645,4907.415506804338,-2.5202837395670996,4.866119684990605,-5.018518341450001,16390U
2025-06-29T11:26:39.409912,720.0111714494203,5604.029170594608,4597.394640371977,-2.5694337896725963,4.528944636855617,-5.31254246472232,16390U
2025-06-29T11:27:39.409912,564.60093166889,5865.202588457714,4270.289462565504,-2.6092079658220664,4.1738173255317,-5.587780936840399,16390U
2025-06-29T11:28:39.409912,407.0903253309709,6104.561410561609,3927.2630439921086,-2.639390353155047,3.8019935222213057,-5.843041927583569,16390U
2025-06-29T11:29:39.409912,248.06037752689903,6321.143586676749,3569.5479584526756,-2.6598026666978107,3.414816499828714,-6.077202167793882,16390U
2025-06-29T11:30:39.409912,88.10165335222649,6514.070142840148,3198.44195246599,-2.6703061378866426,3.01371246835857,-6.289214457849548,16390U
2025-06-29T11:31:39.409912,-72.18816306672987,6682.550007315149,2815.3031689433374,-2.670803203655984,2.600185206266058,-6.478114972521904,16390U
2025-06-29T11:32:39.409912,-232.20678511183743,6825.884492470345,2421.544939569089,-2.66123896591514,2.175809896986678,-6.643030265378743,16390U
2025-06-29T11:33:39.409912,-391.34992116698857,6943.471385058105,2018.6301663965157,-2.641602390965458,1.742226194504639,-6.783183874232341,16390U
2025-06-29T11:34:39.409912,-549.0139366437222,7034.808599144745,1608.0653191856195,-2.6119272209916184,1.3011305568834644,-6.897902429724452,16390U
2025-06-29T11:35:39.409912,-704.5985624762875,7099.497348656431,1191.3940809508028,-2.5722925731734008,0.854267901756077,-6.986621172123887,16390U
2025-06-29T11:36:39.409912,-857.5096306156806,7137.24480015213,770.1906798900284,-2.522823206154659,0.40342265238590214,-7.048888786840022,16390U
2025-06-29T11:37:39.409912,-1007.1618159192359,7147.866170978291,346.05295118295044,-2.463689438486831,-0.04959074339967889,-7.084371476990131,16390U
2025-06-29T11:38:39.409912,-1152.9813630199199,7131.286243331228,-79.40482308329662,-2.3951067091179787,-0.5029377268035385,-7.092856201473038,16390U
2025-06-29T11:39:39.409912,-1294.4087762996605,7087.540270852934,-504.55924351525897,-2.3173347758810623,-0.9547738691016762,-7.074253019176725,16390U
2025-06-29T11:40:39.409912,-1430.9014510088753,7016.774261087348,-927.7852369207822,-2.230676554080483,-1.4032553267775052,-7.028596493877465,16390U
2025-06-29T11:41:39.409912,-1561.9362238809367,6919.244624276725,-1347.4635557409538,-2.135476603503276,-1.846549391619557,-6.956046129692625,16390U
2025-06-29T11:42:39.409912,-1687.011822286959,6795.317186412796,-1761.9882740543792,-2.0321192783016753,-2.282845013615524,-6.856885823186088,16390U
2025-06-29T11:43:39.409912,-1805.6511920486896,6645.4655719942675,-2169.774220466831,-1.9210265600199667,-2.710363174288325,-6.731522334911347,16390U
2025-06-29T11:44:39.409912,-1917.4036854519868,6470.268969396434,-2569.2642889123454,-1.8026555993921285,-3.1273669908023884,-6.58048279980689,16390U
2025-06-29T11:45:39.409912,-2021.847092743124,6270.4092989459305,-2958.9365701336073,-1.677495997256549,-3.5321714366321944,-6.4044113119278165,16390U
2025-06-29T11:46:39.409912,-2118.5895023988205,6046.667810543716,-3337.3112493208873,-1.5460668588848574,-3.9231525726313285,-6.204064634027416,16390U
2025-06-29T11:47:39.409912,-2207.2709776849442,5799.92114383453,-3702.957218989981,-1.4089136590968667,-4.298756192685932,-5.9803070960573335,16390U
2025-06-29T11:48:39.409912,-2287.5650393977267,5531.136889349405,-4054.4983605575153,-1.2666049576628902,-4.657505800411511,-5.7341047583640785,16390U
2025-06-29T11:49:39.409912,-2359.179947153564,5241.3686936436125,-4390.619453093891,-1.1197290056438518,-4.998009847127633,-5.466518924931996,16390U
2025-06-29T11:50:39.409912,-2421.8597740944324,4931.750955140615,-4710.07167325486,-0.9688902834932092,-5.318968176153266,-5.178699099254483,16390U
2025-06-29T11:51:39.409912,-2475.3852723463096,4603.493160130516,-5011.677656254617,-0.8147060109814326,-5.619177633818027,-4.8718754801999395,16390U
2025-06-29T11:52:39.409912,-2519.5745289498764,4257.873910148558,-5294.336093789743,-0.657802667376513,-5.897536822999236,-4.5473510975631894,16390U
2025-06-29T11:53:39.409912,-2554.283414226607,3896.234692796387,-5557.025850899754,-0.4988125579220259,-6.153049990012811,-4.20649368693651,16390U
2025-06-29T11:54:39.409912,-2579.405826606946,3519.9734480125253,-5798.809589714232,-0.3383704596183761,-6.384830049895,-3.8507274012554764,16390U
2025-06-29T11:55:39.409912,-2594.8737397967625,3130.5379809227343,-6018.836893758191,-0.17711037576976213,-6.592100768154924,-3.4815244521051123,16390U
2025-06-29T11:56:39.409912,-2600.657059770612,2729.419270793826,-6216.346891858565,-0.015662424851275985,-6.77419812867107,-3.100396767891964,16390U
2025-06-29T11:57:39.409912,-2596.7633004402246,2318.1447233840563,-6390.670385624062,0.1453501148758127,-6.9305709273369915,-2.708887748622257,16390U
2025-06-29T11:58:39.409912,-2583.2370879500427,1898.2714112380288,-6541.231488894485,0.3053135877808947,-7.060780639204269,-2.3085641886124213,16390U
2025-06-29T11:59:39.409912,-2560.15950440065,1471.379343333475,-6667.548791428117,0.4636265572527226,-7.164500613167815,-1.901008429344104,16390U
2025-06-29T12:00:39.409912,-2527.647282406463,1039.064802064395,-6769.236062395238,0.6197022069977558,-7.241514652707859,-1.4878107951943078,16390U
2025-06-29T12:01:39.409912,-2485.8518622726447,602.93378194718,-6846.002511970807,0.7729705419287423,-7.2917150439236815,-1.0705623552315002,16390U
2025-06-29T12:02:39.409912,-2434.9583237479947,164.59556076485262,-6897.652631483412,0.9228803867343399,-7.315100093197453,-0.6508480449475638,16390U
2025-06-29T12:03:39.409912,-2375.1842043003962,-274.3435697956594,-6924.085634211456,1.0689011832469963,-7.311771236484398,-0.2302401729251865,16390U
2025-06-29T12:04:39.409912,-2306.778215694417,-712.2863905296823,-6925.294520060323,1.2105245903325645,-7.281929780637188,0.18970767078852946,16390U
2025-06-29T12:05:39.409912,-2230.0188703535878,-1147.650638066023,-6901.36478805586,1.3472658921982557,-7.225873334554191,0.607466295281483,16390U
2025-06-29T12:06:39.409912,-2145.2130285881462,-1578.8746683559466,-6852.472820901736,1.4786652227579191,-7.143991984513112,1.0215361756039971,16390U
2025-06-29T12:07:39.409912,-2052.694377287498,-2004.4228864755714,-6778.883965827655,1.6042886150203735,-7.036764264030272,1.4304523087308185,16390U
2025-06-29T12:08:39.409912,-1952.8218501369265,-2422.790931674769,-6680.95033565591,1.7237288854088322,-6.904752964173587,1.8327886662837296,16390U
2025-06-29T12:09:39.409912,-1845.9779988409557,-2832.510609102181,-6559.108353488992,1.8366063635116314,-6.748600825639677,2.2271622554467263,16390U
2025-06-29T12:10:39.409912,-1732.5673242371104,-3232.154561877366,-6413.876063718278,1.9425694780515095,-6.56902614924142,2.612236802455005,16390U
2025-06-29T12:11:39.409912,-1613.0145755793742,-3620.3406791651937,-6245.8502312189485,2.041295209887248,-6.366818356879256,2.98672607519444,16390U
2025-06-29T12:12:39.409912,-1487.763025670073,-3995.736237655908,-6055.7032496652155,2.1324894226753273,-6.142833530692309,3.3493968629054405,16390U
2025-06-29T12:13:39.409912,-1357.2727289330505,-4357.061775372624,-5844.179878907586,2.2158870814647518,-5.897989953988928,3.6990716318281884,16390U
2025-06-29T12:14:39.409912,-1222.0187689544325,-4703.094698042888,-5612.0938303251405,2.2912523690197495,-5.63326367379378,4.03463087596103,16390U
2025-06-29T12:15:39.409912,-1082.4895014764975,-5032.672619394698,-5360.324218023708,2.3583787090991235,-5.34968410145717,4.355015182020234,16390U
2025-06-29T12:16:39.409912,-939.1847983159934,-5344.6964376944015,-5089.81189271109,2.4170887053043972,-5.048329664762988,4.659227027283206,16390U
2025-06-29T12:17:39.409912,-792.6142971937311,-5638.133151649926,-4801.555674055382,2.467234003467603,-4.730323522343845,4.946332328350601,16390U
2025-06-29T12:18:39.409912,-643.2956620070244,-5912.018419474997,-4496.608496332196,2.508695084909344,-4.396829348949816,5.215461758049782,16390U
2025-06-29T12:19:39.409912,-491.75285765022716,-6165.458865465658,-4176.0734811952725,2.5413809972754664,-4.04904719819377,5.465811846789098,16390U
2025-06-29T12:20:39.409912,-338.51444309052965,-6397.634138892466,-3841.099950466894,2.5652290290705255,-3.688209447779023,5.6966458837116765,16390U
2025-06-29T12:21:39.409912,-184.1118860351089,-6607.798730370786,-3492.879390942633,2.580204333456861,-3.3155768308675597,5.907294632031079,16390U
2025-06-29T12:22:39.409912,-29.07790218033628,-6795.283551149944,-3132.6413823382827,2.586299506384635,-2.9324345561283662,6.09715687199308,16390U
2025-06-29T12:23:39.409912,126.05517828716447,-6959.497280966203,-2761.649498676786,2.583534123662394,-2.5400885180769137,6.265699784019692,16390U
2025-06-29T12:24:39.409912,280.75701456560074,-7099.927490241788,-2381.1971926189394,2.5719542411687883,-2.1398615985402447,6.412459183768155,16390U
2025-06-29T12:25:39.409912,434.50082739284045,-7216.141542488638,-1992.6036714827871,2.551631862040326,-1.7330900594210148,6.537039620086053,16390U
2025-06-29T12:26:39.409912,586.7649376383224,-7307.787282794435,-1597.2097729739437,2.5226643743432486,-1.3211200263576859,6.639114346164092,16390U
2025-06-29T12:27:39.409912,737.0342697231466,-7374.593518234556,-1196.3738479608755,2.4851739624432874,-0.9053040623562113,6.718425173576607,16390U
2025-06-29T12:28:39.409912,884.8018184716722,-7416.370295968991,-791.467656978257,2.4393069950187316,-0.4869978299800979,6.774782218347287,16390U
2025-06-29T12:29:39.409912,1029.5700781911275,-7433.008984651091,-383.87228652535214,2.3852333924124443,-0.06755684020711585,6.808063547672708,16390U
2025-06-29T12:30:39.409912,1170.8524329474667,-7424.482164597151,25.02590935005104,2.3231459757800312,0.351666714418755,6.818214735464158,16390U
2025-06-29T12:31:39.409912,1308.1745071576813,-7390.843331944499,433.8393372286104,2.2532598002572892,0.7693270452055464,6.805248334414112,16390U
2025-06-29T12:32:39.409912,1441.0754757498614,-7332.226421763592,841.1831578018732,2.175811474132603,1.1840877746844454,6.769243271840271,16390U
2025-06-29T12:33:39.409912,1569.1093332516853,-7248.8451547878485,1245.679240654183,2.0910584657640086,1.5946248698532144,6.710344176090322,16390U
2025-06-29T12:34:39.409912,1691.846121256804,-7140.992212086959,1645.9600767472891,1.9992783997184669,1.9996295057771336,6.628760639787243,16390U
2025-06-29T12:35:39.409912,1808.8731137830525,-7009.038241637282,2040.6726453641627,1.9007683433293687,2.397810864610958,6.524766425641523,16390U
2025-06-29T12:36:39.409912,1919.795960080412,-6853.430700339222,2428.482232575223,1.7958440845606116,2.787898875701331,6.398698619936203,16390U
2025-06-29T12:37:39.409912,2024.2397844645782,-6674.692534600277,2808.076198537109,1.6848394017300972,3.1686469030216506,6.250956738088662,16390U
2025-06-29T12:38:39.409912,2121.85024274708,-6473.420702146402,3178.1676911234567,1.5681053252780301,3.5388343867731247,6.0820017858947235,16390U
2025-06-29T12:39:39.409912,2212.2945348020685,-6250.284537248009,3537.49930351273,1.4460093913648566,3.8972694465372584,5.892355279154089,16390U
2025-06-29T12:40:39.409912,2295.2623727534688,-6006.023961054685,3884.8466734164463,1.318934886649222,4.242791453867035,5.6825982233500545,16390U
2025-06-29T12:41:39.409912,2370.4669041832,-5741.447538229781,4219.022021618167,1.1872800831285433,4.5742735826342384,5.453370053902992,16390U
2025-06-29T12:42:39.409912,2437.64558965068,-5457.43038056872,4538.8776274043375,1.0514574614260102,4.8906253457825875,5.2053675362306056,16390U
2025-06-29T12:43:39.409912,2496.5610336764566,-5154.911897778475,4843.309238299945,0.9118929203805847,5.1907951273442805,4.939343623424944,16390U
2025-06-29T12:44:39.409912,2547.001768176172,-4834.893395100981,5131.259411266681,0.7690249702481167,5.473772718627288,4.65610626780086,16390U
2025-06-29T12:45:39.409912,2588.782987137455,-4498.435516985278,5401.720782179981,0.6233039062566796,5.738591867344378,4.35651718088513,16390U
2025-06-29T12:46:39.409912,2621.7472311100164,-4146.655535564772,5653.739259965051,0.47519095868880334,5.984332848094623,4.041490534614244,16390U
2025-06-29T12:47:39.409912,2645.7650198292768,-3780.7244822893153,5886.417141238816,0.3251574150988008,6.21012506198935,3.7119915946086564,16390U
2025-06-29T12:48:39.409912,2660.735431018181,-3401.86412070549,6098.91614067373,0.17368370972655497,6.415149672305251,3.3690352744131,16390U
2025-06-29T12:49:39.409912,2666.58662311022,-3011.3437580941068,6290.460331564332,0.02125847465982285,6.59864228180817,3.013684597572784,16390U
2025-06-29T12:50:39.409912,2663.276299313637,-2610.4768934709464,6460.338990241912,-0.13162245315998142,6.759895655795027,2.647049052388053,16390U
2025-06-29T12:51:39.409912,2650.7921100935837,-2200.617699357852,6607.909337045229,-0.28445707537453907,6.89826249291717,2.270282822206641,16390U
2025-06-29T12:52:39.409912,2629.1519907911843,-1783.1573347544852,6732.599165519569,-0.43673833265677153,7.013158243454588,1.8845828722288227,16390U
2025-06-29T12:53:39.409912,2598.404430730987,-1359.520086906449,6833.909350390037,-0.5879552688994337,7.104063971892534,1.491186872080623,16390U
2025-06-29T12:54:39.409912,2558.6286697974424,-931.1593397958858,6911.416223645125,-0.7375942658832965,7.170529257404561,1.0913709319287093,16390U
2025-06-29T12:55:39.409912,2509.934818095938,-499.55336779949494,6964.773806788144,-0.8851403549977584,7.212175122175639,0.6864471287491634,16390U
2025-06-29T12:56:39.409912,2452.4638939629203,-66.20095368580583,6993.7158859834135,-1.0300786122173617,7.2286969734286135,0.27776079860625114,16390U
2025-06-29T12:57:39.409912,2386.3877752648827,367.38316891599095,6998.057915464163,-1.1718956419378517,7.219867540583869,-0.13331242945903626,16390U
2025-06-29T12:58:39.409912,2311.9090586395564,799.6730472324407,6977.698733206769,-1.3100811544241957,7.185539784243751,-0.545369881996165,16390U
2025-06-29T12:59:39.409912,2229.260821098877,1229.1364124238994,6932.6220715447935,-1.4441296404978394,7.1256497487277555,-0.9569853952151177,16390U
2025-06-29T13:00:39.409912,2138.706278247521,1654.2397494379425,6862.897844134127,-1.5735421456789036,7.040219324790753,-1.3667131958171739,16390U
2025-06-29T13:01:39.409912,2040.5383332895478,2073.4535269987423,6768.683189531829,-1.6978281442916594,6.929358884057026,-1.7730921272076616,16390U
2025-06-29T13:02:39.409912,1935.07901101586,2485.257578748971,6650.223250664346,-1.8165075120402427,6.793269741740257,-2.174650236165353,16390U
2025-06-29T13:03:39.409912,1822.6787711045672,2888.1466239312886,6507.851668689438,-1.9291125932752498,6.6322463995580065,-2.5699097305425664,16390U
2025-06-29T13:04:39.409912,1703.7156953409096,3280.635913101401,6341.99076925556,-2.035190356624402,6.446678516568549,-2.957392313100551,16390U
2025-06-29T13:05:39.409912,1578.594543790499,3661.266981226624,6153.151418992315,-2.134304629883479,6.237052552153091,-3.3356248901539307,16390U
2025-06-29T13:06:39.409912,1447.7456755511946,4028.6134871883287,5941.932530281711,-2.2260384021083137,6.003953022737119,-3.703145646359256,16390U
2025-06-29T13:07:39.409912,1311.623830478802,4381.287115219466,5709.020193020521,-2.309996177772162,5.748063312294721,-4.058510468816305,16390U
2025-06-29T13:08:39.409912,1170.7067692342903,4717.943510240976,5455.186413236825,-2.385806364733899,5.470165976399794,-4.400299694791306,16390U
2025-06-29T13:09:39.409912,1025.4937701419876,5037.288215484369,5181.287440115414,-2.4531236746839045,5.171142480758317,-4.727125147983543,16390U
2025-06-29T13:10:39.409912,876.5039826738991,5338.082577295945,4888.261665247511,-2.51163151179671,4.8519723179226615,-5.0376374185588695,16390U
2025-06-29T13:11:39.409912,724.2746388781611,5619.149578708374,4577.1270807709725,-2.5610443226255164,4.513731450365019,-5.3305333324165245,16390U
2025-06-29T13:12:39.409912,569.3591257338811,5879.37956034337,4248.97828651158,-2.601109877933778,4.157590034337095,-5.6045635456251235,16390U
2025-06-29T13:13:39.409912,412.3249232180621,6117.735784588004,3904.9830402587895,-2.6316114552828576,3.78480938697359,-5.858540190974368,16390U
2025-06-29T13:14:39.409912,253.75141478382847,6333.259796876683,3546.378349876754,-2.6523698898875976,3.396738168852776,-6.091344495467824,16390U
2025-06-29T13:15:39.409912,94.22757893454842,6525.076536422847,3174.466111003203,-2.663245460609974,2.994807765578277,-6.301934280664532,16390U
2025-06-29T13:16:39.409912,-65.65042740231155,6692.399147972357,2790.6082995549996,-2.664139578064402,2.580526864703928,-6.4893512523786105,16390U
2025-06-29T13:17:39.409912,-225.28178099960235,6834.533446190677,2396.221734028604,-2.654996242720343,2.1554752382064244,-6.652727982671355,16390U
2025-06-29T13:18:39.409912,-384.0635853189374,6950.8819852080915,1992.7724285497866,-2.6358032426428033,1.7212967553986338,-6.791294485564503,16390U
2025-06-29T13:19:39.409912,-541.3935279216162,7040.9476876840245,1581.7695636463748,-2.606593063118975,1.2796916662698485,-6.904384288670928,16390U
2025-06-29T13:20:39.409912,-696.6725842301146,7104.336990530068,1164.75910764759,-2.5674434838558033,0.8324082103079694,-6.991439906103892,16390U
2025-06-29T13:21:39.409912,-849.3077481681753,7140.762468144105,743.3171272966547,-2.5184778436432405,0.3812336204376575,-7.052017623636277,16390U
2025-06-29T13:22:39.409912,-998.7147690854465,7150.0448986136535,319.04283144586856,-2.4598649572735054,-0.07201539467186654,-7.0857915150935495,16390U
2025-06-29T13:23:39.409912,-1144.3208735715707,7132.114743775429,-106.44860357051913,-2.3918186749690915,-0.525502594480423,-7.092556619244483,16390U
2025-06-29T13:24:39.409912,-1285.5674503161247,7087.013020167653,-531.5333742575376,-2.31459708045685,-0.9773824708356618,-7.07223121877518,16390U
2025-06-29T13:25:39.409912,-1421.9126761008372,7014.891544653838,-954.586500135451,-2.2285013299654883,-1.4258107187018367,-7.0248581769836,16390U
2025-06-29T13:26:39.409912,-1552.8340613280943,6916.012545679009,-1373.9893256403777,-2.1338741406378956,-1.868954793852347,-6.950605303227089,16390U
2025-06-29T13:27:39.409912,-1677.8308941964533,6790.747638572392,-1788.1370143239174,-2.03109794294989,-2.3050044351732946,-6.8497647344490495,16390U
2025-06-29T13:28:39.409912,-1796.4265637150256,6639.576170852586,-2195.4459756694546,-1.920592717525981,-2.7321820292391137,-6.722751336816195,16390U
2025-06-29T13:29:39.409912,-1908.1707431801156,6463.08295093713,-2594.3611656342673,-1.8028135420632325,-3.148752697704547,-6.570100148108745,16390U
2025-06-29T13:30:39.409912,-2012.6414174812,6261.955380825828,-2983.363203841692,-1.6782478787570787,-3.5530339937108497,-6.392462897519735,16390U
2025-06-29T13:31:39.409912,-2109.4467396142295,6036.980020044211,-3360.9752531309946,-1.5474126365328984,-3.943405101728493,-6.190603654458301,16390U
2025-06-29T13:32:39.409912,-2198.226704002908,5789.038614246441,-3725.769610835771,-1.4108510454209013,-4.318315445757439,-5.965393671385403,16390U
2025-06-29T13:33:39.409912,-2278.6546266042337,5519.10362725376,-4076.373965593396,-1.269129382499891,-4.676292623208371,-5.717805497272995,16390U
2025-06-29T13:34:39.409912,-2350.4384242402175,5228.233319841542,-4411.4772785552595,-1.1228335899457071,-5.015949595661408,-5.448906447682665,16390U
2025-06-29T13:35:39.409912,-2413.321688090293,4917.566422213984,-4729.835253418852,-0.9725658258589004,-5.335991082568449,-5.1598515245140195,16390U
2025-06-29T13:36:39.409912,-2467.0845487382653,4588.316449777748,-5030.275365586729,-0.8189409877531014,-5.635219119347785,-4.851875883072952,16390U
2025-06-29T13:37:39.409912,-2511.5443325374154,4241.765713538056,-5311.701426812222,-0.6625832469348542,-5.9125377567292645,-4.526286946252896,16390U
2025-06-29T13:38:39.409912,-2546.556011287748,3879.259077213456,-5573.0976677670105,-0.5041226295967483,-6.166956893191833,-4.184456265390619,16390U
2025-06-29T13:39:39.409912,-2572.012449268291,3502.1975130512487,-5813.532326916344,-0.3441916774016825,-6.397595246479993,-3.827811224920843,16390U
2025-06-29T13:40:39.409912,-2587.844453503144,3112.0315073943507,-6032.16073978899,-0.18342221679026094,-6.603682483143391,-3.457826683542139,16390U
2025-06-29T13:41:39.409912,-2594.020634737528,2710.2543653961798,-6228.227928070881,-0.022442262341461506,-6.784560536532232,-3.0760166385082672,16390U
2025-06-29T13:42:39.409912,-2590.5470879471404,2298.395462008786,-6401.070692845988,0.13812692459869633,-6.939684153496296,-2.683925992198695,16390U
2025-06-29T13:43:39.409912,-2577.4669022948815,1878.0134835927438,-6550.119220692198,0.2976736049960009,-7.06862071805335,-2.2831224916401367,16390U
2025-06-29T13:44:39.409912,-2554.8595112872645,1450.6897013314203,-6674.898215170689,0.45559814602795334,-7.171049406463396,-1.875188902492191,16390U
2025-06-29T13:45:39.409912,-2522.839894479109,1018.0213141923663,-6775.027569503848,0.611315410891415,-7.246759732490484,-1.4617154695089514,16390U
2025-06-29T13:46:39.409912,-2481.557642445904,581.614895571534,-6850.222598918277,0.7642569493197005,-7.295649544236642,-1.044292705951139,16390U
2025-06-29T13:47:39.409912,-2431.1958969094126,143.07997408094528,-6900.293853252447,0.9138729869933876,-7.317722534928526,-0.6245045451232099,16390U
2025-06-29T13:48:39.409912,-2371.9701778876756,-295.97722471684443,-6925.146532022898,1.059634215027165,-7.313085329599556,-0.20392187837719614,16390U
2025-06-29T13:49:39.409912,-2304.1271095711822,-733.9598523891268,-6924.779525249922,1.2010333832945252,-7.28194420794073,0.21590350425508137,16390U
2025-06-29T13:50:39.409912,-2227.9430563290985,-1169.2863077020788,-6899.284104012214,1.337586703499867,-7.224601520908043,0.6334445620290903,16390U
2025-06-29T13:51:39.409912,-2143.722679847974,-1600.395886071345,-6848.842284984126,1.4688350696276296,-7.1414518551944,1.0472042377949862,16390U
2025-06-29T13:52:39.409912,-2051.797427925608,-2025.7541947718266,-6773.724893163364,1.5943451047046835,-7.0329779956146865,1.4557202819685422,16390U
2025-06-29T13:53:39.409912,-1952.523964905405,-2443.8583230257923,-6674.289346677032,1.7137100437382808,-6.899746731015736,1.8575696741422496,16390U
2025-06-29T13:54:39.409912,-1846.2825531629467,-2853.2417585654935,-6550.97718701177,1.826550463269987,-6.742404544692542,2.251372654052549,16390U
2025-06-29T13:55:39.409912,-1733.4753944616225,-3252.4790444900364,-6404.311377297692,1.9325148682634627,-6.5616732256252375,2.635796376507007,16390U
2025-06-29T13:56:39.409912,-1614.524939394032,-3640.1901722028992,-6234.8933904300975,2.0312801470624686,-6.358345432283974,3.009558206974882,16390U
2025-06-29T13:57:39.409912,-1489.8721725298471,-4015.0447079466417,-6043.400107874226,2.1225519049651855,-6.133280236384193,3.3714286759500327,16390U
2025-06-29T13:58:39.409912,-1359.9748803096147,-4375.765651953987,-5830.580549000487,2.206064686603934,-5.88739866989566,3.7202341109948174,16390U
2025-06-29T13:59:39.409912,-1225.3059081622407,-4721.133030533352,-5597.25244976547,2.2815820968404408,-5.6216792948675085,4.054858965670171,16390U
2025-06-29T14:00:39.409912,-1086.3514127870649,-5049.987222517788,-5344.29870850968,2.3488968293231633,-5.337153812262013,4.374247864443363,16390U
2025-06-29T14:01:39.409912,-943.6091150328155,-5361.232022448455,-5072.6637156034785,2.4078306112377654,-5.034902723006007,4.677407382232011,16390U
2025-06-29T14:02:39.409912,-797.5865583243134,-5653.837443659324,-4783.34958264768,2.4582340721457885,-4.71605105186346,4.963407576577795,16390U
2025-06-29T14:03:39.409912,-648.7993771375402,-5926.842265090334,-4477.412285936879,2.499986544169378,-4.381764142494605,5.231383289614732,16390U
2025-06-29T14:04:39.409912,-497.76957960050044,-6179.356326202713,-4155.957737923637,2.532995800163091,-4.033243530164121,5.480535236073904,16390U
2025-06-29T14:05:39.409912,-345.0238479034916,-6410.56257481184,-3820.1377994880277,2.557197735928085,-3.671722896965158,5.71013089259715,16390U
2025-06-29T14:06:39.409912,-191.09185983425849,-6619.718873005633,-3471.146244915898,2.5725560019795037,-3.2984641130943047,5.919505202663146,16390U
2025-06-29T14:07:39.409912,-36.50463441166281,-6806.159566585606,-3110.2146906284142,2.5790615898792346,-2.914753366611696,6.10806111048733,16390U
2025-06-29T14:08:39.409912,118.20709572652595,-6969.2968236660145,-2738.6084978776903,2.57673237769465,-2.521897383204488,6.275269936369355,16390U
2025-06-29T14:09:39.409912,272.51448282114575,-7108.621748197393,-2357.622658833497,2.565612638739105,-2.121219736707054,6.420671605138483,16390U
2025-06-29T14:10:39.409912,425.8921312862917,-7223.705274250833,-1968.5776747325915,2.545772517388051,-1.7140572504814033,6.543874738596434,16390U
2025-06-29T14:11:39.409912,577.8196319649923,-7314.198846913729,-1572.815434042291,2.517307475441114,-1.3017564891915079,6.644556622179793,16390U
2025-06-29T14:12:39.409912,727.7830617401962,-7379.834895608318,-1171.6950979081987,2.480337712209198,-0.8856703399922156,6.722463055453437,16390U
2025-06-29T14:13:39.409912,875.276447106356,-7420.4271055558065,-766.5889995080294,2.4350075612399324,-0.46715468166839424,6.777408095495529,16390U
2025-06-29T14:14:39.409912,1019.8031904966225,-7435.870492972239,-358.87856332492663,2.381484866347439,-0.04756513978873798,6.809273701730277,16390U
2025-06-29T14:15:39.409912,1160.8774583320287,-7426.141289401128,50.04975022006046,2.31996033937595,0.3717460745401062,6.81800929029343,16390U
2025-06-29T14:16:39.409912,1298.0255299075238,-7391.296640363301,458.808469866868,2.2506469018943944,0.7894332452225207,6.8036312055609285,16390U
2025-06-29T14:17:39.409912,1430.7871063601253,-7331.474123239178,866.013103928915,2.173779012783469,1.2041601544436031,6.766222116016896,16390U
2025-06-29T14:18:39.409912,1558.7165790718518,-7246.891088994854,1270.2860920478695,2.089611983431601,1.6146030126136446,6.705930341166052,16390U
2025-06-29T14:19:39.409912,1681.3842569468125,-7137.8438320231935,1670.2607147186407,1.9984212819958203,2.019453319501022,6.622969115690167,16390U
2025-06-29T14:20:39.409912,1798.3775520661243,-7004.70659199705,2064.5849573640694,1.9005018279022488,2.417420661647157,6.517615796491633,16390U
2025-06-29T14:21:39.409912,1909.3021232651565,-6847.930391227715,2451.9253260350724,1.7961672774549329,2.8072354517458025,6.3902110176438045,16390U
2025-06-29T14:22:39.409912,2013.78297719621,-6668.041710588324,2830.970612056704,1.6857493010859557,3.187651616262547,6.2411577975607235,16390U
2025-06-29T14:23:39.409912,2111.465526432039,-6465.641006606833,3200.4356031195375,1.5695968524137158,3.5574492381441303,6.070920601896796,16390U
2025-06-29T14:24:39.409912,2202.0166041346324,-6241.401071855815,3559.064738437724,1.4480754288755853,3.915437162016978,5.880024364774235,16390U
2025-06-29T14:25:39.409912,2285.125434756137,-5996.065240274966,3905.6357056452016,1.321566323266984,4.260455569769242,5.669053469904668,16390U
2025-06-29T14:26:39.409912,2360.504560154105,-5730.445438560509,4238.962977081564,1.1904658650519053,4.5913785348337015,5.438650692012009,16390U
2025-06-29T14:27:39.409912,2427.890720393163,-5445.420084248678,4557.9012830239835,1.0551846498101942,4.907116563814213,5.189516097670121,16390U
2025-06-29T14:28:39.409912,2487.0456883654188,-5141.931830617629,4861.349019244546,0.9161467546609955,5.206619134294543,4.922405903240881,16390U
2025-06-29T14:29:39.409912,2537.757057195761,-4820.985158038148,5148.25158601179,0.7737889369520622,5.488877237708672,4.638131286035387,16390U
2025-06-29T14:30:39.409912,2579.8389792030243,-4483.643810929906,5417.604655305123,0.628559812940475,5.752925936000415,4.337557143131254,16390U
2025-06-29T14:31:39.409912,2613.132854964878,-4131.028079035646,5668.457362567159,0.48091901262001324,5.997846940424433,4.021600790473191,16390U
2025-06-29T14:32:39.409912,2637.507970784082,-3764.3119213221707,5899.915418779459,0.3313363062853703,6.222771220205487,3.69123059297939,16390U
2025-06-29T14:33:39.409912,2652.862082576633,-3384.719930468107,6111.144138007264,0.18029069787808502,6.426881647841974,3.3474645143978776,16390U
2025-06-29T14:34:39.409912,2659.1219439004008,-2993.5241356195334,6301.371374816956,0.028269479649839137,6.609415686579417,2.9913685736372773,16390U
2025-06-29T14:35:39.409912,2656.24377551892,-2592.0406408993695,6469.890365127331,-0.12423275777719497,6.769668123959003,2.624055192272478,16390U
2025-06-29T14:36:39.409912,2644.2136735510044,-2181.6260970669055,6616.062463110762,-0.2767151662521322,6.90699385333573,2.2466814159498893,16390U
2025-06-29T14:37:39.409912,2623.0479528986384,-1763.6740037569375,6739.31976571867,-0.42867173841964795,7.020810702839366,1.8604469905436931,16390U
2025-06-29T14:38:39.409912,2592.793422277326,-1339.6108399049208,6839.167615273148,-0.5795924702640997,7.110602308404683,1.4665922722100002,16390U
2025-06-29T14:39:39.409912,2553.527586802143,-910.8920203091083,6915.1869693517565,-0.7289645946171925,7.175921024220519,1.0663959490261026,16390U
2025-06-29T14:40:39.409912,2505.358773717102,-478.9976768122533,6967.03662591043,-0.8762738922027223,7.21639086024859,0.661172550765704,16390U
2025-06-29T14:41:39.409912,2448.426176504688,-45.428263331528484,6994.455290255965,-1.0210060864159316,7.231710432364575,0.25226972264047,16390U
2025-06-29T14:42:39.409912,2382.89981228779,388.30001505953965,6997.263469119618,-1.1626483274306498,7.221655906216529,-0.1589347613810815,16390U
2025-06-29T14:43:39.409912,2308.9803871505355,820.6599475607497,6975.36517572232,-1.3006907703673358,7.186083911136261,-0.5710362696833848,16390U
2025-06-29T14:44:39.409912,2226.8990637717334,1250.118234650744,6928.749428395295,-1.434628251123581,7.124934395458538,-0.9826068914781229,16390U
2025-06-29T14:45:39.409912,2136.917125600137,1675.140571948959,6857.491524064922,-1.563962062047852,7.038233389500899,-1.3921993437314688,16390U
2025-06-29T14:46:39.409912,2039.325531721965,2094.196894137108,6761.7540667728035,-1.6882018279209694,6.9260956373579345,-1.7983512249292644,16390U
2025-06-29T14:47:39.409912,1934.444356592977,2505.766769781575,6641.787730429145,-1.8068674807004041,6.78872705371132,-2.1995896304545215,16390U
2025-06-29T14:48:39.409912,1822.622108950473,2908.3449352437533,6497.931734244806,-1.9194913291864861,6.626426957218008,-2.594436139776897,16390U
2025-06-29T14:49:39.409912,1704.2349244984086,3300.44695295181,6330.61400880939,-2.025620217214788,6.439590027893171,-2.9814121801143343,16390U
2025-06-29T14:50:39.409912,1579.6856273899036,3680.614976151639,6140.351030639118,-2.124817761195097,6.228707932448711,-3.3590447647271264,16390U
2025-06-29T14:51:39.409912,1449.40265612808,4047.4235989025983,5927.7473032661,-2.2166666548561778,5.9943705589830865,-3.7258725965991824,16390U
2025-06-29T14:52:39.409912,1313.838850279812,4399.485766587783,5693.494463635044,-2.300771025977144,5.737266800944985,-4.08045252003968,16390U
2025-06-29T14:53:39.409912,1173.470095356175,4735.458718631348,5438.3699937664405,-2.376758826765301,5.458184830107376,-4.421366293828428,16390U
2025-06-29T14:54:39.409912,1028.7938243587805,5054.049931541212,5163.235519376742,-2.4442842364660287,5.158011799561456,-4.747227650110117,16390U
2025-06-29T14:55:39.409912,880.3273758231086,5354.023026906985,4869.034679451704,-2.5030300518573694,4.837732920623422,-5.056689593526144,16390U
2025-06-29T14:56:39.409912,728.6062096969822,5634.203605687076,4556.790553663736,-2.5527100385982484,4.498429862145587,-5.34845188531964,16390U
2025-06-29T14:57:39.409912,574.1819840607421,5893.484967117284,4227.602638013139,-2.5930712140729875,4.141278427100783,-5.6212686476440785,16390U
2025-06-29T14:58:39.409912,417.6204975028484,6130.833667979993,3882.6433631389827,-2.623896030515411,3.7675454694676334,-5.8739560143652225,16390U
2025-06-29T14:59:39.409912,259.499503879327,6345.294875900417,3523.154154351016,-2.645004425909942,3.3785850243213886,-6.105399746600181,16390U
2025-06-29T15:00:39.409912,100.40640817332816,6535.9974688903985,3150.4410375229577,-2.6562557095480828,2.975833635502112,-6.314562724416366,16390U
2025-06-29T15:01:39.409912,-59.06414581217827,6702.15883264198,2765.8698004792577,-2.65755024924871,2.560804878085255,-6.500492220839207,16390U
2025-06-29T15:02:39.409912,-218.3127831985127,6843.089307168954,2370.860725298817,-2.6488309281887585,2.1350830868432236,-6.662326860884655,16390U
2025-06-29T15:03:39.409912,-376.7379865543661,6958.196235369317,1966.882912936065,-2.6300843410732373,1.7003163166288477,-6.799303166988349,16390U
2025-06-29T15:04:39.409912,-533.7387487389551,7046.987567983896,1555.4482275786295,-2.6013417020068217,1.2582085757296428,-6.910761593145393,16390U
2025-06-29T15:05:39.409912,-688.7172719830464,7109.074982271098,1138.104894081135,-2.562679439889196,0.8105113883062989,-6.9961519534207985,16390U
2025-06-29T15:06:39.409912,-841.0816937349102,7144.176475495986,716.4307874746839,-2.514219461385963,0.3590147565683832,-7.055038156284077,16390U
2025-06-29T15:07:39.409912,-990.2488186868629,7152.118399000228,292.0264587991704,-2.4561290664368687,-0.09446239311365817,-7.087102164410891,16390U
2025-06-29T15:08:39.409912,-1135.6468356073883,7132.836904104842,-133.49205381207366,-2.3886205067344095,-0.5480821838690244,-7.09214711003917,16390U
2025-06-29T15:09:39.409912,-1276.7179971679325,7086.378777296779,-558.500575889526,-2.3119501834919314,-0.9999980752575566,-7.070099508433757,16390U
2025-06-29T15:10:39.409912,-1412.9212408941712,7012.901648932586,-981.3742531733487,-2.2264174869548246,-1.4483653490100106,-7.021010526184673,16390U
2025-06-29T15:11:39.409912,-1543.7347297011067,6912.673566903657,-1400.4950556748163,-2.1323632863092743,-1.891351673706462,-6.945056276547991,16390U
2025-06-29T15:12:39.409912,-1668.6582911874284,6786.0719341773565,-1814.2592697604814,-2.0301680847227668,-2.3271476258696833,-6.842537130385622,16390U
2025-06-29T15:13:39.409912,-1787.2157359544954,6633.581816674737,-2221.084918587034,-1.920249860022446,-2.7539770451646763,-6.713876047982339,16390U
2025-06-29T15:14:39.409912,-1898.9570366532373,6455.793635382382,-2619.4190520839925,-1.8030616168051217,-3.170107104478621,-6.559615953607831,16390U
2025-06-29T15:15:39.409912,-2003.4603512104038,6253.400263741855,-3007.7448495719764,-1.679088680418095,-3.573857981500615,-6.3804161906464865,16390U
2025-06-29T15:16:39.409912,-2100.3338756977405,6027.193558044512,-3384.588480956187,-1.5488457671201497,-3.963612026818612,-6.177048109963524,16390U
2025-06-29T15:17:39.409912,-2189.217514529873,5778.060354628326,-3748.52567616142,-1.4128738677241526,-4.337822334203703,-5.950389857485748,16390U
2025-06-29T15:18:39.409912,-2269.784358047865,5506.977972998412,-4098.1879569596285,-1.2717369840704014,-4.695020631278801,-5.701420438388938,16390U
2025-06-29T15:19:39.409912,-2341.7419600055455,5215.009268470924,-4432.2684904509515,-1.1260187587513575,-5.033824422735894,-5.431213144521616,16390U
2025-06-29T15:20:39.409912,-2404.833409958772,4903.297281502974,-4749.527529042456,-0.9763190386130526,-5.352943333196364,-5.140928438569535,16390U
2025-06-29T15:21:39.409912,-2458.8381980071786,4573.059533478057,-5048.797407672383,-0.8232504117357153,-5.651184612217563,-4.831806392881402,16390U
2025-06-29T15:22:39.409912,-2503.572871695059,4225.582020362955,-5328.987075091348,-0.6674347559224101,-5.927457779352281,-4.505158782836795,16390U
2025-06-29T15:23:39.409912,-2538.891487094779,3862.2129563626213,-5589.086142083399,-0.509499834300177,-6.180778402112583,-4.1623609342337895,16390U
2025-06-29T15:24:39.409912,-2564.6858581315923,3484.356319524926,-5828.168435448327,-0.350075970584374,-6.41027101377031,-3.804843421577051,16390U
2025-06-29T15:25:39.409912,-2580.885610029354,3093.46525026258,-6045.3950522456225,-0.18979283301083322,-6.615171190795935,-3.434083709595814,16390U
2025-06-29T15:26:39.409912,-2587.4580443410937,2691.0353520590083,-6240.016914112306,-0.029276352043631645,-6.794826821119766,-3.0515978241068753,16390U
2025-06-29T15:27:39.409912,-2584.407824361669,2278.5979413118826,-6411.376826327187,0.1308542071373239,-6.948698604098004,-2.6589321307828526,16390U
2025-06-29T15:28:39.409912,-2571.776490798588,1857.7132904610544,-6558.911050637804,0.28998900053712107,-7.076359830957757,-2.257655291838355,16390U
2025-06-29T15:29:39.409912,-2549.6418184045847,1429.9639053580781,-6682.150404654892,0.44753017691927127,-7.177495500539674,-1.8493504614466605,16390U
2025-06-29T15:30:39.409912,-2518.1170248626386,996.9478743749875,-6780.720903833713,0.602894256285574,-7.251900829378918,-1.4356077711769986,16390U
2025-06-29T15:31:39.409912,-2477.3498435774604,560.2723231387258,-6854.343964698418,0.7555143101819206,-7.299479217649682,-1.0180171472135453,16390U
2025-06-29T15:32:39.409912,-2427.5214721879893,121.54700509558457,-6902.83619004876,0.904841942106178,-7.320239733388712,-0.59816149183576,16390U
2025-06-29T15:33:39.409912,-2368.8454085970043,-317.62194554264187,-6926.108758443002,1.050349069263446,-7.314294176880561,-0.17761025284677753,16390U
2025-06-29T15:34:39.409912,-2301.5661861424046,-755.6380754751962,-6924.166441322203,1.1915295094670577,-7.281853785337032,0.24208660349167074,16390U
2025-06-29T15:35:39.409912,-2225.958019235655,-1190.9204690198785,-6897.10627177749,1.3279003791069075,-7.223225635252598,0.6594042077924983,16390U
2025-06-29T15:36:39.409912,-2142.323370392379,-1621.909383460869,-6845.115889217496,1.4590033098040094,-7.138808796286137,1.0728479893639467,16390U
2025-06-29T15:37:39.409912,-2050.991449101557,-2047.0716496176012,-6768.471584123091,1.5844054926576014,-7.0290902864232985,1.4809584682547303,16390U
2025-06-29T15:38:39.409912,-1952.3166524455248,-2464.905826936383,-6667.536066736072,1.7037005599004762,-6.894640873713499,1.8823156458436747,16390U
2025-06-29T15:39:39.409912,-1846.67695681192,-2873.9471048690475,-6542.755982969205,1.8165093143440447,-6.7361107652320475,2.275543005971548,16390U
2025-06-29T15:40:39.409912,-1734.472269448863,-3272.7719445032026,-6394.6592000961955,1.9224803172603515,-6.554225219250609,2.6593111414345856,16390U
2025-06-29T15:41:39.409912,-1616.1227480174957,-3660.0024563625216,-6223.851883923218,2.0212903453616544,-6.34978011203637,3.0323410227074294,16390U
2025-06-29T15:42:39.409912,-1492.0670957057139,-4034.310512004026,-6031.015388198273,2.1126447273415603,-6.123637486350173,3.393406927114486,16390U
2025-06-29T15:43:39.409912,-1362.760838889488,-4394.421588528616,-5816.902976010795,2.1962775700837023,-5.876721104651491,3.741339047427462,16390U
2025-06-29T15:44:39.409912,-1228.6745937712951,-4739.118346403522,-5582.336391898698,2.2719518841646256,-5.610012026298392,4.075025799125018,16390U
2025-06-29T15:45:39.409912,-1090.29232789337,-5067.243942091685,-5328.202302334448,2.339459617714688,-5.324544224684988,4.3934158454056425,16390U
2025-06-29T15:46:39.409912,-948.1096219181994,-5377.705077913865,-5055.44862122099,2.3986216070893938,-5.021400257297513,4.695519858588517,16390U
2025-06-29T15:47:39.409912,-802.6319365927793,-5669.474792350917,-4765.080736005196,2.449287452169782,-4.70170699909059,4.98041203585084,16390U
2025-06-29T15:48:39.409912,-654.3728893659394,-5941.5949946451665,-4458.157649018645,2.4913353234785416,-4.366631447368356,5.247231386408538,16390U
2025-06-29T15:49:39.409912,-503.8525447091128,-6193.178748095277,-4135.788047688847,2.5246717076860463,-4.017376604475015,5.495182806312613,16390U
2025-06-29T15:50:39.409912,-351.5957218006377,-6423.412306872556,-3799.1263163317963,2.5492310974993813,-3.6551774430223913,5.723537956058152,16390U
2025-06-29T15:51:39.409912,-198.13032286897555,-6631.556911529911,-3449.368501340858,2.5649756313881427,-3.2812969570697237,5.931635955228272,16390U
2025-06-29T15:52:39.409912,-43.985685151558776,-6816.950348637678,-3087.7482407276484,2.571894688106273,-2.8970223015840433,6.118883907452549,16390U
2025-06-29T15:53:39.409912,110.30904088930961,-6979.0082801713015,-2715.532668147512,2.5700044405224034,-2.5036610216077233,6.284757268070516,16390U
2025-06-29T15:54:39.409912,264.22648474366764,-7117.225348400066,-2334.018300757412,2.5593473728701555,-2.10253737180773,6.428800066067637,16390U
2025-06-29T15:55:39.409912,417.2426183447789,-7231.176062091334,-1944.5269195030378,2.5399917651716484,-1.6949887264390922,6.550624991102447,16390U
2025-06-29T15:56:39.409912,568.8382860435385,-7320.515469853137,-1548.4014497179721,2.5120311482673223,-1.2823620791948718,6.649913355766788,16390U
2025-06-29T15:57:39.409912,718.5007004640227,-7384.97962639397,-1147.0018492404758,2.4755837325968484,-0.8660106319085241,6.726414942612163,16390U
2025-06-29T15:58:39.409912,865.7249028468781,-7424.385857385803,-741.7010106102251,2.430791813612731,-0.4472904705947515,6.779947744925786,16390U
2025-06-29T15:59:39.409912,1010.0151866752707,-7438.632828475661,-333.88068330327485,2.377821156463199,-0.02755732684761151,6.810397609736362,16390U
2025-06-29T16:00:39.409912,1150.8864835459967,-7427.700423806367,75.07257860279685,2.3168603623466217,0.39183657785798787,6.817717791058686,16390U
2025-06-29T16:01:39.409912,1287.8657103971693,-7391.6494391793985,483.77143846954056,2.2481202187088063,0.8095456079048063,6.801928420931687,16390U
2025-06-29T16:02:39.409912,1420.4930773303836,-7330.621094724811,890.8317644627263,2.171833035220765,1.2242337127627994,6.763115905349394,16390U
2025-06-29T16:03:39.409912,1548.3233553726643,-7244.836371636813,1294.8765783042152,2.0882519672304034,1.6345773536979396,6.7014322517117035,16390U
2025-06-29T16:04:39.409912,1670.927103607665,-7134.595177191549,1694.5399618638924,1.9976503281225735,2.0392683625031363,6.617094333914194,16390U
2025-06-29T16:05:39.409912,1787.8918551686993,-7000.275341888174,2088.470918391538,1.9003208917415402,2.4370167373725726,6.510383100636994,16390U
2025-06-29T16:06:39.409912,1898.8232616262628,-6842.331452148275,2475.337185479503,1.7965751857243344,2.8265533816276136,6.381642731765226,16390U
2025-06-29T16:07:39.409912,2003.346195318782,-6661.293521575917,2853.828997082249,1.686742776259157,3.206632791589302,6.231279747163263,16390U
2025-06-29T16:08:39.409912,2101.105809167977,-6457.765503323434,3222.662792095539,1.5711705444164121,3.5760357004667087,6.059762071217026,16390U
2025-06-29T16:09:39.409912,2191.768553486924,-6232.423645632195,3580.584867109689,1.4502219538004981,3.933571685671469,5.867618055641439,16390U
2025-06-29T16:10:39.409912,2275.023149230782,-5986.014692125917,3926.374970996738,1.3242763088362837,4.278081747460153,5.655435462012516,16390U
2025-06-29T16:11:39.409912,2350.5815170550277,-5719.3539279332645,4258.849838963982,1.1937280025369812,4.608440867221755,5.423860404318192,16390U
2025-06-29T16:12:39.409912,2418.17966143379,-5433.323072211476,4576.866663604258,1.0589857521012371,4.9235605540442595,5.173596250522243,16390U
2025-06-29T16:13:39.409912,2477.5785089515634,-5128.868017141271,4879.326500288806,0.9204718201606068,5.2223913883806015,4.905402480701609,16390U
2025-06-29T16:14:39.409912,2528.5646997135805,-4806.99641297223,5165.177603981539,0.7786212189493869,5.503925571663288,4.620093497748207,16390U
2025-06-29T16:15:39.409912,2570.9513306245917,-4468.775098227343,5433.418694195067,0.6338808941043492,5.767199490551441,4.3185373849316955,16390U
2025-06-29T16:16:39.409912,2604.578649061781,-4115.327373734826,5683.102144358589,0.4867088842317567,6.011296304103218,4.001654602808763,16390U
2025-06-29T16:17:39.409912,2629.314695216414,-3747.8301187566535,5913.337091320204,0.3375734518142109,6.235348561513077,3.670416616057009,16390U
2025-06-29T16:18:39.409912,2645.055891101005,-3367.510747140415,6123.292460058633,0.1869521804851075,6.438540857102296,3.3258444388320667,16390U
2025-06-29T16:19:39.409912,2651.727573916118,-2975.644001147839,6312.199897930778,0.035331033189583784,6.6201125279690745,2.9690070852266577,16390U
2025-06-29T16:20:39.409912,2649.284471146033,-2573.5485804268646,6479.356611930785,-0.11679663470355987,6.779360398058972,2.6010199093912263,16390U
2025-06-29T16:21:39.409912,2637.711114408111,-2162.583603513748,6624.128101484678,-0.26893111365194006,6.915641570379612,2.2230428179069985,16390U
2025-06-29T16:22:39.409912,2617.0221887214902,-1744.1448992937526,6745.95077825674,-0.42056743614391007,7.028376266634883,1.8362783351393286,16390U
2025-06-29T16:23:39.409912,2587.2628134922124,-1319.6611260398672,6844.334463304686,-0.5711965376028029,7.117050710677637,1.441969500612626,16390U
2025-06-29T16:24:39.409912,2548.508751140327,-890.5897160045898,6918.864750701779,-0.7203064887403688,7.181220048874287,1.041397576007795,16390U
2025-06-29T16:25:39.409912,2500.8665389287357,-458.4126440884954,6969.205225457424,-0.8673838059330029,7.220511296746956,0.6358795382760236,16390U
2025-06-29T16:26:39.409912,2444.4735392027214,-24.63201986954107,6995.099522232861,-1.0119148458141396,7.234626297133638,0.22676533467382431,16390U
2025-06-29T16:27:39.409912,2379.497902924798,409.2344967276199,6996.37320998752,-1.1533872896643007,7.223344670624485,-0.18456512465308406,16390U
2025-06-29T16:28:39.409912,2306.1384411042445,841.6584545934936,6972.935486333073,-1.2912917223145746,7.186526734252649,-0.5967052604816687,16390U
2025-06-29T16:29:39.409912,2224.62439848904,1271.105542375966,6924.780664049503,-1.4251233091384448,7.124116359422536,-1.0082254275386813,16390U
2025-06-29T16:30:39.409912,2135.215123724894,1696.040686348046,6851.989430970545,-1.5543835732784748,7.036143734948367,-1.4176768476564985,16390U
2025-06-29T16:31:39.409912,2038.199630108753,2114.9333082485355,6754.729863318348,-1.6785822735297276,6.922727995977832,-1.8235958912048797,16390U
2025-06-29T16:32:39.409912,1933.8960410893228,2526.262733755752,6633.258171609618,-1.7972393812817102,6.784079674634944,-2.2245087212633776,16390U
2025-06-29T16:33:39.409912,1822.6509148122852,2928.5237395830695,6487.919157520788,-1.9098871526181895,6.620502923599515,-2.6189363103572547,16390U
2025-06-29T16:34:39.409912,1704.8384422900983,3320.2322242481914,6319.14635964529,-2.0160722891093856,6.432397459732097,-3.005399833966065,16390U
2025-06-29T16:35:39.409912,1580.8595142108502,3699.9309843968535,6127.461865959028,-2.115358178041704,6.220260171446673,-3.3824264384467013,16390U
2025-06-29T16:36:39.409912,1451.1406520018702,4066.195575193876,5913.47577108944,-2.2073271998632173,5.984686331033193,-3.7485553735418535,16390U
2025-06-29T16:37:39.409912,1316.1327995431348,4417.64022978616,5677.885257214117,-2.291583087541014,5.72637035173902,-4.102344471364663,16390U
2025-06-29T16:38:39.409912,1176.3099728882883,4752.923809262588,5421.4732786450595,-2.36775331940662,5.446106029323154,-4.442376944797696,16390U
2025-06-29T16:39:39.409912,1032.1677665034458,5070.755750956627,5145.10683192994,-2.4354915239922676,5.144786209178201,-4.7672684687896645,16390U
2025-06-29T16:40:39.409912,884.2217158697255,5369.901979458669,4849.7347956495005,-2.494479872435083,4.8234018231125075,-5.075674498305007,16390U
2025-06-29T16:41:39.409912,733.0055178077481,5649.190741420306,4536.385327030792,-2.544431431352046,4.4830402446084,-5.366297766930971,16390U
2025-06-29T16:42:39.409912,579.0691115547193,5907.518322253928,4206.162806027852,-2.5850924467754326,4.124882917876234,-5.637895900670542,16390U
2025-06-29T16:43:39.409912,422.9766254351876,6143.854600265301,3860.2443216316246,-2.6162445278968525,3.750202224311503,-5.889289072558046,16390U
2025-06-29T16:44:39.409912,265.3041958837764,6357.248391722126,3499.8756998148438,-2.637706698102076,3.3603575599613675,-6.119367615765221,16390U
2025-06-29T16:45:39.409912,106.63766756623684,6546.832538960639,3126.3670776405665,-2.6493372801839197,2.9567906091861946,-6.327099506145406,16390U
2025-06-29T16:46:39.409912,-52.4298146384514,6711.828692965534,2741.0880335828633,-2.651035582775565,2.54101981265262,-6.511537620012951,16390U
2025-06-29T16:47:39.409912,-211.3003090367129,6851.551742011791,2345.4622899205583,-2.642743356011722,2.1146340418371796,-6.671826669666699,16390U
2025-06-29T16:48:39.409912,-369.37366121982507,6965.413838995847,1940.962009048505,-2.624445986234439,1.679285507010126,-6.807209717986447,16390U
2025-06-29T16:49:39.409912,-526.0501523867573,7052.927982049408,1529.1017115737807,-2.5961734022189793,1.2366819408156393,-6.917034174546092,16390U
2025-06-29T16:50:39.409912,-680.7331937990507,7113.711105941862,1111.431849968719,-2.558000668878421,0.7885781146166875,-7.000757179217404,16390U
2025-06-29T16:51:39.409912,-832.8320478936342,7147.4866456199625,689.5320771926303,-2.5100482486547175,0.3367667592742886,-7.057950285213025,16390U
2025-06-29T16:52:39.409912,-981.7645554787613,7154.086537964294,265.00425490392047,-2.4524819157281126,-0.11693102450056317,-7.088303361884204,16390U
2025-06-29T16:53:39.409912,-1126.9598476585188,7133.452633383599,-160.53474947680436,-2.385512313656639,-0.5706757690970075,-7.091627648195919,16390U
2025-06-29T16:54:39.409912,-1267.8610207072602,7085.637495116108,-585.460423675232,-2.3093941529447504,-1.0226199490604384,-7.067857900412424,16390U
2025-06-29T16:55:39.409912,-1403.9277520671428,7010.804570928423,-1008.1480731790625,-2.224425051169185,-1.4709184812578144,-7.017053591814264,16390U
2025-06-29T16:56:39.409912,-1534.6388359830719,6909.227729141741,-1426.980327152915,-2.130944024477164,-1.913739295932256,-6.939399137837891,16390U
2025-06-29T16:57:39.409912,-1659.4946180140728,6781.2901584017,-1840.3546280950302,-2.029329645332171,-2.3492738559647353,-6.835203136427771,16390U
2025-06-29T16:58:39.409912,-1778.019308760521,6627.482638156475,-2246.6906455833596,-1.9199978871260464,-2.775747502082909,-6.704896630125855,16390U
2025-06-29T16:59:39.409912,-1889.7631585884867,6448.401194236204,-2644.4375553994614,-1.8033996815325104,-3.1914295050332573,-6.549030412989254,16390U
2025-06-29T17:00:39.409912,-1994.3044768867758,6244.744161049139,-3032.0811272880223,-1.680018219084411,-3.5946427117725963,-6.368271421319721,16390U
2025-06-29T17:01:39.409912,-2091.2514814046262,6017.308678561168,-3408.1505675283915,-1.5503660272880415,-3.9837726813038774,-6.163398261939444,16390U
2025-06-29T17:02:39.409912,-2180.2439654394716,5766.986658249509,-3771.225066284372,-1.4149818635388767,-4.35727621658625,-5.935295944931034,16390U
2025-06-29T17:03:39.409912,-2260.954773012238,5494.760257493375,-4119.940004235921,-1.2744274621099179,-4.713689211599491,-5.684949899022652,16390U
2025-06-29T17:04:39.409912,-2333.0910746198006,5201.69690628453,-4452.992778146643,-1.1292841755187726,-5.051633746699779,-5.4134393568693735,16390U
2025-06-29T17:05:39.409912,-2396.395438630574,4888.943933638051,-4769.148210637982,-0.9801495506484137,-5.3698243803951895,-5.121930204174547,16390U
2025-06-29T17:06:39.409912,-2450.646695826377,4557.722843626844,-5067.243515360977,-0.8276338791464779,-5.66707360109925,-4.811667390828495,16390U
2025-06-29T17:07:39.409912,-2495.6605969392344,4209.323292543964,-5346.192794828604,-0.6723567599311364,-5.942296417816241,-4.483967004020405,16390U
2025-06-29T17:08:39.409912,-2531.290265235307,3845.09681934366,-5604.991054239866,-0.5149437091912414,-6.194514083617481,-4.140208102703058,16390U
2025-06-29T17:09:39.409912,-2557.426448219026,3466.450381280084,-5842.7177205503785,-0.3560228502074338,-6.422856959780333,-3.7818244100372,16390U
2025-06-29T17:10:39.409912,-2573.9975743377054,3074.839745622845,-6058.539661701717,-0.19622171177257078,-6.626566541243208,-3.4102959557516983,16390U
2025-06-29T17:11:39.409912,-2580.9696221370195,2671.762786582077,-6251.713706203061,-0.036164160099570096,-6.8049966753044355,-3.027140754026289,16390U
2025-06-29T17:12:39.409912,-2578.34581063814,2258.752734224993,-6421.588668082563,0.12353251498613342,-6.957614015072117,-2.633906594859834,16390U
2025-06-29T17:13:39.409912,-2566.16612077445,1837.371419324305,-6567.606886531311,0.2822603429289242,-7.083997756939946,-2.232163018271235,16390U
2025-06-29T17:14:39.409912,-2544.506658542227,1409.2025548676263,-6689.30529330796,0.4394232318524644,-7.183838717280539,-1.8234935314415077,16390U
2025-06-29T17:15:39.409912,-2513.478871098233,975.8450914837065,-6786.316024142762,0.5944393358729497,-7.256937807645869,-1.40948811936882,16390U
2025-06-29T17:16:39.409912,-2473.2286273928985,538.9066804166264,-6858.366592975599,0.7467432253532625,-7.303203970134089,-0.9917360900798957,16390U
2025-06-29T17:17:39.409912,-2423.9351750828914,99.99727399864963,-6905.279649902632,0.8957878584625644,-7.3226516353645135,-0.571819286187372,16390U
2025-06-29T17:18:39.409912,-2365.8099854445486,-339.2771100775661,-6926.972345222831,1.041046355347953,-7.315397764876884,-0.15130568582845177,16390U
2025-06-29T17:19:39.409912,-2299.0954978358054,-777.3204379366405,-6923.455323011237,1.1820135787517183,-7.281658537941338,0.2682565920584854,16390U
2025-06-29T17:20:39.409912,-2224.0637749545062,-1212.5525027873632,-6894.831368250191,1.3182075270065077,-7.2217457399496405,0.685344870433626,16390U
2025-06-29T17:21:39.409912,-2141.015079741062,-1643.4145461052506,-6841.293731777118,1.449170547015181,-7.136062905977159,1.098467083526332,16390U
2025-06-29T17:22:39.409912,-2050.27638429653,-2068.374643512411,-6763.12415721353,1.574470376091734,-7.025101268972933,1.5061665370210524,16390U
2025-06-29T17:23:39.409912,-1952.199820655361,-2485.932844840077,-6660.690633678929,1.693701022431966,-6.8894355575516695,1.9070262677193301,16390U
2025-06-29T17:24:39.409912,-1847.161082684944,-2894.6260603008145,-6534.444897517771,1.8064834945353323,-6.729719683707537,2.2996730149485445,16390U
2025-06-29T17:25:39.409912,-1735.557787797317,-3293.0326868830293,-6384.919705525457,1.9124663901563437,-6.546682356100023,2.6827808187522235,16390U
2025-06-29T17:26:39.409912,-1617.807806566073,-3679.776971013757,-6212.725901292221,2.0113263553691945,-6.341122650006772,3.0550742618868454,16390U
2025-06-29T17:27:39.409912,-1494.3475677554993,-4053.533105227803,-6018.549295331241,2.102768424128843,-6.113905560701425,3.41533137395222,16390U
2025-06-29T17:28:39.409912,-1365.6303456961396,-4413.029058054154,-5803.14737864832,2.186526248351872,-5.865957562970283,3.762386216697801,16390U
2025-06-29T17:29:39.409912,-1232.124536388774,-4757.050137598396,-5567.345888371777,2.2623622280604834,-5.598262195783154,4.095131169769523,16390U
2025-06-29T17:30:39.409912,-1094.3119281911108,-5084.442290381568,-5312.03524301431,2.3300675505725694,-5.311855687811313,4.412518935985712,16390U
2025-06-29T17:31:39.409912,-952.6859724414195,-5394.115137913445,-5038.166863897885,2.3894621471109936,-5.007822636549027,4.713564284749844,16390U
2025-06-29T17:32:39.409912,-807.7500589006132,-5685.044754249383,-4746.749398249584,2.4403945745761666,-4.687291751237953,4.997345551503582,16390U
2025-06-29T17:33:39.409912,-660.0158004514653,-5956.276188419358,-4438.844858480607,2.4827418295978276,-4.351431667600821,5.2630059102668865,16390U
2025-06-29T17:34:39.409912,-510.00133107917327,-6206.925736143644,-4115.564691196647,2.516409101373733,-4.0014468405324575,5.5097544353670225,16390U
2025-06-29T17:35:39.409912,-358.2296207694529,-6436.182965674744,-3778.0657885577757,2.5413294692275232,-3.638573519337993,5.736866967476948,16390U
2025-06-29T17:36:39.409912,-205.2268106000746,-6643.312502940187,-3427.546453713475,2.557463550282532,-3.26407580881388,5.9436867981045065,16390U
2025-06-29T17:37:39.409912,-51.5205709656326,-6827.655581416044,-3065.242331182811,2.564799102158987,-2.87924181839602,6.1296251857290605,16390U
2025-06-29T17:38:39.409912,102.3615144364511,-6988.631362344943,-2692.4223122313797,2.5633505851592693,-2.485379900711912,6.294161715892357,16390U
2025-06-29T17:39:39.409912,255.89353652027344,-7125.738031031251,-2310.3844245137248,2.553158688008922,-2.0838149801309496,6.436844516729203,16390U
2025-06-29T17:40:39.409912,408.5528185546249,-7238.553675004355,-1920.4517145061131,2.534289820866609,-1.6758849712775499,6.557290340674341,16390U
2025-06-29T17:41:39.409912,559.8214419106243,-7326.736949845005,-1523.9681305434228,2.506835578999307,-1.2629372869180986,6.655184522407876,16390U
2025-06-29T17:42:39.409912,709.1877382153755,-7390.027538421009,-1122.2944136010374,2.4709121802335536,-0.8463254341323432,6.7302808224939525,16390U
2025-06-29T17:43:39.409912,856.1477465192795,-7428.246409180608,-716.8040023256744,2.4266598790331133,-0.427405697207207,6.782401165618987,16390U
2025-06-29T17:44:39.409912,1000.2066342705626,-7441.29587900807,-308.8789582200602,2.374242359810636,-0.007533905227918371,6.81143528183322,16390U
2025-06-29T17:45:39.409912,1140.8800810578814,-7429.159485957385,100.09408367698403,2.313846111848338,0.4119377181300513,6.817340258729261,16390U
2025-06-29T17:46:39.409912,1277.6956242266094,-7391.901676949207,508.7279337920755,2.245679787973915,0.8296636255869707,6.800140012035974,16390U
2025-06-29T17:47:39.409912,1410.1939656011596,-7329.667315245435,915.6388323581223,2.1699735489052876,1.244307941510297,6.759924681650667,16390U
2025-06-29T17:48:39.409912,1537.9302386502657,-7242.681012207338,1319.4503951874306,2.08697839493514,1.6545473854510706,6.6968499596581355,16390U
2025-06-29T17:49:39.409912,1660.4752355159915,-7131.246287498083,1718.7975173593052,1.9969654863676425,2.0590741285411234,6.61113635637483,16390U
2025-06-29T17:50:39.409912,1777.4165933833624,-6995.744561519422,2112.330231625155,1.900225453844592,2.45659858788302,6.503068409898717,16390U
2025-06-29T17:51:39.409912,1888.3599397251419,-6836.6339834453065,2498.7175186830996,1.7970676993785486,2.8458521647133703,6.3729938439988185,16390U
2025-06-29T17:52:39.409912,1992.9299959334148,-6654.448097820816,2876.6510665765136,1.687819688606403,3.2255899325759594,6.22132267849479,16390U
2025-06-29T17:53:39.409912,2090.771638888145,-6449.794352188738,3244.8489767979004,1.5728262343739874,3.5945932824697517,6.048526295425763,16390U
2025-06-29T17:54:39.409912,2181.5509199410385,-6223.3524477687715,3602.059414660327,1.4524487713923535,3.951672532347502,5.855136463415504,16390U
2025-06-29T17:55:39.409912,2264.9560407526674,-5975.872534704082,3947.064201598433,1.327064621257961,4.295669508888113,5.6417443215827445,16390U
2025-06-29T17:56:39.409912,2340.6982853289874,-5708.173252895476,4278.682347010236,1.1970662466660413,4.6254601098574435,5.408999323177703,16390U
2025-06-29T17:57:39.409912,2408.51290749146,-5421.139618939608,4595.773517142507,1.0628604931470595,4.939956855681532,5.157608137820331,16390U
2025-06-29T17:58:39.409912,2468.1599728742813,-5115.72075918749,4897.2414383327505,0.9248678161293997,5.238111439034268,4.888333509774309,16390U
2025-06-29T17:59:39.409912,2519.425154373778,-4792.927488451566,5182.037231645006,0.7835214905822495,5.518917281257202,4.601993068116606,16390U
2025-06-29T18:00:39.409912,2562.120479778375,-4453.829733422197,5449.162675571654,0.6392667999280999,5.781412104250796,4.299458082961742,16390U
2025-06-29T18:01:39.409912,2596.0850300826746,-4099.5537994181805,5697.673393015151,0.4925602003444589,6.0246805260691545,3.9816521600853423,16390U
2025-06-29T18:02:39.409912,2621.185586737537,-3731.2794787012863,5926.681958209185,0.3438684560091691,6.2478566877794846,3.649549864380135,16390U
2025-06-29T18:03:39.409912,2637.317225809079,-3350.2369982481973,6135.360918583232,0.19366774029978548,6.450126918175721,3.3041752605971286,16390U
2025-06-29T18:04:39.409912,2644.403856716256,-2957.7038046070443,6322.945725818429,0.042442697449143425,6.630732441631085,2.9466003578064153,16390U
2025-06-29T18:05:39.409912,2642.3987028909883,-2555.0011832866053,6488.7375694849625,-0.10931454129407067,6.788972132704543,2.577943441996242,16390U
2025-06-29T18:06:39.409912,2631.284721359586,-2143.4907100539776,6632.106105692856,-0.26110539332733984,6.9242053190531445,2.199367279266979,16390U
2025-06-29T18:07:39.409912,2611.07495788449,-1724.5705315725195,6752.492072132524,-0.4124259187821834,7.0358546317242245,1.8120771702282024,16390U
2025-06-29T18:08:39.409912,2581.8128339361306,-1299.6714730099748,6849.409779738261,-0.5627679797936891,7.12340889899823,1.4173188345329968,16390U
2025-06-29T18:09:39.409912,2543.572361392688,-870.2529706188027,6922.449469982851,-0.7116204717058882,7.1864260766166685,1.0163761030674494,16390U
2025-06-29T18:10:39.409912,2496.458280499709,-437.7988278547021,6971.279525521414,-0.8584706327875662,7.2245362034736145,0.610568394234666,16390U
2025-06-29T18:11:39.409912,2440.606116270299,-3.8127943731003398,6995.648520566239,-1.0028054386478182,7.237444367697428,0.20124795011450466,16390U
2025-06-29T18:12:39.409912,2376.1821481828842,430.1860317398411,6995.3870960122995,-1.144113086921901,7.224933663542028,-0.2102031918529423,16390U
2025-06-29T18:13:39.409912,2303.3832877485693,862.6679768788913,6970.409642977154,-1.2818845769256277,7.1868681147078055,-0.6223765155397696,16390U
2025-06-29T18:14:39.409912,2222.4368582896486,1292.097736807024,6920.715777100777,-1.4156153878274644,7.123195534701753,-1.0338406538576086,16390U
2025-06-29T18:15:39.409912,2133.6002711091146,1716.9394885265087,6846.391584711583,-1.5448072574508191,7.033950289729691,-1.4431453482740566,16390U
2025-06-29T18:16:39.409912,2037.1605921555004,2135.6621620230253,6747.610620848686,-1.6689700620853936,6.919255924516667,-1.848825758021887,16390U
2025-06-29T18:17:39.409912,1933.4339933152344,2546.7448623615533,6624.634638187776,-1.787623795657573,6.779327606523074,-2.2494071331520624,16390U
2025-06-29T18:18:39.409912,1822.765082612635,2948.6824299215596,6477.814025202193,-1.9003006442983574,6.614474339431567,-2.643409860870216,16390U
2025-06-29T18:19:39.409912,1705.5261078835335,3339.9911236014264,6307.587931459664,-2.006547149774819,6.425100892708162,-3.0293548889100723,16390U
2025-06-29T18:20:39.409912,1582.1160289269467,3719.2144086342637,6114.48405786525,-2.105926452454665,6.211709390685542,-3.4057695230620544,16390U
2025-06-29T18:21:39.409912,1452.9594537455569,4084.928827273045,5899.118089972947,-2.1980206015009056,5.974900502182756,-3.7711935884381464,16390U
2025-06-29T18:22:39.409912,1318.5054352689247,4435.749927087079,5662.192753253112,-2.2824329169093907,5.715374170361274,-4.124185935720507,16390U
2025-06-29T18:23:39.409912,1179.2261259226377,4770.338218022568,5404.496470473792,-2.3587903848801566,5.43392982251814,-4.463331264639525,16390U
2025-06-29T18:24:39.409912,1035.6152885629645,5087.4051258041845,5126.901603169967,-2.426746064944005,5.131466001002885,-4.7872472274443245,16390U
2025-06-29T18:25:39.409912,888.1866636380446,5385.718905780742,4830.362261566786,-2.485981484345277,4.808979359559769,-5.094591765384978,16390U
2025-06-29T18:26:39.409912,737.4721939536491,5664.1104780474,4515.911670308249,-2.5362089925174622,4.467562974244536,-5.38407062148195,16390U
2025-06-29T18:27:39.409912,584.0201100977943,5921.47914171961,4184.65908091912,-2.577174046188858,4.108403924696617,-5.654444963410421,16390U
2025-06-29T18:28:39.409912,428.392881392668,6156.7981236983605,3837.786226079906,-2.608657393830611,3.7327801099624036,-5.9045390414893015,16390U
2025-06-29T18:29:39.409912,271.1650391611414,6369.119915268965,3476.543315478092,-2.630477126914653,3.3420562731865555,-6.1332477988727705,16390U
2025-06-29T18:30:39.409912,112.92088108466989,6557.581348520225,3102.2445781556753,-2.6424905648769266,2.93767922117963,-6.339544344424629,16390U
2025-06-29T18:31:39.409912,-45.747932555265905,6721.4083639565215,2716.263361819459,-2.64459594086219,2.521172237916816,-6.522487193731274,16390U
2025-06-29T18:32:39.409912,-204.24487796706984,6859.920420886644,2320.026805412715,-2.6367338563184437,2.0941287051412485,-6.681227180566828,16390U
2025-06-29T18:33:39.409912,-361.9711475668914,6972.534503275248,1915.0101072392756,-2.6188884743446352,1.658204958086142,-6.815013940107981,16390U
2025-06-29T18:34:39.409912,-518.3282938299915,7058.768675773863,1502.7304169536865,-2.5910884243798833,1.2151124194985312,-6.923201866486555,16390U
2025-06-29T18:35:39.409912,-672.720919174822,7118.245147628313,1084.740385621021,-2.5534073943283166,0.7666090701871084,-7.005255450980956,16390U
2025-06-29T18:36:39.409912,-824.5593924045494,7150.692806066389,662.6214136680406,-2.50596439048192,0.31449032877672733,-7.060753913304314,16390U
2025-06-29T18:37:39.409912,-973.2625711408605,7155.9491855627875,237.97664172053277,-2.448923650542301,-0.13942057325790402,-7.089395046990038,16390U
2025-06-29T18:38:39.409912,-1118.260508916176,7133.961844975966,-187.57626608835238,-2.3824942005298615,-0.5932826233314237,-7.090998210645074,16390U
2025-06-29T18:39:39.409912,-1258.9971251771742,7084.789130847335,-612.412492889943,-2.3069290522580297,-1.0452473583764548,-7.065506409592592,16390U
2025-06-29T18:40:39.409912,-1394.9328164167443,7008.600312013416,-1034.9075374666477,-2.2225240441725687,-1.4934693788467255,-7.012987426829334,16390U
2025-06-29T18:41:39.409912,-1525.546987001719,6905.675077948565,-1453.4447217096028,-2.129616334530698,-1.9361169255334496,-6.933633977876711,16390U
2025-06-29T18:42:39.409912,-1650.3404790011825,6776.402400756123,-1866.4226775393433,-2.028582561932596,-2.371382396377084,-6.827762880551109,16390U
2025-06-29T18:43:39.409912,-1768.8378814246407,6621.27876827858,-2272.262753653406,-1.919836693936636,-2.7974926810684497,-6.695813247426018,16390U
2025-06-29T18:44:39.409912,-1880.5897007319172,6440.905803212368,-2669.416283494539,-1.803827589710774,-3.212719194720895,-6.538343725295506,16390U
2025-06-29T18:45:39.409912,-1985.1743762310364,6235.987290214436,-3056.3716578669623,-1.6810363072452805,-3.615387498113766,-6.356028821779216,16390U
2025-06-29T18:46:39.409912,-2082.200125996863,6007.325639602437,-3431.6611486223383,-1.5519731894417483,-4.003886400755838,-6.149654373860101,16390U
2025-06-29T18:47:39.409912,-2171.306611162152,5755.817822230389,-3793.8674336846284,-1.4171747663045164,-4.376676453967838,-5.920112226202518,16390U
2025-06-29T18:48:39.409912,-2252.1664087970507,5482.450815340155,-4141.629778273406,-1.2772005124275838,-4.732297753955438,-5.668394198208908,16390U
2025-06-29T18:49:39.409912,-2324.4862860392896,5188.296603549429,-4473.649832376779,-1.132629499967194,-5.069376988990291,-5.395585427673449,16390U
2025-06-29T18:50:39.409912,-2388.008270604347,4874.50678257069,-4788.697010171869,-0.9840569873258493,-5.386633679863466,-5.102857185403044,16390U
2025-06-29T18:51:39.409912,-2442.510515231871,4542.306815733422,-5085.613423028534,-0.832090982895077,-5.682885578226759,-4.791459259225628,16390U
2025-06-29T18:52:39.409912,-2487.8079559578323,4192.989994896051,-5363.318343811885,-0.6773488214848301,-5.957053202822359,-4.462712007402149,16390U
2025-06-29T18:53:39.409912,-2523.752766291845,3827.911157920628,-5620.812186260581,-0.520453788613166,-6.208163508462476,-4.117998180713372,16390U
2025-06-29T18:54:39.409912,-2550.234611386645,3448.4802145890794,-5857.179989129845,-0.3620318247592491,-6.435352696567475,-3.7587546095805777,16390U
2025-06-29T18:55:39.409912,-2567.1807080794333,3056.155531750441,-6071.594400419808,-0.20270833813510183,-6.637868188758676,-3.3864638477549525,16390U
2025-06-29T18:56:39.409912,-2574.555698241385,2652.437226694336,-6263.318162261789,-0.04310515064703041,-6.815069796170235,-3.0026458576663786,16390U
2025-06-29T18:57:39.409912,-2572.36134417949,2238.860415355216,-6431.706101823306,0.11616240236221305,-6.966430126604278,-2.608849814788375,16390U
2025-06-29T18:58:39.409912,-2560.6360558895,1816.9884590829208,-6576.206637856306,0.2744882021360104,-7.091534279294344,-2.206646099699941,16390U
2025-06-29T18:59:39.409912,-2539.454260765654,1388.406250477339,-6696.362816217627,0.43127789391063287,-7.190078882833321,-1.7976185372450635,16390U
2025-06-29T19:00:39.409912,-2508.925626941904,954.7135752984341,-6791.81289081706,0.5859512432231039,-7.26187053579611,-1.3833569326410415,16390U
2025-06-29T19:01:39.409912,-2469.194151788303,517.5185838290193,-6862.290469001636,0.7379442962720186,-7.306823711841086,-0.9654499448643603,16390U
2025-06-29T19:02:39.409912,-2420.4371272359076,78.43140138757003,-6907.624242383559,0.8867113427819234,-7.324958191751408,-0.5454783284161657,16390U
2025-06-29T19:03:39.409912,-2362.8639935772167,-360.94209596254365,-6927.73732559789,1.031726682738424,-7.316396084159307,-0.125008565851195,16390U
2025-06-29T19:04:39.409912,-2296.715093213538,-799.0063179969673,-6922.646226475173,1.172486200860161,-7.281358494787757,0.2944130945669835,16390U
2025-06-29T19:05:39.409912,-2222.260335520112,-1234.1817900788953,-6892.459471687887,1.3085087547494783,-7.22016190116461,0.7112661889357662,16390U
2025-06-29T19:06:39.409912,-2139.7977836002583,-1664.9107601157439,-6837.375912128573,1.4393373843167059,-7.133214286133971,1.124061174673738,16390U
2025-06-29T19:07:39.409912,-2049.6521732252636,-2089.6625697033405,-6757.682732159948,1.5645403513220943,-7.021011079322812,1.5313441589165018,16390U
2025-06-29T19:08:39.409912,-1952.173373726809,-2506.938779126409,-6653.753186496265,1.683712018758012,-6.884130951214828,1.93170122734531,16390U
2025-06-29T19:09:39.409912,-1847.7348000456059,-2915.278038304512,-6526.0440878836,1.7964735803324643,-6.7232314998195974,2.323762385988022,16390U
2025-06-29T19:10:39.409912,-1736.7317845565005,-3313.26069794194,-6375.093067991175,1.9024736505632325,-6.539044865254299,2.706205131237239,16390U
2025-06-29T19:11:39.409912,-1619.579916702567,-3699.5131570540093,-6201.515633049401,2.001388725990014,-6.332373303007685,3.0777576652636833,16390U
2025-06-29T19:12:39.409912,-1496.7133578892017,-4072.7119447174446,-6006.002034810419,2.09292352780739,-6.104084742333075,3.437201775256047,16390U
2025-06-29T19:13:39.409912,-1368.58313852058,-4431.587535350281,-5789.313976392602,2.176811235859768,-5.855108352190789,3.7833753955921443,16390U
2025-06-29T19:14:39.409912,-1235.6554435133246,-4774.927898078078,-5552.28117152916,2.2528136234596357,-5.586430133483931,4.115174872230757,16390U
2025-06-29T19:15:39.409912,-1098.4098920996348,-5101.581781810875,-5295.797774693086,2.3207211019308183,-5.299088553033164,4.431556948407596,16390U
2025-06-29T19:16:39.409912,-957.3378172350234,-5410.461738561869,-5020.81869852845,2.3803526831726614,-4.994170231821983,4.731540490215865,16390U
2025-06-29T19:17:39.409912,-812.9405494586175,-5700.546888295754,-4728.355833997449,2.4315558679145224,-4.672805697512671,5.014207969926467,16390U
2025-06-29T19:18:39.409912,-665.7277096148055,-5970.885429224346,-4419.474187658502,2.474206466706568,-4.336165209062957,5.278706724033212,16390U
2025-06-29T19:19:39.409912,-516.2155144327625,-6220.596897985477,-4095.2879495264324,2.5082083600896565,-3.985454659433496,5.524250002055812,16390U
2025-06-29T19:20:39.409912,-364.92509857870334,-6448.874184552817,-3756.9565040432135,2.533493203815303,-3.6219115608429826,5.75011782114101,16390U
2025-06-29T19:21:39.409912,-212.38085643607369,-6654.985307055563,-3405.6803957943102,2.5500200844570604,-3.246801115746195,5.955657640523563,16390U
2025-06-29T19:22:39.409912,-59.10880653742091,-6838.274951932558,-3042.697260755879,2.5577751302690963,-2.861412375656982,6.14028486895984,16390U
2025-06-29T19:23:39.409912,94.36501873774607,-6998.165785023025,-2669.277733042777,2.5567710817095506,-2.4670544890633725,6.303483217357442,16390U
2025-06-29T19:24:39.409912,247.5161558711748,-7134.159539308712,-2286.721336349886,2.5470468256531595,-2.065053038951828,6.44480490800309,16390U
2025-06-29T19:25:39.409912,399.82326325717213,-7245.837885075471,-1896.3523685373452,2.5286668969666994,-1.6567464698356018,6.5638707510443135,16390U
2025-06-29T19:26:39.409912,550.7696427781617,-7332.863088260351,-1499.5157871063266,2.5017209508072074,-1.243482603638795,6.660370098206771,16390U
2025-06-29T19:27:39.409912,699.844728309415,-7394.978462697342,-1097.5731026421179,2.466323208720255,-0.8266152432924946,6.734060683123741,16390U
2025-06-29T19:28:39.409912,846.5455397618166,-7432.008621872553,-691.8982866705269,2.4226118813577577,-0.40750086243309275,6.784768357106765,16390U
2025-06-29T19:29:39.409912,990.3781014556833,-7443.859535651923,-283.87369977819907,2.3707485703941167,0.012504620867186922,6.812386728685293,16390U
2025-06-29T19:30:39.409912,1130.858823783027,-7430.518397252403,125.1139547085519,2.310917651988995,0.4320489888731254,6.816876714772964,16390U
2025-06-29T19:31:39.409912,1267.5158472599119,-7392.053305493744,533.6776467063647,2.2433256439179723,0.8497867904791669,6.798266010863144,16390U
2025-06-29T19:32:39.409912,1399.8903481946145,-7328.612767094624,940.434000714457,2.168200558260815,1.264382332544695,6.756648487199804,16390U
2025-06-29T19:33:39.409912,1527.5378053005018,-7240.425023465969,1344.0072386335935,2.0857912412963246,1.6745126003217954,6.692183517394039,16390U
2025-06-29T19:34:39.409912,1650.0292266645306,-7127.797206108032,1743.0330805712492,1.9963667019950764,2.0788701115802524,6.605095245444441,16390U
2025-06-29T19:35:39.409912,1766.9523365417433,-6991.114324339707,2136.1626004697396,1.900215430223407,2.4761657096034333,6.495671796554615,16390U
2025-06-29T19:36:39.409912,1877.912721484039,-6830.838088680166,2522.066033674619,1.7976447054677842,2.8651313008116763,6.364264436506592,16390U
2025-06-29T19:37:39.409912,1982.5349353254176,-6647.505572767975,2899.4365337845334,1.6889798965551004,3.244522543351297,6.211286683629443,16390U
2025-06-29T19:38:39.409912,2080.4635625351143,-6441.727716246121,3266.993876284117,1.5745637524796963,3.6131214935500617,6.037213376585692,16390U
2025-06-29T19:39:39.409912,2171.3642394159224,-6214.187670564741,3623.4881065623736,1.4547556840482903,3.9697392176740736,5.842579700269685,16390U
2025-06-29T19:40:39.409912,2254.924632563799,-5965.638989163344,3967.7031299503287,1.3299310356208176,4.313218376899584,5.627980171062976,16390U
2025-06-29T19:41:39.409912,2330.8553739184913,-5696.903662994584,4298.460241371083,1.2004803457575586,4.6424357938155465,5.394067581513764,16390U
2025-06-29T19:42:39.409912,2398.890951620276,-5408.870001851126,4614.6215920772065,1.0668085950849995,4.956305009070263,5.14155190319644,16390U
2025-06-29T19:43:39.409912,2458.7905557471836,-5102.490361458226,4915.093590754632,0.9293344391652344,5.253778836944681,4.871199145059142,16390U
2025-06-29T19:44:39.409912,2510.338877837484,-4778.778715809007,5198.830235988892,0.788489423604539,5.533851928638386,4.583830162986874,16390U
2025-06-29T19:45:39.409912,2553.3468629042954,-4438.808073756802,5464.83637671588,0.6447171780730219,5.795563351860899,4.280319414603059,16390U
2025-06-29T19:46:39.409912,2587.6524124242997,-4083.7077384450317,5712.170896815405,0.4984725853360935,6.03799919489932,3.9615936515118935,16390U
2025-06-29T19:47:39.409912,2613.1210365293555,-3714.6604077655984,5939.949819443286,0.3502209208342027,6.26029520264387,3.628630539269649,16390U
2025-06-29T19:48:39.409912,2629.6464533502503,-3332.8991137077774,6147.349326033368,0.20043695780401463,6.461639451059357,3.282457193393416,16390U
2025-06-29T19:49:39.409912,2637.151133157925,-2939.7039981973394,6333.608684139628,0.04960403242544705,6.641275065265493,2.924148617695815,16390U
2025-06-29T19:50:39.409912,2635.5867846206784,-2536.398922856527,6498.033077422023,-0.10178693697217954,6.798502984692841,2.554826029224545,16390U
2025-06-29T19:51:39.409912,2624.934780150217,-2124.3479100522504,6639.99633011465,-0.2532384829871426,6.932684776691903,2.1756550521314035,16390U
2025-06-29T19:52:39.409912,2605.2065169487714,-1704.9514126655786,6758.9435172536705,-0.40424768112089643,7.043245497467443,1.7878437609578228,16390U
2025-06-29T19:53:39.409912,2576.4437099997576,-1279.6424102253218,6854.3934507929935,-0.554307307418076,7.129676596277556,1.3926405521665934,16390U
2025-06-29T19:54:39.409912,2538.718612872067,-849.8823294373977,6925.94103050547,-0.7029070685300925,7.191538855470884,0.991331821358353,16390U
2025-06-29T19:55:39.409912,2492.134161841705,-417.15678771554775,6973.259447275061,-0.8495349107790625,7.2284653551520455,0.5852394225560483,16390U
2025-06-29T19:56:39.409912,2436.8240384834753,17.028840886084726,6996.102225045833,-0.9936784144071162,7.240164447085423,0.17571788532137494,16390U
2025-06-29T19:57:39.409912,2372.9526455616283,451.15403690581303,6994.3050863322815,-1.1348262785714074,7.226422717916619,-0.23584863462771147,16390U
2025-06-29T19:58:39.409912,2300.714990764323,883.6879221521667,6967.787624841382,-1.2724699017655212,7.187107916971793,-0.6480496951070435,16390U
2025-06-29T19:59:39.409912,2220.336472596717,1313.0942185439014,6916.5547674436775,-1.406105061191494,7.12217181887061,-1.0594522200404837,16390U
2025-06-29T20:00:39.409912,2132.072562587535,1737.8363739814565,6840.698006499328,-1.5352336931611643,7.0316529860648265,-1.4686044854680413,16390U
2025-06-29T20:01:39.409912,2036.2083778905103,2156.382847977433,6740.39638244034,-1.6593657748625648,6.915679391320598,-1.8740404566413145,16390U
2025-06-29T20:02:39.409912,1933.0581383919418,2567.2125473438614,6615.917195582864,-1.7780213057900411,6.774470855246718,-2.274284490040386,16390U
2025-06-29T20:03:39.409912,1822.9645025865625,2968.820399520898,6467.616425446415,-1.890732384816391,6.608341249402967,-2.667856409363014,16390U
2025-06-29T20:04:39.409912,1706.2977767739264,3359.723048152213,6295.938835450206,-1.9970453763039062,6.417700411490247,-3.053276958777541,16390U
2025-06-29T20:05:39.409912,1583.4549925693098,3738.464652310106,6101.41774079393,-2.0965231558487565,6.203055715820184,-3.4290736300296087,16390U
2025-06-29T20:06:39.409912,1454.8588483339788,4103.622767373961,5884.674417673915,-2.188747423275326,5.965013239894618,-3.793786852390896,16390U
2025-06-29T20:07:39.409912,1320.9565109187774,4453.814282036747,5646.4171327878275,-2.2733210674083955,5.704278466694337,-4.145976526046242,16390U
2025-06-29T20:08:39.409912,1182.2182750876614,4787.701382324707,5387.439773388875,-2.3498705640307733,5.421656462369188,-4.484228870473974,16390U
2025-06-29T20:09:39.409912,1039.1360791512243,5103.997509934602,5108.620060011141,-2.4180483853649837,5.118051470618304,-4.807163549856443,16390U
2025-06-29T20:10:39.409912,892.2218766853321,5401.4732787301755,4810.9173264216415,-2.4775353965047775,4.794465868278959,-5.113441027805577,16390U
2025-06-29T20:11:39.409912,742.0058657324482,5678.962309981518,4495.369854385737,-2.5280432115666107,4.45199843161585,-5.401770093950464,16390U
2025-06-29T20:12:39.409912,589.0345785638057,5935.366943995692,4163.091754453432,-2.5693164800455524,4.091841869563098,-5.670915495516682,16390U
2025-06-29T20:13:39.409912,433.86883689712795,6169.663783283008,3815.2693881672863,-2.6011350720526756,3.7152795887116263,-5.919705598244937,16390U
2025-06-29T20:14:39.409912,277.081579386993,6380.909020442815,3453.1573318161954,-2.6233161298858967,3.3236816650798016,-6.147039993183054,16390U
2025-06-29T20:15:39.409912,119.2555701936442,6568.243502644974,3078.0738870470886,-2.6357159528382,2.9185000095042644,-6.351896959373802,16390U
2025-06-29T20:16:39.409912,-39.01900054756922,6730.897484019522,2691.3961492233598,-2.638231682352928,2.501262726633519,-6.5333406875614575,16390U
2025-06-29T20:17:39.409912,-197.14701154454374,6868.195017539418,2294.554650265263,-2.6308027556541513,2.0735676816952675,-6.690528167048506,16390U
2025-06-29T20:18:39.409912,-354.5309857282796,6979.55793914451,1889.0275987117664,-2.613412097842525,1.6370753041008097,-6.82271563698062,16390U
2025-06-29T20:19:39.409912,-510.5737296826456,7064.50939895299,1476.334745762165,-2.5860870251565324,1.1935006721358659,-6.929264504806162,16390U
2025-06-29T20:20:39.409912,-664.6810190138103,7122.676897452295,1058.0309119329042,-2.5488998356279,0.7446049380146137,-7.009646638552249,16390U
2025-06-29T20:21:39.409912,-816.2643101833962,7153.794788533953,635.6992145582853,-2.501968067647138,0.29218616698756283,-7.063448945898095,16390U
2025-06-29T20:22:39.409912,-964.7434582497095,7157.706216091331,210.9440414986896,-2.445454411907489,-0.1619303224974503,-7.090377161745025,16390U
2025-06-29T20:23:39.409912,-1109.549419203584,7134.36445655214,-214.61617903547452,-2.3795662676913456,-0.6159020188165387,-7.09025877691214,16390U
2025-06-29T20:24:39.409912,-1250.1269151833997,7083.833646061419,-639.3563588314578,-2.3045549403532513,-1.0678795688162646,-7.063045053478626,16390U
2025-06-29T20:25:39.409912,-1385.9370408297705,7006.288877928129,-1061.6522235298833,-2.220714482969862,-1.5160173050626684,-7.00881208680979,16390U
2025-06-29T20:26:39.409912,-1516.4597894007336,6902.0156632423195,-1479.8878213170208,-2.128380191288688,-1.9584838278067713,-6.9277608900390755,16390U
2025-06-29T20:27:39.409912,-1641.196478015523,6771.408755084329,-1892.4630067966436,-2.0279267671244234,-2.393472518723134,-6.820216493270204,16390U
2025-06-29T20:28:39.409912,-1759.6720525083444,6614.970344300697,-2297.8008404339776,-1.9197661710432732,-2.819211864291488,-6.686626066518498,16390U
2025-06-29T20:29:39.409912,-1871.4372538308514,6433.307642225842,-2694.354845069346,-1.8043451903647378,-3.2339754703756243,-6.527556091917752,16390U
2025-06-29T20:30:39.409912,-1976.070629701424,6227.1298728052925,-3080.6160631093853,-1.6821427530459696,-3.6360916559634533,-6.343688626482372,16390U
2025-06-29T20:31:39.409912,-2073.180377216883,5997.244703155311,-3455.1198610647793,-1.5536670217643105,-4.023952522950085,-6.135816711265161,16390U
2025-06-29T20:32:39.409912,-2162.406004359657,5744.554147527737,-3816.4524320128726,-1.419452305384498,-4.396022409944675,-5.904838995676892,16390U
2025-06-29T20:33:39.409912,-2243.4198006937618,5470.04998481508,-4163.256951201979,-1.2800558269251865,-4.750845650969885,-5.651753656692239,16390U
2025-06-29T20:34:39.409912,-2315.928109983276,5174.8087340285,-4494.2393452511415,-1.1360543880981644,-5.0870535741607235,-5.377651701393139,16390U
2025-06-29T20:35:39.409912,-2379.6723999247956,4859.986235553722,-4808.1736410699805,-0.988040970497484,-5.403370690664545,-5.083709747634074,16390U
2025-06-29T20:36:39.409912,-2434.4301266020093,4526.81188839953,-5103.906866582372,-0.8366213126082476,-5.698620039418045,-4.771182381476297,16390U
2025-06-29T20:37:39.409912,-2480.0153935912863,4176.58259510597,-5380.363481419084,-0.6824105000652813,-5.971727668844097,-4.441394191457333,16390U
2025-06-29T20:38:39.409912,-2516.279407824575,3810.6564664980856,-5636.549321805708,-0.5260296041206219,-6.221726251333301,-4.095731578841524,16390U
2025-06-29T20:39:39.409912,-2543.1107363088245,3430.446338124849,-5871.555049763364,-0.36810240020343543,-6.4477578402458375,-3.7356344399364034,16390U
2025-06-29T20:40:39.409912,-2560.4353695807536,3037.41314907544,-6084.559102352147,-0.20925219490559238,-6.649075791768946,-3.3625878115953722,16390U
2025-06-29T20:41:39.409912,-2568.216599318508,2633.059232028247,-6274.830141905484,-0.05009878584906019,-6.82504588502196,-2.9781135644741625,16390U
2025-06-29T20:42:39.409912,-2566.4547188268707,2218.9215609586167,-6441.72901295612,0.108744425175933,-6.97514668314085,-2.5837622207871207,16390U
2025-06-29T20:43:39.409912,-2555.1865561559252,1796.565000030883,-6584.710215777988,0.26667314953311627,-7.098969185589502,-2.181104964571051,16390U
2025-06-29T20:44:39.409912,-2534.484850409382,1367.5755939422413,-6703.322910129507,0.4230947473044865,-7.196215827608514,-1.7717259031497068,16390U
2025-06-29T20:45:39.409912,-2504.45748235946,933.5539364818411,-6797.2114658676865,0.5774305727532869,-7.266698886564113,-1.3572146289270315,16390U
2025-06-29T20:46:39.409912,-2465.246570827002,496.1086504307501,-6866.11557961203,0.729118124948204,-7.310338357097428,-0.9391591211264841,16390U
2025-06-29T20:47:39.409912,-2417.0274464298445,56.850008242357646,-6909.869978596086,0.877613002085229,-7.327159357547646,-0.5191390178894045,16390U
2025-06-29T20:48:39.409912,-2360.007514272691,-382.616280699518,-6928.403734283635,1.0223906609312379,-7.3172891293120275,-0.09871928047283174,16390U
2025-06-29T20:49:39.409912,-2294.42501697387,-820.6950939782109,-6921.7392092914615,1.1629479852878517,-7.280953688819937,0.3205557366840246,16390U
2025-06-29T20:50:39.409912,-2220.5477091232865,-1255.8077122988298,-6889.990661702161,1.2988046694253805,-7.218474188855941,0.7371678034068695,16390U
2025-06-29T20:51:39.409912,-2138.6714538672077,-1686.3974121577514,-6833.362531022439,1.4295044240680375,-7.130263042288773,1.1496299183767424,16390U
2025-06-29T20:52:39.409912,-2049.1187518419765,-2110.9348222075564,-6752.147429900764,1.5546160137436116,-7.016819857061668,1.5564910058088186,16390U
2025-06-29T20:53:39.409912,-1952.2372121528401,-2527.9230331624813,-6646.723865318111,1.6737341351714112,-6.878727226773635,1.956340213542717,16390U
2025-06-29T20:54:39.409912,-1848.3979745325319,-2935.902453500335,-6517.55371235708,1.7864801468911735,-6.716646416505697,2.3478108253534753,16390U
2025-06-29T20:55:39.409912,-1737.9940912364777,-3333.4554053590173,-6365.1794628875095,1.8925026605718547,-6.5313129788774225,2.7295838029288593,16390U
2025-06-29T20:56:39.409912,-1621.4388766468835,-3719.2104569277753,-6190.221270620022,1.9914780044323406,-6.323532330778175,3.10039097484247,16390U
2025-06-29T20:57:39.409912,-1499.1642319807695,-4091.846489290407,-5993.373813011319,2.083110568997357,-6.094175316908407,3.4590178910555314,16390U
2025-06-29T20:58:39.409912,-1371.6189519339146,-4450.096497116112,-5775.402989487822,2.167133045047514,-5.8441737822605235,3.8043063621083473,16390U
2025-06-29T20:59:39.409912,-1239.267019548752,-4792.751123833644,-5537.1424744082915,2.243306563143479,-5.574516172012527,4.135156702314842,16390U
2025-06-29T21:00:39.409912,-1102.5858950763268,-5118.6619329764,-5279.4901421377745,2.3114207435461953,-5.2862431740337,4.450529696036402,16390U
2025-06-29T21:01:39.409912,-962.0648041095245,-5426.7444182803765,-5003.40438056238,2.3712936647518816,-4.980443416311143,4.749448305585184,16390U
2025-06-29T21:02:39.409912,-818.2030298025699,-5715.980755860689,-4709.900308356351,2.4227717582373938,-4.6582492291002895,5.03099913856195,16390U
2025-06-29T21:03:39.409912,-671.5082135543149,-5985.422302415286,-4400.045910317168,2.4657296363935304,-4.320832479451256,5.294333691553853,16390U
2025-06-29T21:04:39.409912,-522.4946681276818,-6234.191843907162,-4074.958104127826,2.5000698600234608,-3.9694004839505257,5.538669386149777,16390U
2025-06-29T21:05:39.409912,-371.6817067956562,-6461.485599585864,-3735.798750979935,2.5257226512182,-3.6051920039966627,5.76329041223829,16390U
2025-06-29T21:06:39.409912,-219.5919917509177,-6666.574986526999,-3383.7706216060997,2.5426455568946853,-3.229473326670583,5.967548392566003,16390U
2025-06-29T21:07:39.409912,-66.74990468626851,-6848.808150109718,-3020.1133284212547,2.5508230678015713,-2.8435344332198143,6.150862881586169,16390U
2025-06-29T21:08:39.409912,86.3200578537421,-7007.611266022627,-2646.0992336610966,2.5502661973638268,-2.4486852563144437,6.312721710737568,16390U
2025-06-29T21:09:39.409912,239.09486203121054,-7142.489619493331,-2263.029342635774,2.5410120243477436,-2.046252026517428,6.452681191471559,16390U
2025-06-29T21:10:39.409912,391.05448513028404,-7253.028467487621,-1872.2291904738215,2.523123202980991,-1.6375737077929224,6.570366186602914,16390U
2025-06-29T21:11:39.409912,541.6834330147126,-7338.893689613983,-1475.044730037713,2.4966874438515574,-1.2239985213474582,6.665470059884905,16390U
2025-06-29T21:12:39.409912,690.4722250366136,-7399.832233413528,-1072.8382280236988,2.461816968629843,-0.8068805566058788,6.737754513107308,16390U
2025-06-29T21:13:39.409912,836.9188450061964,-7435.672359608111,-666.9841756346008,2.4186479414028623,-0.38757646766498094,6.787049319469031,16390U
2025-06-29T21:14:39.409912,980.530157014605,-7446.323692728054,-258.8652196222806,2.3673398791707965,0.03255774688946918,6.813251961477233,16390U
2025-06-29T21:15:39.409912,1120.8232850646891,-7431.777082345115,150.1318810519434,2.308075043827959,0.4521698833767885,6.816327181154535,16390U
2025-06-29T21:16:39.409912,1257.3269556062244,-7392.10427989965,558.620268201819,2.241057817724425,0.8699145946803881,6.796306449881195,16390U
2025-06-29T21:17:39.409912,1389.5828021955417,-7327.45743583484,965.2169627767319,2.1665140646748835,1.284456377728119,6.7532873647414,16390U
2025-06-29T21:18:39.409912,1517.1466316002113,-7238.068421437503,1368.5468047521808,2.0846904780413618,1.694472490876241,6.687432977765648,16390U
2025-06-29T21:19:39.409912,1639.5896507503023,-7124.247979437242,1767.2463510805567,1.9958539172602299,2.0986558058299822,6.598971063946835,16390U
2025-06-29T21:20:39.409912,1756.499653995954,-6986.38470703573,2159.9677285580265,1.9002907339065542,2.4957175993014498,6.48819333333978,16390U
2025-06-29T21:21:39.409912,1867.4821701673736,-6824.943874628418,2545.382438737798,1.7983060880852804,2.884390290185749,6.355454591915489,16390U
2025-06-29T21:22:39.409912,1972.1615689457285,-6640.466083046108,2922.1851122345397,1.6902232556063654,3.26343012861145,6.201171855118682,16390U
2025-06-29T21:23:39.409912,2070.1821260426987,-6433.565761685236,3289.0972099242153,1.5763829260353932,3.6316198437855434,6.025823417253779,16390U
2025-06-29T21:24:39.409912,2161.2090466494114,-6204.9295094213685,3644.8706686315463,1.4571424913134883,3.987771258075945,5.8299478788927885,16390U
2025-06-29T21:25:39.409912,2244.929446555298,-5955.3142797085375,3988.2914889272424,1.332875324205655,4.330727875252789,5.614143133441679,16390U
2025-06-29T21:26:39.409912,2321.0532902480786,-5685.545410770842,4318.183262605507,1.2039700453707702,4.659367451200335,5.379065312819296,16390U
2025-06-29T21:27:39.409912,2389.314285192328,-5396.51450129185,4633.410637290076,1.0708297773470261,4.97260455570366,5.1254276908844885,16390U
2025-06-29T21:28:39.409912,2449.4707313413137,-5089.177131510602,4932.882715413323,0.933871383219525,5.269393134072047,4.853999541792509,16390U
2025-06-29T21:29:39.409912,2501.306324766304,-4764.550429152725,5215.556384519913,0.7935246871883054,5.548729077350382,4.5656049488779775,16390U
2025-06-29T21:30:39.409912,2544.6309140898497,-4423.7104791614975,5480.43957547023,0.6502316736890926,5.809652809666841,4.261121557947827,16390U
2025-06-29T21:31:39.409912,2579.2812081825073,-4067.789575767229,5726.594444643465,0.5044456611499456,6.051251900823723,3.941479267045776,16390U
2025-06-29T21:32:39.409912,2605.121433329211,-3697.9733150483785,5953.140475671204,0.35663044590188975,6.27266371153139,3.607658842832515,16390U
2025-06-29T21:33:39.409912,2622.043937790912,-3315.497525813527,6159.257495561522,0.20725941121866487,6.473078077672174,3.2606904517440114,16390U
2025-06-29T21:34:39.409912,2629.9697413824147,-2921.645036376921,6344.188599305,0.056814595952053355,6.6517400386331715,2.9016520920708375,16390U
2025-06-29T21:35:39.409912,2628.849027359478,-2517.7422746447014,6507.242976177413,-0.09421428321899802,6.807952613023171,2.5316679111013114,16390U
2025-06-29T21:36:39.409912,2618.6615735621576,-2105.155698867013,6647.798629986807,-0.2453308622837636,6.941079622977344,2.1519063895173716,16390U
2025-06-29T21:37:39.409912,2599.4171193997986,-1685.288056493384,6765.304984440946,-0.39603321976754974,7.050548565716327,1.7635783734127712,16390U
2025-06-29T21:38:39.409912,2571.155664892781,-1259.574468790334,6859.285363657769,-0.5458150327466729,7.135853528065569,1.3679349326619117,16390U
2025-06-29T21:39:39.409912,2533.9476976131655,-829.4783392776059,6929.339336607264,-0.6941668057776419,7.196558136246961,0.9662650229951355,16390U
2025-06-29T21:40:39.409912,2487.8943429998576,-396.48708463550946,6975.144912975729,-0.8405771793178313,7.232298529440517,0.5598929281155909,16390U
2025-06-29T21:41:39.409912,2433.1274331726477,37.892312457378544,6996.460576603347,-0.984534323819391,7.242786341408902,0.15017545760401713,16390U
2025-06-29T21:42:39.409912,2369.809489045873,472.137928045417,6993.127141284111,-1.1255274250474108,7.227811669922352,-0.26150112369433265,16390U
2025-06-29T21:43:39.409912,2298.133610259086,904.7176973563174,6965.0694123656085,-1.263048265285197,7.187246008882819,-0.6737244585348183,16390U
2025-06-29T21:44:39.409912,2218.323267212697,1334.0943876007823,6912.297636278146,-1.3965929039266958,7.1210451130082575,-1.0850597748401998,16390U
2025-06-29T21:45:39.409912,2130.6319893384357,1758.730737838648,6834.908718899669,-1.525663459500665,7.0292517598084405,-1.4940538983284866,16390U
2025-06-29T21:46:39.409912,2035.3429436623155,2177.0947584788473,6733.087192569834,-1.649769993420417,6.911998368492337,-1.8992396176029107,16390U
2025-06-29T21:47:39.409912,1932.768397750361,2587.66518052676,6607.105910654613,-1.7684324937063582,6.769509430544895,-2.299140415214423,16390U
2025-06-29T21:48:39.409912,1823.2490612817514,2988.937041956877,6457.326447886221,-1.8811829545987007,6.602103702169854,-2.692275573351215,16390U
2025-06-29T21:49:39.409912,1707.1533007862004,3379.427395595301,6284.199184318611,-1.987567545390056,6.410196104799773,-3.0771656569844565,16390U
2025-06-29T21:50:39.409912,1584.876222529912,3757.681119670102,6088.263050706085,-2.0871488589960965,6.194299276626121,-3.4523383705225363,16390U
2025-06-29T21:51:39.409912,1456.8386191489803,4122.276808778278,5870.144913487396,-2.1795082278002402,5.955024715801934,-3.8163347763651307,16390U
2025-06-29T21:52:39.409912,1323.4857764223905,4471.832719480309,5630.558578395354,-2.2642480912173184,5.6930834548193925,-4.167715855302251,16390U
2025-06-29T21:53:39.409912,1185.286137556372,4805.012741133541,5370.303393061469,-2.34099439629829,5.409286205756784,-4.505069379613674,16390U
2025-06-29T21:54:39.409912,1042.729823518824,5120.532359001269,5090.26243088594,-2.409399009633455,5.104542917790879,-4.827017060182539,16390U
2025-06-29T21:55:39.409912,896.3270093132384,5417.164573216255,4791.4002409224195,-2.4691421159040248,4.7798616917203,-5.132221919170794,16390U
2025-06-29T21:56:39.409912,746.6061576097492,5693.745733934051,4474.760151603727,-2.5199345757854528,4.436347001344988,-5.4193958300756915,16390U
2025-06-29T21:57:39.409912,594.1121128331232,5949.1812501025115,4141.46111979649,-2.5615202136351853,4.075197178431621,-5.687307157604708,16390U
2025-06-29T21:58:39.409912,439.40406063105746,6182.451126795408,3792.6941209130173,-2.5936780036050116,3.697701126668696,-5.934788421075571,16390U
2025-06-29T21:59:39.409912,283.0533595664608,6392.615284142365,3429.718080564384,-2.6162241216158235,3.305234240373808,-6.160743897321965,16390U
2025-06-29T22:00:39.409912,125.64125387090215,6578.818609620904,3053.85535346553,-2.6290138301059103,2.89925351563199,-6.364157072674634,16390U
2025-06-29T22:01:39.409912,-32.24352189046412,6740.29569496978,2666.4867609015223,-2.6319431626959373,2.481291854777861,-6.5440978488210515,16390U
2025-06-29T22:02:39.409912,-190.0072334041492,6876.37520931236,2269.046203930654,-2.624950376958354,2.05295157939802,-6.699729404502731,16390U
2025-06-29T22:03:39.409912,-347.0537176946004,6986.4838613062775,1863.0148755111481,-2.6080171453673446,1.615897181967666,-6.830314614322706,16390U
2025-06-29T22:04:39.409912,-502.7870181832531,7070.149905299251,1449.915100754787,-2.5811694572405277,1.17184736143903,-6.935221927580993,16390U
2025-06-29T22:05:39.409912,-656.614065600671,7127.006149583715,1031.3038403730795,-2.544478208034649,0.7225664031106596,-7.013930614134769,16390U
2025-06-29T22:06:39.409912,-807.94738527509,7156.792428879772,608.7658979491715,-2.498059456663709,0.2698549774721231,-7.066035290800903,16390U
2025-06-29T22:07:39.409912,-956.2078102516022,7159.357508092052,183.90687676589474,-2.4420743364739397,-0.18445955405566108,-7.091249650711352,16390U
2025-06-29T22:08:39.409912,-1100.8271789482376,7134.660390093734,-241.65406358378982,-2.3767286110134416,-0.6385332269132251,-7.0894093291212,16390U
2025-06-29T22:09:39.409912,-1241.2509956659399,7082.771006681767,-666.2915968314757,-2.302271871625435,-1.0905158455086534,-7.060473852199191,16390U
2025-06-29T22:10:39.409912,-1376.9410322546805,7003.870278782119,-1088.3817090545829,-2.21899638000426,-1.5385615231170402,-7.004527629957565,16390U
2025-06-29T22:11:39.409912,-1507.3778496110795,6898.249539302534,-1506.3092082954458,-2.1272355650002575,-1.9808392683815768,-6.921779970291493,16390U
2025-06-29T22:12:39.409912,-1632.063218437432,6766.309319559028,-1918.4752050725983,-2.0273621889573747,-2.4155434953565997,-6.812564107633596,16390U
2025-06-29T22:13:39.409912,-1750.5224198148471,6608.55750775502,-2323.3045042141252,-1.9197862045306184,-2.840904335056296,-6.677335256488489,16390U
2025-06-29T22:14:39.409912,-1862.306407606055,6425.606895384237,-2719.252849620163,-1.8049523280879611,-3.255197630350484,-6.51666771658713,16390U
2025-06-29T22:15:39.409912,-1966.993816466588,6218.172134479417,-3104.813965748458,-1.6833373602997679,-3.6567545026489197,-6.331251072093935,16390U
2025-06-29T22:16:39.409912,-2064.192801261247,5987.066135172609,-3478.5263427432265,-1.555447288231196,-4.043970387900312,-6.1218855417479965,16390U
2025-06-29T22:17:39.409912,-2153.542695899812,5733.195938919593,-3838.979716098662,-1.421814206083097,-4.415313450678625,-5.889476549612941,16390U
2025-06-29T22:18:39.409912,-2234.7154819613456,5457.5581078524265,-4184.821196437639,-1.282993093616382,-4.769332298134132,-5.63502859691257,16390U
2025-06-29T22:19:39.409912,-2307.4170599109116,5161.233674962078,-4514.761010261055,-1.1395584922169568,-5.104662929907429,-5.359638523984556,16390U
2025-06-29T22:20:39.409912,-2371.38831816106,4845.382703120924,-4827.577818223329,-0.9921011185297285,-5.420034875251354,-5.064488257535762,16390U
2025-06-29T22:21:39.409912,-2426.4059976371846,4511.238503298169,-5122.123583465388,-0.8412244546547283,-5.714276484096523,-4.750837142060369,16390U
2025-06-29T22:22:39.409912,-2472.2833518138905,4160.101563709422,-5397.327968621718,-0.6875413521384066,-5.986319354146022,-4.420013955521972,16390U
2025-06-29T22:23:39.409912,-2508.8706043542315,3793.3332420975044,-5652.202246173903,-0.5316706845071452,-6.23520189086122,-4.073408708310364,16390U
2025-06-29T22:24:39.409912,-2536.055208462767,3412.349272936988,-5885.842712698163,-0.3742340800074395,-6.460072010998804,-3.712464321268892,16390U
2025-06-29T22:25:39.409912,-2553.7619138291866,3018.6131401574403,-6097.433603141395,-0.2158527626675854,-6.660189012863845,-3.338668273492494,16390U
2025-06-29T22:26:39.409912,-2561.952648568945,2613.6293640944073,-6286.249506449177,-0.05714452592353807,-6.834924647392385,-2.9535443039299936,16390U
2025-06-29T22:27:39.409912,-2560.6262248494713,2198.936748914784,-6451.65728858203,0.101279141001183,-6.98376343339331,-2.558644242921973,16390U
2025-06-29T22:28:39.409912,-2549.817877922644,1776.1016338295042,-6593.117533141497,0.25881575787551153,-7.106302267670215,-2.1555400410043455,16390U
2025-06-29T22:29:39.409912,-2529.5986490702962,1346.7111881283943,-6710.185513444749,0.4148743773431588,-7.20224938627964,-1.7458160529603928,16390U
2025-06-29T22:30:39.409912,-2500.074623521591,912.3667865533762,-6802.511712927609,0.5688779196994528,-7.271422736911577,-1.3310616255272332,16390U
2025-06-29T22:31:39.409912,-2461.386034736317,474.67749788128714,-6869.841913222433,0.7202653139353222,-7.313747824400885,-0.9128640276620698,16390U
2025-06-29T22:32:39.409912,-2413.7062465869717,35.25371589967428,-6912.016871175754,0.8684934436675315,-7.329255091847867,-0.492801753095816,16390U
2025-06-29T22:33:39.409912,-2357.2406249395513,-404.29904167669065,-6928.971607470973,1.013038899434627,-7.3180768989246,-0.07243821627383573,16390U
2025-06-29T22:34:39.409912,-2292.225309952783,-842.3861443261661,-6920.734330451988,1.1533995412886011,-7.2804441568814395,0.34668414513728685,16390U
2025-06-29T22:35:39.409912,-2218.925900114439,-1277.4296512053977,-6887.425019253513,1.2890958776377648,-7.216682676764209,0.7630493550831075,16390U
2025-06-29T22:36:39.409912,-2137.636058634877,-1707.8738894738,-6829.253690489063,1.4196722679088223,-7.1272092836275025,1.1751729713871264,16390U
2025-06-29T22:37:39.409912,-2048.6760523465273,-2132.1907958343463,-6746.518372582307,1.5446979578086204,-7.012527745294904,1.5816067507854534,16390U
2025-06-29T22:38:39.409912,-1952.39123273487,-2548.885011314672,-6639.602811408419,1.6637679568113266,-6.873224559671042,1.9809429163781076,16390U
2025-06-29T22:39:39.409912,-1849.1504681679166,-2956.498721705968,-6508.973930287359,1.7765037680145406,-6.7099646399256025,2.371818040567071,16390U
2025-06-29T22:40:39.409912,-1739.3445358177942,-3353.616238199301,-6355.179066591999,1.8825539807334428,-6.523486932201802,2.752916559126225,16390U
2025-06-29T22:41:39.409912,-1623.3844811870538,-3738.86831464513,-6178.8430063372825,1.9815947361902917,-6.3145999959687344,3.1229739338791354,16390U
2025-06-29T22:42:39.409912,-1501.699952579872,-4110.9361995001,-5980.664837142576,2.0733300764428604,-6.084177572843146,3.480779482614187,16390U
2025-06-29T22:43:39.409912,-1374.7375173000858,-4468.555421947314,-5761.414638937832,2.157492186329377,-5.8331541657197805,3.8251788954525336,16390U
2025-06-29T22:44:39.409912,-1242.9589658173606,-4810.5193129038835,-5521.930030734439,2.2338415377299135,-5.562520646413797,4.155076457003778,16390U
2025-06-29T22:45:39.409912,-1106.8396096306728,-5135.682262664084,-5263.1125907335,2.302166944886143,-5.273319906770324,4.469436993374844,16390U
2025-06-29T22:46:39.409912,-966.8665780687138,-5442.962717810641,-4985.9241660008,2.362285538922339,-4.9666425653288275,4.767287562550462,16390U
2025-06-29T22:47:39.409912,-823.5371188086597,-5731.345920758105,-4691.383086920421,2.4140426690904593,-4.643622739148229,5.047718905900299,16390U
2025-06-29T22:48:39.409912,-677.3569064621678,-5999.8863959035525,-4380.560300646615,2.457311737648074,-4.305433888271539,5.3098866776735765,16390U
2025-06-29T22:49:39.409912,-528.8383631740712,-6247.7101868553245,-4054.5754368170296,2.491993974683139,-3.9532847385152547,5.55301246836731,16390U
2025-06-29T22:50:39.409912,-378.4989948030406,-6474.016849608332,-3714.5928178707645,2.5180181586375596,-3.5884152867705588,5.776384636852835,16390U
2025-06-29T22:51:39.409912,-226.85974590131178,-6678.081206847047,-3361.8174254302644,2.5353402877609805,-3.212092891759461,5.979358965157006,16390U
2025-06-29T22:52:39.409912,-74.44337638491801,-6859.254868789447,-2997.490833362661,2.5439432072495607,-2.825608452165245,6.161359148843484,16390U
2025-06-29T22:53:39.409912,78.22713751762511,-7016.967526149506,-2622.887117329127,2.543836196394644,-2.4302726732084645,6.321877135049674,16390U
2025-06-29T22:54:39.409912,230.6301757315267,-7150.728020895897,-2239.308749861481,2.535054519681099,-2.027412422032011,6.460473319415389,16390U
2025-06-29T22:55:39.409912,382.2470181697149,-7260.125200526982,-1848.082489272287,2.5176589454309797,-1.6183671716556496,6.576776612395516,16390U
2025-06-29T22:56:39.409912,532.5633581267481,-7344.828561569578,-1450.5552700100852,2.4917352352810114,-1.2044855327331505,6.670484384778251,16390U
2025-06-29T22:57:39.409912,681.0707836441866,-7404.5886879470345,-1048.0901014114886,2.457393607505472,-0.7871218718629763,6.741362301628521,16390U
2025-06-29T22:58:39.409912,827.2682254585717,-7439.237489751293,-642.0619811799851,2.414768176943045,-0.367633014746936,6.789244053331549,16390U
2025-06-29T22:59:39.409912,970.6633703230988,-7448.688247798219,-233.8538293375429,2.3640163740500886,0.052624967958964174,6.814030991911881,16390U
2025-06-29T23:00:39.409912,1110.7740386550183,-7432.9354691464405,175.14755215134807,2.3053183453759694,0.47229989471683287,6.815691680334075,16390U
2025-06-29T23:01:39.409912,1247.129525600779,-7392.054558520153,583.5554893863958,2.2388763375323277,0.8900465301916695,6.794261362035691,16390U
2025-06-29T23:02:39.409912,1379.2719047324867,-7326.20131029755,989.9874119366691,2.164914066499621,1.3045295689394154,6.749841357484943,16390U
2025-06-29T23:03:39.409912,1506.7572936881832,-7235.611225411417,1393.0687898267129,2.0836760738758984,1.7144265498105646,6.682598394076675,16390U
2025-06-29T23:04:39.409912,1629.1570811487309,-7120.598657158087,1791.4370286598091,1.995427071417003,2.1184307057329606,6.592763875163395,16390U
2025-06-29T23:05:39.409912,1746.0591145998508,-6981.5557895299735,2183.745319751321,1.900451274941361,2.5152537540999305,6.480633093447429,16390U
2025-06-29T23:06:39.409912,1857.068848363265,-6818.951451276785,2568.6664424127634,1.7990517283697571,2.903628633566621,6.34656439331849,16390U
2025-06-29T23:07:39.409912,1961.810451392727,-6633.329768463681,2944.8965157394837,1.6915496183378143,3.282312193633238,6.190978285992798,16390U
2025-06-29T23:08:39.409912,2059.9278743176765,-6425.308657837552,3311.1586974020256,1.5782835794549548,3.6500878439481057,6.014356520483291,16390U
2025-06-29T23:09:39.409912,2151.085875180247,-6195.578162836843,3666.206827027767,1.459608989885021,4.005768170786464,5.8172411124917085,16390U
2025-06-29T23:10:39.409912,2234.9710032495245,-5944.898633589687,4008.829011779942,1.3358972564897553,4.348197528630421,5.600233332251205,16390U
2025-06-29T23:11:39.409912,2311.292540206711,-5674.0987517510575,4337.851151681794,1.2075350883107598,4.67625461515813,5.363992651160517,16390U
2025-06-29T23:12:39.409912,2379.783397880551,-5384.073400527848,4652.140402107948,1.074923756665063,4.988855038237165,5.109235645723662,16390U
2025-06-29T23:13:39.409912,2440.2009715682057,-5075.781379748825,4950.608570650163,0.9384783396033308,5.284953883660853,4.836734855850942,16390U
2025-06-29T23:14:39.409912,2492.3279478057966,-4750.242965357407,5232.215445266748,0.7986269479304405,5.563548292345594,4.547317592985748,16390U
2025-06-29T23:15:39.409912,2535.9730652540484,-4408.537312244527,5495.972050241291,0.6558099294221243,5.823680055490245,4.241864691802539,16390U
2025-06-29T23:16:39.409912,2570.971827136645,-4051.7996989184885,5740.943825991688,0.5104790473025355,6.064438235739139,3.9213091973968703,16390U
2025-06-29T23:17:39.409912,2597.187163414749,-3681.2186121267005,5966.2537281960485,0.36309662848226104,6.284961821666908,3.5866349779663897,16390U
2025-06-29T23:18:39.409912,2614.5100405998487,-3298.0326692255767,6171.085241023495,0.214134676513115,6.484442421869179,3.2388752509987913,16390U
2025-06-29T23:19:39.409912,2622.8600168011994,-2903.5273758497256,6354.685298479029,0.06407394370979151,6.66212700356976,2.8791110089689327,16390U
2025-06-29T23:20:39.409912,2622.185739275882,-2499.0317162760734,6516.3671069931925,-0.08659704356176046,6.817320678911158,2.508469328544217,16390U
2025-06-29T23:21:39.409912,2612.4653814022768,-2085.9145738356597,6655.51286140725,-0.237383012801072,6.949389539951282,2.128121545360901,16390U
2025-06-29T23:22:39.409912,2593.707015635553,-1665.5809788097076,6771.576345431997,-0.38778303313737117,7.05776354082867,1.7392812746185768,16390U
2025-06-29T23:23:39.409912,2565.948918632832,-1239.468181487532,6864.085406495297,-0.5372916697252836,7.141939422565487,1.3432022561232329,16390U
2025-06-29T23:24:39.409912,2529.259804362314,-809.0415484706208,6932.644293657255,-0.6854002115463919,7.201483672556149,0.9411760010555091,16390U
2025-06-29T23:25:39.409912,2483.738980643485,-375.790280920471,6976.935845969886,-0.8315979791956233,7.2360355069462585,0.534529216750817,16390U
2025-06-29T23:26:39.409912,2429.5164242143915,58.77704572998456,6996.723517316886,-0.9753737188317991,7.245309859874775,0.12462098522354534,16390U
2025-06-29T23:27:39.409912,2366.752769098552,493.1371200087843,6991.853222407117,-1.116217087832747,7.2291003589734295,-0.28716032884005455,16390U
2025-06-29T23:28:39.409912,2295.639202760977,925.7567086639423,6962.2549872469735,-1.2536202368023013,7.187282261660016,-0.6994004642787859,16390U
2025-06-29T23:29:39.409912,2216.3972643143875,1355.0976434282838,6907.944386113657,-1.3870794914041151,7.1198153217106315,-1.1106629661600302,16390U
2025-06-29T23:30:39.409912,2129.2785388800867,1779.6219748748968,6829.02374583714,-1.5160971360335729,7.026746550461285,-1.51949322515523,16390U
2025-06-29T23:31:39.409912,2034.5642421373584,2197.7972857679174,6725.6830971173495,-1.640183299580035,6.908212831901376,-1.9244228707301847,16390U
2025-06-29T23:32:39.409912,1932.5646891304161,2608.1021538364566,6598.200851706882,-1.7588579414750052,6.76444334603404,-2.3239745313317686,16390U
2025-06-29T23:33:39.409912,1823.6186415593056,3009.0317511429416,6446.9441836330825,-1.8716529338837895,6.595761750363733,-2.716666969825255,16390U
2025-06-29T23:34:39.409912,1708.092528076898,3399.103564204594,6272.369092272987,-1.9781142333019281,6.402588065416576,-3.101020596540412,16390U
2025-06-29T23:35:39.409912,1586.3795325653205,3776.8632157840766,6075.020125089772,-2.077804131999735,6.185440207004095,-3.4755633554400034,16390U
2025-06-29T23:36:39.409912,1458.898545984621,4140.89036584068,5855.5297382475765,-2.170303576770177,5.944935105710521,-3.8388369711987957,16390U
2025-06-29T23:37:39.409912,1326.0929781845493,4489.80466558676,5614.617274195063,-2.255214539341108,5.681789353016726,-4.189403536481604,16390U
2025-06-29T23:38:39.409912,1188.429427055173,4822.271734989213,5353.087536698255,-2.3321624196895683,5.3968193137635865,-4.5258524095757595,16390U
2025-06-29T23:39:39.409912,1046.3962035633208,5137.009130485008,5071.828945744509,-2.400798460434247,5.090940646466283,-4.84680738296646,16390U
2025-06-29T23:40:39.409912,900.5017125799242,5432.7922662248375,4771.811257266569,-2.4608021475790225,4.765167176463708,-5.150934073662827,16390U
2025-06-29T23:41:39.409912,751.272690932456,5708.460248938716,4454.082835751162,-2.5118835702461833,4.420609072105387,-5.436947476372645,16390U
2025-06-29T23:42:39.409912,599.2523058080807,5962.9215836225,4119.767471510411,-2.553785709777486,4.058470281200636,-5.703619611266808,16390U
2025-06-29T23:43:39.409912,444.99811845459163,6195.159704806412,3770.060738668256,-2.5862866268089313,3.6800451937460172,-5.94978718941127,16390U
2025-06-29T23:44:39.409912,289.07992005282637,6404.238286284225,3406.2258947133573,-2.609201513740615,3.2867145074333033,-6.174359211295446,16390U
2025-06-29T23:45:39.409912,132.07744862725383,6589.306280964134,3029.589327728691,-2.622384579520735,2.8799402844643263,-6.376324407584688,16390U
2025-06-29T23:46:39.409912,-25.4220021275036,6749.602642051768,2641.535563027796,-2.625730733920066,2.461260201521219,-6.55475842659121,16390U
2025-06-29T23:47:39.409912,-182.8260692379349,6884.460677161263,2243.5018468170288,-2.6191770395433234,2.0322810090810823,-6.708830670260614,16390U
2025-06-29T23:48:39.409912,-339.5398872900458,6993.311988244289,1836.9723305169737,-2.6027039017392246,1.594671231241347,-6.8378106799547975,16390U
2025-06-29T23:49:39.409912,-494.96871916954933,7075.6899524555165,1423.471885390843,-2.5763359693305286,1.1501531524423834,-6.941073975134034,16390U
2025-06-29T23:50:39.409912,-648.5206325749773,7131.23270225239,1004.5595829749401,-2.540142722659158,0.7004941524676194,-7.018107252303528,16390U
2025-06-29T23:51:39.409912,-799.6092028266388,7159.685567129124,581.82188234562,-2.494238729765884,0.24749746541420378,-7.068512858292769,16390U
2025-06-29T23:52:39.409912,-947.6562214347393,7160.9029443611935,156.86557031757627,-2.438783556503836,-0.20700754853032424,-7.092012461002031,16390U
2025-06-29T23:53:39.409912,-1092.0943891536447,7134.849571899112,-268.68949488620785,-2.373981321895974,-0.6611755181370219,-7.088449851998228,16390U
2025-06-29T23:54:39.409912,-1232.3699718704665,7081.601182987304,-693.2177822657121,-2.3000798959384223,-1.1131554531389116,-7.0577928285085605,16390U
2025-06-29T23:55:39.409912,-1367.9453976724992,7001.344529054845,-1115.0955719284286,-2.217369743155541,-1.5611012961850614,-7.000134117095894,16390U
2025-06-29T23:56:39.409912,-1498.301773822383,6894.376764768233,-1532.7084653243396,-2.1261824213457396,-2.0031825132596173,-6.915691317189318,16390U
2025-06-29T23:57:39.409912,-1622.9413031321753,6761.104196677765,-1944.4588620858385,-2.0268887509344102,-2.437594599407534,-6.804805859218816,16390U
2025-06-29T23:58:39.409912,-1741.389580360664,6602.040404440066,-2348.773343944919,-1.9198966759858567,-2.8625693778389865,-6.667940988863912,16390U
2025-06-29T23:59:39.409912,-1853.1977507239212,6417.803750979327,-2744.1099074487006,-1.8056488430524265,-3.27638497455404,-6.505678805366158,16390U
2025-06-30T00:00:39.409912,-1957.9445143784128,6209.114304973849,-3128.964989458949,-1.6846199285003634,-3.6773753574207504,-6.318716397475622,16390U
2025-06-30T00:01:39.409912,-2055.237962754165,5976.790205560592,-3501.8802326135055,-1.557313748625529,-4.063939337891038,-6.10786113494434,16390U
2025-06-30T00:02:39.409912,-2144.7172348309014,5721.743504991136,-3861.4489419571264,-1.4242601896632276,-4.434548944927679,-5.874025186139105,16390U
2025-06-30T00:03:39.409912,-2226.053983801922,5444.975530028403,-4206.32218868848,-1.2860119966466501,-4.787757093835784,-5.61821934299176,16390U
2025-06-30T00:04:39.409912,-2298.9536469981776,5147.571807050018,-4535.214522284865,-1.1431414609544497,-5.122204487095891,-5.341546242886186,16390U
2025-06-30T00:05:39.409912,-2363.1565143849652,4830.696599068005,-4846.909257992357,-0.9962370463272012,-5.436625699489458,-5.045193083050729,16390U
2025-06-30T00:06:39.409912,-2418.4385933396334,4495.587105152833,-5140.263312659794,-0.8458999921705913,-5.729854415311723,-4.730423926518844,16390U
2025-06-30T00:07:39.409912,-2464.6122697151104,4143.547374069679,-5414.211567987412,-0.6927409311811796,-6.000827800801272,-4.3985716997780155,16390U
2025-06-30T00:08:39.409912,-2501.5267673450894,3775.941984334538,-5667.770746304156,-0.537376555833047,-6.248590009637911,-4.05102998097394,16390U
2025-06-30T00:09:39.409912,-2529.068410113221,3394.189542428148,-5900.042789853018,-0.3804263651712247,-6.472294833091119,-3.6892446741628167,16390U
2025-06-30T00:10:39.409912,-2547.1606924599714,2999.756049661465,-6110.217740120707,-0.22250951981049716,-6.67120751880567,-3.3147056598818523,16390U
2025-06-30T00:11:39.409912,-2555.764165717727,2594.148186256533,-6297.576118905372,-0.0642418291728159,-6.844705793048976,-2.9289385055342203,16390U
2025-06-30T00:12:39.409912,-2554.8761489344865,2178.9065587013893,-6461.4908174951,0.09376710904547979,-6.992280130342445,-2.533496311093558,16390U
2025-06-30T00:13:39.409912,-2544.530273867089,1755.5989534816642,-6601.428504469888,0.25091660126936977,-7.1135333216592285,-2.129951756781221,16390U
2025-06-30T00:14:39.409912,-2524.7958746012155,1325.813636987237,-6716.950566217394,0.4066173704047262,-7.20817939778258,-1.719889409984286,16390U
2025-06-30T00:15:39.409912,-2495.7772327991597,891.1527378631725,-6807.71359724858,0.560293880087348,-7.27604196802469,-1.3048983390994575,16390U
2025-06-30T00:16:39.409912,-2457.6126899046167,453.22574441933864,-6873.469459824889,0.7113864663019319,-7.3170520364154985,-0.886565072495195,16390U
2025-06-30T00:17:39.409912,-2410.4736377677705,13.643146028019569,-6914.064934284888,0.859353275070173,-7.331245357836508,-0.46646693163906255,16390U
2025-06-30T00:18:39.409912,-2354.5633991175832,-425.9897561932977,-6929.44098282169,1.0036720077419645,-7.318759395583715,-0.04616575885166884,16390U
2025-06-30T00:19:39.409912,-2290.116009125955,-864.0788476341593,-6919.631650358246,1.143841477848573,-7.279829939706111,0.3727979477192944,16390U
2025-06-30T00:20:39.409912,-2217.3949090069727,-1299.0469889344872,-6884.762626646312,1.2793829854794883,-7.214787442401133,0.7889104863323114,16390U
2025-06-30T00:21:39.409912,-2136.6915621968433,-1729.3395799064597,-6825.049493833311,1.4098415167353873,-7.12405312297778,1.2006899916400124,16390U
2025-06-30T00:22:39.409912,-2048.3240031905416,-2153.429886207852,-6740.79568355331,1.5347867770047026,-7.008134890631385,1.6066910681551976,16390U
2025-06-30T00:23:39.409912,-1952.6353285902433,-2569.824118970232,-6632.390167159609,1.6538140676423796,-6.867623128708352,2.0055090271637925,16390U
2025-06-30T00:24:39.409912,-1849.9921393663965,-2977.0662599567772,-6500.304902077094,1.766545016133155,-6.703186379447055,2.395783740408528,16390U
2025-06-30T00:25:39.409912,-1740.7829427613055,-3373.7426269337693,-6345.092056460076,1.8726281700412297,-6.5155669635131055,2.776203126387143,16390U
2025-06-30T00:26:39.409912,-1625.4165216899996,-3758.4861758010343,-6167.381033436863,1.9717394650269533,-6.305576564125525,3.145506286879224,16390U
2025-06-30T00:27:39.409912,-1504.320278923958,-4129.980537653611,-5967.875315240981,2.0635825769960516,-6.07409180128979,3.5024863124264276,16390U
2025-06-30T00:28:39.409912,-1377.938562788845,-4486.963790352771,-5747.349146501467,2.1478891680791676,-5.822049817685868,3.8459927760354256,16390U
2025-06-30T00:29:39.409912,-1246.7309805738435,-4828.231965390729,-5506.6440749163785,2.224419035659937,-5.550443894150009,4.1749339344511,16390U
2025-06-30T00:30:39.409912,-1111.1707053390544,-5152.642291863277,-5246.665366479673,2.292960173116535,-5.260319109459256,4.488278656058348,16390U
2025-06-30T00:31:39.409912,-971.7427813246001,-5459.116180229062,-4968.378311391857,2.3533287503431333,-4.952768056288567,4.7850580938942135,16390U
2025-06-30T00:32:39.409912,-828.9424327095626,-5746.6419492577725,-4672.804435766943,2.4053690215026067,-4.628926622750385,5.064367121474517,16390U
2025-06-30T00:33:39.409912,-683.2733800407773,-6014.277300168665,-4361.017633258588,2.4489531668513793,-4.289969846823321,5.325365548230682,16390U
2025-06-30T00:34:39.409912,-535.2461682513839,-6261.151542447721,-4034.1402297737886,2.483981074887256,-3.9371078492033775,5.567279130369431,16390U
2025-06-30T00:35:39.409912,-385.37650981658913,-6486.467576219874,-3693.3389935270347,2.5103800705137487,-3.5715818486335795,5.7894003919597345,16390U
2025-06-30T00:36:39.409912,-234.18364624438567,-6689.50363635905,-3339.821101804383,2.5281045943982745,-3.1946602625387355,5.991089270061683,16390U
2025-06-30T00:37:39.409912,-82.18873077790761,-6869.614803741092,-2974.8300749714012,2.5371358382293137,-2.807634894787695,6.1717735967566245,16390U
2025-06-30T00:38:39.409912,70.08676511692242,-7026.234289205531,-2599.6416874509646,2.537481340152256,-2.4118172115651593,6.330949430051599,16390U
2025-06-30T00:39:39.409912,222.1226191811054,-7158.874495883769,-2215.5598646352,2.5291745442816693,-2.008534705642401,6.468181244810003,16390U
2025-06-30T00:40:39.409912,373.4013976704993,-7267.127865588755,-1823.9125739672265,2.512274327847746,-1.5991273487419642,6.583101994118755,16390U
2025-06-30T00:41:39.409912,523.4099647397558,-7350.667514944517,-1426.0477177362789,2.4868644992302245,-1.1849441311698834,6.675413050834026,16390U
2025-06-30T00:42:39.409912,671.6409603169006,-7409.247666866218,-1023.3290344760197,2.4530532698590175,-0.7673396874145848,6.744884038446464,16390U
2025-06-30T00:43:39.409912,817.5942450804235,-7442.7038828868335,-617.132015240397,2.4109727027104,-0.3476710059615043,6.791352559863498,16390U
2025-06-30T00:44:39.409912,960.7783113294598,-7450.953101667548,-208.83984044923236,2.3607781398932293,0.07270577887688137,6.814723832208319,16390U
2025-06-30T00:45:39.409912,1100.7116586958532,-7433.993488826238,200.16065754107967,2.3026476115952343,0.4924385157678765,6.81497023526558,16390U
2025-06-30T00:46:39.409912,1236.924133785849,-7391.9041029759055,608.4830014874948,2.2367812284368003,0.9101820889291494,6.792130780748738,16390U
2025-06-30T00:47:39.409912,1368.9582329586258,-7324.844382583389,1014.7450417332601,2.163400559052717,1.3246013980867781,6.746310509104312,16390U
2025-06-30T00:48:39.409912,1496.3703675462436,-7233.053457941284,1417.5728903153886,2.0827479944852034,1.7343742699636118,6.677679820088249,16390U
2025-06-30T00:49:39.409912,1618.7320908983886,-7116.849292194352,1815.6048132862234,1.9950861007167986,2.138194305989956,6.586473742830501,16390U
2025-06-30T00:50:39.409912,1735.6312866902178,-6976.62765497855,2207.495078140153,1.900696960396157,2.5347736714894937,6.472991150529875,16390U
2025-06-30T00:51:39.409912,1846.6733179648706,-6812.860931820263,2591.917753496663,1.7998815045080947,2.9228458321655824,6.337593924276043,16390U
2025-06-30T00:52:39.409912,1951.4821363936119,-6626.096772005502,2967.570458397599,1.6929588344067834,3.301168244286392,6.180706069762853,16390U
2025-06-30T00:53:39.409912,2049.70135122153,-6416.956577172111,3333.178058715882,1.58026553426786,3.6685250055160474,6.002812789826217,16390U
2025-06-30T00:54:39.409912,2140.9952573299884,-6186.133832401162,3687.496308256209,1.4621549736158868,4.0237294738601985,5.804459514794113,16390U
2025-06-30T00:55:39.409912,2225.049821782379,-5934.39228109601,4029.315432136547,1.3389965991512498,4.365626862652598,5.586250891570738,16390U
2025-06-30T00:56:39.409912,2301.573628130434,-5662.563944441427,4357.463649979547,1.2111752146331662,4.693096819890772,5.348849731179852,16390U
2025-06-30T00:57:39.409912,2370.298777641501,-5371.546985737969,4670.810636304425,1.0790902470765429,5.00505600050155,5.092975913162063,16390U
2025-06-30T00:58:39.409912,2430.981746463119,-5062.303419415785,4968.270915290977,0.9431549969933086,5.300460640253259,4.81940524375483,16390U
2025-06-30T00:59:39.409912,2483.4041975690793,-4735.856664054627,5248.80718678268,0.8037958698591429,5.578309139999184,4.528968263186363,16390U
2025-06-30T01:00:39.409912,2527.3737461313995,-4393.288938282016,5511.433580002268,0.6614515854210126,5.837644668702981,4.222548995692016,16390U
2025-06-30T01:01:39.409912,2562.7246767339716,-4035.7384980037455,5755.218830963257,0.5165723608916528,6.0775577932228755,3.901083634031833,16390U
2025-06-30T01:02:39.409912,2589.318610588881,-3664.3967130432557,5979.289378978892,0.36961906351118334,6.29718914208962,3.5655591483627584,16390U
2025-06-30T01:03:39.409912,2607.0451206337184,-3280.5049809572074,6182.832376981612,0.22106232741468557,6.49573210945566,3.2170118073383467,16390U
2025-06-30T01:04:39.409912,2615.8222920819853,-2885.3514755511633,6365.098609583937,0.07138162923681507,6.672435604000389,2.8565255972919656,16390U
2025-06-30T01:05:39.409912,2615.597225669224,-2480.26772747734,6525.405311921995,-0.07893568356298657,6.826606845803524,2.4852305233662295,16390U
2025-06-30T01:06:39.409912,2606.346480489584,-2066.625034259106,6663.138881339039,-0.22939541804236713,6.957614212030479,2.104300774519865,16390U
2025-06-30T01:07:39.409912,2588.0764529546123,-1645.8306971843156,6777.757472885671,-0.3794976214405801,7.064890129683138,1.7149527325432548,16390U
2025-06-30T01:08:39.409912,2560.823688034427,-1219.3240827597015,6868.79346844647,-0.5287377339610739,7.147934010648439,1.318442803612035,16390U
2025-06-30T01:09:39.409912,2524.6551185673447,-788.5725068436817,6935.855808060213,-0.6766078154522605,7.20631522082526,0.9160650495817583,16390U
2025-06-30T01:10:39.409912,2479.6682280568552,-355.06694019860635,6978.632170697501,-0.8225978525695764,7.239676071239636,0.5091485952618551,16390U
2025-06-30T01:11:39.409912,2425.9911320231517,79.68246495330196,6996.890990415362,-0.9661971525941434,7.247734814799421,0.09905478739188626,16390U
2025-06-30T01:12:39.409912,2363.782572653547,514.1510266969319,6990.4832924477205,-1.1068958294400424,7.230288627737498,-0.31282591892351774,16390U
2025-06-30T01:13:39.409912,2293.2318212128234,946.8043614977367,6959.344332444277,-1.2441863864813771,7.187216549916316,-0.7250773699001295,16390U
2025-06-30T01:14:39.409912,2214.5584824483076,1376.1033849346645,6903.495020773489,-1.3775653996487531,7.1184823531026815,-1.1362614410557503,16390U
2025-06-30T01:15:39.409912,2128.0121950673292,1800.5094795402738,6823.043112598982,-1.5065353027754065,7.024137301181457,-1.5449221034613647,16390U
2025-06-30T01:16:39.409912,2033.87222229797,2218.48982198159,6718.184143370626,-1.630606275401424,6.904322761194308,-1.9495898451349036,16390U
2025-06-30T01:17:39.409912,1932.4469265800394,2628.5228593261054,6589.202088490733,-1.7492982311821408,6.759272619216537,-2.3487864604286766,16390U
2025-06-30T01:18:39.409912,1824.0731225942025,3029.1039213554072,6436.469725279787,-1.862142902697798,6.589315450598577,-2.7410302152586508,16390U
2025-06-30T01:19:39.409912,1709.1153031364922,3418.7509528576657,6260.448675030388,-1.968686015857707,6.394876390184946,-3.1248413900569716,16390U
2025-06-30T01:20:39.409912,1587.9647328002798,3796.010346571559,6061.689102961769,-2.068489544267482,6.176478644983827,-3.4987481954173947,16390U
2025-06-30T01:21:39.409912,1461.0384050523535,4159.462854014597,5840.82905432881,-2.1611340309336025,5.934744589600636,-3.861293047614044,16390U
2025-06-30T01:22:39.409912,1328.7778590918742,4507.729547874971,5598.593405848733,-2.2462209615830564,5.670396383765101,-4.211039182622654,16390U
2025-06-30T01:23:39.409912,1191.6478538719548,4839.477806033972,5335.792413040316,-2.323375170751021,5.384256051670876,-4.546577578095905,16390U
2025-06-30T01:24:39.409912,1050.1348978395247,5153.427283719247,5053.319836053616,-2.3922472587308268,5.077244964764385,-4.866534143153156,16390U
2025-06-30T01:25:39.409912,904.7456343116553,5448.355836843586,4752.1506291383175,-2.4525159945836776,4.750382673210508,-5.169577126056897,16390U
2025-06-30T01:26:39.409912,756.0050839425155,5723.105356375698,4433.338182062856,-2.503890677779532,4.404785036610965,-5.4544246801469205,16390U
2025-06-30T01:27:39.409912,604.4547474281222,5976.587470723807,4098.01110554994,-2.5461134287951195,4.041661611697542,-5.719852519087457,16390U
2025-06-30T01:28:39.409912,450.6505734221292,6207.789070704457,3747.369557111145,-2.578961377238711,3.6623122636421646,-5.964701583876963,16390U
2025-06-30T01:29:39.409912,295.1607985658644,6415.777609824714,3382.681108503526,-2.602248714907037,3.2681229782354952,-6.187885636504652,16390U
2025-06-30T01:30:39.409912,138.5636685262623,6599.706131441425,3005.276161314501,-2.6158285807015123,2.8605608643098646,-6.388398688952141,16390U
2025-06-30T01:31:39.409912,-18.55494904955209,6758.81797395832,2616.5429228352223,-2.619594744611867,2.441168349205737,-6.565322171730789,16390U
2025-06-30T01:32:39.409912,-175.60404677249832,6892.451105672888,2217.9219602798657,-2.613483059072762,2.0115565844808185,-6.717831743606499,16390U
2025-06-30T01:33:39.409912,-331.9900401486734,7000.042042239152,1810.9003574340043,-2.5974726479396555,1.573398094086948,-6.845203643811584,16390U
2025-06-30T01:34:39.409912,-487.11939405357475,7081.129302008907,1397.0055038235428,-2.571586806114768,1.1284187124703624,-6.946820490045705,16390U
2025-06-30T01:35:39.409912,-640.4012949054157,7135.356357759794,977.7985523264692,-2.535893586449973,0.6783888750240679,-7.022176430013922,16390U
2025-06-30T01:36:39.409912,-791.2503490603373,7162.474047485072,554.8675866609697,-2.4905060548960654,0.22511433757952162,-7.070881561134308,16390U
2025-06-30T01:37:39.409912,-939.0892869017429,7162.342411956464,129.8205452063942,-2.435582199861152,-0.2295735853181941,-7.092665542286068,16390U
2025-06-30T01:38:39.409912,-1083.3516513711959,7134.931932588494,-295.72204799346156,-2.371324487258919,-0.6838281621964292,-7.087380332874252,16390U
2025-06-30T01:39:39.409912,-1223.4844493199626,7080.324149615113,-720.1344905656001,-2.297979058620195,-1.1357976559888785,-7.055002007787622,16390U
2025-06-30T01:40:39.409912,-1358.9507440684765,6998.711647595808,-1141.7933902527552,-2.215834575738215,-1.5836358874462868,-6.995631611668176,16390U
2025-06-30T01:41:39.409912,-1489.2321679540585,6890.397402636082,-1559.0851754527216,-2.1252207214380148,-2.0255128288540476,-6.909495031873737,16390U
2025-06-30T01:42:39.409912,-1613.8313344214566,6755.793493258655,-1970.4135680783775,-2.0265063720159087,-2.459625104821195,-6.796941886127255,16390U
2025-06-30T01:43:39.409912,-1732.2741303477046,6595.419184413642,-2374.206959250288,-1.920097462505499,-2.8842062783263955,-6.658443437608066,16390U
2025-06-30T01:44:39.409912,-1844.1118707689238,6409.898401477775,-2768.9256296724607,-1.8064345710182241,-3.2975368044879927,-6.494589566639543,16390U
2025-06-30T01:45:39.409912,-1948.923299945128,6199.956618093706,-3153.068758866577,-1.6859902528343056,-3.6979535414884683,-6.306084843675453,16390U
2025-06-30T01:46:39.409912,-2046.316424721612,5966.417188164935,-3525.181170709499,-1.5592661585527892,-4.083858717512439,-6.093743762519494,16390U
2025-06-30T01:47:39.409912,-2135.9301683568665,5710.197158118507,-3883.8597667980284,-1.4267899733634413,-4.4537282640787215,-5.85848520523929,16390U
2025-06-30T01:48:39.409912,-2217.435835336937,5432.302600543305,-4227.759603962638,-1.2891122163126627,-4.806119439388842,-5.601326220718517,16390U
2025-06-30T01:49:39.409912,-2290.538380115239,5133.823514432334,-4555.599577594729,-1.1468029392886399,-5.139677679787956,-5.323375207003174,16390U
2025-06-30T01:50:39.409912,-2354.9774751497152,4815.928340431831,-4866.167678212602,-1.0004483653560805,-5.4531426326813595,-5.025824593379986,16390U
2025-06-30T01:51:39.409912,-2410.5283759936224,4479.858141715038,-5158.325794692094,-0.8506475050840429,-5.745353339761009,-4.7099431214371625,16390U
2025-06-30T01:52:39.409912,-2457.0025834813105,4126.9205023536315,-5431.014043684024,-0.6980087877076497,-6.015252554710495,-4.37706782523637,16390U
2025-06-30T01:53:39.409912,-2494.248305188241,3758.4831953947296,-5683.254610778457,-0.5431467414528007,-6.261890194230989,-4.0285958093013114,16390U
2025-06-30T01:54:39.409912,-2522.150720297436,3375.967672328324,-5914.1550948203385,-0.38667875425534864,-6.484425934881809,-3.6659759196071113,16390U
2025-06-30T01:55:39.409912,-2540.6320537427373,2980.8424243317822,-6122.911352314717,-0.22922194255830577,-6.682130980539094,-3.2907003973994184,16390U
2025-06-30T01:56:39.409912,-2549.6514670027655,2574.6162637049324,-6308.809843984112,-0.07139015201286723,-6.854389036000952,-2.9042965987925013,16390U
2025-06-30T01:57:39.409912,-2549.2047741773135,2158.8315713673924,-6471.229490181574,0.08620889012074259,-7.000696531242679,-2.508318855023553,16390U
2025-06-30T01:58:39.409912,-2539.32399298712,1735.0575533051936,-6609.643045962444,0.24297625514227267,-7.120662147958968,-2.104340539332304,16390U
2025-06-30T01:59:39.409912,-2520.076741104604,1304.8835455295425,-6723.618010151781,0.39832431390681156,-7.2140057053148015,-1.6939463970200956,16390U
2025-06-30T02:00:39.409912,-2491.565488758674,869.9124035663158,-6812.817085697884,0.5516790507035844,-7.280556465311135,-1.278725185649636,16390U
2025-06-30T02:01:39.409912,-2453.926678878441,431.7540088367481,-6876.998210984166,0.7024821856034702,-7.320250919966651,-0.8602626628695802,16390U
2025-06-30T02:02:39.409912,-2407.329726169678,-7.981079398589415,-6916.0141836084995,0.8501931040536318,-7.333130122781051,-0.4401349502298452,16390U
2025-06-30T02:03:39.409912,-2351.975906478261,-447.68780148470734,-6929.811899463937,0.9942905953051457,-7.319336625864793,-0.019902292814835576,16390U
2025-06-30T02:04:39.409912,-2288.097147610766,-885.7725826677225,-6918.431230816469,1.1342744036607757,-7.279111081908198,0.39889677329224227,16390U
2025-06-30T02:05:39.409912,-2215.9547324807577,-1320.6591080237079,-6882.003567523601,1.2696665985084021,-7.212788567038388,0.814750840657611,16390U
2025-06-30T02:06:39.409912,-2135.8379250521675,-1750.7938719219396,-6820.750045629216,1.4000127706775374,-7.120794676796524,1.2261806382566296,16390U
2025-06-30T02:07:39.409912,-2048.0625290836833,-2174.65148978968,-6734.97948735948,1.5248830638327233,-7.0036414431701575,1.631743633449647,16390U
2025-06-30T02:08:39.409912,-1952.9693891599002,-2590.739762558683,-6625.08607608715,1.6438730504336845,-6.861923116031282,2.0300382384579883,16390U
2025-06-30T02:09:39.409912,-1850.9228429436705,-2997.6044865273025,-6491.546789176738,1.7566044622857853,-6.6963118476307315,2.419707634915258,16390U
2025-06-30T02:10:39.409912,-1742.309133017923,-3393.8340034597904,-6334.918610819442,1.8627257859124626,-6.507553314134724,2.799443232527248,16390U
2025-06-30T02:11:39.409912,-1627.534786112722,-3778.063487593812,-6155.835546051839,1.9619127329572836,-6.2964623036750105,3.1679877795953653,16390U
2025-06-30T02:12:39.409912,-1507.024966950045,-4148.978967830179,-5955.005456166021,2.05386859560163,-6.063918296121377,3.5241381442153332,16390U
2025-06-30T02:13:39.409912,-1381.2218133884073,-4505.321084772173,-5733.2067346871345,2.138324496615982,-5.810861055836553,3.866747785469662,16390U
2025-06-30T02:14:39.409912,-1250.5827590187714,-4845.8885834758985,-5491.2848420412265,2.2150395431846412,-5.5382862550841185,4.194728933978718,16390U
2025-06-30T02:15:39.409912,-1115.5788488589317,-5169.541543782397,-5230.148715984999,2.2838008930898805,-5.247241142558723,4.507054500851535,16390U
2025-06-30T02:16:39.409912,-976.693053312715,-5475.204350960628,-4950.767073826654,2.3444237412478786,-4.938820268689088,4.802759733484253,16390U
2025-06-30T02:17:39.409912,-834.4185851100784,-5761.868410098539,-4654.164621452227,2.3967512339763246,-4.614161276930815,5.080943635855938,16390U
2025-06-30T02:18:39.409912,-689.2572235191369,-6028.594608270396,-4341.418183182866,2.440654317767815,-4.274440768183852,5.340770170052377,16390U
2025-06-30T02:19:39.409912,-541.7176497251477,-6274.515528984511,-4013.652765537892,2.4760315287573453,-3.920870243718662,5.5814692547551825,16390U
2025-06-30T02:20:39.409912,-392.3137969020063,-6498.837423795873,-3672.0375670649605,2.50280872851955,-3.554692130535859,5.802337575420816,16390U
2025-06-30T02:21:39.409912,-241.56321815549273,-6700.841946266324,-3317.7819455194804,2.520938791319808,-3.177175891872627,6.002739219880475,16390U
2025-06-30T02:22:39.409912,-89.98547519923382,-6879.887653670019,-2952.1313528433507,2.5304012474752606,-2.789614224579664,6.182106152135695,16390U
2025-06-30T02:23:39.409912,61.89944967533201,-7035.41128199619,-2576.3632475895843,2.531201887060475,-2.3933193442656644,6.3399385362380345,16390U
2025-06-30T02:24:39.409912,213.57271604833693,-7166.928799887399,-2191.7829936811936,2.523372327814512,-1.9896193584234436,6.475804921321644,16390U
2025-06-30T02:25:39.409912,364.5181602082553,-7274.0362471828175,-1799.7197536692845,2.506969550769241,-1.579854727168011,6.589342298116976,16390U
2025-06-30T02:26:39.409912,514.2238005795504,-7356.410363714801,-1401.52238396732,2.482075406817667,-1.1653748107020339,6.680256036607646,16390U
2025-06-30T02:27:39.409912,662.1833121584461,-7413.8090139344395,-998.5553388906876,2.448796097169513,-0.7475345021573923,6.748319713892732,16390U
2025-06-30T02:28:39.409912,807.8974685698856,-7446.071412823456,-592.1945897188715,2.40726163039341,-0.3276909440150337,6.7933748407752095,16390U
2025-06-30T02:29:39.409912,950.8755505358746,-7453.118158386904,-183.82356442053253,2.357625258512699,0.09279967414001682,6.815330495099978,16390U
2025-06-30T02:30:39.409912,1090.6367196998854,-7434.951075814786,225.1708868472078,2.3000628943993786,0.5125852392172388,6.814162869395469,16390U
2025-06-30T02:31:39.409912,1226.7113568917403,-7391.652878155796,633.4024958529768,2.2347725124895343,0.9303207627372418,6.789914739918,16390U
2025-06-30T02:32:39.409912,1358.6423640329788,-7323.386648062035,1039.489545854277,2.1619735346182547,1.3446713571213547,6.7426948637371655,16390U
2025-06-30T02:33:39.409912,1485.986428980493,-7230.39514484377,1442.0588028527734,2.081906202535396,1.7543151443306062,6.672677310018741,16390U
2025-06-30T02:34:39.409912,1608.315252681535,-7112.999940720304,1839.7494051403485,1.9948309384108394,2.1579461015704857,6.580100731140515,16390U
2025-06-30T02:35:39.409912,1725.2167380682274,-6971.600389768699,2231.2167080457375,1.9010276943623665,2.554276849341831,6.465267578699221,16390U
2025-06-30T02:36:39.409912,1836.296140151985,-6806.672432658914,2615.1360810450756,1.800795291737858,2.9420413876873712,6.328543268817232,16390U
2025-06-30T02:37:39.409912,1941.1771767861767,-6618.767239828617,2990.2066545939565,1.6944507505532316,3.3199977870468613,6.170355300422254,16390U
2025-06-30T02:38:39.409912,2039.5030995524078,-6408.50969529039,3355.15501418074,1.5823286091224473,3.6869308406877894,5.991192329334947,16390U
2025-06-30T02:39:39.409912,2130.9377241851425,-6176.596722790501,3708.7388391690306,1.4647802335188445,4.041654686186269,5.791603200050764,16390U
2025-06-30T02:40:39.409912,2215.1664198855983,-5923.795455549541,4049.750484004374,1.3421731160734969,4.3830154038901785,5.5721959360289315,16390U
2025-06-30T02:41:39.409912,2291.8970567849065,-5650.941250320421,4377.020499291617,1.214890161649103,4.709893600669008,5.333636688098975,16390U
2025-06-30T02:42:39.409912,2360.8609106982976,-5358.935546005781,4689.421090102141,1.0833289599297253,5.021206987516534,5.076648639259837,16390U
2025-06-30T02:43:39.409912,2421.8135241682617,-5048.743566584088,4985.869508648642,0.9479010414376585,5.3159129597029215,4.802010862671653,16390U
2025-06-30T02:44:39.409912,2474.535522620442,-4721.391867623396,5265.331378148028,0.8090311144405308,5.593011188122781,4.510557128040095,16390U
2025-06-30T02:45:39.409912,2518.8333842559296,-4377.965725207594,5526.823944295685,0.6671562793450085,5.851546230241103,4.203174649863169,16390U
2025-06-30T02:46:39.409912,2554.540162074204,-4019.606365687121,5769.419250275702,0.5227252166040072,6.0906101685474034,3.88080276917713,16390U
2025-06-30T02:47:39.409912,2581.5161561647815,-3647.5080342946862,5992.2472306417,0.376197343599136,6.309345283667054,3.544431558511085,16390U
2025-06-30T02:48:39.409912,2599.649534122615,-3262.914900361375,6194.498718708428,0.22804193541791826,6.5069467682018285,3.1951003377771308,16390U
2025-06-30T02:49:39.409912,2608.856897134888,-2867.117796634319,6375.4283613032385,0.07873720393886062,6.682665485954157,2.8338960868097356,16390U
2025-06-30T02:50:39.409912,2609.083788956453,-2461.450790062149,6534.357433830903,-0.0712306708092658,6.835810779392696,2.461951738278664,16390U
2025-06-30T02:51:39.409912,2600.3051446426725,-2047.2875813863293,6670.676547614316,-0.22136856341812425,6.965753326021265,2.0804443327769193,16390U
2025-06-30T02:52:39.409912,2582.525675544468,-1626.0377309871828,6783.8482403860535,-0.3711774866691142,7.071928041693677,1.6905930161003446,16390U
2025-06-30T02:53:39.409912,2555.7801866980612,-1199.142708693017,6873.409439634582,-0.5201537427082097,7.153837025867907,1.2936568571492613,16390U
2025-06-30T02:54:39.409912,2520.1338223675084,-768.0717657014824,6938.973787261062,-0.6677901486141982,7.211052540311081,0.8909324635816448,16390U
2025-06-30T02:55:39.409912,2475.6822351300584,-334.31762740117284,6980.233812696462,-0.8135773429459288,7.243220008868251,0.4837513714118291,16390U
2025-06-30T02:56:39.409912,2422.551673543218,100.60799325638456,6996.962940282934,-0.9570051794414459,7.250061021622437,0.07347718427198333,16390U
2025-06-30T02:57:39.409912,2360.898983108622,535.1790610827239,6989.017315363795,-1.0975642133933774,7.231376322148923,-0.33849756187608987,16390U
2025-06-30T02:58:39.409912,2290.91151496622,967.8600605522249,6956.337432182254,-1.2347472853143304,7.187048751671115,-0.7507548320678359,16390U
2025-06-30T02:59:39.409912,2212.8069365258734,1397.1110105088096,6898.949545398747,-1.3680512053191392,7.117046118850149,-1.1618548457394489,16390U
2025-06-30T03:00:39.409912,2126.832938088033,1821.392645981768,6816.966845838886,-1.4969785401713123,7.02142395879528,-1.570340169978171,16390U
2025-06-30T03:01:39.409912,2033.2668294402242,2239.171759177034,6710.59038002845,-1.621039503160768,6.900328139804653,-1.974740169222784,16390U
2025-06-30T03:02:39.409912,1932.415020454763,2648.9266891989023,6580.109692208046,-1.739753944907486,6.753997271489828,-2.3735758239255573,16390U
2025-06-30T03:03:39.409912,1824.6123798764067,3049.152947256939,6425.903166903734,-1.852653440829364,6.582764863478602,-2.7653649256146102,16390U
2025-06-30T03:04:39.409912,1710.2214667917763,3438.3689610604083,6248.438049819388,-1.959283468399427,6.387061180019416,-3.1486276497561554,16390U
2025-06-30T03:05:39.409912,1589.6316297319217,3815.1219188260397,6048.270124869909,-2.05920566448527,6.167414732728449,-3.5218925008353197,16390U
2025-06-30T03:06:39.409912,1463.257968986817,4177.993689876758,5826.043025647341,-2.152000150065707,5.924453351629392,-3.883702616227448,16390U
2025-06-30T03:07:39.409912,1331.5401585201516,4525.606795238441,5582.487160561544,-2.2372679065172525,5.658904773741907,-4.232622406820406,16390U
2025-06-30T03:08:39.409912,1194.9411248655192,4856.630398036057,5318.418232364098,-2.314633184540511,5.37159668895712,-4.567244503139839,16390U
2025-06-30T03:09:39.409912,1053.9455815699487,5169.786279915004,5034.73533479573,-2.383745923737433,5.0634561849740685,-4.8861969661023,16390U
2025-06-30T03:10:39.409912,909.0584191153192,5463.854766286086,4732.418611707404,-2.4442841579617482,4.735508536776213,-5.188150711735049,16390U
2025-06-30T03:11:39.409912,760.8029517907497,5737.680559995553,4412.526467217021,-2.495956378947204,4.38887529160566,-5.471827089509283,16390U
2025-06-30T03:12:39.409912,609.7190246851821,5990.178440183771,4076.192319258728,-2.5385038284866295,4.024771607665017,-5.736005544658435,16390U
2025-06-30T03:13:39.409912,456.36098579975135,6220.338780717601,3724.620893243011,-2.571702687695115,3.644502813826196,-5.979531286307061,16390U
2025-06-30T03:14:39.409912,301.2955302103852,6427.232840781254,3359.084057419583,-2.5953661307470575,3.2494601683506597,-6.201322875760867,16390U
2025-06-30T03:15:39.409912,145.09942520442638,6610.017779090279,2980.916206854944,-2.6093462100209823,2.8411158068621285,-6.400379643230194,16390U
2025-06-30T03:16:39.409912,-11.642872673126941,6767.941342849258,2591.5092086092413,-2.613535539892768,2.421016883319619,-6.575788836889983,16390U
2025-06-30T03:17:39.409912,-168.3416957461203,6900.346183082171,2192.3069266140124,-2.6078687475406013,1.9907789222105763,-6.7267324057907985,16390U
2025-06-30T03:18:39.409912,-324.4047236903748,7006.673749383718,1784.7993507835686,-2.592323661092221,1.5520784152497726,-6.852493317953554,16390U
2025-06-30T03:19:39.409912,-479.23960579643597,7086.467719504235,1370.5163608910216,-2.566922208253906,1.1066447111052669,-6.952461317164069,16390U
2025-06-30T03:20:39.409912,-632.2566288634077,7139.3769224905345,951.021161560682,-2.531731002178695,0.6562512616305961,-7.026138026610357,16390U
2025-06-30T03:21:39.409912,-782.8714112467668,7165.157718337831,527.9034302069165,-2.486861595692389,0.20270630227968886,-7.073141314573609,16390U
2025-06-30T03:22:39.409912,-930.5076025421488,7163.675802204204,102.77222473102516,-2.432470390001755,-0.25215694265323924,-7.093208846793475,16390U
2025-06-30T03:23:39.409912,-1074.5995676721689,7134.907407108768,-322.75129786572614,-2.3687581895351735,-0.7064904280323677,-7.086200761688314,16390U
2025-06-30T03:24:39.409912,-1214.5950337863708,7078.939885562923,-747.0412972294027,-2.295969400458574,-1.1584417179764723,-7.052101418044768,16390U
2025-06-30T03:25:39.409912,-1349.9576784031747,6995.971657624852,-1168.474742352925,-2.2143908765002713,-1.6061645601235885,-6.991020179736851,16390U
2025-06-30T03:26:39.409912,-1480.1696376264463,6886.311520258347,-1585.4389221091888,-2.124350421824255,-2.0478294820281198,-6.90319121806869,16390U
2025-06-30T03:27:39.409912,-1604.7339140549236,6750.377320435653,-1996.3389138264442,-2.0262149666240843,-2.481634286397317,-6.788972328978756,16390U
2025-06-30T03:28:39.409912,-1723.1766651349908,6588.694001986085,-2399.6049504369776,-1.9203884367028388,-2.905814323453912,-6.64884277911245,16390U
2025-06-30T03:29:39.409912,-1835.0493542159522,6401.891043512097,-2793.6996282341115,-1.8073093433437657,-3.3186524232837136,-6.483400211105269,16390U
2025-06-30T03:30:39.409912,-1939.9307483044465,6190.699311700627,-3177.124899557486,-1.6874481241937467,-3.7184883780561595,-6.293356653916848,16390U
2025-06-30T03:31:39.409912,-2037.42874856512,5955.94736075784,-3548.4287981507478,-1.5613042694564683,-4.103727873692876,-6.0795336981567,16390U
2025-06-30T03:32:39.409912,-2127.182041811976,5698.557214454188,-3906.211849032443,-1.4294032704161335,-4.472850782177715,-5.84285690874019,16390U
2025-06-30T03:33:39.409912,-2208.8615635830533,5419.5396722049845,-4249.133119574393,-1.2922934290826276,-4.824418739061727,-5.584349557534633,16390U
2025-06-30T03:34:39.409912,-2282.1717658036855,5119.989184671057,-4575.915873861887,-1.1505425685669346,-5.157081945267315,-5.3051257666928775,16390U
2025-06-30T03:35:39.409912,-2346.851684468608,4801.078347470009,-4885.352798199849,-1.0047346836678839,-5.4695851475900685,-5.006383158967241,16390U
2025-06-30T03:36:39.409912,-2402.67580514552,4464.052063743544,-5176.310771636483,-0.8554665701411631,-5.760772767809528,-4.6893951144301855,16390U
2025-06-30T03:37:39.409912,-2449.4547263774516,4110.221427509739,-5447.735161482291,-0.7033444692959526,-6.029593165619075,-4.3555027337217505,16390U
2025-06-30T03:38:39.409912,-2487.035623184994,3740.9573800096427,-5698.6536298241335,-0.5489807620427882,-6.275102035198931,-4.006106606360832,16390U
2025-06-30T03:39:39.409912,-2515.302514810247,3357.684190670951,-5928.179442867077,-0.39299074340976026,-6.496464948835789,-3.642658478980392,16390U
2025-06-30T03:40:39.409912,-2534.1763425683134,2961.8728129673486,-6135.514280439655,-0.23598950499900317,-6.6929590732000355,-3.2666529128676665,16390U
2025-06-30T03:41:39.409912,-2543.614865163408,2555.0341634316233,-6319.950548092178,-0.07858894900314073,-6.863974094505388,-2.8796190132028165,16390U
2025-06-30T03:42:39.409912,-2543.6123800718883,2138.7123695076993,-6480.873198818449,0.07860504661331483,-7.009012397625662,-2.483112304242428,16390U
2025-06-30T03:43:39.409912,-2534.199280593203,1714.478028907329,-6617.761075492517,0.23499529621352974,-7.127688551252685,-2.0787068157262727,16390U
2025-06-30T03:44:39.409912,-2515.4414589264497,1283.921519798783,-6730.187788600049,0.3899957962775485,-7.2197281563344635,-1.6679874363469889,16390U
2025-06-30T03:45:39.409912,-2487.4395661578837,848.6463975963452,-6817.822146755208,0.5430340290669506,-7.284966118397028,-1.2525425805218928,16390U
2025-06-30T03:46:39.409912,-2450.3281403599067,410.26291045322284,-6880.4281598339485,0.6935530758539552,-7.323344406035887,-0.833957205240866,16390U
2025-06-30T03:47:39.409912,-2404.2746141262296,-29.618338124929583,-6917.8646363500075,0.8410135385696723,-7.334909358025087,-0.413806204679952,16390U
2025-06-30T03:48:39.409912,-2349.4782128253305,-469.39255474747836,-6930.0843979876045,0.9848952715081774,-7.319808600323416,0.006351798222945715,16390U
2025-06-30T03:49:39.409912,-2286.168754668419,-907.4667283892879,-6917.133135032693,1.1246989270997005,-7.278287631972319,0.42498025179279836,16390U
2025-06-30T03:50:39.409912,-2214.6053633859074,-1342.2653914357722,-6879.147926862047,1.2599473217227262,-7.2106861356964105,0.8405700627004541,16390U
2025-06-30T03:51:39.409912,-2135.075103910612,-1772.236154632543,-6816.355451714773,1.3901866290752463,-7.117434065157717,1.2516445715459423,16390U
2025-06-30T03:52:39.409912,-2047.891551000341,-2195.855003900206,-6729.069909738316,1.5149874097844964,-6.9990475564874295,1.6567641234234711,16390U
2025-06-30T03:53:39.409912,-1953.3933002160725,-2611.6313495734576,-6617.6906828241235,1.6339454867383127,-6.8561247071157965,2.054530244065146,16390U
2025-06-30T03:54:39.409912,-1851.942430125693,-3018.1128209509025,-6482.699754079435,1.7466826760997258,-6.689341260215946,2.443589435380762,16390U
2025-06-30T03:55:39.409912,-1743.9229240390516,-3413.889801119765,-6324.65890896514,1.8528473841699022,-6.499446228413074,2.822636606617516,16390U
2025-06-30T03:56:39.409912,-1629.7390590131556,-3797.5996988446586,-6144.206739207044,1.9521150802315512,-6.287257485907878,3.19041815902577,16390U
2025-06-30T03:57:39.409912,-1509.8137693070264,-4167.930955898426,-5942.055469595108,2.0441886552811788,-6.05365735391594,3.545734742929244,16390U
2025-06-30T03:58:39.409912,-1384.5869909186922,-4523.626789592238,-5718.98762674838,2.1287986761898305,-5.799588200394424,3.887443706565774,16390U
2025-06-30T03:59:39.409912,-1254.513993312762,-4863.488671435883,-5475.852567870367,2.205703544351991,-5.5260480714643085,4.21446125607228,16390U
2025-06-30T04:00:39.409912,-1120.0637039436501,-5186.379543863333,-5213.562886463392,2.2746895673333802,-5.234086368753188,4.525764345643623,16390U
2025-06-30T04:01:39.409912,-981.7170307072367,-5491.2267777930665,-4933.090710934797,2.335570951434099,-4.924799584097894,4.820392316269538,16390U
2025-06-30T04:02:39.409912,-839.9651870028239,-5777.024874501691,-4635.463911007185,2.388189722478136,-4.599327100627169,5.097448300650089,16390U
2025-06-30T04:03:39.409912,-695.3080236689569,-6042.837915861195,-4321.7622258630845,2.432415581536491,-4.258847067191599,5.356100410950518,16390U
2025-06-30T04:04:39.409912,-548.2523716637277,-6287.801767459444,-3993.1133270054866,2.4681457017103905,-3.904572351376891,5.595582725057175,16390U
2025-06-30T04:05:39.409912,-399.31039899240614,-6511.126039497439,-3650.688827902649,2.4953044715535233,-3.53774657489338,5.815196085979953,16390U
2025-06-30T04:06:39.409912,-248.9979850455976,-6712.095810641546,-3295.700251616786,2.513843190204106,-3.1596402339478744,6.014308728044887,16390U
2025-06-30T04:07:39.409912,-97.83311519037665,-6890.0731202258785,-2929.3949667762918,2.5237397188351265,-2.7715469062165767,6.192356742571808,16390U
2025-06-30T04:08:39.409912,53.66570183439858,-7044.498234337874,-2553.052101464664,2.5249980926125706,-2.3747795452378417,6.348844394836391,16390U
2025-06-30T04:09:39.409912,204.9809914423826,-7174.890691406743,-2167.9784438380098,2.5176480969779074,-1.970666862363711,6.483344303303475,16390U
2025-06-30T04:10:39.409912,355.59784362053176,-7280.850132939327,-1775.5043375632845,2.501744811737563,-1.5605497958334338,6.595497491378766,16390U
2025-06-30T04:11:39.409912,505.0054144534494,-7362.056925019755,-1376.979579491114,2.477368126143618,-1.1457780660305492,6.685013321259534,16390U
2025-06-30T04:12:39.409912,652.6983971722173,-7418.27257611386,-973.7693263309488,2.4446222278817316,-0.7277068155208195,6.751669318868623,16390U
2025-06-30T04:13:39.409912,798.1784613424762,-7449.339956596885,-567.2500164874507,2.403635068636135,-0.3076933320250235,6.795310898315781,16390U
2025-06-30T04:14:39.409912,940.9556589791929,-7455.183325255158,-158.8053126518193,2.3545578086718804,0.11290614795375552,6.815850993832759,16390U
2025-06-30T04:15:39.409912,1080.549796531658,-7435.808167804277,250.17792978890495,2.297564242653487,0.5327395575784927,6.813269606661165,16390U
2025-06-30T04:16:39.409912,1216.4917718177685,-7391.300852217617,658.3136639520337,2.2328502086993494,0.9504620434016621,6.787613273915739,16390U
2025-06-30T04:17:39.409912,1348.3248751012836,-7321.828105372242,1064.2206181366516,2.1606329824478165,1.3647389380496902,6.738994465984534,16390U
2025-06-30T04:18:39.409912,1475.6060536023579,-7227.636315197869,1466.5262242502038,2.0811506576749523,1.774248666075581,6.667590918543841,16390U
2025-06-30T04:19:39.409912,1597.9071388051132,-7109.050662159305,1863.870504606378,1.9946615147521505,2.1776855877250325,6.5736449047423875,16390U
2025-06-30T04:20:39.409912,1714.8160359807061,-6966.474083516447,2254.9099140208255,1.901443377956802,2.5737627859224,6.457462452528329,16390U
2025-06-30T04:21:39.409912,1825.937875372333,-6800.386073394806,2638.3211343726857,1.801792962350088,2.9612148023426266,6.319412511441303,16390U
2025-06-30T04:22:39.409912,1930.8961245004366,-6611.34132125837,3012.804819001567,1.6960252106028704,3.3388003290096027,6.159926072448535,16390U
2025-06-30T04:23:39.409912,2029.3336610268911,-6399.96819092191,3377.089284428857,1.5844726197896017,3.705304862394228,5.979495243564763,16390U
2025-06-30T04:24:39.409912,2120.913805579231,-6166.967041761767,3729.9341469667297,1.4674845577704119,4.05954332750124,5.778672283038098,16390U
2025-06-30T04:25:39.409912,2205.3213138691817,-5913.108393298559,4070.133901771804,1.3454265683494082,4.400362679878179,5.558068590806631,16390U
2025-06-30T04:26:39.409912,2282.263327348061,-5639.2309338317855,4396.5214418257265,1.2186796639301254,4.726644493845573,5.318353657722078,16390U
2025-06-30T04:27:39.409912,2351.4702815235714,-5346.239373311612,4707.971514174777,1.0876396038891838,5.03730754550422,5.060253970692586,16390U
2025-06-30T04:28:39.409912,2412.6967709161263,-5035.1021401473845,5003.404110525173,0.9527161563621547,5.331310399188494,4.784551870419731,16390U
2025-06-30T04:29:39.409912,2465.722369458992,-4706.848921180707,5281.78778897248,0.8143323405853778,5.6076540059780875,4.492084356795179,16390U
2025-06-30T04:30:39.409912,2510.3524049453035,-4362.56804360181,5542.142923236213,0.6729236463709579,5.865384322618866,4.1837418352886795,16390U
2025-06-30T04:31:39.409912,2546.418685894017,-4003.4036971814357,5783.54487526328,0.5289372267235314,6.10359495869389,3.860466795823612,16390U
2025-06-30T04:32:39.409912,2573.780178950887,-3630.5529948196627,6005.127086470405,0.3828310590401493,6.321429859109193,3.5232524137027657,16390U
2025-06-30T04:33:39.409912,2592.3236346556487,-3245.262869118308,6206.084082189802,0.23507306979437573,6.51808602785689,3.1731410601676835,16390U
2025-06-30T04:34:39.409912,2601.9641590985916,-2848.8268024567114,6385.6743830851065,0.08614021709995819,6.692816297578367,2.8112227081640095,16390U
2025-06-30T04:35:39.409912,2602.645728658988,-2442.5813879168504,6543.223316405063,-0.0634824748997917,6.844932147631182,2.4386332168948712,16390U
2025-06-30T04:36:39.409912,2594.341644667339,-2027.9027183985584,6678.125718938373,-0.21330293623393368,6.973806571134146,2.0565524768422243,16390U
2025-06-30T04:37:39.409912,2577.054924469818,-1606.2026013722004,6789.848522446536,-0.3628231325832301,7.078876988824084,1.666202395151494,16390U
2025-06-30T04:38:39.409912,2550.8186249993846,-1178.9245970001305,6877.933211169487,-0.5115402148534766,7.159648204474143,1.2688446997176481,16390U
2025-06-30T04:39:39.409912,2515.6960945835717,-747.5398778088153,6941.998139749131,-0.6589477436385033,7.215695393114619,0.8657785390304675,16390U
2025-06-30T04:40:39.409912,2471.781148350174,-313.54290874490584,6981.740698606931,-0.804536995163144,7.246667109370948,0.4583378539288059,16390U
2025-06-30T04:41:39.409912,2419.1981622407748,121.553052667453,6996.939312463407,-0.9477983548762272,7.252288298920344,0.047888496977902456,16390U
2025-06-30T04:42:39.409912,2358.1020803186375,556.2206352308035,6987.455256329086,-1.088222804209353,7.232363291422068,-0.364174924702262,16390U
2025-06-30T04:43:39.409912,2288.678329775856,988.9232098148427,6953.23427195588,-1.2253035051005645,7.18677874836291,-0.7764325065603862,16390U
2025-06-30T04:44:39.409912,2211.142637819077,1418.1199180414342,6894.307966452657,-1.35853748568605,7.115506534171625,-1.1874428255816953,16390U
2025-06-30T04:45:39.409912,2125.740744460007,1842.270868065383,6810.794973581088,-1.4874274290739242,7.018606473808414,-1.5957470606585182,16390U
2025-06-30T04:46:39.409912,2032.7480051720463,2259.8424893550537,6702.901857204337,-1.6114835653274289,6.896228954962749,-1.9998734706987236,16390U
2025-06-30T04:47:39.409912,1932.468877417144,2669.3130358325634,6570.923735514647,-1.7302256647004026,6.748617328154836,-2.398342242633888,16390U
2025-06-30T04:48:39.409912,1825.2362852115668,3069.1782239220393,6415.244604069404,-1.8431851278050226,6.576110053604963,-2.789670716354614,16390U
2025-06-30T04:49:39.409912,1711.4108562082495,3457.9569889723316,6236.337335382225,-1.9499071657673321,6.37914253991008,-3.172378987479695,16390U
2025-06-30T04:50:39.409912,1591.3800262334614,3834.197340241241,6034.763332894296,-2.0499530605909806,6.158248616537496,-3.544995881830666,16390U
2025-06-30T04:51:39.409912,1465.5570068514426,4196.482291152728,5811.171817662363,-2.142902492941414,5.914061580132265,-3.9060652875612627,16390U
2025-06-30T04:52:39.409912,1334.3796123416726,4543.435837970704,5566.29872708258,-2.2283559214610267,5.647314753822591,-4.2541528222386225,16390U
2025-06-30T04:53:39.409912,1198.3089434742228,4873.728956415647,5300.9652064806,-2.3059369945997292,5.358841499294421,-4.587852802917023,16390U
2025-06-30T04:54:39.409912,1057.8279266556158,5186.0855821855985,5016.07567646826,-2.3752949728910715,5.04957462354807,-4.905795477601753,16390U
2025-06-30T04:55:39.409912,913.4397083906831,5479.288537916403,4712.615461627254,-2.436107136719079,4.720545126082381,-5.206654466700479,16390U
2025-06-30T04:56:39.409912,765.6659065508384,5752.185365943327,4391.647969332409,-2.4880811520143338,4.372880237852396,-5.489154353390594,16390U
2025-06-30T04:57:39.409912,615.0447216396219,6003.694023411735,4054.3114113663605,-2.5309573640993053,4.0078007107479445,-5.75207835259338,16390U
2025-06-30T04:58:39.409912,462.1289130822014,6232.808393936162,3701.815065383428,-2.564510988179171,3.626617325520488,-5.994275979760806,16390U
2025-06-30T04:59:39.409912,307.4836474953,6438.603568253404,3335.435078185575,-2.588554163852456,3.23072659692309,-6.214670633300057,16390U
2025-06-30T05:00:39.409912,151.68422789162764,6620.240845238761,2956.5098181302037,-2.602937840581664,2.8216056671775656,-6.412266998491234,16390U
2025-06-30T05:01:39.409912,-4.686285218745508,6776.972404369977,2566.4347896805293,-2.6075534613964217,2.400806392471825,-6.5861581765240125,16390U
2025-06-30T05:02:39.409912,-161.0395478854973,6908.145601288962,2166.6571290465463,-2.6023344132500665,1.9699486417336087,-6.735532440042465,16390U
2025-06-30T05:03:39.409912,-316.7844870963866,7013.206839598171,1758.6697058955806,-2.5872572144435493,1.5307128420256544,-6.8596795165783755,16390U
2025-06-30T05:04:39.409912,-471.3299188831841,7091.704974457451,1344.0048621064618,-2.562342412363996,1.0848318201539675,-6.957996303615092,16390U
2025-06-30T05:05:39.409912,-624.0872119971843,7143.294206923695,924.227824345182,-2.527655168425281,0.6340820050144574,-7.029991923834894,16390U
2025-06-30T05:06:39.409912,-774.472977677837,7167.736432273932,500.9298326827901,-2.4833055114765066,0.18027406933539564,-7.075292036353049,16390U
2025-06-30T05:07:39.409912,-921.9117650045387,7164.9030107063045,75.72103242605806,-2.4294482459639255,-0.27475689764382816,-7.093642329320115,16390U
2025-06-30T05:08:39.409912,-1065.8387406194663,7134.775934738124,-349.7768193831523,-2.3662825066638216,-0.7291615838566021,-7.084911130990312,16390U
2025-06-30T05:09:39.409912,-1205.7023312617423,7077.448374191495,-773.9377778325422,-2.2940509576973813,-1.1810869026943618,-7.0490910899167005,16390U
2025-06-30T05:10:39.409912,-1340.9668075840518,6993.124586731853,-1195.1392067900863,-2.213038639621955,-1.6286865775236525,-6.986299889981916,16390U
2025-06-30T05:11:39.409912,-1471.1147881345858,6882.119189338072,-1611.769289120712,-2.123571474485945,-2.070131740143082,-6.896779982075452,16390U
2025-06-30T05:12:39.409912,-1595.649643181837,6744.855793653649,-2022.2344906511855,-2.026014444647687,-2.5036214198292406,-6.780897330906113,16390U
2025-06-30T05:13:39.409912,-1714.0977792106705,6581.865015712996,-2424.9669185048624,-1.920769466715504,-2.927392801443673,-6.639139192189302,16390U
2025-06-30T05:14:39.409912,-1826.0107864028826,6393.781877871045,-2818.431515911591,-1.8082729869960865,-3.3397311357394064,-6.472110951765186,16390U
2025-06-30T05:15:39.409912,-1930.9674331965505,6181.342627701657,-3201.1330380864974,-1.6889933291897916,-3.738979192356751,-6.280532073588257,16390U
2025-06-30T05:16:39.409912,-2028.5754940357895,5945.381005024368,-3571.622757150925,-1.5634278286337149,-4.123546155732141,-6.0652312175448335,16390U
2025-06-30T05:17:39.409912,-2118.4733986360675,5686.823993910928,-3928.5048482810457,-1.4320997900652874,-4.491915875961384,-5.827140600297371,16390U
2025-06-30T05:18:39.409912,-2200.331693428507,5406.687101411046,-4270.442414151445,-1.2955553076162525,-4.842654400106358,-5.567289682520185,16390U
2025-06-30T05:19:39.409912,-2273.854308254091,5106.069208730558,-4596.163110163234,-1.1543599865281087,-5.174416724066163,-5.2867982737490955,16390U
2025-06-30T05:20:39.409912,-2338.7796237938314,4786.147043640947,-4904.464338754617,-1.0090956059236795,-5.485952720461821,-4.98686915148381,16390U
2025-06-30T05:21:39.409912,-2394.881337584199,4448.169324982235,-5194.217987119194,-0.8603567609312942,-5.776112213510838,-4.668780294126033,16390U
2025-06-30T05:22:39.409912,-2441.9691287289884,4093.4506312452213,-5464.37468875885,-0.7087475206151587,-6.043849187134556,-4.3338768278569715,16390U
2025-06-30T05:23:39.409912,-2479.889123530389,3723.365045433868,-5713.967595315378,-0.554878135629472,-6.288225127105085,-3.9835627858054465,16390U
2025-06-30T05:24:39.409912,-2508.5241661892715,3339.3396277688153,-5942.115650935683,-0.3993618264027449,-6.508411511535255,-3.619292774036318,16390U
2025-06-30T05:25:39.409912,-2527.7939004357327,2942.847766396364,-6148.0263669037795,-0.24281167911371956,-6.703691476124586,-3.2425636332809282,16390U
2025-06-30T05:26:39.409912,-2537.6546694292383,2535.40245420438,-6330.998099332735,-0.08583767287598346,-6.873460691073468,-2.854906178241553,16390U
2025-06-30T05:27:39.409912,-2538.09924250125,2118.549537237314,-6490.421837272121,0.07095614245433789,-7.017227495303801,-2.4578770880769083,16390U
2025-06-30T05:28:39.409912,-2529.156378300697,1693.8609771582603,-6625.782512605617,0.22697430246469816,-7.134612340505648,-2.0530510126578663,16390U
2025-06-30T05:29:39.409912,-2510.890234650366,1262.9281668455908,-6736.659846559309,0.38163240692607203,-7.2253466025590685,-1.6420129497145926,16390U
2025-06-30T05:30:39.409912,-2483.3996359416783,827.3553346400682,-6822.728750509246,0.5343594133994233,-7.289270821123416,-1.2263509383899949,16390U
2025-06-30T05:31:39.409912,-2446.817209204186,388.75306909019673,-6883.759301073104,0.6845997414979862,-7.326332429755622,-0.8076491052681105,16390U
2025-06-30T05:32:39.409912,-2401.308400106127,-51.26800764086584,-6919.616311227046,0.8318151867344437,-7.336583038981181,-0.38748108989454294,16390U
2025-06-30T05:33:39.409912,-2347.0703800957103,-491.1033931636429,-6930.258520439742,0.9754866456405823,-7.320175333486632,0.03259613164778122,16390U
2025-06-30T05:34:39.409912,-2284.3308557064533,-929.1606639816041,-6915.737427607943,1.1151156561956193,-7.277359642243395,0.45104801423565,16390U
2025-06-30T05:35:39.409912,-2213.346790746532,-1363.8652225825083,-6876.195790966759,1.2502257595370172,-7.208480237132915,0.8663677982441258,16390U
2025-06-30T05:36:39.409912,-2134.4030516978337,-1793.66581782007,-6811.865819186569,1.3803636904555998,-7.113971411739836,1.277081453007237,16390U
2025-06-30T05:37:39.409912,-2047.8109861859953,-2217.039826741855,-6723.067077613459,1.5051004053213282,-6.994353387622849,1.6817522160565046,16390U
2025-06-30T05:38:39.409912,-1953.906943870284,-2632.4982885928157,-6610.204133115851,1.6240319568724801,-6.850228090754103,2.078984739035677,16390U
2025-06-30T05:39:39.409912,-1853.050748557724,-3038.590684040451,-6473.763960315535,1.7367802257715446,-6.682274836105754,2.467428854354052,16390U
2025-06-30T05:40:39.409912,-1745.6241297865922,-3433.909454721211,-6314.313131153995,1.8429935190240956,-6.491245953702026,2.845782978983143,16390U
2025-06-30T05:41:39.409912,-1632.02912156186,-3817.094260015027,-6132.494808814485,1.9423470453182643,-6.277962384964126,3.2127971734107375,16390U
2025-06-30T05:42:39.409912,-1512.686435367822,-4186.835969534239,-5929.025566018431,2.0345432771178147,-6.043309273940434,3.5672758747390176,16390U
2025-06-30T05:43:39.409912,-1388.033814044453,-4541.880391163369,-5704.692046678967,2.1193122089674508,-5.788231574110849,3.9080803233287664,16390U
2025-06-30T05:44:39.409912,-1258.5243725900357,-4881.031735658612,-5460.347488834095,2.1964115209941024,-5.5137296879070234,4.234130702378211,16390U
2025-06-30T05:45:39.409912,-1124.6249314568533,-5203.155819796704,-5196.908125729139,2.265626656037318,-5.220855152936675,4.544408009444713,16390U
2025-06-30T05:46:39.409912,-986.814347436518,-5507.183010890189,-4915.349480880676,2.326770818252575,-4.91070638613559,4.8379556782752955,16390U
2025-06-30T05:47:39.409912,-845.5818467845927,-5792.110916182845,-4616.702571934504,2.3796849004290315,-4.584424494675763,5.113880968491157,16390U
2025-06-30T05:48:39.409912,-701.4253648216675,-6057.006821197098,-4302.050037154244,2.4242373466626885,-4.2431891604315854,5.371356139716061,16390U
2025-06-30T05:49:39.409912,-554.849895855338,-6301.009881570698,-3972.522197425896,2.460323956451392,-3.888214603090298,5.609619425736803,16390U
2025-06-30T05:50:39.409912,-406.36585690587543,-6523.333073280992,-3629.293065757716,2.487867635733509,-3.5207456255731255,5.827975823258066,16390U
2025-06-30T05:51:39.409912,-256.48746837945953,-6723.264906435289,-3273.576315385915,2.5068180998892897,-3.142053744259493,6.025797708812506,16390U
2025-06-30T05:52:39.409912,-105.73115451845007,-6900.170908010533,-2906.621216767892,2.517151533265166,-2.753433405542222,6.202525296432553,16390U
2025-06-30T05:53:39.409912,45.38603383517935,-7053.494879065085,-2529.7085529504443,2.518870209367256,-2.3561982894416054,6.357666947802684,16390U
2025-06-30T05:54:39.409912,196.34797189482475,-7182.759932017669,-2144.1465220562427,2.5120020755000967,-1.9516777003507186,6.490799345791876,16390U
2025-06-30T05:55:39.409912,346.6409869882465,-7287.569313614286,-1751.2666349062386,2.4966003052963495,-1.541213044406868,6.601567541533579,16390U
2025-06-30T05:56:39.409912,495.7553562313304,-7367.60701916664,-1352.4196151309677,2.472742822288165,-1.1261543924990547,6.68968488455203,16390U
2025-06-30T05:57:39.409912,643.1867742426758,-7422.638203569321,-948.9713084723554,2.440531797404742,-0.707857127452603,6.754932844842522,16390U
2025-06-30T05:58:39.409912,788.4377895121745,-7452.509394472873,-542.2986073854668,2.400093123037301,-0.2876786735060777,6.7971607352708325,16390U
2025-06-30T05:59:39.409912,931.0192082116893,-7457.148512821384,-133.78539648035945,2.351575866084821,0.13302469424465507,6.816285342163191,16390U
2025-06-30T06:00:39.409912,1070.451464388265,-7436.564705750271,275.18147617830743,2.2951517021744134,0.5529009632035489,6.812290471489735,16390U
2025-06-30T06:01:39.409912,1206.2659556132737,-7390.847996588648,683.2161973764099,2.231014333032754,0.9706054226627777,6.785226417587904,16390U
2025-06-30T06:02:39.409912,1338.0063432771326,-7320.168756421569,1088.937952567703,2.159378888761449,1.384803632947035,6.735209360910357,16390U
2025-06-30T06:03:39.409912,1465.229816809452,-7224.777001344168,1490.9748514961948,2.0804813165362948,1.7941743285437215,6.66242070079669,16390U
2025-06-30T06:04:39.409912,1587.5083211823057,-7105.001519181711,1887.9678122740956,1.9945777569972005,2.1974122599989347,6.567106328741898,16390U
2025-06-30T06:05:39.409912,1704.4297471014447,-6961.248829064201,2278.5744008503975,1.9019439093240127,2.593230979902971,6.4495758470518565,16390U
2025-06-30T06:06:39.409912,1815.599083323228,-6794.001976828643,2661.47262305467,1.8028743856919176,2.980365578861043,6.310201737118891,16390U
2025-06-30T06:07:39.409912,1920.6395305402366,-6603.819168784512,3035.364666582323,1.6976820554703569,3.3575753779012336,6.149418480805281,16390U
2025-06-30T06:08:39.409912,2019.1935762617818,-6391.332245919495,3398.98059041101,1.5866973791663885,3.7236465843115525,5.967721637576089,16390U
2025-06-30T06:09:39.409912,2110.924030074871,-6157.2450001470315,3751.0819591995096,1.4702677317149373,4.077394918402089,5.765666879060862,16390U
2025-06-30T06:10:39.409912,2195.515018603502,-5902.331333712087,4090.465420208843,1.3487567142863628,4.41766821912781,5.543868981640474,16390U
2025-06-30T06:11:39.409912,2272.6729393926344,-5627.433262377584,4415.966220206073,1.2225434533133952,4.743349036868212,5.30300077643923,16390U
2025-06-30T06:12:39.409912,2342.127372822346,-5333.458762524932,4726.461659648734,1.0920218849415355,5.053357221902121,5.043792054755111,16390U
2025-06-30T06:13:39.409912,2403.631951012663,-5021.379461811986,5020.874481213643,0.9576000225765252,5.3466525172268025,4.767028425472162,16390U
2025-06-30T06:14:39.409912,2456.9651825023293,-4692.22817257211,5298.176189397431,0.8196992046559605,5.622237164290454,4.473550119391752,16390U
2025-06-30T06:15:39.409912,2501.9312312848338,-4347.096266682577,5557.390297512723,0.6787533192011082,5.879158529941966,4.164250733671669,16390U
2025-06-30T06:16:39.409912,2538.360648551578,-3987.130890237312,5797.595497879669,0.5352080011397105,6.1165117623660255,3.84007590773077,16390U
2025-06-30T06:17:39.409912,2566.1110552360406,-3613.532015986734,6017.9287504180165,0.38951979782060964,6.333442482982669,3.5020219200350406,16390U
2025-06-30T06:18:39.409912,2585.067773166566,-3227.5493312230597,6217.588284128024,0.2421552976025691,6.529149520163129,3.1511341932048733,16390U
2025-06-30T06:19:39.409912,2595.144402326644,-2830.478958566102,6395.836505146097,0.09359021589280375,6.702887689153088,2.7885056928718046,16390U
2025-06-30T06:20:39.409912,2596.2833413896547,-2423.660006986308,6552.0028041512915,-0.0556915674347113,6.853970620745929,2.415275203734022,16390U
2025-06-30T06:21:39.409912,2588.456248344196,-2008.470950394813,6685.486254893267,-0.2051990256775754,6.981773638998063,2.0326254643573876,16390U
2025-06-30T06:22:39.409912,2571.6644376610116,-1586.3258312606001,6795.7581945139855,-0.35443506469823893,7.085736685602536,1.6417811405088714,16390U
2025-06-30T06:23:39.409912,2545.939210078452,-1158.6702870026234,6882.364675151938,-0.5028976709019317,7.165367285428643,1.2440066152634774,16390U
2025-06-30T06:24:39.409912,2511.342110707994,-726.9773973724404,6944.928775062513,-0.6500811346034184,7.220243544195356,0.8406035728724839,16390U
2025-06-30T06:25:39.409912,2467.965110792195,-292.74335171142815,6983.152756175833,-0.7954773553758566,7.25001716529192,0.43290835250495,16390U
2025-06-30T06:26:39.409912,2415.9307080959775,142.5170641342384,6996.820053664689,-0.9385772355510003,7.254416468420252,0.022289047574194504,16390U
2025-06-30T06:27:39.409912,2355.391940588821,577.2751603180803,6985.797081737631,-1.0788721673782724,7.233249388064482,-0.38985767348054257,16390U
2025-06-30T06:28:39.409912,2286.532307793866,1009.9932125876945,6950.034838534673,-1.2158556184271376,7.186406424861846,-0.8021100482681127,16390U
2025-06-30T06:29:39.409912,2209.5655939559742,1439.1295049478579,6889.570291724588,-1.349024818611781,7.11386351785022,-1.2130250251151793,16390U
2025-06-30T06:30:39.409912,2124.735587027973,1863.1435393988197,6804.527525224342,-1.4778825507211666,7.015684800416784,-1.6211424106809054,16390U
2025-06-30T06:31:39.409912,2032.3156874117624,2280.5014044825334,6695.118626430449,-1.6019390445404493,6.892025197705856,-2.0249893765711335,16390U
2025-06-30T06:32:39.409912,1932.6084004365573,2689.6812918028504,6561.644292523778,-1.7207139725557097,6.743132818424651,-2.4230853367622083,16390U
2025-06-30T06:33:39.409912,1825.9447067226226,3089.1791468600422,6404.494133831842,-1.8337385428637356,6.569351089583482,-2.813947202444658,16390U
2025-06-30T06:34:39.409912,1712.6833048930464,3477.5144374306096,6224.146651977589,-1.9405576822738302,6.37112057892837,-3.1960950146970686,16390U
2025-06-30T06:35:39.409912,1593.2097215588703,3853.236019435031,6021.1688706497725,-2.040732299747577,6.148980446851181,-3.5680579483054196,16390U
2025-06-30T06:36:39.409912,1467.9352841441287,4214.928076742687,5796.215597376881,-2.133841617308369,5.903569467624202,-3.9283806720550167,16390U
2025-06-30T06:37:39.409912,1337.2959529326731,4561.216107790704,5550.028295705213,-2.219485552447447,5.635626559079827,-4.275630042122016,16390U
2025-06-30T06:38:39.409912,1201.7510097252077,4890.772928269948,5283.433548735163,-2.297287132926309,5.345990760545442,-4.608402095893564,16390U
2025-06-30T06:39:39.409912,1061.781601686669,5202.324655572072,4997.341097082027,-2.3668949218236905,5.035600601096771,-4.925329303881833,16390U
2025-06-30T06:40:39.409912,917.8891403428717,5494.656637273792,4692.741437032866,-2.4279854277957598,4.705492804148031,-5.225088027592118,16390U
2025-06-30T06:41:39.409912,770.5935572334268,5766.619282782548,4370.702967965466,-2.480265472921993,4.356800280121821,-5.506406121556663,16390U
2025-06-30T06:42:39.409912,620.43141943586,6017.133754472508,4032.368681984255,-2.5234744883022664,3.990749366478914,-5.7680706085431614,16390U
2025-06-30T06:43:39.409912,467.953910010428,6245.197472334834,3678.952393165805,-2.557386705865917,3.608656283683997,-6.008935348537192,16390U
2025-06-30T06:44:39.409912,313.72468035231424,6449.889384444179,3311.7345087590566,-2.5818132137496916,3.2119227866507964,-6.227928614797921,16390U
2025-06-30T06:45:39.409912,158.31758343128354,6630.3749545256305,2932.0573500616983,-2.596603842191914,2.802031003652143,-6.424060484441512,16390U
2025-06-30T06:46:39.409912,2.3142989108725223,6785.910817669863,2541.3200364177387,-2.6016488472462154,2.380537468366484,-6.596429946906806,16390U
2025-06-30T06:47:39.409912,-153.69813688295181,6915.84905587507,2140.9729517279025,-2.596880360792859,1.949066365333935,-6.744231631581977,16390U
2025-06-30T06:48:39.409912,-309.1298812852905,7019.641046645277,1732.5118188989036,-2.5822735773443917,1.5093020242293107,-6.866762056032602,16390U
2025-06-30T06:49:39.409912,-463.3908992971161,7096.840840368593,1317.4714136497034,-2.557847650999857,1.0629807136160319,-6.963425298812505,16390U
2025-06-30T06:50:39.409912,-615.8936231051206,7147.108025643869,897.4189548729414,-2.5236662795637,0.6118817997454566,-7.033738005835579,16390U
2025-06-30T06:51:39.409912,-766.0556376395114,7170.21004608516,473.9472141658163,-2.47983795724174,0.15781835004049413,-7.077333646715878,16390U
2025-06-30T06:52:39.409912,-913.3023716687381,7166.023937346934,48.66739205138842,-2.4265158823590993,-0.29737272631052747,-7.093965947232417,16390U
2025-06-30T06:53:39.409912,-1057.0697732391848,7134.537459090491,-376.7981873564106,-2.3638975120836783,-0.7518408971902019,-7.083511435943722,16390U
2025-06-30T06:54:39.409912,-1196.806947930149,7075.849603226455,-800.8235080397934,-2.2922237620325587,-1.203732473450727,-7.045971056668917,16390U
2025-06-30T06:55:39.409912,-1331.9787384366005,6990.170466876515,-1221.786362371577,-2.2117778547151095,-1.6512012030760452,-6.981470813699507,16390U
2025-06-30T06:56:39.409912,-1462.0682244141049,6877.820485931603,-1638.0758607057467,-2.1228838268450776,-2.0924188710789426,-6.890261432773379,16390U
2025-06-30T06:57:39.409912,-1586.579122322488,6739.229032663517,-2048.099890428928,-2.0259047114471502,-2.5255857817424756,-6.772717037549497,16390U
2025-06-30T06:58:39.409912,-1705.0380661638,6574.932388388061,-2450.292465156613,-1.9212404162135266,-2.948941001841985,-6.629332858064245,16390U
2025-06-30T06:59:39.409912,-1816.9967515029207,6385.571109490298,-2843.1209063271162,-1.809325324561731,-3.3607722483560574,-6.460722003915962,16390U
2025-06-30T07:00:39.409912,-1922.033926937509,6171.886812037093,-3225.0928019868375,-1.6906256501656503,-3.759425311687651,-6.267611350231844,16390U
2025-06-30T07:01:39.409912,-2019.7572192085788,5934.718406548247,-3594.7626910266863,-1.5656365792510385,-4.143312915335002,-6.050836598365741,16390U
2025-06-30T07:02:39.409912,-2109.8047803495233,5674.997820146589,-3950.7384253809223,-1.434879237585042,-4.510922924887183,-5.811336585382277,16390U
2025-06-30T07:03:39.409912,-2191.8467476093083,5393.74524813171,-4291.687167641212,-1.2988975207854145,-4.860825832786054,-5.550146926379387,16390U
2025-06-30T07:04:39.409912,-2265.5865092835256,5092.063980959176,-4616.340986986391,-1.1582548273250242,-5.191681459990122,-5.268393081387611,16390U
2025-06-30T07:05:39.409912,-2330.76177199553,4771.1348555829745,-4923.50202216735,-1.013530733418118,-5.502244831049296,-4.967282943812715,16390U
2025-06-30T07:06:39.409912,-2387.1454273215536,4432.210382138384,-5212.047186322297,-0.8653176479127314,-5.791371194626902,-4.648099050150441,16390U
2025-06-30T07:07:39.409912,-2434.5462179040246,4076.608598002705,-5480.93239449951,-0.7142174834520525,-6.058020176744046,-4.312190511046831,16390U
2025-06-30T07:08:39.409912,-2472.8092052970123,3705.706701419979,-5729.196300776112,-0.5608383776169565,-6.301259068532665,-3.960964761856082,16390U
2025-06-30T07:09:39.409912,-2501.816043700452,3320.9345161882866,-5955.9635376458245,-0.40579149464917563,-6.520265263691668,-3.5958792268875954,16390U
2025-06-30T07:10:39.409912,-2521.4850654394004,2923.7678374514244,-6160.447455807434,-0.24968793480619633,-6.714327872857448,-3.218432985791447,16390U
2025-06-30T07:11:39.409912,-2531.7711855089988,2515.7217065411282,-6341.952367504693,-0.0931357745662758,-6.882848552476321,-2.830158523350076,16390U
2025-06-30T07:12:39.409912,-2532.66563372825,2098.3436601648573,-6499.87530109724,0.06326274309020509,-7.02534159437367,-2.4326136356368497,16390U
2025-06-30T07:13:39.409912,-2524.1955240223815,1673.2069961656234,-6633.707278517185,0.21891385310983186,-7.141433328965806,-2.0273735564368973,16390U
2025-06-30T07:14:39.409912,-2506.4232710918936,1241.9040947019962,-6743.034130668884,0.3732347362132489,-7.230860899963935,-1.6160233583329187,16390U
2025-06-30T07:15:39.409912,-2479.4458652380245,806.0398301110476,-6827.536868654479,0.5256558025976251,-7.293470471542782,-1.2001506732475857,16390U
2025-06-30T07:16:39.409912,-2443.394016417298,367.22510504597557,-6886.991630961778,0.675622787382428,-7.329214930403534,-0.7813387678065948,16390U
2025-06-30T07:17:39.409912,-2398.431178712715,-72.92946520575845,-6921.269228467196,0.822598656800884,-7.338151145123577,-0.3611599998662411,16390U
2025-06-30T07:18:39.409912,-2344.752466360355,-512.8196939261894,-6930.334310319941,0.9660653268712655,-7.320436843844032,0.05883032585175537,16390U
2025-06-30T07:19:39.409912,-2282.5834722810855,-950.8537688729724,-6914.244174533217,1.1055251986096921,-7.276327168916259,0.4770996927187299,16390U
2025-06-30T07:20:39.409912,-2212.1789997648916,-1385.457985347713,-6873.147247466225,1.240502515757681,-7.206170963831529,0.892143694216203,16390U
2025-06-30T07:21:39.409912,-2133.821717560865,-1815.0822519582237,-6807.281256394568,1.370544552509777,-7.11040684381336,1.3024909453316598,16390U
2025-06-30T07:22:39.409912,-2047.820748164216,-2238.2053574200813,-6716.971119089568,1.495222639851914,-6.989559097066338,1.7067075905536884,16390U
2025-06-30T07:23:39.409912,-1954.5101985812512,-2653.339989301556,-6602.626573814376,1.6141330398952896,-6.844233459040238,2.1034014196663766,16390U
2025-06-30T07:24:39.409912,-1854.2476423132646,-3059.0374979096214,-6464.739572446875,1.7268976780482215,-6.675112797351685,2.491225605639636,16390U
2025-06-30T07:25:39.409912,-1747.412560743355,-3453.8924005560657,-6303.881458599358,1.8331647430553821,-6.482952740347676,2.8688820812017437,16390U
2025-06-30T07:26:39.409912,-1634.4047515530156,-3836.546623226121,-6120.6999516676615,1.9326091648879433,-6.268577277816773,3.2351245722311983,16390U
2025-06-30T07:27:39.409912,-1515.6427112417189,-4205.69347823826,-5915.91595673391,2.024932980240878,-6.0328743581348645,3.588761307035026,16390U
2025-06-30T07:28:39.409912,-1391.5619982882438,-4560.081377816834,-5690.320219207701,2.109865595018457,-5.776791502249406,3.928657420955146,16390U
2025-06-30T07:29:39.409912,-1262.6135829727307,-4898.517284658274,-5444.769842027614,2.1871639527142963,-5.501331451381462,4.253737075699035,16390U
2025-06-30T07:30:39.409912,-1129.262189387692,-5219.869901535553,-5180.184682193359,2.256612617043228,-5.207547862197506,4.562985312380636,16390U
2025-06-30T07:31:39.409912,-991.9846346982561,-5523.072602806034,-4897.543642358878,2.3180237765969816,-4.896541060459229,4.8554496565990295,16390U
2025-06-30T07:32:39.409912,-851.2681702718986,-5807.126111365646,-4597.880872203675,2.3712371786952176,-4.569453861794357,5.130241493038363,16390U
2025-06-30T07:33:39.409912,-707.6088288844263,-6071.100925150411,-4282.2818933180615,2.416119999009661,-4.227467466218303,5.386537226115221,16390U
2025-06-30T07:34:39.409912,-561.5097818252844,-6314.139497731215,-3951.87966039897,2.4525666529659773,-3.871797431352544,5.623579242179121,16390U
2025-06-30T07:35:39.409912,-413.4797093623469,-6535.458177908966,-3607.850570642897,2.480498554390281,-3.5036897278761563,5.840676687749315,16390U
2025-06-30T07:36:39.409912,-264.0311876927593,-6734.348913485703,-3251.410432360725,2.499863826367633,-3.124416879594009,6.037206077263247,16390U
2025-06-30T07:37:39.409912,-113.67909519400288,-6910.180724586484,-2883.810403012348,2.5106369688254255,-2.735274189552851,6.212611742858102,16390U
2025-06-30T07:38:39.409912,37.0609595002147,-7062.400952037834,-2506.3329060727997,2.5128184869447563,-2.337576052853424,6.366406137817762,16390U
2025-06-30T07:39:39.409912,187.6741853412671,-7190.536286378385,-2120.287535396051,2.5064344841360215,-1.932652356155923,6.498170004502846,16390U
2025-06-30T07:40:39.409912,337.6481306167287,-7294.193583094804,-1727.006955026102,2.4915362229882394,-1.5218449633122488,6.607552416848166,16390U
2025-06-30T07:41:39.409912,486.4741768270043,-7373.060469635303,-1327.84280174357,2.468199657309247,-1.1065042860793481,6.69427070684639,16390U
2025-06-30T07:42:39.409912,633.6490031162997,-7426.905749672075,-924.1615969892151,2.4365249381105456,-0.687985938405089,6.758110283847225,16390U
2025-06-30T07:43:39.409912,778.6760198726328,-7455.579609950107,-517.3406742180458,2.3966358961494665,-0.2676474723560213,6.7989243549602945,16390U
2025-06-30T07:44:39.409912,921.0667702826524,-7459.013634886933,-108.76412717720076,2.3486795034156738,0.1531548066758662,6.816633554356656,16390U
2025-06-30T07:45:39.409912,1060.342298780595,-7437.220633872907,300.18121592284433,2.2928253157307776,0.5730689482971759,6.811225488796533,16390U
2025-06-30T07:46:39.409912,1196.0344854587524,-7390.294285966132,708.1097878415336,2.229264898414543,0.9907503922288998,6.782754206253222,16390U
2025-06-30T07:47:39.409912,1327.6873456229455,-7318.4086063861305,1113.6412432860654,2.1582112367487643,1.4048649339703108,6.731339594041067,16390U
2025-06-30T07:48:39.409912,1454.8582937672306,-7221.817238883283,1515.4043817588636,2.0798981327369748,1.8140916252758508,6.657166712367658,16390U
2025-06-30T07:49:39.409912,1577.1193713134326,-7100.852577703384,1912.0410289389297,1.9945795894080494,2.2171256142443156,6.560485068702409,16390U
2025-06-30T07:50:39.409912,1694.0584375126496,-6955.924722477937,2302.2098735532345,1.902529183638515,2.612680930375036,6.441607837767062,16390U
2025-06-30T07:51:39.409912,1805.2803229330068,-6787.520268956431,2684.5902569276573,1.8040394281693584,2.9994932205041005,6.300911031293519,16390U
2025-06-30T07:52:39.409912,1910.4079449649598,-6596.200938056981,3057.8859125882877,1.6994211231624579,3.376322442093001,6.1388326209439095,16390U
2025-06-30T07:53:39.409912,2009.0833847561678,-6382.602045254071,3420.8286533982373,1.5890026972795135,3.7419555208746367,5.955871616936488,16390U
2025-06-30T07:54:39.409912,2100.968924945876,-6147.430811847839,3772.182003768776,1.4731295378686866,4.095208980359224,5.75258710395466,16390U
2025-06-30T07:55:39.409912,2185.748047501938,-5891.464519172393,4110.744774470025,1.3521633094103467,4.4349315511408705,5.529597234824956,16390U
2025-06-30T07:56:39.409912,2263.126390868808,-5615.548506311126,4435.3545774749045,1.2264812589068381,4.760006768292697,5.2875781812298035,16390U
2025-06-30T07:57:39.409912,2332.8326655149954,-5320.594011396309,4744.891278105116,1.0964755064010936,5.069355565376511,5.027263039364894,16390U
2025-06-30T07:58:39.409912,2394.6195268206698,-5007.575856088061,5038.280381500319,0.9625523182806532,5.3619388736863085,4.749440686960596,16390U
2025-06-30T07:59:39.409912,2448.264404070298,-4677.529972361776,5314.496350098595,0.8251313604728028,5.636760235262755,4.454954586465479,16390U
2025-06-30T08:00:39.409912,2493.5702841117645,-4331.550770293567,5572.565848391735,0.6846449280701834,5.892868437922166,4.1447015274486425,16390U
2025-06-30T08:01:39.409912,2530.366448011272,-3970.7883451308185,5811.57091070152,0.5415371473553889,6.129360180004657,3.8196302994297695,16390U
2025-06-30T08:02:39.409912,2558.509158774588,-3596.445521582365,6030.652027107719,0.39626314562841136,6.345382771724805,3.480740284415024,16390U
2025-06-30T08:03:39.409912,2577.882297919525,-3209.7747329713693,6229.011141945717,0.2492881836973097,6.540136878870722,3.129079956428698,16390U
2025-06-30T08:04:39.409912,2588.397948373748,-2812.074732686971,6405.914558474612,0.10108674538961619,6.712879313105429,2.7657452733292898,16390U
2025-06-30T08:05:39.409912,2589.9969208396765,-2404.6871352582766,6560.69574240218,-0.04785842200387482,6.862925871253085,2.3918779442236335,16390U
2025-06-30T08:06:39.409912,2582.6492204164024,-1988.9927843748865,6692.758015942246,-0.19705732280710012,6.989654223675295,2.00866355389717,16390U
2025-06-30T08:07:39.409912,2566.3544499025293,-1566.4079453244365,6801.577132972897,-0.34601379027093165,7.0925068491361065,1.6173295239376344,16390U
2025-06-30T08:08:39.409912,2541.1421458290365,-1138.3803196133845,6886.703724677879,-0.4942266329624493,7.170994010418594,1.2191428886983016,16390U
2025-06-30T08:09:39.409912,2507.0720428950767,-706.3848800217877,6947.765603792588,-0.6411908570437949,7.224696761385595,0.8154078630211992,16390U
2025-06-30T08:10:39.409912,2464.234262110325,-271.91952502877365,6984.469914261258,-0.7863989710379886,7.253269972194625,0.4074631777976919,16390U
2025-06-30T08:11:39.409912,2412.749417595315,163.49944754322988,6996.605111763211,-0.9293423792502955,7.2564453550134465,-0.003320840923678121,16390U
2025-06-30T08:12:39.409912,2352.7686366679845,598.3420466553381,6984.042759208075,-1.0695128693454623,7.234034467889938,-0.4155454733654413,16390U
2025-06-30T08:13:39.409912,2284.4734875644235,1031.069471508525,6946.739119967003,-1.2064041986485985,7.185931669482236,-0.8277871111947985,16390U
2025-06-30T08:14:39.409912,2208.0758089165925,1460.1391681895516,6884.736530334357,-1.3395137825287509,7.11211699224538,-1.238601088037219,16390U
2025-06-30T08:15:39.409912,2123.817434960422,1884.0100533552213,6798.1645315456235,-1.4683444867143467,7.012658896517097,-1.6465258544545194,16390U
2025-06-30T08:16:39.409912,2031.9698103861615,2301.1478965173133,6687.240740660845,-1.5924065235857996,6.8877168628873395,-2.050087513158655,16390U
2025-06-30T08:17:39.409912,1932.8334887888743,2710.030849908383,6552.2714388090935,-1.7112194503896034,6.737543775432563,-2.4478047259234637,16390U
2025-06-30T08:18:39.409912,1826.7375088506863,3109.155112041098,6393.6518547389,-1.824314264932215,6.562488044030815,-2.838193998364443,16390U
2025-06-30T08:19:39.409912,1714.0386426975595,3497.040707975776,6211.866121382556,-1.9312355916777473,6.36299541023183,-3.2197753425152675,16390U
2025-06-30T08:20:39.409912,1595.1205113471724,3872.237365974886,6007.486883287528,-2.0315439483165973,6.139610378253517,-3.591078309937056,16390U
2025-06-30T08:21:39.409912,1470.392562803768,4233.3304667453485,5781.17453333973,-2.1248180798594385,5.892977210801886,-3.9506483800753354,16390U
2025-06-30T08:22:39.409912,1340.2889091812199,4578.947037867662,5533.676058267903,-2.2106573441975788,5.623840428782928,-4.297053679807994,16390U
2025-06-30T08:23:39.409912,1205.2670202438783,4907.7617623980195,5265.823474007504,-2.2886841299459326,5.333044754760377,-4.6288920008049095,16390U
2025-06-30T08:24:39.409912,1065.8062719538023,5218.502967067142,4978.5318341610255,-2.3585462843340954,5.02153444238323,-4.944798071628214,16390U
2025-06-30T08:25:39.409912,922.4063499950781,5509.958552096962,4672.796797539018,-2.4199195260383664,4.690351938081209,-5.243451031698907,16390U
2025-06-30T08:26:39.409912,775.5855098006662,5780.981821518722,4349.691744107886,-2.4725098152596816,4.340635827181323,-5.523582044622777,16390U
2025-06-30T08:27:39.409912,625.8786963182271,6030.497170109587,4010.3644326017425,-2.516055651159602,3.973618024263706,-5.7839819792110605,16390U
2025-06-30T08:28:39.409912,473.83552858915345,6257.505580794774,3656.033197532841,-2.550330265078323,3.5906201769951207,-6.023509078189978,16390U
2025-06-30T08:29:39.409912,320.0181561553039,6461.089884680876,3287.9826883259434,-2.5751436768747444,3.1930492637658348,-6.241096527384471,16390U
2025-06-30T08:30:39.409912,164.99899630118293,6640.419734919843,2907.5591587062067,-2.59034458134209,2.7823923779989403,-6.435759832435159,16390U
2025-06-30T08:31:39.409912,9.35836315294662,6794.756245420458,2516.1653202205994,-2.595822032032929,2.3602107057774977,-6.606603906144404,16390U
2025-06-30T08:32:39.409912,-146.3179983729972,6923.456246120816,2115.254779724197,-2.5915068910285632,1.928132718088334,-6.752829767633789,16390U
2025-06-30T08:33:39.409912,-301.44145888838204,7025.9761081450715,1706.3260867133013,-2.5773730152310295,1.487846614164218,-6.873740754822869,16390U
2025-06-30T08:34:39.409912,-455.423114494491,7101.875094734857,1290.916422357112,-2.5534381526385044,1.0410920676498576,-6.968748154467894,16390U
2025-06-30T08:35:39.409912,-607.6764422095371,7150.8181973521105,870.5949678518373,-2.5197645257477332,0.5896513422003269,-7.037376159174808,16390U
2025-06-30T08:36:39.409912,-757.6199813847986,7172.5784207772895,446.95599509987215,-2.4764590836413465,0.13533985712442076,-7.079266068412788,16390U
2025-06-30T08:37:39.409912,-904.6800206183134,7167.038486298974,21.61172758046551,-2.423673409362742,-0.32000370362520436,-7.094179660471941,16390U
2025-06-30T08:38:39.409912,-1048.2932689926854,7134.191928119637,-403.81497653845116,-2.3616032747269293,-0.7745276349034014,-7.082001674328049,16390U
2025-06-30T08:39:39.409912,-1187.9094901384638,7074.143564760416,-827.6980636144098,-2.290487840609129,-1.2263776933067492,-7.042741354196335,16390U
2025-06-30T08:40:39.409912,-1322.9940776756805,6987.109334387792,-1248.415788161996,-2.210608506822685,-1.6737077003729868,-6.97653302480019,16390U
2025-06-30T08:41:39.409912,-1453.0305510185765,6873.415490439864,-1664.3582215044553,-2.1222874217621834,-2.1146901432944425,-6.88363568161136,16390U
2025-06-30T08:42:39.409912,-1577.5229513398644,6733.497161516741,-2073.9347056017814,-2.025885667859925,-2.5475266497336477,-6.7644315970506605,16390U
2025-06-30T08:43:39.409912,-1695.9981186566486,6567.896287035073,-2475.5811928086787,-1.9218011444073082,-2.970458215558052,-6.61942396036823,16390U
2025-06-30T08:44:39.409912,-1808.007832497309,6377.258947442438,-2867.7674139571045,-1.8104661742576371,-3.3817750693742603,-6.449233585139506,16390U
2025-06-30T08:45:39.409912,-1913.130800392612,6162.332114668474,-3249.0038197790677,-1.6923448652103001,-3.7798260654455107,-6.254594733532446,16390U
2025-06-30T08:46:39.409912,-2010.9744804563866,5923.959854798205,-3617.848244205432,-1.567930260360664,-4.163027506643453,-6.03635012028212,16390U
2025-06-30T08:47:39.409912,-2101.1767265287735,5663.079020547429,-3972.912242394071,-1.4377413142978184,-4.529871311164916,-5.795445171267898,16390U
2025-06-30T08:48:39.409912,-2183.4072466857992,5380.71447589179,-4312.867061317904,-1.3023197336946344,-4.878932450404009,-5.532921621425728,16390U
2025-06-30T08:49:39.409912,-2257.368868313406,5077.97389906937,-4636.449206236037,-1.1622267215470072,-5.208875600144253,-5.249910544230453,16390U
2025-06-30T08:50:39.409912,-2322.7986053409954,4756.042213093441,-4942.465572223366,-1.0180396641036937,-5.518460962634414,-4.947624910032906,16390U
2025-06-30T08:51:39.409912,-2379.4685255731133,4416.175694860791,-5229.798115987526,-0.8703487984386541,-5.806549232647756,-4.627351773111025,16390U
2025-06-30T08:52:39.409912,-2427.1864182955233,4059.6958149375114,-5497.408049301906,-0.7197538967383608,-6.072105695830886,-4.290444187462719,16390U
2025-06-30T08:53:39.409912,-2465.7962644188274,3687.9828601959225,-5744.339541381024,-0.5668610008155536,-6.314203462097841,-3.9383129492875537,16390U
2025-06-30T08:54:39.409912,-2495.178513323592,3302.4693907256383,-5969.722923294891,-0.4122792372398067,-6.532025850156288,-3.572418259991979,16390U
2025-06-30T08:55:39.409912,-2515.250172256494,2904.633580943708,-6172.777392943492,-0.256617739931886,-6.724867951160423,-3.1942613976945995,16390U
2025-06-30T08:56:39.409912,-2525.9647155797365,2495.99249268434,-6352.81322410206,-0.10048270324110561,-6.892137409750578,-2.80537647792135,16390U
2025-06-30T08:57:39.409912,-2527.311822386469,2078.0953253670214,-6509.2334875351125,0.05552541545276623,-7.033354469218921,-2.4073223758031936,16390U
2025-06-30T08:58:39.409912,-2519.316951961122,1652.5166852474897,-6641.5352961107255,0.21081452856632563,-7.148151334164621,-2.001674872975966,16390U
2025-06-30T08:59:39.409912,-2502.040767292839,1220.8499123540155,-6749.310589207797,0.36480337542291785,-7.236270908780772,-1.5900190828607763,16390U
2025-06-30T09:00:39.409912,-2475.578417354157,784.7005001236176,-6832.246474487847,0.5169237962042281,-7.297564971915249,-1.173942198399034,16390U
2025-06-30T09:01:39.409912,-2440.0586891538155,345.6796390684582,-6890.1251473177,0.6666228187290133,-7.33199185139695,-0.7550265968983987,16390U
2025-06-30T09:02:39.409912,-2395.6430406834697,-94.6020878739568,-6922.823409803669,0.8133645571316872,-7.339613659980723,-0.3348433276682853,16390U
2025-06-30T09:03:39.409912,-2342.5245258254654,-534.540834263263,-6930.311812575657,0.9566319242221875,-7.320593153838739,0.08505400023777306,16390U
2025-06-30T09:04:39.409912,-2280.926622099992,-972.5454227607909,-6912.653443184619,1.0959281616085286,-7.275190272025279,0.5031349204268202,16390U
2025-06-30T09:05:39.409912,-2211.101971825322,-1407.043064111755,-6870.002385307034,1.230778193559362,-7.203758411989915,0.9178973986925912,16390U
2025-06-30T09:06:39.409912,-2133.3310468735967,-1836.4848482358466,-6802.601872936719,1.3607298120702942,-7.106740492227966,1.3278727124045955,16390U
2025-06-30T09:07:39.409912,-2047.9207467433118,-2259.3509959664334,-6710.78216344666,1.4853547017110806,-6.984664848744186,1.7316299273469704,16390U
2025-06-30T09:08:39.409912,-1955.202939163121,-2674.1558625117923,-6594.958152873163,1.6042493135883085,-6.838141007355872,2.127779983499986,16390U
2025-06-30T09:09:39.409912,-1855.5329519038373,-3079.4526859916,-6455.626756061961,1.717035598207631,-6.667855369139528,2.514979404295094,16390U
2025-06-30T09:10:39.409912,-1749.2880239234098,-3473.838076420228,-6293.364073465709,1.8233616071962742,-6.474566841672837,2.8919336461018053,16390U
2025-06-30T09:11:39.409912,-1636.8657234159487,-3855.9562422773074,-6108.822365436348,1.9229019737966062,-6.25910244425615,3.257400106206326,16390U
2025-06-30T09:12:39.409912,-1518.6823397867201,-4224.502953353532,-5902.726853842098,2.015358281810853,-6.022352911096148,3.6101908084242837,16390U
2025-06-30T09:13:39.409912,-1395.1712560438223,-4578.229239880993,-5675.872369793781,2.100459332301377,-5.765268312569957,3.949174785829142,16390U
2025-06-30T09:14:39.409912,-1266.7813075847023,-4915.944829091548,-5429.119865205874,2.177961316874587,-5.488853711192747,4.273280179990121,16390U
2025-06-30T09:15:39.409912,-1133.9751328648292,-5236.521321311556,-5163.392804858194,2.247647905832827,-5.194164865800483,4.581496075690318,16390U
2025-06-30T09:16:39.409912,-997.2275209750883,-5538.895108498266,-4879.673454590308,2.309330258893476,-4.882303994746397,4.872874089405835,16390U
2025-06-30T09:17:39.409912,-857.0237607172572,-5822.070038793816,-4578.99908024781,2.362846965578801,-4.554415606566785,5.146529728970783,16390U
2025-06-30T09:18:39.409912,-713.8579953568395,-6085.119831221084,-4262.458071019682,2.408063921790398,-4.21168240458017,5.401643540884579,16390U
2025-06-30T09:19:39.409912,-568.2315868525301,-6327.190245080231,-3931.1859998706464,2.4448741485132537,-3.8553212702217907,5.637462060688955,16390U
2025-06-30T09:20:39.409912,-420.65149300161573,-6547.501008958659,-3586.3616328645526,2.4731975580611762,-3.4865793285237143,5.853298580815617,16390U
2025-06-30T09:21:39.409912,-271.62866061046253,-6745.34751452672,-3229.2028983178398,2.492980672780046,-3.106730098015567,6.048533749294242,16390U
2025-06-30T09:22:39.409912,-121.6764374894565,-6920.102280484302,-2860.9628258990547,2.5041963006751633,-2.7170697263833445,6.222616011756449,16390U
2025-06-30T09:23:39.409912,28.69099421474184,-7071.216192148264,-2482.9254650081753,2.5068431720229483,-2.3189133124527768,6.375061908282859,16390U
2025-06-30T09:24:39.409912,178.96016110236738,-7198.219522235267,-2096.401791026251,2.5009455406642087,-1.9135913144213466,6.505456235827939,16390U
2025-06-30T09:25:39.409912,328.6198160172996,-7300.722738404579,-1702.7256073193635,2.486552753352363,-1.5024460437138663,6.613452086223345,16390U
2025-06-30T09:26:39.409912,477.1624281792208,-7378.417103082567,-1303.2494502177613,2.4637387902408108,-1.0868282433577483,6.698770769099735,16390U
2025-06-30T09:27:39.409912,624.0856443826831,-7431.075071003393,-899.3405035533108,2.432601779332812,-0.6680937493215384,6.76120162847731,16390U
2025-06-30T09:28:39.409912,768.8937198778311,-7458.550489762984,-492.37652875549304,2.3932634874783454,-0.24760023284301222,6.800601761236166,16390U
2025-06-30T09:29:39.409912,911.0989177186984,-7460.778608507458,-83.7418159479715,2.3458687902786997,0.17329597865855012,6.816895645185613,16390U
2025-06-30T09:30:39.409912,1050.2228755143337,-7437.775899658118,325.1768390259284,2.2905851230432357,0.593243004929926,6.810074683983903,16390U
2025-06-30T09:31:39.409912,1185.7979386464895,-7389.639698317825,732.9941271866574,2.2276019147286537,1.0108964437885106,6.780196675702457,16390U
2025-06-30T09:32:39.409912,1317.3684591311205,-7316.547663710241,1138.3301845825547,2.1571300065700565,1.4249223333710603,6.7273852113652435,16390U
2025-06-30T09:33:39.409912,1444.4920593895324,-7218.757066675303,1539.8145123851318,2.0794010568815877,1.8340000500195333,6.651829009304801,16390U
2025-06-30T09:34:39.409912,1566.7408602673552,-7096.603906883657,1936.0898556032182,1.9946669332542235,2.2368251466332842,6.553781190645373,16390U
2025-06-30T09:35:39.409912,1683.702672686167,-6950.501863044818,2325.816037382221,1.9031990931073195,2.632112136861925,6.433558500635056,16390U
2025-06-30T09:36:39.409912,1794.9821523424782,-6780.941078966154,2707.6737460905906,1.8052879532501855,3.0185972310776603,6.291540479883139,16390U
2025-06-30T09:37:39.409912,1900.2019168713157,-6588.486787881566,3080.368272563151,1.7012422487811967,3.3950410306139296,6.128168588805439,16390U
2025-06-30T09:38:39.409912,1999.0036248731874,-6373.777777009865,3442.6331949829446,1.5913883812891176,3.7602311872897096,5.9439452877230545,16390U
2025-06-30T09:39:39.409912,2091.0490161594334,-6137.524693829385,3793.2340089286504,1.4760697559239544,4.1129850357295705,5.7394330740885815,16390U
2025-06-30T09:40:39.409912,2176.0209125030924,-5880.508195069242,4130.971700095016,1.3556461064709102,4.452152206421844,5.515253477216109,16390U
2025-06-30T09:41:39.409912,2253.624178087195,-5603.576938928469,4454.686257095655,1.2304928070937788,4.776617227797363,5.272086009664681,16390U
2025-06-30T09:42:39.409912,2323.5866387204505,-5307.645420548604,4763.260121582421,1.1010001689152529,5.0853021258364715,5.010667073065042,16390U
2025-06-30T09:43:39.409912,2385.6599587432693,-4993.691650279707,5055.621572667812,0.9675727190705096,5.377169029801529,4.7317888146780405,16390U
2025-06-30T09:44:39.409912,2439.620474368734,-4662.754673823096,5330.748042288207,0.8306284593217316,5.651222792588795,4.436297929351709,16390U
2025-06-30T09:45:39.409912,2485.2699819994286,-4315.931932894212,5587.669357719702,0.6905981007531896,5.906513633890736,4.125094399793953,16390U
2025-06-30T09:46:39.409912,2522.436479828348,-3954.3764646526383,5825.470906931026,0.547924270495316,6.142139813801425,3.7991301662279215,16390U
2025-06-30T09:47:39.409912,2550.9748607716415,-3579.2939377982084,6043.296721836212,0.4030606858617949,6.357250343658034,3.459407714563274,16390U
2025-06-30T09:48:39.409912,2570.7675544948347,-3191.939522947145,6240.352473788947,0.25647129073985114,6.551047739751752,3.1069785702286064,16390U
2025-06-30T09:49:39.409912,2581.7251159822,-2793.614594705899,6415.90837483473,0.1086293485726012,6.722790824024192,2.742941682814828,16390U
2025-06-30T09:50:39.409912,2583.7867577657307,-2385.6632627486933,6569.301977319866,-0.03998351417509971,6.871797573972442,2.368441684702989,16390U
2025-06-30T09:51:39.409912,2576.9208225774423,-1969.4687292242525,6699.940863433532,-0.18887832053789239,6.997448021675789,1.9846670049729722,16390U
2025-06-30T09:52:39.409912,2561.1251928215856,-1546.449469969986,6807.305215149547,-0.33755981828603604,7.099187199125232,1.5928478181584107,16390U
2025-06-30T09:53:39.409912,2536.427632888085,-1118.0552373193068,6890.95025384272,-0.4855276247329822,7.176528123871249,1.194253805900994,16390U
2025-06-30T09:54:39.409912,2502.886059951421,-685.7628827919705,6950.5085375882,-0.6322774479350003,7.229054815404549,0.7901917083619194,16390U
2025-06-30T09:55:39.409912,2460.5887385294086,-251.07199865316235,6985.692102836843,-0.7773023908856017,7.256425328675689,0.38200264143114127,16390U
2025-06-30T09:56:39.409912,2409.654393723836,184.4996217405423,6996.294435808371,-0.9200943448729548,7.258374786768938,-0.02894084455048349,16390U
2025-06-30T09:57:39.409912,2350.2322377421533,619.42070370696,6982.1922575881545,-1.0601454774919497,7.2347183900315395,-0.4412379885876273,16390U
2025-06-30T09:58:39.409912,2282.5019040183392,1052.1513885727268,6943.347105584371,-1.1969498198669444,7.185354373994891,-0.8534633484602873,16390U
2025-06-30T09:59:39.409912,2206.673283028587,1481.1483042976063,6879.806692736089,-1.3300049564186172,7.110266883304262,-1.2641706572141418,16390U
2025-06-30T10:00:39.409912,2122.9862537471495,1904.869803094638,6791.706024704392,-1.4588138189953355,7.0095287237178825,-1.6718970256221504,16390U
2025-06-30T10:01:39.409912,2031.7103046292766,2321.78135743099,6679.2682542753,-1.5828865853727092,6.883303949186446,-2.0751675060949264,16390U
2025-06-30T10:02:39.409912,1933.1440380567858,2730.361103193298,6542.805251408422,-1.7017426800150324,6.731850236240862,-2.4725000291402455,16390U
2025-06-30T10:03:39.409912,1827.6145523567477,3129.1055159199996,6382.717866834313,-1.8149128725995023,6.5555209935814975,-2.8624107181145373,16390U
2025-06-30T10:04:39.409912,1715.476695820662,3516.5352028758234,6199.495866895281,-1.9219414671582002,6.3547671510695505,-3.243419581687027,16390U
2025-06-30T10:05:39.409912,1597.1121876268862,3891.2007904035113,5993.717517496565,-2.022388571831577,6.130138569475151,-3.6140565761891903,16390U
2025-06-30T10:06:39.409912,1472.9286012158966,4251.688882484805,5766.048795645622,-2.115832436205848,5.882285010543637,-3.9728680219287633,16390U
2025-06-30T10:07:39.409912,1343.3582064946916,4596.628062847193,5517.242208153918,-2.2018718400930957,5.611956606395924,-4.318423348739751,16390U
2025-06-30T10:08:39.409912,1208.8566682633302,4924.694909326147,5248.135198711058,-2.2801285144844803,5.320003768173069,-4.649322136669278,16390U
2025-06-30T10:09:39.409912,1069.9015994590766,5234.619985640906,4959.64812674042,-2.3502495723601666,5.007376476316097,-4.96420140799668,16390U
2025-06-30T10:10:39.409912,926.9909692014317,5525.193772348613,4652.781804238111,-2.4119099241721322,4.675122899069928,-5.261743116974375,16390U
2025-06-30T10:11:39.409912,780.641367180593,5795.272495623439,4328.614580183345,-2.4648146502379435,4.324387291782921,-5.540681774068872,16390U
2025-06-30T10:12:39.409912,631.3861276474523,6043.783809767681,3988.2989660829153,-2.508701300103439,3.956407137367414,-5.799812132367357,16390U
2025-06-30T10:13:39.409912,479.7733181046596,6269.732287125623,3633.0578007318463,-2.5433420872612302,3.57250949783424,-6.037996855542688,16390U
2025-06-30T10:14:39.409912,326.3635997392305,6472.204667436296,3264.179957294263,-2.568545946548224,3.1741065580131576,-6.25417407965915,16390U
2025-06-30T10:15:39.409912,171.72796863412168,6650.374817740197,2883.015601249185,-2.584160421180859,2.7626903552246564,-6.447364775488579,16390U
2025-06-30T10:16:39.409912,16.445388806402804,6803.508353833832,2490.9710135118285,-2.5900733467925985,2.3398267025216657,-6.616679814188795,16390U
2025-06-30T10:17:39.409912,-138.89966990891068,6930.966875021421,2089.5029990093867,-2.5862143010642544,1.9071483278379362,-6.761326637438762,16390U
2025-06-30T10:18:39.409912,-293.71977422509474,7032.211765589583,1680.112907040429,-2.572555789606812,1.4663472665913388,-6.880615433627202,16390U
2025-06-30T10:19:39.409912,-447.42713337891325,7106.807519063321,1264.3402957122266,-2.549114141662904,1.0191665605394702,-6.973964724600471,16390U
2025-06-30T10:20:39.409912,-599.4362505300602,7154.424544876544,843.7562784950414,-2.5159500928971124,0.5673913305279105,-7.040906272837451,16390U
2025-06-30T10:21:39.409912,-749.1666001063314,7174.841421578586,419.95659628578085,-2.4731690369772363,0.11283930471608121,-7.0810892267082055,16390U
2025-06-30T10:22:39.409912,-896.0453106123474,7167.946566030316,-5.445536809266027,-2.420920932705806,-0.3426491035479041,-7.094283431559783,16390U
2025-06-30T10:23:39.409912,-1039.5098317480654,7133.739294123129,-430.82676163505994,-2.359399859013279,-0.797221063254194,-7.080381846541239,16390U
2025-06-30T10:24:39.409912,-1179.0105643685215,7072.330255254164,-854.5610204315025,-2.288843216017714,-1.2490218251186718,-7.039402021023295,16390U
2025-06-30T10:25:39.409912,-1314.013431876917,6983.9412299629785,-1275.0270634944595,-2.2095305764185267,-1.6962053332093487,-6.971486599807081,16390U
2025-06-30T10:26:39.409912,-1444.0023720873921,6868.904287608579,-1690.6159565780008,-2.1217821975416893,-2.1369448258543216,-6.876902842606749,16390U
2025-06-30T10:27:39.409912,-1568.4817294113773,6727.6603085598,-2099.738529188407,-2.025957210206055,-2.569443302409528,-6.756041160046921,16390U
2025-06-30T10:28:39.409912,-1686.9785283965662,6560.756882900327,-2500.8327046007894,-1.9224515060562866,-2.991943734901109,-6.6094126851299455,16390U
2025-06-30T10:29:39.409912,-1799.0446111480467,6368.845604926727,-2892.370654142033,-1.8116953499423203,-3.4027389088108424,-6.437645915293204,16390U
2025-06-30T10:30:39.409912,-1904.2586229496635,6152.678789566692,-3272.8657209795256,-1.6941507481725422,-3.800180785160305,-6.241482475306699,16390U
2025-06-30T10:31:39.409912,-2002.2278324244626,5913.105643113701,-3640.8790622335787,-1.5703086069168852,-4.182689286269378,-6.021772064924943,16390U
2025-06-30T10:32:39.409912,-2092.589774781394,5651.06792621305,-3995.025962613481,-1.440685717593562,-4.5487604197856495,-5.779466667016064,16390U
2025-06-30T10:33:39.409912,-2175.0137090191006,5367.595151753409,-4333.981777788368,-1.3058216077022233,-4.896973669330437,-5.515614101567972,16390U
2025-06-30T10:34:39.409912,-2249.201882347315,5063.799364118687,-4656.487471239137,-1.1662752962428125,-5.225998594957795,-5.23135101829105,16390U
2025-06-30T10:35:39.409912,-2314.890597473899,4740.869549108418,-4961.35471420712,-1.0226219926154774,-5.534600602050227,-4.927895425404132,16390U
2025-06-30T10:36:39.409912,-2371.8510807390144,4400.065725717077,-5247.470524420504,-0.8754497767827705,-5.821645852811522,-4.606538854580975,16390U
2025-06-30T10:37:39.409912,-2419.890151303772,4042.7127718941147,-5513.801425378618,-0.7253562965777861,-6.086105309691472,-4.268638262026559,16390U
2025-06-30T10:38:39.409912,-2458.8506936753483,3670.194036439317,-5759.397113958541,-0.5729455154693556,-6.327057914464469,-3.915607763411586,16390U
2025-06-30T10:39:39.409912,-2488.6119377382142,3283.944788381269,-5983.393629859542,-0.41882454096974836,-6.5436929199315275,-3.548910296136457,16390U
2025-06-30T10:40:39.409912,-2509.089552134476,2885.445553637609,-6185.016025797491,-0.2636005603273952,-6.735311403020473,-3.170049296414662,16390U
2025-06-30T10:41:39.409912,-2520.2355582761243,2476.2153865744663,-6363.580542313537,-0.10787790632908305,-6.901326998204008,-2.7805604712858134,16390U
2025-06-30T10:42:39.409912,-2522.038073471321,2057.8051213623953,-6518.49629551234,0.04774472792970791,-7.041265898513082,-2.3820037372153626,16390U
2025-06-30T10:43:39.409912,-2514.5208926027426,1631.7906449067568,-6649.266489935493,0.20267691042519392,-7.154766177917263,-1.9759553877795615,16390U
2025-06-30T10:44:39.409912,-2497.742918516025,1199.7662297170275,-6755.489172091684,0.3563389167323195,-7.241576493495484,-1.5640005433969628,16390U
