timestamp,x_km,y_km,z_km,vx_km_s,vy_km_s,vz_km_s,name
2025-06-29T07:48:17.816536,3818.517603977278,-6132.678149205948,-0.005054290158024583,0.7775935601709411,0.5264595237183777,7.377186562148935,20089U
2025-06-29T07:49:17.816536,3857.8688411916114,-6089.426027005545,442.34564185098344,0.5336424208984186,0.9148705997469502,7.363092302033932,20089U
2025-06-29T07:50:17.816536,3882.5110579111656,-6022.95649978674,883.0054562441009,0.28745244200645886,1.3001158572847433,7.3208305563151725,20089U
2025-06-29T07:51:17.816536,3892.338409410891,-5933.504560637775,1320.2873137792653,0.039975643798553236,1.6806948436856228,7.250520579310805,20089U
2025-06-29T07:52:17.816536,3887.3024329220634,-5821.394837181067,1752.5146871778927,-0.20782808141171386,2.0551215980894195,7.152394926764752,20089U
2025-06-29T07:53:17.816536,3867.4123959392286,-5687.040525074152,2178.028385500189,-0.45499515377659105,2.4219312521301397,7.0267989530526345,20089U
2025-06-29T07:54:17.816536,3832.735391709054,-5530.941926889941,2595.1932947269183,-0.7005625331593042,2.779686555095322,6.874189705457374,20089U
2025-06-29T07:55:17.816536,3783.396180223688,-5353.684602335911,3002.4050342489204,-0.9435719576427712,3.1269842746824925,6.695134222800104,20089U
2025-06-29T07:56:17.816536,3719.576774950688,-5155.937138686375,3398.0964937337703,-1.1830741620157132,3.4624614265226725,6.490307252690469,20089U
2025-06-29T07:57:17.816536,3641.515777412129,-4938.448553070124,3780.7442158934505,-1.4181330457598493,3.7848012885065603,6.2604884081943615,20089U
2025-06-29T07:58:17.816536,3549.5074635412593,-4702.045340826748,4148.874592117441,-1.647829761425712,4.092739159557279,6.006558790639511,20089U
2025-06-29T07:59:17.816536,3443.900627462942,-4447.628186476744,4501.069839719903,-1.8712666961471038,4.385067826721803,5.7294971104462435,20089U
2025-06-29T08:00:17.816536,3325.0971899337837,-4176.16835590598,4835.97373162924,-2.08757132133621,4.660642709161797,5.430375342164623,20089U
2025-06-29T08:01:17.816536,3193.5505801161166,-3888.703790120154,5152.297051663214,-2.295899888237318,4.918386652656035,5.110353953237919,20089U
2025-06-29T08:02:17.816536,3049.763900626024,-3586.334922362518,5448.822751024671,-2.495440949903932,5.157294353420829,4.77067674834553,20089U
2025-06-29T08:03:17.816536,2894.287886878333,-3270.2202415030906,5724.410784255724,-2.6854186932012576,5.376436395245841,4.412665372496438,20089U
2025-06-29T08:04:17.816536,2727.7186726428463,-2941.571625405069,5978.0026055400795,-2.8650960675204167,5.57496288897313,4.037713516372112,20089U
2025-06-29T08:05:17.816536,2550.6953744277316,-2601.6494684692852,6208.625308882143,-3.033777699921402,5.752106708068392,3.6472808668184995,20089U
2025-06-29T08:06:17.816536,2363.897507823324,-2251.7576277730805,6415.39539826347,-3.1908125893042443,5.907186318317123,3.242886843953961,20089U
2025-06-29T08:07:17.816536,2168.042249286751,-1893.2382121907517,6597.522176330548,-3.3355965748551815,6.039608203414661,2.826104164220871,20089U
2025-06-29T08:08:17.816536,1963.8815570279646,-1527.4662386202233,6754.310742475785,-3.4675745763642785,6.148868891336332,2.398552265978742,20089U
2025-06-29T08:09:17.816536,1752.1991647576256,-1155.8441791045652,6885.164593250357,-3.586242605962055,6.234556588780625,1.9618906312161577,20089U
2025-06-29T08:10:17.816536,1533.8074619261736,-779.7964219547324,6989.587820021981,-3.6911495524567073,6.296352432759509,1.5178120334494158,20089U
2025-06-29T08:11:17.816536,1309.5442740552223,-400.76366955165025,7067.186900394853,-3.7818987405397015,6.334031369390165,1.0680357386984412,20089U
2025-06-29T08:12:17.816536,1080.2695564950643,-20.19729470697957,7117.6720814575265,-3.8581492679197056,6.347462670384823,0.6143006829739222,20089U
2025-06-29T08:13:17.816536,846.8620147691078,360.44632311305554,7140.858354170934,-3.919617123751428,6.3366100975216035,0.15835864677510236,20089U
2025-06-29T08:14:17.816536,610.2156644362067,739.7114610307377,7136.666019323208,-3.9660760917034517,6.301531724707221,-0.2980325555512025,20089U
2025-06-29T08:15:17.816536,371.23634320269105,1116.1486953442882,7105.120846435369,-3.9973584406657197,6.242379426182503,-0.7531158558550042,20089U
2025-06-29T08:16:17.816536,130.83818784933896,1488.320503805958,7046.353827849991,-4.01335540550858,6.159398038107063,-1.205141667430497,20089U
2025-06-29T08:17:17.816536,-110.05991158052349,1854.8068083126775,6960.60053101254,-4.014017459544698,6.052924199320966,-1.6523745621693493,20089U
2025-06-29T08:18:17.816536,-350.5378679496009,2214.2104390110276,6848.20005270251,-3.9993543794942816,5.923384875652779,-2.093099876581808,20089U
2025-06-29T08:19:17.816536,-589.6779511768328,2565.1625010097596,6709.593579730798,-3.9694351028959542,5.771295570852978,-2.525630233283355,20089U
2025-06-29T08:20:17.816536,-826.568327947087,2906.327625008858,6545.3225614271905,-3.9243873771218234,5.597258226198414,-2.9483119636084862,20089U
2025-06-29T08:21:17.816536,-1060.3065744645005,3236.4090832151796,6356.026500132457,-3.8643971985218304,5.401958810140389,-3.359531415585343,20089U
2025-06-29T08:22:17.816536,-1290.00314960715,3554.153751949088,6142.440366908855,-3.789708039806848,5.186164599138124,-3.757721129692731,20089U
2025-06-29T08:23:17.816536,-1514.7848156967343,3858.3569023836462,5905.391650810909,-3.7006198636379475,4.950721151091313,-4.141365862746843,20089U
2025-06-29T08:24:17.816536,-1733.7979939542709,4147.866800931182,5645.797051326624,-3.5974879205624464,4.696548973594934,-4.5090084380660285,20089U
2025-06-29T08:25:17.816536,-1946.2120415953004,4421.589100938936,5364.65882500707,-3.4807213299521953,4.424639890591463,-4.859255397886516,20089U
2025-06-29T08:26:17.816536,-2151.2224374440166,4678.491007605157,5063.060798844987,-3.3507814434657397,4.136053112874692,-5.190782431989031,20089U
2025-06-29T08:27:17.816536,-2348.053862940618,4917.6051984150345,4742.164064621439,-3.2081799917666567,3.8319110202577478,-5.502339554789826,20089U
2025-06-29T08:28:17.816536,-2535.9631654986615,5138.033481946898,4403.20237019025,-3.0534770167626197,3.513394665990171,-5.792756001873336,20089U
2025-06-29T08:29:17.816536,-2714.2421913582325,5338.950178636698,4047.47722548038,-2.887278593445127,3.1817390171073585,-6.060944816208302,20089U
2025-06-29T08:30:17.816536,-2882.2204753925175,5519.605208027702,3676.352742828874,-2.710234347458436,2.838227947716604,-6.305907094182301,20089U
2025-06-29T08:31:17.816536,-3039.2677757706256,5679.326868182705,3291.250233068608,-2.5230347767444536,2.484189005653061,-6.5267358621749745,20089U
2025-06-29T08:32:17.816536,-3184.796441966194,5817.524294296829,2893.642580542886,-2.3264083879302997,2.1209879763557735,-6.722619555701612,20089U
2025-06-29T08:33:17.816536,-3318.263605332177,5933.689585116525,2485.048421854556,-2.1211186604691195,1.750023271093669,-6.892845075206531,20089U
2025-06-29T08:34:17.816536,-3439.1731823348673,6027.399587527592,2067.026154639953,-1.907960853837736,1.3727201696970674,-7.036800395345768,20089U
2025-06-29T08:35:17.816536,-3547.077681548297,6098.3173316039,1641.1678039410915,-1.6877586752568743,0.99052495060634,-7.153976708026443,20089U
2025-06-29T08:36:17.816536,-3641.5798066414454,6146.193110478623,1209.092774802015,-1.461360827361777,0.6048989432406678,-7.243970083489502,20089U
2025-06-29T08:37:17.816536,-3722.3338488309064,6170.8652015816215,772.4415204971617,-1.2296374569417543,0.21731253932542952,-7.306482638242562,20089U
2025-06-29T08:38:17.816536,-3789.0468635999932,6172.260228040067,332.86915629470275,-0.9934765272332622,-0.17076079916276937,-7.341323203554179,20089U
2025-06-29T08:39:17.816536,-3841.4796278807844,6150.393161327616,-107.96095115890954,-0.753780137240865,-0.557850497421079,-7.348407493386402,20089U
2025-06-29T08:40:17.816536,-3879.4473753334737,6105.366968526392,-548.3835888798388,-0.5114608121412826,-0.9424947529374413,-7.327757775931871,20089U
2025-06-29T08:41:17.816536,-3902.8203088115138,6037.371909795707,-986.7380675117068,-0.26743778897419457,-1.323246311647556,-7.279502058195899,20089U
2025-06-29T08:42:17.816536,-3911.5238905450137,5946.6844937803235,-1421.3745274754435,-0.022633321531238045,-1.6986781001770352,-7.203872798183637,20089U
2025-06-29T08:43:17.816536,-3905.538911983279,5833.666100700682,-1850.6601536237386,0.22203097237386654,-2.0673886815436666,-7.101205164083126,20089U
2025-06-29T08:44:17.816536,-3884.901346583217,5698.761284713738,-2272.985272048149,0.4656376992161277,-2.4280075045948526,-6.971934864252259,20089U
2025-06-29T08:45:17.816536,-3849.7019900925015,5542.495768783803,-2686.7693042600154,0.7072771931467915,-2.779199920854119,-6.816595575708859,20089U
2025-06-29T08:46:17.816536,-3800.0858940315698,5365.474146735277,-3090.4665557419407,0.9460509158300905,-3.1196719462524514,-6.635816002094056,20089U
2025-06-29T08:47:17.816536,-3736.251599110323,5168.3773083509,-3482.5718178114184,1.1810747362745861,-3.448174749330246,-6.430316594651452,20089U
2025-06-29T08:48:17.816536,-3658.4501762085315,4951.959604320746,-3861.625763801353,1.4114820766095095,-3.763508851798654,-6.200905971584273,20089U
2025-06-29T08:49:17.816536,-3566.9840832924415,4717.045768528719,-4226.220122704419,1.6364269123325486,-4.064528031737755,-5.9484770721842075,20089U
2025-06-29T08:50:17.816536,-3462.2058472276462,4464.5276155886295,-4575.002615596346,1.8550866182291017,-4.350142924063415,-5.674003082359573,20089U
2025-06-29T08:51:17.816536,-3344.516579877175,4195.360531714613,-4906.681642306991,2.066664653866669,-4.619324317107643,-5.378533167635939,20089U
2025-06-29T08:52:17.816536,-3214.3643381448032,3910.559776946105,-5220.030707898601,2.27039308522739,-4.8711061481188,-5.063188048393721,20089U
2025-06-29T08:53:17.816536,-3072.2423377433392,3611.1966164635373,-5513.892580498297,2.465534941589278,-5.104588204100716,-4.729155450097301,20089U
2025-06-29T08:54:17.816536,-2918.687030444464,3298.3942982513895,-5787.183173878703,2.6513864091364994,-5.318938537585996,-4.3776854586302925,20089U
2025-06-29T08:55:17.816536,-2754.276054413569,2973.3238937185656,-6038.895149853785,2.8272788649115848,-5.513395609603272,-4.010085807670153,20089U
2025-06-29T08:56:17.816536,-2579.6260669659523,2637.200017104307,-6268.101237028985,2.9925807565646885,-5.687270174190434,-3.6277171214143342,20089U
2025-06-29T08:57:17.816536,-2395.390468717694,2291.276438615196,-6473.957263695076,3.1466993348630488,-5.839946920282068,-3.231988132021931,20089U
2025-06-29T08:58:17.816536,-2202.2570276646065,1936.8416052890293,-6655.704903670684,3.289082247063342,-5.970885887632663,-2.8243508869770464,20089U
2025-06-29T08:59:17.816536,-2000.9454112479593,1575.2140826377529,-6812.674134654948,3.4192189999824216,-6.079623673606548,-2.406295957380417,20089U
2025-06-29T09:00:17.816536,-1792.2046338849825,1207.7379290506144,-6944.285409229676,3.5366423019785618,-6.165774447234655,-1.9793476538638008,20089U
2025-06-29T09:01:17.816536,-1576.8104270336246,835.7780142382702,-7050.051538838056,3.6409292928973436,-6.2290307857794085,-1.545059253056681,20089U
2025-06-29T09:02:17.816536,-1355.5625381998673,460.71529188973125,-7129.579291262877,3.7317026706608463,-6.269164347474982,-1.1050082334995581,20089U
2025-06-29T09:03:17.816536,-1129.2819649434407,83.94203620644487,-7182.570701888868,3.808631722232593,-6.286026391852207,-0.6607915168344399,20089U
2025-06-29T09:04:17.816536,-898.8081294650452,-293.1429487186453,-7208.824098773497,3.8714332655147596,-6.279548156460371,-0.21402070717147342,20089U
2025-06-29T09:05:17.816536,-664.9959990422103,-669.1391381020051,-7208.234841079045,3.9198725071883596,-6.249741095790942,0.23368268063874179,20089U
2025-06-29T09:06:17.816536,-428.71315734128,-1042.6491059239136,-7180.795769855337,3.953763819708796,-6.196696984944748,0.6806920146343607,20089U
2025-06-29T09:07:17.816536,-190.83683150436931,-1412.2833463624809,-7126.59736952854,3.972971438657811,-6.120587887156051,1.1253803728829639,20089U
2025-06-29T09:08:17.816536,47.74912009729104,-1776.6650887849487,-7045.827637791217,3.97741007949391,-6.0216659808052455,1.5661254157759226,20089U
2025-06-29T09:09:17.816536,286.15725443377147,-2134.43509752738,-6938.7716609472145,3.967045470504962,-5.900263238130866,2.00131431436747,20089U
2025-06-29T09:10:17.816536,523.4996194522083,-2484.2564471530195,-6805.810891186406,3.9418947965200193,-5.756790944605364,2.429348744116301,20089U
2025-06-29T09:11:17.816536,758.8908531422979,-2824.8192631577517,-6647.422121793323,3.9020270457568875,-5.591739044980277,2.8486499510993357,20089U
2025-06-29T09:12:17.816536,991.4512998955046,-3154.845417206839,-6464.176155972759,3.8475632501408885,-5.40567529944183,3.2576638947717718,20089U
2025-06-29T09:13:17.816536,1220.310137407499,-3473.0931649651775,-6256.7361648440865,3.7786766076006297,-5.199244231247176,3.654866467713667,20089U
2025-06-29T09:14:17.816536,1444.6085066588987,-3778.3617134540364,-6025.855730249056,3.6955924732964682,-4.973165845722312,4.038768788620655,20089U
2025-06-29T09:15:17.816536,1663.5026367116095,-4069.4957036655214,-5772.37656836612,3.5985882055293006,-4.728234099669615,4.4079225601716345,20089U
2025-06-29T09:16:17.816536,1876.166955198608,-4345.389592931405,-5497.225930750028,3.4879928512654272,-4.465315100114555,4.76092547846437,20089U
2025-06-29T09:17:17.816536,2081.797174486664,-4604.991920317095,-5201.413680336687,3.364186655843635,-4.185345011957261,5.096426675586173,20089U
2025-06-29T09:18:17.816536,2279.6133425822663,-4847.309437140217,-4886.029041176155,3.227600381536553,-3.8893276555044065,5.413132171730773,20089U
2025-06-29T09:19:17.816536,2468.8628469575883,-5071.411083640843,-4552.237022182775,3.0787144202420786,-3.5783317770392085,5.709810308235528,20089U
2025-06-29T09:20:17.816536,2648.8233586262777,-5276.43179190229,-4201.274517009842,2.918057686690129,-3.253487978517096,5.9852971281521405,20089U
2025-06-29T09:21:17.816536,2818.8057030276,-5461.576094381923,-3834.44608424936,2.746206280158629,-2.915985296104994,6.238501666632567,20089U
2025-06-29T09:22:17.816536,2978.1566436117014,-5626.121516900281,-3453.1194144964898,2.5637819047793156,-2.5670674215433777,6.46841110965612,20089U
2025-06-29T09:23:17.816536,3126.2615634853746,-5769.421734690325,-3058.720493368986,2.3714500410430666,-2.2080285651134703,6.674095776578683,20089U
2025-06-29T09:24:17.816536,3262.5470301046075,-5890.909470159061,-2652.7284722865716,2.1699178640345065,-1.8402089642241966,6.854713879770774,20089U
2025-06-29T09:25:17.816536,3386.483227806916,-5990.099111382367,-2236.6702616479142,1.9599319071750996,-1.4649900471740678,7.00951601332381,20089U
2025-06-29T09:26:17.816536,3497.5862429851113,-6066.589031060396,-1812.1148639295557,1.7422754737541062,-1.083789267345599,7.137849322521045,20089U
2025-06-29T09:27:17.816536,3595.420186925158,-6120.063586710032,-1380.6674671187527,1.5177658021958031,-0.6980546288131609,7.2391613065336715,20089U
2025-06-29T09:28:17.816536,3679.5991417763885,-6150.294784263684,-943.963321708995,1.2872509947526978,-0.30925892992808196,7.31300320863402,20089U
2025-06-29T09:29:17.816536,3749.7889157923205,-6157.143588968001,-503.66142717498934,1.0516067230330337,0.08110624326025555,7.359032951097799,20089U
2025-06-29T09:30:17.816536,3805.708594874342,-6140.560869512736,-61.4380563353368,0.8117327273649716,0.47153673703516547,7.377017575850852,20089U
2025-06-29T09:31:17.816536,3847.131878557256,-6100.587963639373,381.0198517505844,0.5685491303731072,0.860522222506595,7.366835156722349,20089U
2025-06-29T09:32:17.816536,3873.888189882022,-6037.356856043895,822.0213977785119,0.32299258819983734,1.246552716007874,7.328476154787008,20089U
2025-06-29T09:33:17.816536,3885.8635500839755,-5951.089962153501,1259.8784929417825,0.07601230546298156,1.6281251800665446,7.262044194577465,20089U
2025-06-29T09:34:17.816536,3883.0012106607205,-5842.099514271258,1692.9126591021134,-0.1714340577770867,2.0037501557442563,7.167756245765058,20089U
2025-06-29T09:35:17.816536,3865.302037140055,-5710.786549591217,2119.46182231703,-0.41838455711604117,2.37195837620038,7.045942202065986,20089U
2025-06-29T09:36:17.816536,3832.824640713072,-5557.639502628878,2537.887063346023,-0.6638771819738281,2.7313073113635147,6.897043856440447,20089U
2025-06-29T09:37:17.816536,3785.6852557926495,-5383.2324076304,2946.5792888950405,-0.906954089364932,3.080387594580192,6.721613278920554,20089U
2025-06-29T09:38:17.816536,3724.0573634670554,-5188.222719457598,3343.9657879399156,-1.146665821941128,3.4178292840190743,6.520310610434311,20089U
2025-06-29T09:39:17.816536,3648.171062703752,-4973.348764241515,3728.516638468087,-1.382075479706208,3.7423079143684683,6.29390129260456,20089U
2025-06-29T09:40:17.816536,3558.3121929836716,-4739.426833700616,4098.750931373603,-1.6122628160939338,4.052550297887934,6.0432527595206125,20089U
2025-06-29T09:41:17.816536,3454.8212137783503,-4487.34793938987,4453.242779980961,-1.8363282308965587,4.347340038032154,5.769330622762913,20089U
2025-06-29T09:42:17.816536,3338.091847889578,-4218.0742452435425,4790.627085720916,-2.0533966347693204,4.625522723527604,5.473194385381667,20089U
2025-06-29T09:43:17.816536,3208.56949713057,-3932.635198574672,5109.605032769152,-2.262621162628408,4.886010775787103,5.155992724005869,20089U
2025-06-29T09:44:17.816536,3066.7494401166896,-3632.1233811753273,5408.949286935324,-2.463186716118519,5.127787927740301,4.818958380730309,20089U
2025-06-29T09:45:17.816536,2913.1748230415665,-3317.6901033229915,5687.508876682673,-2.6543133183466265,5.349913317366994,4.463402707884692,20089U
2025-06-29T09:46:17.816536,2748.434455230499,-2990.5407643372046,5944.2137368119065,-2.835259267162388,5.5515251842921485,4.090709909245953,20089U
2025-06-29T09:47:17.816536,2573.1604219900487,-2651.930003866336,6178.0788979891195,-3.005324076308172,5.731844162581017,3.7023310207754743,20089U
2025-06-29T09:48:17.816536,2388.0255278134177,-2303.156668334483,6388.208307884805,-3.163851196669615,5.890176167231576,3.299777672632712,20089U
2025-06-29T09:49:17.816536,2193.74058337217,-1945.558616983743,6573.7982721635635,-3.3102305125391522,6.025914875683758,2.8846156721662686,20089U
2025-06-29T09:50:17.816536,1991.0515499097132,-1580.507391682039,6734.140505910587,-3.443900610211343,6.138543808887142,2.4584584448849793,20089U
2025-06-29T09:51:17.816536,1780.7365548172793,-1209.4027744398354,6868.624788141939,-3.564350818196285,6.227638018943343,2.0229603675356254,20089U
2025-06-29T09:52:17.816536,1563.602791956256,-833.6672557289281,6976.741214138316,-3.6711230200991665,6.292865392283677,1.5798100237103272,20089U
2025-06-29T09:53:17.816536,1340.4833203938729,-454.7404364978577,7058.082041867192,-3.7638132422711714,6.333987578339058,1.1307234094810428,20089U
2025-06-29T09:54:17.816536,1112.2337748588077,-74.07338580048128,7112.343130423227,-3.8420730192572337,6.350860554251734,0.6774371128625755,20089U
2025-06-29T09:55:17.816536,879.7290011011261,306.8770245359147,7139.32496964547,-3.905610540391666,6.343434836008047,0.22170148802441778,20089U
2025-06-29T09:56:17.816536,643.8596290953501,686.6537874458447,7138.933301219708,-3.954191580928543,6.311755345768905,-0.23472615757473617,20089U
2025-06-29T09:57:17.816536,405.528596823056,1063.8054101648772,7111.179332547296,-3.987640220789871,6.255960944156604,-0.6900883471495372,20089U
2025-06-29T09:58:17.816536,165.64763719889828,1436.8915260556207,7056.1795455220345,-4.005839353455419,6.176283634967052,-1.142634175290455,20089U
2025-06-29T09:59:17.816536,-74.8662594236893,1804.488449394824,6974.1551031401705,-4.008730986777852,6.073047448343627,-1.5906259920471908,20089U
2025-06-29T10:00:17.816536,-315.0943948043265,2165.1946540917397,6865.4308576163185,-3.9963163366631362,5.946667007007132,-2.032346017387439,20089U
2025-06-29T10:01:17.816536,-554.1199120770957,2517.636157510487,6730.433964431645,-3.9686557136944067,5.797645778815509,-2.466102872746889,20089U
2025-06-29T10:02:17.816536,-791.0313323362321,2860.4717906983624,6569.692107537184,-3.925868201977823,5.6265740178466785,-2.890238015532251,20089U
2025-06-29T10:03:17.816536,-1024.9260660731247,3192.398336388867,6383.831341810374,-3.8681311288291345,5.434126395464656,-3.303132061075241,20089U
2025-06-29T10:04:17.816536,-1254.913886869757,3512.155516185598,6173.573559843472,-3.795679323468524,5.221059322528527,-3.703210974772837,20089U
2025-06-29T10:05:17.816536,-1480.1203546128029,3818.5308083697632,5939.733591248952,-3.708804162705468,4.9882079640978025,-4.088952115107057,20089U
2025-06-29T10:06:17.816536,-1699.6901753482864,4110.364077839538,5683.215943913092,-3.6078524017196116,4.736482948717422,-4.458890106048065,20089U
2025-06-29T10:07:17.816536,-1912.7904847753143,4386.551999824852,5405.011198014737,-3.4932247885058683,4.466866775638049,-4.811622515159094,20089U
2025-06-29T10:08:17.816536,-2118.6140422965595,4646.05225925501,5106.19206514759,-3.365374461364277,4.1804099251302915,-5.1458153116789935,20089U
2025-06-29T10:09:17.816536,-2316.382322526358,4887.887508022458,4787.909126525624,-3.224805129973473,3.8782266793433324,-5.460208077100389,20089U
2025-06-29T10:10:17.816536,-2505.3484912266063,5111.149062913229,4451.386265987301,-3.0720690420698125,3.561490663873482,-5.753618939418504,20089U
2025-06-29T10:11:17.816536,-2684.8002528128877,5315.000327684018,4097.915815315689,-2.9077647395264306,3.2314301232635287,-6.024949201407596,20089U
2025-06-29T10:12:17.816536,-2854.0625568658465,5498.679923675357,3728.85343122041,-2.732534609639081,2.8893229469473076,-6.273187633080987,20089U
2025-06-29T10:13:17.816536,-3012.500151507308,5661.504514469578,3345.6127251420994,-2.547062239617596,2.5364914655723796,-6.497414398973284,20089U
2025-06-29T10:14:17.816536,-3159.5199720654614,5802.871311433314,2949.65966879601,-2.352069584584579,2.1742970410568683,-6.696804592089398,20089U
2025-06-29T10:15:17.816536,-3294.5733541614127,5922.260248521502,2542.5068000242113,-2.1483139617222453,1.804134477041641,-6.870631348304857,20089U
2025-06-29T10:16:17.816536,-3417.15806120014,6019.235816451008,2125.70725502878,-1.9365848855061483,1.4274262794647055,-7.018268517660455,20089U
2025-06-29T10:17:17.816536,-3526.8201172347967,6093.448548256023,1700.8486543722204,-1.717700761145207,1.045616799699861,-7.1391928723254825,20089U
2025-06-29T10:18:17.816536,-3623.1554372855853,6144.63615028902,1269.5468712135955,-1.4925054553354968,0.6601662949605348,-7.232985834940393,20089U
2025-06-29T10:19:17.816536,-3705.811248415785,6172.624274896793,833.4397110725652,-1.2618647651657815,0.27254494239070953,-7.299334715497882,20089U
2025-06-29T10:20:17.816536,-3774.487296181434,6177.326933246088,394.1805329473959,-1.0266628074237534,-0.11577315562613563,-7.338033449773103,20089U
2025-06-29T10:21:17.816536,-3828.936832454596,6158.746549057245,-46.56815815889502,-0.7877983515959047,-0.5033159369585998,-7.348982837442993,20089U
2025-06-29T10:22:17.816536,-3868.967382049169,6116.973656285859,-487.1411173374309,-0.5461811204939878,-0.888619278272697,-7.33219028330801,20089U
2025-06-29T10:23:17.816536,-3894.4412870280407,6052.1862460301345,-925.8767349387336,-0.30272808265140444,-1.2702327898128738,-7.287769050307185,20089U
2025-06-29T10:24:17.816536,-3905.2760290130996,5964.648770094537,-1361.1233519623204,-0.05835976040587628,-1.6467254712013384,-7.215937038160473,20089U
2025-06-29T10:25:17.816536,-3901.4443312309836,5854.710810669378,-1791.2454878465612,0.18600342308040183,-2.016691195280582,-7.117015106345158,20089U
2025-06-29T10:26:17.816536,-3882.9740433801294,5722.805427456159,-2214.6299541248763,0.42944473569530295,-2.3787539898449395,-6.991424964590064,20089U
2025-06-29T10:27:17.816536,-3849.947813676615,5569.44719524825,-2629.6918289521086,0.6710546464534776,-2.7315730904369735,-6.839686658037932,20089U
2025-06-29T10:28:17.816536,-3802.5025536050457,5395.22994643989,-3034.880269252874,0.9099342349084147,-3.073847741133132,-6.662415677585496,20089U
2025-06-29T10:29:17.816536,-3740.8287019484355,5200.82423416369,-3428.684139163878,1.1451984831601316,-3.404321724312226,-6.46031972858233,20089U
2025-06-29T10:30:17.816536,-3665.1692955824838,4986.974532733676,-3809.6374354887225,1.3759794360877295,-3.7217876046799807,-6.234195192995823,20089U
2025-06-29T10:31:17.816536,-3575.818855283133,4754.496192789417,-4176.324493015436,1.6014292179849021,-4.025090677203926,-5.984923321291416,20089U
2025-06-29T10:32:17.816536,-3473.122095405402,4504.272168998974,-4527.384954709899,1.8207228964319848,-4.313132612975063,-5.713466190624026,20089U
2025-06-29T10:33:17.816536,-3357.4724667416194,4237.249538385689,-4861.518493955647,2.03306118693543,-4.584874801251149,-5.420862465490945,20089U
2025-06-29T10:34:17.816536,-3229.3105421609184,3954.435827313415,-5177.489278108078,2.237672994527223,-4.839341389935856,-5.108222995793922,20089U
2025-06-29T10:35:17.816536,-3089.122254771847,3656.895164910364,-5474.13016463457,2.433817791078095,-5.075622030414991,-4.776726285343623,20089U
2025-06-29T10:36:17.816536,-2937.436998347708,3345.7442802599326,-5750.346622976621,2.6207878294701143,-5.292874335910493,-4.427613861287479,20089U
2025-06-29T10:37:17.816536,-2774.8255996191215,3022.1483600622946,-6005.120376968694,2.7979101979388314,-5.490326065253127,-4.062185571832778,20089U
2025-06-29T10:38:17.816536,-2601.8981717876363,2687.316782707327,-6237.51276414706,2.9645487197761042,-5.667277046148942,-3.6817948360752526,20089U
2025-06-29T10:39:17.816536,-2419.301858265227,2342.4987438302596,-6446.6678095629795,3.120105705138452,-5.823100853578587,-3.2878438658379374,20089U
2025-06-29T10:40:17.816536,-2227.718475217342,1988.9787874825704,-6631.815012760915,3.264023562895385,-5.957246259891915,-2.8817788752961717,20089U
2025-06-29T10:41:17.816536,-2027.8620610039986,1628.0722560806241,-6792.271847385841,3.395786281250525,-6.069238473430193,-2.4650852899384716,20089U
2025-06-29T10:42:17.816536,-1820.476340096473,1261.120671327496,-6927.445973444201,3.5149207862618654,-6.158680182131146,-2.0392829622137922,20089U
2025-06-29T10:43:17.816536,-1606.3321085213556,889.4870573809142,-7036.837162564385,3.6209981873684054,-6.225252417569046,-1.6059213971747384,20089U
2025-06-29T10:44:17.816536,-1386.2245473696787,514.551216689472,-7120.038936700201,3.713634918609074,-6.268715253295323,-1.1665749876582379,20089U
2025-06-29T10:45:17.816536,-1160.9704704318256,137.70496817844594,-7176.739920611892,3.7924937834100647,-6.288908349227515,-0.7228382551710445,20089U
2025-06-29T10:46:17.816536,-931.4055115989154,-239.652643139125,-7206.72490817003,3.8572849096485133,-6.28575135125823,-0.27632108976932124,20089U
2025-06-29T10:47:17.816536,-698.3812573262383,-616.1201564996858,-7209.875642089613,3.9077666202118038,-6.259244152303169,0.17135602007233636,20089U
2025-06-29T10:48:17.816536,-462.7623292053385,-990.2985173148013,-7186.171306149116,3.943746222508049,-6.209467017772566,0.6185667782310763,20089U
2025-06-29T10:49:17.816536,-225.4234215471399,-1360.7959024053275,-7135.688728322947,3.965080718401849,-6.136580575037594,1.063683903879931,20089U
2025-06-29T10:50:17.816536,12.753701145433489,-1726.232540142392,-7058.602292597366,3.9716774339105196,-6.040825662980446,1.5050839982790003,20089U
2025-06-29T10:51:17.816536,250.88324183525347,-2085.2455167722396,-6955.183556593287,3.963494565767823,-5.922523034279496,1.9411524664416318,20089U
2025-06-29T10:52:17.816536,488.07843852798277,-2436.4935596857904,-6825.800571530937,3.9405416397158826,-5.782072899802181,2.3702885032750505,20089U
2025-06-29T10:53:17.816536,723.4546561984226,-2778.6617876959303,-6670.916900582967,3.9028798731952277,-5.619954301471235,2.790910151608437,20089U
2025-06-29T10:54:17.816536,956.1324970105265,-3110.466417518141,-6491.090331320523,3.850622433040692,-5.436724297344584,3.201459436614447,20089U
2025-06-29T10:55:17.816536,1185.2409221782227,-3430.659414646606,-6286.9712777972045,3.783934576930606,-5.233016940502717,3.600407577580575,20089U
2025-06-29T10:56:17.816536,1409.9203781113501,-3738.033075697636,-6059.300867878121,3.7030336657460463,-5.009542031763491,3.986260273868576,20089U
2025-06-29T10:57:17.816536,1629.3259187047481,-4031.4245280976406,-5808.908711733591,3.60818903273958,-4.767083625316897,4.357563057328055,20089U
2025-06-29T10:58:17.816536,1842.6303147761785,-4309.720131758048,-5536.710348005392,3.4997216945445113,-4.506498266153624,4.71290669852064,20089U
2025-06-29T10:59:17.816536,2049.0271407653545,-4571.859766148745,-5243.704365034629,3.3780038886232955,-4.228712938693378,5.050932649001665,20089U
2025-06-29T11:00:17.816536,2247.733827896677,-4816.840984997813,-4930.969195723988,3.243458421792534,-3.934722707324965,5.370338496742043,20089U
2025-06-29T11:01:17.816536,2437.9946721121078,-5043.723019756071,-4599.659586093092,3.0965578149956876,-3.625588031650179,5.669883406708728,20089U
2025-06-29T11:02:17.816536,2619.083784225362,-5251.630612012161,-4251.002739368335,2.9378232305342022,-3.3024317420580878,5.948393513810538,20089U
2025-06-29T11:03:17.816536,2790.30796896595,-5439.757654276407,-3886.2941395060734,2.7678231695064044,-2.966435664798634,6.204767231016157,20089U
2025-06-29T11:04:17.816536,2951.009518899402,-5607.370618005023,-3506.8930603593326,2.5871719292257027,-2.6188368899114023,6.437980431605305,20089U
2025-06-29T11:05:17.816536,3100.568908657575,-5753.811747452415,-3114.217769223803,2.3965278128579386,-2.2609236801064854,6.647091461364098,20089U
2025-06-29T11:06:17.816536,3238.407374516006,-5878.501997947013,-2709.7404361970785,2.196591086386037,-1.8940310238834759,6.831245934200691,20089U
2025-06-29T11:07:17.816536,3363.989364136407,-5980.943697511101,-2294.981763606926,1.9881016812159344,-1.5195358416883975,6.989681263239018,20089U
2025-06-29T11:08:17.816536,3476.8248412718867,-6060.722911405634,-1871.5053526503243,1.7718366442064555,-1.1388518596064756,7.121730879025873,20089U
2025-06-29T11:09:17.816536,3576.4714304237427,-6117.511490185073,-1440.9118272777393,1.5486073405544023,-0.7534241708258069,7.226828087108744,20089U
2025-06-29T11:10:17.816536,3662.536386852278,-6151.068783195557,-1004.8327381905235,1.3192564187014046,-0.36472351072742293,7.304509518930427,20089U
2025-06-29T11:11:17.816536,3734.6783779832645,-6161.243001132499,-564.9242725296745,1.0846545501540323,0.02575972319255055,7.354418132730172,20089U
2025-06-29T11:12:17.816536,3792.6090631141064,-6147.972213272289,-122.86079735877178,0.845696960724254,0.4165216704325892,7.376305724896453,20089U
2025-06-29T11:13:17.816536,3836.094459401893,-6111.284967279283,319.67173267988767,0.6032997731039961,0.8060513851232689,7.370034916908927,20089U
2025-06-29T11:14:17.816536,3864.956083394121,-6051.300522026637,760.98247118237,0.358396183792307,1.1928373480072993,7.335580588530813,20089U
2025-06-29T11:15:17.816536,3879.071858822339,-5968.228686615161,1199.382445296886,0.11193250010954647,1.5753740656909765,7.273030734135116,20089U
2025-06-29T11:16:17.816536,3878.3767829945223,-5862.369261675138,1633.1913553288523,-0.13513593471684704,1.9521687080917156,7.182586725812098,20089U
2025-06-29T11:17:17.816536,3862.863345862214,-5734.11108204034,2060.7443726190113,-0.3818488986834426,2.3217477339339916,7.0645629740362255,20089U
2025-06-29T11:18:17.816536,3832.581697672125,-5583.930662928515,2480.3988993117587,-0.6272454994961468,2.6826634540458807,6.91938598397963,20089U
2025-06-29T11:19:17.816536,3787.639563001062,-5412.390454792585,2890.5412537079605,-0.8703684029923732,3.0335004830657737,6.7475928128518845,20089U
2025-06-29T11:20:17.816536,3728.20190088126,-5220.1367149593125,3289.593245419958,-1.1102680501375881,3.3728820319594504,6.5498289407275445,20089U
2025-06-29T11:21:17.816536,3654.4903126130184,-5007.897006993976,3676.0186054920305,-1.346006831883258,3.699475996401588,6.32684557400848,20089U
2025-06-29T11:22:17.816536,3566.7822006954666,-4776.477341364808,4048.329237996408,-1.5766631923904202,4.012000799508359,6.079496406781642,20089U
2025-06-29T11:23:17.816536,3465.4096840519355,-4526.758973388755,4405.091261313191,-1.8013356328526666,4.309230951493496,5.808733870728272,20089U
2025-06-29T11:24:17.816536,3350.758276350917,-4259.694876577886,4744.9308093151285,-2.0191465903339743,4.590002293431683,5.515604908787514,20089U
2025-06-29T11:25:17.816536,3223.2653357034437,-3976.305911349576,5066.5395649396905,-2.22924616858464,4.85321689728934,5.201246311387584,20089U
2025-06-29T11:26:17.816536,3083.418295330127,-3677.676710590734,5368.680001088026,-2.4308157006251174,5.097847599568964,4.866879656669033,20089U
2025-06-29T11:27:17.816536,2931.7526859222307,-3364.9513047701626,5650.19030637627,-2.623071125892092,5.322942151140573,4.513805897716604,20089U
2025-06-29T11:28:17.816536,2768.849961364202,-3039.3285101785323,5909.9889759133775,-2.805266167819316,5.527626970940346,4.143399640408728,20089U
2025-06-29T11:29:17.816536,2595.335140235215,-2702.0571044473663,6147.079049936707,-2.976695300781402,5.711110496055859,3.7571031551308804,20089U
2025-06-29T11:30:17.816536,2411.874276073251,-2354.430813788222,6360.5519857349045,-3.1366964982575225,5.872686125146859,3.356420164378212,20089U
2025-06-29T11:31:17.816536,2219.1717697741105,-1997.7831364207352,6549.591150785345,-3.2846537567927383,6.011734756061991,2.942909446299657,20089U
2025-06-29T11:32:17.816536,2017.967537728659,-1633.482026467957,6713.474927380746,-3.419999392765249,6.12772692181199,2.518178291660101,20089U
2025-06-29T11:33:17.816536,1809.0340493924173,-1262.9244622233737,6851.579421188919,-3.5422161110520807,6.220224531691196,2.08387584867007,20089U
2025-06-29T11:34:17.816536,1593.1732479585544,-887.5309221858744,6963.380768154477,-3.6508388463762604,6.288882226270255,1.641686386830536,20089U
2025-06-29T11:35:17.816536,1371.2133676922847,-508.7397916569875,7048.457035903493,-3.745456379392798,6.333448356216954,1.1933225075318625,20089U
2025-06-29T11:36:17.816536,1144.00566131019,-128.00172204480572,7106.489717349604,-3.8257127304228176,6.353765595470105,0.740518325803194,20089U
2025-06-29T11:37:17.816536,912.4210505773904,253.22603563941013,7137.2648155339375,-3.8913083341886034,6.349771199254826,0.28502264448815434,20089U
2025-06-29T11:38:17.816536,677.3467130745745,633.4853022372878,7140.673519881416,-3.942000998969508,6.321496916871136,-0.17140786063504088,20089U
2025-06-29T11:39:17.816536,439.68261787725874,1011.3226265727848,7116.712475050184,-3.97760665333831,6.269068568217816,-0.6270154285503189,20089U
2025-06-29T11:40:17.816536,200.33802271059415,1385.294906472561,7065.48364442395,-3.9979998831107486,6.192705291751252,-1.0800479589910255,20089U
2025-06-29T11:41:17.816536,-39.77205499313975,1753.974955302579,6987.193771087415,-4.003114260421412,6.09271847015451,-1.528765703284156,20089U
2025-06-29T11:42:17.816536,-279.73038078786584,2115.9569949544516,6882.153439873838,-3.992942466005498,5.969510338540047,-1.9714478870618684,20089U
2025-06-29T11:43:17.816536,-518.6210473381925,2469.862056436103,6750.775744822052,-3.967536204901232,5.823572278659421,-2.4063992516670996,20089U
2025-06-29T11:44:17.816536,-755.5330076231734,2814.343269356561,6593.574567167125,-3.927005914974509,5.655482801469466,-2.831956500300227,20089U
2025-06-29T11:45:17.816536,-989.5635847891198,3148.091021673078,6411.162469848867,-3.8715202669824484,5.465905219612244,-3.246494633662214,20089U
2025-06-29T11:46:17.816536,-1219.8219461039675,3469.8379711088446,6204.248215484464,-3.8013054544069926,5.255585010996226,-3.6484331581377982,20089U
2025-06-29T11:47:17.816536,-1445.4325283263436,3778.363889684032,5973.633915837623,-3.7166442710615737,5.025346874784661,-4.036242147552454,20089U
2025-06-29T11:48:17.816536,-1665.5384016595833,4072.5003228646265,5720.211822039201,-3.6178749745495176,4.7760914817452935,-4.408448137363858,20089U
2025-06-29T11:49:17.816536,-1879.3045593344086,4351.135044955791,5444.960766179038,-3.5053899340632464,4.508791922109253,-4.763639827953427,20089U
2025-06-29T11:50:17.816536,-2085.9211197771438,4613.2162925856255,5148.942266388254,-3.3796340617716747,4.224489855813031,-5.100473571614847,20089U
2025-06-29T11:51:17.816536,-2284.606428293099,4857.756758470243,4833.296309154567,-3.241103028149269,3.9242913722206967,-5.4176786160303925,20089U
2025-06-29T11:52:17.816536,-2474.6100452505325,5083.837328154278,4499.236824334423,-3.0903412630334617,3.609362569080292,-5.714062075618265,20089U
2025-06-29T11:53:17.816536,-2655.215607906933,5290.610543103049,4148.046870117127,-2.9279397459255248,3.2809248634782344,-5.9885136012354,20089U
2025-06-29T11:54:17.816536,-2825.7435532927675,5477.303774402175,3781.073547021347,-2.7545335910258943,2.940250050819851,-6.2400097184261805,20089U
2025-06-29T11:55:17.816536,-2985.553689972542,5643.2220924102,3399.722661819338,-2.5707994346581535,2.588655131268335,-6.46761780479012,20089U
2025-06-29T11:56:17.816536,-3134.0476070450904,5787.750819008876,3005.4531640504138,-2.377452635021707,2.22749692650334,-6.67049967813998,20089U
2025-06-29T11:57:17.816536,-3270.670909431278,5910.35775060448,2599.771379451101,-2.175244296544616,1.8581665129863536,-6.847914768956356,20089U
2025-06-29T11:58:17.816536,-3394.915269325106,6010.595041736735,2184.2250661547573,-1.9649581334105537,1.4820835010255327,-6.999222853199088,20089U
2025-06-29T11:59:17.816536,-3506.3202846489703,6088.100741031941,1760.3973208535167,-1.7474071890296319,1.1006901917017382,-7.1238863247709485,20089U
2025-06-29T12:00:17.816536,-3604.475136445524,6142.599973267908,1329.900363231395,-1.5234304302376847,0.7154456460462568,-7.2214719907794604,20089U
2025-06-29T12:01:17.816536,-3689.0200383420147,6173.905763468782,894.3692278375323,-1.2938892367748787,0.3278197026614373,-7.291652377118611,20089U
2025-06-29T12:02:17.816536,-3759.6474725213384,6181.91950118235,455.4553931444657,-1.059663808051383,-0.060713018824927314,-7.334206536687434,20089U
2025-06-29T12:03:17.816536,-3816.103208005319,6166.63104537208,14.82037780579826,-0.821649510302993,-0.44867909053607075,-7.349020357653825,20089U
2025-06-29T12:04:17.816536,-3858.18709847533,6128.118472638753,-425.8706659124198,-0.5807531879392315,-0.8346121875520273,-7.336086374425369,20089U
2025-06-29T12:05:17.816536,-3885.753658299997,6066.5474737319855,-864.9553319152278,-0.3378894631588127,-1.2170589005729544,-7.295503089268177,20089U
2025-06-29T12:06:17.816536,-3898.712416881535,5982.1704054776455,-1300.7802843420002,-0.09397704774241496,-1.5945844145766606,-7.227473817677581,20089U
2025-06-29T12:07:17.816536,-3897.028052844986,5875.325007295343,-1731.7074979438107,0.1500649096650579,-1.9657780201542707,-7.132305075517564,20089U
2025-06-29T12:08:17.816536,-3880.7203109543307,5746.432793373094,-2156.1203880672106,0.393320418495708,-2.3292584269539915,-7.010404530479317,20089U
2025-06-29T12:09:17.816536,-3849.863705920335,5595.99713327483,-2572.4298050338366,0.6348801625499841,-2.6836788519182657,-6.862278544449805,20089U
2025-06-29T12:10:17.816536,-3804.587018446854,5424.601035250267,-2979.0798694281184,0.8738449185404942,-3.027731858695763,-6.688529336826404,20089U
2025-06-29T12:11:17.816536,-3745.0725899256104,5232.90464777887,-3374.5536266973836,1.1093288598695195,-3.360153928633553,-6.489851801583583,20089U
2025-06-29T12:12:17.816536,-3671.5554231186316,5021.642495891106,-3757.378501501122,1.3404627309550485,-3.679729748011597,-6.267030012928092,20089U
2025-06-29T12:13:17.816536,-3584.322096951288,4791.620469567136,-4126.131534361566,1.5663968799376284,-3.9852962005488055,-6.020933455633096,20089U
2025-06-29T12:14:17.816536,-3483.709504168513,4543.7125820098345,-4479.444385330063,1.78630414023982,-4.275746058582041,-5.7525130165983125,20089U
2025-06-29T12:15:17.816536,-3370.1034210789962,4278.857515833457,-4816.008091539234,1.9993825541365633,-4.550031370577337,-5.462796773849393,20089U
2025-06-29T12:16:17.816536,-3243.936918927307,3998.0549752116003,-5134.577567617664,2.204857934159008,-4.807166546670528,-5.152885618091859,20089U
2025-06-29T12:17:17.816536,-3105.6886265958847,3702.3618618050414,-5433.9758399595285,2.4019862607269364,-5.046231147651248,-4.823948740119458,20089U
2025-06-29T12:18:17.816536,-2955.880854355908,3392.8882918650343,-5713.098007726528,2.5900559168183466,-5.26637238610825,-4.477219014911079,20089U
2025-06-29T12:19:17.816536,-2795.077588270383,3070.793471307361,-5970.914925179588,2.7683897626787672,-5.466807351266147,-4.11398831021803,20089U
2025-06-29T12:20:17.816536,-2623.8823646183396,2737.2814448071877,-6206.47660146488,2.9363470554924778,-5.646824971300274,-3.7356027439416337,20089U
2025-06-29T12:21:17.816536,-2442.936033374401,2393.596734110047,-6418.915315289003,3.0933252205359913,-5.805787728567097,-3.343457910741157,20089U
2025-06-29T12:22:17.816536,-2252.914419362186,2041.0198798242259,-6607.44844299681,3.2387614815738273,-5.943133144201515,-2.938994094210922,20089U
2025-06-29T12:23:17.816536,-2054.5258892251213,1680.8628999926239,-6771.380999402003,3.3721343591096704,-6.058375048893703,-2.5236914767487937,20089U
2025-06-29T12:24:17.816536,-1848.5088318468852,1314.4646777748976,-6910.1078913132815,3.4929650455553625,-6.15110465636988,-2.0990653550326317,20089U
2025-06-29T12:25:17.816536,-1635.629059329482,943.186289640332,-7023.115884052942,3.600818666419221,-6.220991455184134,-1.6666613649537887,20089U
2025-06-29T12:26:17.816536,-1416.677135121609,568.4062846101148,-7109.985281392126,3.6953054362503637,-6.267783932919571,-1.2280507160466962,20089U
2025-06-29T12:27:17.816536,-1192.4656354087742,191.51592433217613,-7170.391319244793,3.7760817173197543,-6.291310144849309,-0.7848254320225881,20089U
2025-06-29T12:28:17.816536,-963.8263494487738,-186.08560685414238,-7204.105273197163,3.8428509879015755,-6.291478136590044,-0.3385935910642606,20089U
2025-06-29T12:29:17.816536,-731.6074241812236,-562.9960131765672,-7210.99527952983,3.8953647255741344,-6.2682762273749075,0.10902544283778376,20089U
2025-06-29T12:30:17.816536,-496.6704581776691,-937.8147116166248,-7191.026868851468,3.933423209234633,-6.221773157369515,0.5564058079466085,20089U
2025-06-29T12:31:17.816536,-259.88754984045175,-1309.1476607347502,-7144.263210844811,3.9568762415706105,-6.152118099059553,1.001919963682361,20089U
2025-06-29T12:32:17.816536,-22.138304718682416,-1675.6121857482465,-7070.865067969602,3.965623791613574,-6.059540529257299,1.4439435520563098,20089U
2025-06-29T12:33:17.816536,215.69319310671344,-2035.84179118288,-6971.09045531716,3.959616554784064,-5.944349954822143,1.8808603127870815,20089U
2025-06-29T12:34:17.816536,452.7214404025067,-2388.490951926262,-6845.294003212601,3.9388564255926286,-5.806935481881519,2.311067061926027,20089U
2025-06-29T12:35:17.816536,688.0625994194686,-2732.2398728362045,-6693.92601865723,3.9033968759614486,-5.647765215286291,2.7329787417328246,20089U
2025-06-29T12:36:17.816536,920.8376018101334,-3065.799206211751,-6517.531241339254,3.853343230050202,-5.467385472348322,3.1450335467309345,20089U
2025-06-29T12:37:17.816536,1150.1752652686453,-3387.9147154443153,-6316.747289755819,3.788852824579568,-5.266419792689934,3.545698127401737,20089U
2025-06-29T12:38:17.816536,1375.2154156456081,-3697.371872060214,-6092.302793019902,3.7101350420161427,-5.045567724376048,3.933472868930024,20089U
2025-06-29T12:39:17.816536,1595.1120065153007,-3993.0003721773423,-5845.01520420301,3.6174512026771986,-4.8056033654792625,4.306897237894238,20089U
2025-06-29T12:40:17.816536,1809.0362273274293,-4273.678557163919,-5575.788291616452,3.511114300889948,-4.547373639910695,4.66455518491926,20089U
2025-06-29T12:41:17.816536,2016.1795903883988,-4538.33772205388,-5285.609305273967,3.3914885698450328,-4.271796286776298,5.005080586219201,20089U
2025-06-29T12:42:17.816536,2215.7569860071153,-4785.966294076655,-4975.545816923936,3.258988859757009,-3.9798575437215407,5.32716270178626,20089U
2025-06-29T12:43:17.816536,2407.0096942417144,-5015.613862553965,-4646.7422334855,3.114079814408265,-3.6726095067044215,5.629551622893297,20089U
2025-06-29T12:44:17.816536,2589.2083408217745,-5226.395040441253,-4300.415985466524,2.9572748321216,-3.3511671513733456,5.911063676720473,20089U
2025-06-29T12:45:17.816536,2761.6557840255145,-5417.493136993265,-3937.8533939674658,2.7891347986772086,-3.0167050046822466,6.170586751446459,20089U
2025-06-29T12:46:17.816536,2923.6899185949924,-5588.163620455246,-3560.4052221534957,2.6102665816445416,-2.670453459482965,6.407085501215316,20089U
2025-06-29T12:47:17.816536,3074.6863822002815,-5737.737349358103,-3169.4819195796213,2.4213212780079196,-2.3136947295137804,6.6196063871349144,20089U
2025-06-29T12:48:17.816536,3214.0611495440044,-5865.623550962552,-2766.548570432904,2.222992209778996,-1.9477584473449328,6.807282508009932,20089U
2025-06-29T12:49:17.816536,3341.2729989529553,-5971.312525677928,-2353.1195595670542,2.0160126654510333,-1.5740169133278055,6.9693381729636625,20089U
2025-06-29T12:50:17.816536,3455.825836254624,-6054.378056896769,-1930.7529730875415,1.801153388584738,-1.193880009283998,7.105093167542274,20089U
2025-06-29T12:51:17.816536,3557.2708608979897,-6114.479506644621,-1501.0447531428226,1.5792198184422648,-0.8087897964194655,7.2139666653748655,20089U
2025-06-29T12:52:17.816536,3645.208559659818,-6151.363578748032,-1065.622629425562,1.351049091313039,-0.4202148226034591,7.295480739008566,20089U
2025-06-29T12:53:17.816536,3719.2905138855976,-6164.865732864618,-626.1398526204497,1.117506814905077,-0.029644169555896566,7.349263426143687,20089U
2025-06-29T12:54:17.816536,3779.2210070458,-6154.911234678916,-184.2687575897509,0.8794836318095368,0.3614187245103228,7.375051311120222,20089U
2025-06-29T12:55:17.816536,3824.758420436429,-6121.515829820345,258.305813596266,0.6378915914858795,0.7514624267855178,7.372691586082708,20089U
2025-06-29T12:56:17.816536,3855.716406104234,-6064.786031569336,699.893196657792,0.3936603533645734,1.1389740125049181,7.3421435616748365,20089U
2025-06-29T12:57:17.816536,3871.964827511966,-5984.9190151413795,1138.8036643332887,0.14773324643638064,1.522445661539556,7.2834796032578755,20089U
2025-06-29T12:58:17.816536,3873.430460053773,-5882.202114226537,1573.3552247501937,-0.09893678698480927,1.9003813000070375,7.196885475354595,20089U
2025-06-29T12:59:17.816536,3860.0974452547007,-5757.011918459174,2001.8804229846808,-0.3453913338393856,2.2713032367729253,7.082660084119608,20089U
2025-06-29T13:00:17.816536,3832.00749431002,-5609.812973540843,2422.733109428475,-0.5906707085206941,2.633758744478417,6.941214614940587,20089U
2025-06-29T13:01:17.816536,3789.2598385025285,-5441.15608877849,2834.295138600281,-0.8338181753396422,2.9863265354615263,6.773071069588576,20089U
2025-06-29T13:02:17.816536,3732.0109259424767,-5251.676259771573,3234.9829625036537,-1.0738841638710646,3.3276230846084425,6.578860214464451,20089U
2025-06-29T13:03:17.816536,3660.47386596797,-5042.090216827117,3623.2540835268105,-1.3099304463681878,3.656308753719655,6.359318958243848,20089U
2025-06-29T13:04:17.816536,3574.9176243862257,-4813.193612350022,3997.6133331734677,-1.5410342475712449,3.9710936753121078,6.115287183430566,20089U
2025-06-29T13:05:17.816536,3475.6659744939143,-4565.857862899073,4356.618944572737,-1.7662922589002747,4.270743357793212,5.847704061832743,20089U
2025-06-29T13:06:17.816536,3363.096210457025,-4301.026663779136,4698.888388689319,-1.9848245311441182,4.554083978497222,5.557603888649369,20089U
2025-06-29T13:07:17.816536,3237.6376311297363,-4019.712195925895,5023.1039463920315,-2.1957782222610605,4.820007336021756,5.246111473597604,20089U
2025-06-29T13:08:17.816536,3099.7698037272494,-3722.9910464128893,5328.017990974072,-2.3983311796983404,5.067475438477086,4.914437130262737,20089U
2025-06-29T13:09:17.816536,2950.0206179234838,-3411.999865159848,5612.457958294006,-2.5916953396230737,5.295524709502104,4.563871306583771,20089U
2025-06-29T13:10:17.816536,2788.964141911323,-3087.9307813475248,5875.330984355298,-2.775119928531634,5.503269799043971,4.195778900110207,20089U
2025-06-29T13:11:17.816536,2617.2182927402127,-2752.026603660926,6115.628192801488,-2.9478944557661597,5.689906990789092,3.811593301429837,20089U
2025-06-29T13:12:17.816536,2435.4423338340575,-2405.5758288054462,6332.428617419331,-3.1093514884196893,5.854717202636495,3.4128102080504155,20089U
2025-06-29T13:13:17.816536,2244.334213004765,-2049.907482802291,6524.902747257091,-3.2588692028637274,5.9970685805988975,3.000981249137362,20089U
2025-06-29T13:14:17.816536,2044.627754527232,-1686.3858194044242,6692.315684337893,-3.395873709606629,6.116418689911247,2.577707459001783,20089U
2025-06-29T13:15:17.816536,1837.0897189492541,-1316.4048996205886,6834.029906145244,-3.5198411503257523,6.21231630985736,2.144632634251785,20089U
2025-06-29T13:16:17.816536,1622.5167443000494,-941.3830758401874,6949.507627052973,-3.630299567662848,6.2844028408567905,1.703436606239426,20089U
2025-06-29T13:17:17.816536,1401.7321822583297,-562.7574034576784,7038.312754654249,-3.726830549704994,6.332413333684853,1.255828457025416,20089U
2025-06-29T13:18:17.816536,1175.5828426719206,-181.97800224634523,7100.112438511753,-3.8090706519834874,6.3561771513572065,0.8035397037152303,20089U
2025-06-29T13:19:17.816536,944.9356596133246,199.497610930541,7134.678210211971,-3.8767126003219476,6.3556182742521505,0.3483174728545607,20089U
2025-06-29T13:20:17.816536,710.6742919335196,580.2101971231052,7141.886714780472,-3.9295062779823384,6.330755258552714,-0.10808231624975567,20089U
2025-06-29T13:21:17.816536,473.6956710629328,958.7044576519768,7121.720034528191,-3.9672595003397984,6.281700857168538,-0.5639017427745024,20089U
2025-06-29T13:22:17.816536,234.90650862371413,1333.534663968609,7074.265607285469,-3.989838579823552,6.208661311065778,-1.0173876354811604,20089U
2025-06-29T13:23:17.816536,-4.780223727441741,1703.270235592897,6999.715741778531,-3.9971686831646185,6.111935317519681,-1.466798270151748,20089U
2025-06-29T13:24:17.816536,-244.4488298948612,2066.5012470235156,6898.366733654227,-3.9892339821680665,5.991912680344936,-1.9104100003732682,20089U
2025-06-29T13:25:17.816536,-483.1844280839192,2421.843844753585,6770.617586402459,-3.966077598362697,5.84907264578284,-2.346523808593927,20089U
2025-06-29T13:26:17.816536,-720.0764803670456,2767.9455556698263,6616.968342203853,-3.9278013410549626,5.683981926557885,-2.7734717636745914,20089U
2025-06-29T13:27:17.816536,-954.2223006868063,3103.490468201089,6438.018028575319,-3.8745652376060757,5.497292415767701,-3.1896233699386243,20089U
2025-06-29T13:28:17.816536,-1184.7305287945749,3427.2042676256206,6234.462227630867,-3.8065868542324104,5.289738591832856,-3.5933917910644366,20089U
2025-06-29T13:29:17.816536,-1410.7245574879523,3737.8591069818444,6007.0902758398615,-3.7241404053600475,5.062134615775211,-3.983239930193284,20089U
2025-06-29T13:30:17.816536,-1631.345900366142,4034.278295082734,5756.782103365838,-3.6275556495922783,4.815371122662903,-4.357686345466688,20089U
2025-06-29T13:31:17.816536,-1845.7574871938596,4315.340783246615,5484.504723411,-3.5172165707077574,4.550411710172473,-4.715310978009829,20089U
2025-06-29T13:32:17.816536,-2053.146873870483,4579.985432560837,5191.308383470125,-3.393559842811824,4.268289128868553,-5.054760667282898,20089U
2025-06-29T13:33:17.816536,-2252.7293539646107,4827.215043820233,4878.322392001783,-3.2570730798167045,3.9701011809541056,-5.374754426872372,20089U
2025-06-29T13:34:17.816536,-2443.750958816786,5056.100132761623,4546.7506357309885,-3.1082928708095388,3.6570063368414076,-5.674088452323258,20089U
2025-06-29T13:35:17.816536,-2625.491333353555,5265.782433870458,4197.866804578652,-2.947802604551096,3.3302190818568684,-5.951640831635995,20089U
2025-06-29T13:36:17.816536,-2797.266475011926,5455.478116887405,3833.0093430314982,-2.7762300882849384,2.9910050086236484,-6.206375928668135,20089U
2025-06-29T13:37:17.816536,-2958.4313235563613,5624.480701199985,3453.5761485845387,-2.594244968172134,2.640675674056646,-6.4373484099610545,20089U
2025-06-29T13:38:17.816536,-3108.382190092088,5772.163654574471,3061.019039659469,-2.4025559609318985,2.280583243333452,-6.643706886506992,20089U
2025-06-29T13:39:17.816536,-3246.559014242004,5897.982664161681,2656.838017082887,-2.201907908591652,1.9121149465507252,-6.8246971436987955,20089U
2025-06-29T13:40:17.816536,-3372.4474392595216,6001.47756938544,2242.5753447543425,-1.9930786705553134,1.5366873769181373,-6.979664935154572,20089U
2025-06-29T13:41:17.816536,-3485.580695793301,6082.273948178159,1819.8094764998527,-1.7768758694078481,1.155740662162914,-7.108058319247854,20089U
2025-06-29T13:42:17.816536,-3585.541286090559,6140.084350037676,1390.1488572558903,-1.5541335089143937,0.7707325432149497,-7.209429520935829,20089U
2025-06-29T13:43:17.816536,-3671.9624616115207,6174.7091715143515,955.2256276228214,-1.3257084844719413,0.3831323961197123,-7.283436305780829,20089U
2025-06-29T13:44:17.816536,-3744.5294883090914,6186.037171959965,516.6892614465612,-1.0924770077740096,-0.0055847655826140544,-7.3298428577955494,20089U
2025-06-29T13:45:17.816536,-3802.9806951867663,6174.045629645085,76.20016639771976,-0.8553309685942241,-0.393944270135639,-7.348520157793816,20089U
2025-06-29T13:46:17.816536,-3847.1083031580633,6138.80014063439,-364.5767224774827,-0.6151742573518296,-0.780477710661818,-7.339445864160044,20089U
2025-06-29T13:47:17.816536,-3876.7590326692307,6080.454065061259,-803.9783265782444,-0.3729190724558709,-1.163728774963911,-7.302703703227483,20089U
2025-06-29T13:48:17.816536,-3891.834489986721,5999.247627621469,-1240.3497559152224,-0.12948223632489456,-1.5422589463328515,-7.238482381636269,20089U
2025-06-29T13:49:17.816536,-3892.291333465925,5895.506681171071,-1672.0505615271818,0.1142184565578524,-1.9146530417234093,-7.147074037991782,20089U
2025-06-29T13:50:17.816536,-3878.141222482112,5769.641144230366,-2097.460881265597,0.35726783715274246,-2.2795245563171176,-7.028872255732627,20089U
2025-06-29T13:51:17.816536,-3849.45055299532,5622.1431249305015,-2514.9874535322306,0.5987568838931101,-2.635520786681166,-6.884369663228513,20089U
2025-06-29T13:52:17.816536,-3806.3399849144757,5453.584745465247,-2923.0694752428926,0.8377861499127004,-2.981327708366063,-6.714155150658779,20089U
2025-06-29T13:53:17.816536,-3748.9837675047656,5264.615682404961,-3320.1842821608498,1.0734690781824754,-3.3156745877675435,-6.51891073608757,20089U
2025-06-29T13:54:17.816536,-3677.608870029225,5055.960439278619,-3704.8528317532837,1.3049351895604764,-3.637338312303378,-6.299408115287807,20089U
2025-06-29T13:55:17.816536,-3592.493925618447,4828.41536862178,-4075.644970830283,1.5313331312480285,-3.9451474273133313,-6.0565049312286865,20089U
2025-06-29T13:56:17.816536,-3493.9679970128195,4582.845461222207,-4431.184472381045,1.7518335757640937,-4.237985872465532,-5.791140799709755,20089U
2025-06-29T13:57:17.816536,-3382.4091733159794,4320.180920575752,-4770.153828176322,1.9656319632251427,-4.5147964147289805,-5.504333127402685,20089U
2025-06-29T13:58:17.816536,-3258.243007234453,4041.413540600182,-5091.29878582194,2.171951082383658,-4.774583779046909,-5.19717275756885,20089U
2025-06-29T13:59:17.816536,-3121.940802462157,3747.592904463548,-5393.432620975486,2.3700434884603396,-5.016417481610434,-4.870819477005049,20089U
2025-06-29T14:00:17.816536,-2974.0177609058424,3439.8224219866465,-5675.440137340776,2.559193758238395,-5.239434373997248,-4.526497415393781,20089U
2025-06-29T14:01:17.816536,-2815.0309993507312,3119.25522250255,-5936.281388798181,2.738720585111417,-5.442840909324713,-4.165490365278762,20089U
2025-06-29T14:02:17.816536,-2645.577444947978,2787.0899193306436,-6174.995119582324,2.9079787187325525,-5.625915143903527,-3.7891370474477157,20089U
2025-06-29T14:03:17.816536,-2466.2916185856448,2444.5662611824273,-6390.701919758618,3.0663607555547263,-5.788008489615329,-3.398826342691681,20089U
2025-06-29T14:04:17.816536,-2277.8433148006966,2092.9606848957474,-6582.607094360437,3.2132987878407886,-5.928547233341833,-2.995992506839197,20089U
2025-06-29T14:05:17.816536,-2080.9351864267837,1733.5817829370962,-6750.003245415875,3.348265919626915,-6.047033840223687,-2.582110381766231,20089U
2025-06-29T14:06:17.816536,-1876.3002416428083,1367.7656980999707,-6892.2725667373725,3.470777658643888,-6.14304805734193,-2.15869061082192,20089U
2025-06-29T14:07:17.816536,-1664.699260647837,996.8714570399803,-7008.888851669809,3.5803931932439474,-6.216247833539169,-1.7272748631915544,20089U
2025-06-29T14:08:17.816536,-1446.9181385082295,622.2762531194624,-7099.419214276776,3.676716563178228,-6.266370069755791,-1.2894310675273564,20089U
2025-06-29T14:09:17.816536,-1223.765160441608,245.37068863256218,-7163.525524232661,3.759397732237356,-6.293231212170695,-0.8467486521164305,20089U
2025-06-29T14:10:17.816536,-996.0682152035627,-132.44601445857236,-7200.965555572689,3.8281335698064156,-6.296727698065989,-0.4008337854927028,20089U
2025-06-29T14:11:17.816536,-764.6719519616393,-509.7708264875967,-7211.593848989931,3.882668746934087,-6.276836261432901,0.046695390885683315,20089U
2025-06-29T14:12:17.816536,-530.4348857409612,-885.2017363212311,-7195.362286862924,3.9227965508455935,-6.233614102180945,0.494213548136968,20089U
2025-06-29T14:13:17.816536,-294.22645635821317,-1257.3425835653713,-7152.320379585933,3.9483596199068747,-6.1671989194339,0.9400929849737301,20089U
2025-06-29T14:14:17.816536,-56.92404570360361,-1624.8078883685162,-7082.615261121201,3.959250598952795,-6.077808805919454,1.3827084839286914,20089U
2025-06-29T14:15:17.816536,180.59004170193944,-1986.2276701819444,-6986.491391039825,3.955412712689519,-5.965741996994676,1.8204422200471915,20089U
2025-06-29T14:16:17.816536,417.4316297514955,-2340.2522463706973,-6864.2899597099195,3.9368402526389636,-5.831376464512477,2.2516887320886805,20089U
2025-06-29T14:17:17.816536,652.7177479502129,-2685.5570009147373,-6716.447992772865,3.903578970886785,-5.67516934263883,2.674859964291783,20089U
2025-06-29T14:18:17.816536,885.5697288692043,-3020.847112617736,-6543.497150662785,3.8557263717957113,-5.497656169985555,3.08839038404405,20089U
2025-06-29T14:19:17.816536,1115.1163193876725,-3344.862231264634,-6346.062218714207,3.7934318909285327,-5.2994499301348466,3.4907421774074514,20089U
2025-06-29T14:20:17.816536,1340.4967985836188,-3656.381089078442,-6124.859283401406,3.7168969487568164,-5.081239870889052,3.8804105204795087,20089U
2025-06-29T14:21:17.816536,1560.8640943665782,-3954.226033641662,-5880.6935904983575,3.6263748653802854,-4.843790081468342,4.255928920101364,20089U
2025-06-29T14:22:17.816536,1775.3878901126739,-4237.2674672198045,-5614.457081459491,3.5221706215023856,-4.587937806459781,4.615874612593108,20089U
2025-06-29T14:23:17.816536,1983.2577116766718,-4504.42817618203,-5327.125605125791,3.4046404503527796,-4.314591475647983,4.958874004118827,20089U
2025-06-29T14:24:17.816536,2183.6859842499994,-4754.687533011224,-5019.755802963577,3.27419124515351,-4.024728429953539,5.283608131116012,20089U
2025-06-29T14:25:17.816536,2375.9110476316855,-4987.085552272622,-4693.481667450518,3.131279767120576,-3.7193923255803245,5.588818114110926,20089U
2025-06-29T14:26:17.816536,2559.2001176101116,-5200.726780912642,-4349.510774930902,2.9764116398913933,-3.39969020111264,5.873310573339379,20089U
2025-06-29T14:27:17.816536,2732.852180349428,-5394.784002435304,-3989.1201962501455,2.810140117668735,-3.0667891956662956,6.135962970061044,20089U
2025-06-29T14:28:17.816536,2896.2008059615346,-5568.501733890846,-3613.652090729347,2.6330646162607474,-2.72191291022893,6.3757288334389886,20089U
2025-06-29T14:29:17.816536,3048.616866855219,-5721.19949425195,-3224.5089915146605,2.445828998542505,-2.366337408935979,6.591642829501856,20089U
2025-06-29T14:30:17.816536,3189.511146010957,-5852.274822677041,-2823.1487929994705,2.249119608625418,-2.00138686212414,6.782825626134439,20089U
2025-06-29T14:31:17.816536,3318.3368200611917,-5961.206025398833,-2411.079453812882,2.043663052135183,-1.6284288384557344,6.9484885063669415,20089U
2025-06-29T14:32:17.816536,3434.5918019779324,-6047.554630544579,-1989.8534317499214,1.8302237234001637,-1.2488692590886146,7.087937681533166,20089U
2025-06-29T14:33:17.816536,3537.8209283017827,-6110.967531108107,-1561.0618699188149,1.6096010839547068,-0.8641470326230207,7.200578256206484,20089U
2025-06-29T14:34:17.816536,3627.617976197076,-6151.178797552291,-1126.328556242077,1.3826267004786257,-0.4757283952422458,7.285917798225043,20089U
2025-06-29T14:35:17.816536,3703.6274961941376,-6168.011143118566,-687.3036812027586,1.1501610540276914,-0.08510098591931577,7.343569469584577,20089U
2025-06-29T14:36:17.816536,3765.5464472805115,-6161.377026841046,-245.65742131052082,0.9130901360602742,0.3062323083652384,7.373254677472582,20089U
2025-06-29T14:37:17.816536,3813.1256220206674,-6131.279381480749,196.92662188210167,0.6723218502367669,0.696759697898717,7.374805209174801,20089U
2025-06-29T14:38:17.816536,3846.1708506085097,-6077.8119560761415,638.7580953236734,0.42878224215894706,1.0849669826221928,7.348164819907451,20089U
2025-06-29T14:39:17.816536,3864.5439741660653,-6001.159265507823,1078.1466469487004,0.18341158204682914,1.4693441451190323,7.293390248688596,20089U
2025-06-29T14:40:17.816536,3868.1635791757694,-5901.596142347911,1513.408722147981,-0.06283967226941795,1.8483919954444983,7.210651644010177,20089U
2025-06-29T14:41:17.816536,3857.0054866406217,-5779.4868892548575,1942.8743683392488,-0.30901500279024197,2.2206288177002853,7.100232388136442,20089U
2025-06-29T14:42:17.816536,3831.102991375211,-5635.284033223347,2364.8940112678793,-0.5541560186575558,2.5845969678934235,6.962528316148901,20089U
2025-06-29T14:43:17.816536,3790.5468487061307,-5469.526686047975,2777.8451666241012,-0.7973066720526145,2.9388693732191347,6.798046333189782,20089U
2025-06-29T14:44:17.816536,3735.485007764022,-5282.838518346376,3180.139050973295,-1.0375174712883413,3.282055884458764,6.60740244052709,20089U
2025-06-29T14:45:17.816536,3666.1220924456934,-5075.925357358838,3570.227056829648,-1.2738496601901899,3.612809435617504,6.391319187888994,20089U
2025-06-29T14:46:17.816536,3582.718632974664,-4849.572421438852,3946.607057951619,-1.5053793339259307,3.9298319681722074,6.150622575811098,20089U
2025-06-29T14:47:17.816536,3485.590052758793,-4604.641206629017,4307.829512549442,-1.7312014630383887,4.2318800812344435,5.886238437353716,20089U
2025-06-29T14:48:17.816536,3375.10541690206,-4342.066042937516,4652.503334031852,-1.9504337994979615,4.517770373432356,5.599188333342916,20089U
2025-06-29T14:49:17.816536,3251.685950246075,-4062.850339858816,4979.30150112759,-2.162220641047861,4.786384447227885,5.290584999164428,20089U
2025-06-29T14:50:17.816536,3115.803334175276,-3768.0625423019924,5286.966381630761,-2.3657364328708583,5.036673551547355,4.961627384031234,20089U
2025-06-29T14:51:17.816536,2967.977792598886,-3458.8318193823457,5574.314746584969,-2.560189188571598,5.267662843856968,4.613595325513454,20089U
2025-06-29T14:52:17.816536,2808.775978515783,-3136.3435095047453,5840.242454364089,-2.7448237155340927,5.478455257987625,4.24784390297859,20089U
2025-06-29T14:53:17.816536,2638.8086733693294,-2801.8343458224663,6083.7287867742325,-2.9189246327838285,5.66823496895811,3.865797513476419,20089U
2025-06-29T14:54:17.816536,2458.7283120126067,-2456.587486516833,6303.84042192753,-3.081819172455826,5.836270450616747,3.46894371259765,20089U
2025-06-29T14:55:17.816536,2269.2263465391766,-2101.9273744373836,6499.735031172148,-3.232879758753884,5.98191712599908,3.058826861047578,20089U
2025-06-29T14:56:17.816536,2071.0304625026874,-1739.214450499282,6670.6644897620545,-3.3715263608045536,6.104619613788333,2.6370416152338647,20089U
2025-06-29T14:57:17.816536,1864.9016611909851,-1369.8397449334282,6815.977693160734,-3.4972286179822403,6.2039135770853475,2.205226297272218,20089U
2025-06-29T14:58:17.816536,1651.6312215660116,-995.2193698984784,6935.122972944438,-3.6095077381220007,6.279427182859237,1.765056176434247,20089U
2025-06-29T14:59:17.816536,1432.0375555042353,-616.7889365879724,7027.65010799261,-3.707938170351808,6.330882181815084,1.3182366908972052,20089U
2025-06-29T15:00:17.816536,1206.9629696657546,-235.9979190581007,7093.211928363387,-3.7921490553387964,6.358094619243873,0.8664966349603026,20089U
2025-06-29T15:01:17.816536,977.2703472309807,145.69601345460936,7131.565510550547,-3.8618254562235594,6.360975187479308,0.41158133392677726,20089U
2025-06-29T15:02:17.816536,743.8397624629428,526.8326747095576,7142.572964061414,-3.916709373722799,6.339529230193405,-0.04475417415524653,20089U
2025-06-29T15:03:17.816536,507.56504085483164,905.9550296818978,7126.201810275019,-3.9566005486950826,6.293856407882782,-0.5007519330952064,20089U
2025-06-29T15:04:17.816536,269.3502774267038,1281.6148329086184,7082.524955442869,-3.9813570550080137,6.224150032699404,-0.9546578246044561,20089U
2025-06-29T15:05:17.816536,30.10632558659266,1652.3782174769904,7011.72026050114,-3.9908956848717434,6.130696079380099,-1.404728272154184,20089U
2025-06-29T15:06:17.816536,-209.25273112955793,2016.8312155147582,6914.069711116701,-3.985192127994397,6.013871877564067,-1.8492368796560603,20089U
2025-06-29T15:07:17.816536,-447.81311216758655,2373.585191287531,6789.958192130341,-3.964280945050586,5.87414448938839,-2.2864809919685842,20089U
2025-06-29T15:08:17.816536,-684.6648656294631,2721.2821681704377,6639.8718713290145,-3.9282553351177536,5.712068775044473,-2.714788163620708,20089U
2025-06-29T15:09:17.816536,-918.9053741624675,3058.6000308548314,6464.396198311648,-3.877266696005355,5.5282851480753585,-3.132522520992033,20089U
2025-06-29T15:10:17.816536,-1149.6428286083928,3384.2575842020206,6264.213525138973,-3.811523975851199,5.323517021689189,-3.538091001590325,20089U
2025-06-29T15:11:17.816536,-1375.9996568238514,3697.0194501890865,6040.100356503511,-3.731292814050021,5.098567947332972,-3.9299494521307774,20089U
2025-06-29T15:12:17.816536,-1597.1158949415776,3995.700784445204,5792.924238333761,-3.63689446956067,4.854318447258783,-4.306608564985981,20089U
2025-06-29T15:13:17.816536,-1812.1524882094714,4279.17179397811,5523.640295066917,-3.528704534945887,4.591722543848451,-4.666639630373808,20089U
2025-06-29T15:14:17.816536,-2020.2945084458756,4546.362037880893,5233.287427280992,-3.4071514351503716,4.311803990033406,-5.008680079536003,20089U
2025-06-29T15:15:17.816536,-2220.754275102367,4796.2644931141685,4922.984182963258,-3.2727147110232404,4.015652207229385,-5.3314387922663595,20089U
2025-06-29T15:16:17.816536,-2412.774366957181,5027.939367916623,4593.924317380738,-3.1259230889234297,3.7044179397392702,-5.6337011406186415,20089U
2025-06-29T15:17:17.816536,-2595.6305115858054,5240.517646023689,4247.372058289865,-2.967352339385033,3.3793086374929246,-5.9143337395684865,20089U
2025-06-29T15:18:17.816536,-2768.6343399941466,5433.204345697527,3884.65709503429,-2.797622929717838,3.041583582188493,-6.172288874931646,20089U
2025-06-29T15:19:17.816536,-2931.1359941625815,5605.281478598617,3507.1693118980616,-2.617397477522591,2.692548775272375,-6.406608579022106,20089U
2025-06-29T15:20:17.816536,-3082.5265757498714,5756.110694769051,3116.3532878579804,-2.4273780143446477,2.333551609622265,-6.61642832542439,20089U
2025-06-29T15:21:17.816536,-3222.240424845711,5885.13560144457,2713.702586575478,-2.2283030710039426,1.9659753501633943,-6.800980315872653,20089U
2025-06-29T15:22:17.816536,-3349.757218445154,5991.8837450611545,2300.753862030882,-2.0209445984441987,1.5912334518221827,-6.959596334576957,20089U
2025-06-29T15:23:17.816536,-3464.6038792391855,6075.968247651976,1879.0808065942508,-1.8061047401654893,1.2107637460929976,-7.0917101483759435,20089U
2025-06-29T15:24:17.816536,-3566.3562863654574,6137.089090817834,1450.2879695098547,-1.584612474369099,0.8260225299577706,-7.196859434767237,20089U
2025-06-29T15:25:17.816536,-3654.6407809311177,6175.034042572991,1016.0044746993278,-1.3573201457755883,0.4384785928510319,-7.274687224094311,20089U
2025-06-29T15:26:17.816536,-3729.1354603846944,6189.679224578978,577.8776674480646,-1.1250999086217273,0.04960721874128221,-7.324942846842531,20089U
2025-06-29T15:27:17.816536,-3789.57125715957,6180.98931954743,137.5667198944552,-0.8888401035387162,-0.33911579886691173,-7.347482382004615,20089U
2025-06-29T15:28:17.816536,-3835.7327984119765,6149.0174208759345,-303.26377471102364,-0.6494415918264941,-0.7262200911443872,-7.3422686076829935,20089U
2025-06-29T15:29:17.816536,-3867.459045108547,6093.904528838292,-742.9501892803537,-0.40781407103477374,-1.1102465601265918,-7.309370460368195,20089U
2025-06-29T15:30:17.816536,-3884.6437101555357,6015.878699840451,-1179.8362025873973,-0.1648723957232721,-1.4897531009605922,-7.248962014528541,20089U
2025-06-29T15:31:17.816536,-3887.2354566781696,5915.253857336001,-1612.279063169823,0.07846707319750207,-1.8633201662569676,-7.161320999130011,20089U
2025-06-29T15:32:17.816536,-3875.2378789280233,5792.428274933713,-2038.6557503865558,0.3212900680420955,-2.229556141171321,-7.046826872346081,20089U
2025-06-29T15:33:17.816536,-3848.7092695954025,5647.882743991347,-2457.369007012684,0.5626879416373821,-2.5871025009540665,-6.905958479897407,20089U
2025-06-29T15:34:17.816536,-3807.762178509559,5482.178439545716,-2866.853219412744,0.8017611027827343,-2.9346387262826137,-6.739291326073986,20089U
2025-06-29T15:35:17.816536,-3752.5627688025543,5295.95449975801,-3265.5801231756805,1.0376223423294737,-3.2708869556248548,-6.547494489453205,20089U
2025-06-29T15:36:17.816536,-3683.329977577255,5089.925335135838,-3652.064314087555,1.2694000345803875,-3.5946163580794925,-6.331327217565538,20089U
2025-06-29T15:37:17.816536,-3600.334488941555,4864.877684623556,-4024.868546408587,1.4962412011668111,-3.904647214479822,-6.091635236231865,20089U
2025-06-29T15:38:17.816536,-3503.897527942797,4621.667436222662,-4382.608802568865,1.717314427157808,-4.199854698923877,-5.829346809977013,20089U
2025-06-29T15:39:17.816536,-3394.3894844510914,4361.216230119314,-4723.95912055446,1.9318126218218468,-4.479172357190825,-5.5454685898107225,20089U
2025-06-29T15:40:17.816536,-3272.228376399294,4084.50786236775,-5047.656167372537,2.1389556191228354,-4.741595282607323,-5.241081283784111,20089U
2025-06-29T15:41:17.816536,-3137.8781619916867,3792.5845070168534,-5352.503549026857,2.337992615625541,-4.986182993742659,-4.917335184112051,20089U
2025-06-29T15:42:17.816536,-2991.8469105518366,3486.542774199896,-5637.375849352822,2.528204445935804,-5.21206202173474,-4.575445582367982,20089U
2025-06-29T15:43:17.816536,-2834.684841601867,3167.529621154522,-5901.222391827779,2.708905698052171,-5.418428218005148,-4.21668810138008,20089U
2025-06-29T15:44:17.816536,-2666.98224156539,2836.73813243538,-6143.070720051052,2.8794466729972514,-5.604548795536993,-3.842393969084747,20089U
2025-06-29T15:45:17.816536,-2489.3672671810996,2495.4031847570045,-6362.029793957495,3.0392151947816126,-5.769764118712479,-3.453945255830171,20089U
2025-06-29T15:46:17.816536,-2302.5036443218455,2144.7970109932808,-6557.292899970937,3.1876382780915304,-5.913489257901392,-3.052770092583467,20089U
2025-06-29T15:47:17.816536,-2107.0882704587016,1786.2246769053695,-6728.140274204279,3.3241836620496605,-6.035215325534258,-2.640337883309569,20089U
2025-06-29T15:48:17.816536,-1903.8487285002307,1421.0194831832641,-6873.9414384800075,3.448361218966297,-6.134510610291179,-2.2181545205556468,20089U
2025-06-29T15:49:17.816536,-1693.5407192528703,1050.5383045083001,-6994.157249335561,3.5597242471291874,-6.211021525273279,-1.787757609237057,20089U
2025-06-29T15:50:17.816536,-1476.9454191608725,676.1568763324319,-7088.341660422515,3.6578706564752106,-6.264473384714089,-1.3507116995848012,20089U
2025-06-29T15:51:17.816536,-1254.866769585842,299.26503944969016,-7156.143198610332,3.742444055281895,-6.294671021833729,-0.9086035268637613,20089U
2025-06-29T15:52:17.816536,-1028.1287033697658,-78.73804836273166,-7197.306153946869,3.813134745050085,-6.301499258084202,-0.4630372522258499,20089U
2025-06-29T15:53:17.816536,-797.5723140913433,-456.4487247972555,-7211.671483217822,3.86968062937174,-6.284923231204617,-0.015629696606246447,20089U
2025-06-29T15:54:17.816536,-564.0529731246255,-832.4636510920164,-7199.177426348504,3.911868040939551,-6.244988586380023,0.4319944423618309,20089U
2025-06-29T15:55:17.816536,-328.43739942658226,-1205.3846474084125,-7159.859834290143,3.9395324889659107,-6.181821531441217,0.8782074016348529,20089U
2025-06-29T15:56:17.816536,-91.60068690723125,-1573.82352714818,-7093.852206384737,3.9525593272085104,-6.095628753572214,1.3213832039263353,20089U
2025-06-29T15:57:17.816536,145.57670571358125,-1936.4069216058047,-7001.385434547443,3.9508843406115166,-5.986697191517409,1.7599025601066405,20089U
2025-06-29T15:58:17.816536,382.2119974797585,-2291.781085910997,-6882.787250989736,3.9344942463338204,-5.855393653917636,2.1921578330762954,20089U
2025-06-29T15:59:17.816536,617.4231548125168,-2638.61667658626,-6738.481375674328,3.903427102723269,-5.702164271267351,2.6165580714701533,20089U
2025-06-29T16:00:17.816536,850.3319823409954,-2975.613490242462,-6568.986359287389,3.857772617680336,-5.527533766184026,3.0315341189305367,20089U
2025-06-29T16:01:17.816536,1080.0672285730557,-3301.505151977272,-6374.91411727787,3.7976723459096413,-5.33210452432259,3.4355438013842603,20089U
2025-06-29T16:02:17.816536,1305.767699369927,-3615.0637409612787,-6156.968150483811,3.7233197628545778,-5.116555446444763,3.8270771908574095,20089U
2025-06-29T16:03:17.816536,1526.585371436702,-3915.104339525064,-5915.941448073815,3.6349602017117095,-4.881640560948616,4.204661939957886,20089U
2025-06-29T16:04:17.816536,1741.6884972112657,-4200.489490827678,-5652.714069010858,3.5328906388908927,-4.62818737565033,4.566868676356017,20089U
2025-06-29T16:05:17.816536,1950.2646916598915,-4470.133548949409,-5368.2503990056875,3.4174593126701147,-4.357094947829013,4.912316441547461,20089U
2025-06-29T16:06:17.816536,2151.5239905792578,-4723.0069040330645,-5063.596080994777,3.2890651596363543,-4.069331652541243,5.239678153007663,20089U
2025-06-29T16:07:17.816536,2344.7018691045637,-4958.140063964673,-4739.874618541237,3.1481570538286365,-3.765932630979513,5.547686063720934,20089U
2025-06-29T16:08:17.816536,2529.06220824549,-5174.62757306169,-4398.283653229807,2.995232834329264,-3.4479969031930175,5.835137188119295,20089U
2025-06-29T16:09:17.816536,2703.900196459976,-5371.631747388682,-4040.09091907665,2.8308381083781855,-3.1166841327578623,6.100898658876957,20089U
2025-06-29T16:10:17.816536,2868.5451525470094,-5548.386205672937,-3666.6298791964077,2.65556481890865,-2.773211034936459,6.3439129749057654,20089U
2025-06-29T16:11:17.816536,3022.3632555330037,-5704.1991743976505,-3279.2950524151543,2.470049567684864,-2.4188474244081273,6.563203097445011,20089U
2025-06-29T16:12:17.816536,3164.7601667616304,-5838.456545533376,-2879.5370401609694,2.2749716879276862,-2.0549119036965626,6.757877348452041,20089U
2025-06-29T16:13:17.816536,3295.1835291023617,-5950.624665562939,-2468.8572667481044,2.0710510633823955,-1.6827671988395778,6.927134063696393,20089U
2025-06-29T16:14:17.816536,3413.1253280891106,-6040.2528349791955,-2048.8024490437906,1.859045694145556,-1.303815154510287,7.070265952125239,20089U
2025-06-29T16:15:17.816536,3518.1240999008633,-6106.975498301508,-1620.9588144143006,1.6397490131474073,-0.9194914065665538,7.186664113262249,20089U
2025-06-29T16:16:17.816536,3609.7669714177414,-6150.514105871396,-1186.9460887157256,1.4139869608890374,-0.5312597557146785,7.27582166566371,20089U
2025-06-29T16:17:17.816536,3687.6915181295367,-6170.678630242053,-748.4112788724316,1.182614829769403,-0.14060627147954458,7.337336941781203,20089U
2025-06-29T16:18:17.816536,3751.5874264439053,-6167.368721857874,-307.0222771973094,0.9465138930024286,0.25096683918620805,7.370916207944017,20089U
2025-06-29T16:19:17.816536,3801.1979479290585,-6140.574490902593,135.53868300022816,0.7065878366242078,0.6419475596845331,7.37637587251086,20089U
2025-06-29T16:20:17.816536,3836.321134222326,-6090.376904645695,577.5816888687395,0.4637590163230098,1.0308205449864298,7.353644150458426,20089U
2025-06-29T16:21:17.816536,3856.8108427199545,-6016.947792295128,1017.4158931032576,0.21896456370831738,1.4160737100789058,7.302762158648933,20089U
2025-06-29T16:22:17.816536,3862.5775047157213,-5920.549452220967,1453.3563078487398,-0.026847630921059157,1.7962048770663759,7.223884422604047,20089U
2025-06-29T16:23:17.816536,3853.588649344887,-5801.533859396464,1883.730611612566,-0.27272303030333106,2.169728430883906,7.1172787826378165,20089U
2025-06-29T16:24:17.816536,3829.869178485931,-5660.341473952612,2306.88593283125,-0.5177046260370042,2.535181933079465,6.9833256944842095,20089U
2025-06-29T16:25:17.816536,3791.501389639495,-5497.499654797953,2721.1955736402483,-0.7608371473049274,2.891132643598976,6.822516926899202,20089U
2025-06-29T16:26:17.816536,3738.624745704914,-5313.620685259505,3125.065637740843,-1.0011712711068212,3.2361839019310263,6.635453665929755,20089U
2025-06-29T16:27:17.816536,3671.4353924726283,-5109.3994205946265,3516.9415270399213,-1.2377678030152945,3.5689813212928674,6.42284404243038,20089U
2025-06-29T16:28:17.816536,3590.185426508056,-4885.610569951238,3895.3142729338833,-1.469701798458932,3.888218752685932,6.1855001057916015,20089U
2025-06-29T16:29:17.816536,3495.181917883965,-4643.1056278692295,4258.726669675887,-1.696066596060154,4.19264397950505,5.924334272563808,20089U
2025-06-29T16:30:17.816536,3386.785693892641,-4382.809472675913,4605.779179164662,-1.9159777365581068,4.481064107824266,5.640355283577537,20089U
2025-06-29T16:31:17.816536,3265.4098914075917,-4105.716651102361,4935.1355786682,-2.128576743251309,4.752350622354481,5.334663707171758,20089U
2025-06-29T16:32:17.816536,3131.5182869434607,-3812.8873701086,5245.528325392924,-2.3330347426169813,5.005444083218913,5.008447029167516,20089U
2025-06-29T16:33:17.816536,2985.623414667252,-3505.4432182462433,5535.763614356763,-2.5285559067031738,5.239358443949029,4.662974372235191,20089U
2025-06-29T16:34:17.816536,2828.2844836315767,-3184.5626399031808,5804.726108665021,-2.71438070194704,5.45318497630735,4.299590888297291,20089U
2025-06-29T16:35:17.816536,2660.1051063259483,-2851.4761864703373,6051.383323960054,-2.8897889321484533,5.646095792538707,3.9197118676189655,20089U
2025-06-29T16:36:17.816536,2481.730851280936,-2507.461568872649,6274.789651450445,-3.0541025663159758,5.817346960287215,3.524816607348956,20089U
2025-06-29T16:37:17.816536,2293.846632917296,-2153.838536032956,6474.090006478561,-3.2066883449175316,5.966281209576212,3.1164420805797914,20089U
2025-06-29T16:38:17.816536,2097.173952121432,-1791.9636037237549,6648.523092007485,-3.346960160626125,6.092330234829544,2.696176444630199,20089U
2025-06-29T16:39:17.816536,1892.4680011794874,-1423.2246579654643,6797.424268652654,-3.4743812118784865,6.19501659783509,2.2656524243900007,20089U
2025-06-29T16:40:17.816536,1680.5146466978397,-1049.0354566230899,6920.228024957882,-3.5884659294365364,6.2739552397985445,1.8265406032912306,20089U
2025-06-29T16:41:17.816536,1462.1273041002203,-670.8300523567679,7016.470043423345,-3.6887816775609363,6.328854612137626,1.3805426511576837,20089U
2025-06-29T16:42:17.816536,1238.1437170816448,-290.0571593381218,7085.788859464622,-3.774950232469676,6.359517436540031,0.9293845146590929,20089U
2025-06-29T16:43:17.816536,1009.4226552428242,91.82551444151859,7127.927111862834,-3.846649041335878,6.365841104988817,0.4748095929416479,20089U
2025-06-29T16:44:17.816536,776.8405428829378,473.35694814261444,7142.732384507255,-3.90361226531486,6.34781773011635,0.018571918014612856,20089U
2025-06-29T16:45:17.816536,541.28803171635,853.0784817960871,7130.157640279246,-3.9456316099560995,6.305533855426536,-0.437570643019177,20089U
2025-06-29T16:46:17.816536,303.6665300815011,1229.5394627769888,7090.2612488436835,-3.9725569459340506,6.239169833761697,-0.8918631487756394,20089U
2025-06-29T16:47:17.816536,64.88470105060982,1601.3028454953765,7023.206610930312,-3.9842967223848698,6.148998881007586,-1.342560293703573,20089U
2025-06-29T16:48:17.816536,-174.1450582575768,1966.9507251202742,6929.2613824442,-3.9808181743407225,6.035385810562256,-1.7879330544853982,20089U
2025-06-29T16:49:17.816536,-412.5101439132081,2325.089786415986,6808.796302483398,-3.9621473248919314,5.898785452674617,-2.2262752597981987,20089U
2025-06-29T16:50:17.816536,-649.3012667056917,2674.3566489441346,6662.283630101886,-3.9283687818615647,5.739740761512608,-2.655910069982186,20089U
2025-06-29T16:51:17.816536,-883.6159556570389,3013.4230899859763,6490.295195476344,-3.8796253280271467,5.558880611866203,-3.075196352082518,20089U
2025-06-29T16:52:17.816536,-1114.562031108884,3341.0011265984863,6293.500072043775,-3.816117303343427,5.356917286819962,-3.4825349341936325,20089U
2025-06-29T16:53:17.816536,-1341.2610348436597,3655.847938252303,6072.661877201931,-3.7381017772712655,5.1346436576241805,-3.876374721140977,20089U
2025-06-29T16:54:17.816536,-1562.85160455707,3956.770611544726,5828.635710323187,-3.6458915092543474,4.892930057405727,-4.255218651416403,20089U
2025-06-29T16:55:17.816536,-1778.4927798689464,4242.630688580647,5562.364738126339,-3.5398536956411006,4.632720851308349,-4.6176294730923795,20089U
2025-06-29T16:56:17.816536,-1987.367226951092,4512.3485007843165,5274.876438889388,-3.4204085019492245,4.35503070714873,-4.962235314298559,20089U
2025-06-29T16:57:17.816536,-2188.6843687972955,4764.907270194699,4967.278518551111,-3.2880273803170224,4.060940572683379,-5.28773502191542,20089U
2025-06-29T16:58:17.816536,-2381.6834081802226,4999.356960732044,4640.75451342166,-3.1432311732673432,3.751593368051699,-5.5929032405526815,20089U
2025-06-29T16:59:17.816536,-2565.6362304482395,5214.817862523569,4296.559095981959,-2.9865880065021195,3.4281894048253636,-5.876595202749799,20089U
2025-06-29T17:00:17.816536,-2739.850173535691,5410.483893170413,3936.0131020581416,-2.8187109753041573,3.0919815462544715,-6.137751200775244,20089U
2025-06-29T17:01:17.816536,-2903.670652905509,5585.625600836931,3560.4982994712555,-2.640255631194263,2.7442701266498646,-6.375400710487689,20089U
2025-06-29T17:02:17.816536,-3056.4836296196227,5739.592855249655,3171.4519200494324,-2.4519172777154807,2.3863976512698444,-6.588666138504723,20089U
2025-06-29T17:03:17.816536,-3197.7179103534277,5871.817214113243,2770.3609785923936,-2.2544280865162536,2.019743301454088,-6.776766165441,20089U
2025-06-29T17:04:17.816536,-3326.84726892984,5981.813954068445,2358.7564039645617,-2.0485540472109807,1.645717272958586,-6.939018660216533,20089U
2025-06-29T17:05:17.816536,-3443.392379849642,6069.183757122869,1938.20700890594,-1.8350917667269921,1.265754978361971,-7.074843143377592,20089U
2025-06-29T17:06:17.816536,-3546.922555322917,6133.6140454505,1510.3133263632926,-1.6148651359330235,0.8813111469410413,-7.183762780953642,20089U
2025-06-29T17:07:17.816536,-3637.057278455623,6174.879959556378,1076.701341109008,-1.3887218832091754,0.49385385744298677,-7.26540589452246,20089U
2025-06-29T17:08:17.816536,-3713.467526493704,6192.8449770016205,639.0161461122142,-1.1575300362031589,0.10485854064482539,-7.3195069777669675,20089U
2025-06-29T17:09:17.816536,-3775.8768793590643,6187.461171145082,198.9155535254286,-0.9221743142642826,-0.28419801058159155,-7.3459072147684115,20089U
2025-06-29T17:10:17.816536,-3824.0624101017693,6158.7691116398855,-241.93630975886134,-0.6835524749141495,-0.6718435858219807,-7.344554500460752,20089U
2025-06-29T17:11:17.816536,-3857.8553553179104,6106.89741068527,-681.8753922530144,-0.4425716381688983,-1.0566164189435316,-7.315502968934894,20089U
2025-06-29T17:12:17.816536,-3877.1415650166846,6032.061921234678,-1119.2440645338752,-0.20014461255314772,-1.4370709310622025,-7.25891204048984,20089U
2025-06-29T17:13:17.816536,-3881.861732837052,5934.564595459946,-1552.3973940756794,0.04281375376250573,-1.811783320401336,-7.1750450033426265,20089U
2025-06-29T17:14:17.816536,-3872.011408888446,5814.792013731671,-1979.709321047408,0.2853901741031788,-2.179356967280521,-7.0642671506001475,20089U
2025-06-29T17:15:17.816536,-3847.640798796911,5673.213596163345,-2399.578709261256,0.526676455353005,-2.538427625515614,-6.927043497341769,20089U
2025-06-29T17:16:17.816536,-3808.8543537553783,5510.379510352714,-2810.435248083244,0.7657729411927817,-2.8876683750218355,-6.7639361063560495,20089U
2025-06-29T17:17:17.816536,-3755.8101574840557,5326.918290315389,-3210.745182934819,1.0017918487020716,-3.2257943142999994,-6.575601054127895,20089U
2025-06-29T17:18:17.816536,-3688.7191169883413,5123.534182724479,-3599.0168539839083,1.2338604827275979,-3.551566975647543,-6.36278507101412,20089U
2025-06-29T17:19:17.816536,-3607.8439648424164,4901.004237434501,-3973.8060247037283,1.4611243148465027,-3.8637984502631206,-6.126321891124332,20089U
2025-06-29T17:20:17.816536,-3513.498081418583,4660.175159876722,-4333.720984113899,1.6827499163246502,-4.161355214786111,-5.867128348217296,20089U
2025-06-29T17:21:17.816536,-3406.0441460190796,4401.959943263612,-4677.427408675641,1.8979277371239183,-4.443161655125669,-5.586200253920483,20089U
2025-06-29T17:22:17.816536,-3285.892626246877,4127.334298645046,-5003.652971936901,2.105874725672417,-4.708203287570455,-5.284608093803215,20089U
2025-06-29T17:23:17.816536,-3153.5001151786005,3837.3329007318775,-5311.191692072813,2.305836786709279,-4.955529681026952,-4.963492575320255,20089U
2025-06-29T17:24:17.816536,-3009.367525981369,3533.0454670625945,-5598.908009404325,2.4970910769851686,-5.184257087718078,-4.624060059449246,20089U
2025-06-29T17:25:17.816536,-2854.0381535559427,3215.6126875604955,-5865.7405877653555,2.678948140876909,-5.393570792698936,-4.267577905048079,20089U
2025-06-29T17:26:17.816536,-2688.095612606936,2886.2220208470653,-6110.705835191472,2.8507538899993925,-5.582727195038746,-3.8953697516544303,20089U
2025-06-29T17:27:17.816536,-2512.161661249719,2546.103372865958,-6332.901140803315,3.0118914326258936,-5.751055635427992,-3.5088107627357434,20089U
2025-06-29T17:28:17.816536,-2326.8939188848185,2196.524672473578,-6531.507825930301,3.161782760112825,-5.89795998625222,-3.1093228473955317,20089U
2025-06-29T17:29:17.816536,-2132.983486624153,1838.7873577017954,-6705.793808454015,3.299890298536051,-6.02292002080824,-2.6983698743724798,20089U
2025-06-29T17:30:17.816536,-1931.152478056114,1474.2217854224323,-6855.115980046798,3.425718334365989,-6.125492578323674,-2.2774528879456115,20089U
2025-06-29T17:31:17.816536,-1722.1514676338436,1104.1825762210383,-6978.922296420374,3.5388143232103078,-6.205312540774921,-1.8481053312576088,20089U
2025-06-29T17:32:17.816536,-1506.7568634300567,730.0439053511319,-7076.753580939174,3.6387700904750266,-6.262093636246137,-1.4118882785943634,20089U
2025-06-29T17:33:17.816536,-1285.7682105396668,353.1947498960012,-7148.245041929889,3.7252229321838994,-6.295629081723135,-0.9703856746302015,20089U
2025-06-29T17:34:17.816536,-1060.0054309396294,-24.965898458828136,-7193.127503846246,3.7978566232486064,-6.305792075898382,-0.5251995754426267,20089U
2025-06-29T17:35:17.816536,-830.3060052453515,-403.03384615016523,-7211.228352079372,3.8564023391694775,-6.292536149799534,-0.07794538350908085,20089U
2025-06-29T17:36:17.816536,-597.5221014995147,-779.6045274397991,-7202.472190714688,3.9006394955446684,-6.255895379962636,0.36975293310571933,20089U
2025-06-29T17:37:17.816536,-362.51765593133206,-1153.277842753463,-7166.881211947167,3.9303965079110417,-6.195984465539386,0.8162676484616689,20089U
2025-06-29T17:38:17.816536,-126.165410535839,-1522.662997300495,-7104.575275222891,3.9455514723954193,-6.11299866726506,1.2599721250039557,20089U
2025-06-29T17:39:17.816536,110.65608764283368,-1886.3833314018818,-7015.771693519257,3.9460327654817364,-6.007213602731757,1.6992457098034777,20089U
2025-06-29T17:40:17.816536,347.06552047969257,-2243.081133540344,-6900.784723552623,3.9318195589689875,-5.878984889024574,2.1324786912042946,20089U
2025-06-29T17:41:17.816536,582.1818606532855,-2591.422426538939,-6760.024756156964,3.9029422439772743,-5.72874762060234,2.558077324523082,20089U
2025-06-29T17:42:17.816536,815.1274556958862,-2930.101716494548,-6593.997202652421,3.8594827557293105,-5.557015667449076,2.974468932923857,20089U
2025-06-29T17:43:17.816536,1045.0311279207383,-3257.846693152023,-6403.3010727625515,3.8015747888645954,-5.364380776096463,3.3801070863747626,20089U
2025-06-29T17:44:17.816536,1271.0312832934653,-3573.422869339844,-6188.627239578946,3.729403891304811,-5.151511454213911,3.7734768577694737,20089U
2025-06-29T17:45:17.816536,1492.2790215728853,-3875.63814592225,-5950.756387248718,3.643207423247067,-4.919151618170254,4.15310015094821,20089U
2025-06-29T17:46:17.816536,1707.9412392296424,-4163.34728749804,-5690.556637499951,3.5432743667775233,-4.668118982357524,4.517541090602639,20089U
2025-06-29T17:47:17.816536,1917.2037157794182,-4435.456292831731,-5408.980851844611,3.429944970922652,-4.399303169186508,4.865411459021398,20089U
2025-06-29T17:48:17.816536,2119.2741732647964,-4690.926642779883,-5107.063607322847,3.3036102167321886,-4.113663519551728,5.195376159467757,20089U
2025-06-29T17:49:17.816536,2313.385297715799,-4928.779407324184,-4785.917844979631,3.1647110872452022,-3.8122265852299213,5.506158680833246,20089U
2025-06-29T17:50:17.816536,2498.797710537586,-5148.0991922817475,-4446.731191896418,3.0137376279498573,-3.4960832871184784,5.7965465332284145,20089U
2025-06-29T17:51:17.816536,2674.802876952399,-5348.037905388434,-4090.7619595144433,2.851227784606233,-3.1663857263960073,6.065396619523052,20089U
2025-06-29T17:52:17.816536,2840.7259378788895,-5527.818320769739,-3719.334823178446,2.6777660070586062,-2.824343639559794,6.311640503666579,20089U
2025-06-29T17:53:17.816536,2995.92845101008,-5686.737420385522,-3333.8361902450356,2.493981609881214,-2.4712204927640093,6.534289533073898,20089U
2025-06-29T17:54:17.816536,3139.8110263637377,-5824.169490875675,-2935.7092667240317,2.3005468833510956,-2.1083292158742326,6.732439769559702,20089U
2025-06-29T17:55:17.816536,3271.8158412599755,-5939.568954385092,-2526.448835191792,2.0981749512615915,-1.7370275820376253,6.9052766813746755,20089U
2025-06-29T17:56:17.816536,3391.429019550138,-6032.472912426169,-2107.5957595810232,1.8876173754140733,-1.3587132442139727,7.052079547927116,20089U
2025-06-29T17:57:17.816536,3498.182859992617,-6102.5033826573035,-1680.7312353597467,1.6696615101777252,-0.974818445882976,7.172225528826535,20089U
2025-06-29T17:58:17.816536,3591.657898960083,-6149.369209624431,-1247.47080649692,1.4451276141983542,-0.5868044288820513,7.265193350002099,20089U
2025-06-29T17:59:17.816536,3671.4847931776135,-6172.867632024876,-809.4581734002878,1.2148657300683696,-0.19615556687308847,7.330566561836811,20089U
2025-06-29T18:00:17.816536,3737.3460089273344,-6172.8854908922885,-368.3588186597351,0.9797523464527031,0.19562674184917864,7.368036327485322,20089U
2025-06-29T18:01:17.816536,3788.9773051146512,-6149.400065249026,74.1465201506306,0.7406868606882354,0.5870303837801266,7.3774037037596,20089U
2025-06-29T18:02:17.816536,3826.1689987580885,-6102.479524192149,516.3684992059865,0.49858786314992104,0.9765389993367335,7.35858138207615,20089U
2025-06-29T18:03:17.816536,3848.7670028238404,-6032.28298703346,956.6159054726211,0.2543892676088916,1.362638565826076,7.311594862845519,20089U
2025-06-29T18:04:17.816536,3856.6736278553003,-5939.060185953865,1393.2024473783977,0.009036314318366193,1.743824045869922,7.236583043203729,20089U
2025-06-29T18:05:17.816536,3849.8481405193925,-5823.1507286043025,1824.4535633965738,-0.23651852542403753,2.1186060513174976,7.13379820496852,20089U
2025-06-29T18:06:17.816536,3828.3070739726845,-5684.982961134507,2248.7132122119383,-0.4813197130163631,2.485517472039469,7.003605396970214,20089U
2025-06-29T18:07:17.816536,3792.12428680921,-5525.072435192744,2664.350607986494,-0.724412843495848,2.8431200193464075,6.846481213261483,20089U
2025-06-29T18:08:17.816536,3741.4307692485113,-5344.0199854595885,3069.766864524321,-0.9648488523056703,3.1900106350707396,6.66301197595999,20089U
2025-06-29T18:09:17.816536,3676.4141971219333,-5142.509427193981,3463.4015128649426,-1.2016881968325506,3.524827719565361,6.453891338426659,20089U
2025-06-29T18:10:17.816536,3597.3182360785618,-4921.30488602712,3843.7388579756985,-1.434004982572305,3.8462571349167427,6.219917330950707,20089U
2025-06-29T18:11:17.816536,3504.441600225069,-4681.247774790202,4209.314141735488,-1.6608910052336354,4.153037943443563,5.961988876935935,20089U
2025-06-29T18:12:17.816536,3398.136871102702,-4423.25343446118,4558.719481263518,-1.8814596820315073,4.443967845929078,5.681101812619744,20089U
2025-06-29T18:13:17.816536,3278.809084461947,-4148.30745833235,4890.609553790379,-2.094849847774797,4.717908288866403,5.378344447497652,20089U
2025-06-29T18:14:17.816536,3146.914093696267,-3857.461720207058,5203.707001641937,-2.3002293940358536,4.973789215127239,5.054892705790936,20089U
2025-06-29T18:15:17.816536,3002.956720024607,-3551.8301288206503,5496.807533440127,-2.496798732603191,5.210613437725483,4.712004891446023,20089U
2025-06-29T18:16:17.816536,2847.4887005533897,-3232.5841317377826,5768.784700263102,-2.6837940674670793,5.427460621580094,4.351016120280498,20089U
2025-06-29T18:17:17.816536,2681.1064462015906,-2900.9479927211783,6018.594328176137,-2.8604904626625487,5.623490863218603,3.973332463034481,20089U
2025-06-29T18:18:17.816536,2504.448622133571,-2558.193867002779,6245.27859119544,-3.026204696302022,5.797947863067708,3.5804248423060914,20089U
2025-06-29T18:19:17.816536,2318.193563825817,-2205.6366990514343,6447.969711314355,-3.180297893971618,5.950161689214623,3.1738227247564432,20089U
2025-06-29T18:20:17.816536,2123.0565422043755,-1844.628967346768,6625.89327466643,-3.322177937262384,6.079551135194903,2.7551076476823932,20089U
2025-06-29T18:21:17.816536,1919.7868914542921,-1476.5553003869452,6778.371155174763,-3.4513016454859224,6.185625677385926,2.325906616238304,20089U
2025-06-29T18:22:17.816536,1709.1650131286283,-1102.8269876967242,6904.824039128163,-3.567176730539291,6.267987039924085,1.8878854043769375,20089U
2025-06-29T18:23:17.816536,1491.9992701258655,-724.8764090562393,7004.773545989133,-3.6693635263824955,6.326330376683422,1.442741789206391,20089U
2025-06-29T18:24:17.816536,1269.1227839442565,-344.1514045083023,7077.843942407231,-3.7574764956862317,6.360445080797222,0.9921987450075563,20089U
2025-06-29T18:25:17.816536,1041.3901484334342,37.89039295073374,7123.763447848435,-3.8311855168689686,6.370215232487721,0.5379976198888321,20089U
2025-06-29T18:26:17.816536,809.6740730384699,419.78724075906393,7142.365131502858,-3.8902169550177885,6.355619695687702,0.08189131504863764,20089U
2025-06-29T18:27:17.816536,574.8619683091055,800.0789656391461,7133.587401206998,-3.9343545201036547,6.316731873175472,-0.3743625159641175,20089U
2025-06-29T18:28:17.816536,337.85248624598995,1177.3126178424327,7097.474086048718,-3.9634399155163518,6.253719128818564,-0.8290082326567638,20089U
2025-06-29T18:29:17.816536,99.55202788941664,1550.0480811914044,7034.174115150103,-3.977373279324903,6.166841884158069,-1.2802989237951763,20089U
2025-06-29T18:30:17.816536,-139.1287695595213,1916.863619691516,6943.940795884399,-3.976113419889804,6.056452395097979,-1.7265030613516423,20089U
2025-06-29T18:31:17.816536,-377.27855385840985,2276.361341764396,6827.130695520051,-3.959677846596671,5.922993213024806,-2.1659110793303595,20089U
2025-06-29T18:32:17.816536,-613.9887748578135,2627.1725633361484,6684.2021310392865,-3.9281425956275466,5.766995333402959,-2.596841864156405,20089U
2025-06-29T18:33:17.816536,-848.3571853796795,2967.9630511341275,6515.713272684204,-3.8816418499179783,5.589076033882688,-3.0176491423188243,20089U
2025-06-29T18:34:17.816536,-1079.4913134721428,3297.4381276025165,6322.319867677777,-3.82036735183764,5.389936403326082,-3.4267277494725534,20089U
2025-06-29T18:35:17.816536,-1306.5118935492403,3614.3476188863074,6104.772591572061,-3.7445676067467937,5.170358562977814,-3.8225197633578074,20089U
2025-06-29T18:36:17.816536,-1528.5562437843812,3917.4906273791357,5863.914035810664,-3.6545468754711012,4.931202581338208,-4.203520480806339,20089U
2025-06-29T18:37:17.816536,-1744.7815769901456,4205.720110415148,5600.675341367463,-3.5506639539446834,4.673403085168279,-4.568284216909385,20089U
2025-06-29T18:38:17.816536,-1954.3682321072354,4477.947246847218,5316.072489737861,-3.433330738817747,4.39796557047116,-4.915429902270633,20089U
2025-06-29T18:39:17.816536,-2156.522813362245,4733.145573523847,5011.2022641043795,-3.3030105787191477,4.105962419230772,-5.243646452300143,20089U
2025-06-29T18:40:17.816536,-2350.4812241624613,4970.354874090383,4687.23789515381,-3.1602164120944964,3.798528630093749,-5.551697880863364,20089U
2025-06-29T18:41:17.816536,-2535.5115828885446,5188.684803113441,4345.424407771694,-3.005508694086449,3.4768572739943195,-5.838428129395458,20089U
2025-06-29T18:42:17.816536,-2710.917007951884,5387.318229296565,3987.0736866348075,-2.8394931167398423,3.1421946888393006,-6.10276558194872,20089U
2025-06-29T18:43:17.816536,-2876.038259806187,5565.514282520244,3613.55928053957,-2.662818128854789,2.7958354307014455,-6.343727236625783,20089U
2025-06-29T18:44:17.816536,-3030.2562280608377,5722.611090617626,3226.3109670923136,-2.4761722640096764,2.4391170023891173,-6.560422504534181,20089U
2025-06-29T18:45:17.816536,-3172.994252441586,5858.028193186449,2826.809101101885,-2.280281287562762,2.0734143836475685,-6.7520566088065594,20089U
2025-06-29T18:46:17.816536,-3303.720267081136,5971.268621326348,2416.578771619262,-2.075905175745792,1.700134390487639,-6.917933558364193,20089U
2025-06-29T18:47:17.816536,-3421.948758501065,6061.920633970324,1997.183794006321,-1.8638349422027614,1.3207098941009605,-7.057458673942498,20089U
2025-06-29T18:48:17.816536,-3527.242528654725,6129.659103422329,1570.2205646567331,-1.6448893294320168,0.9365939324070094,-7.170140647387381,20089U
2025-06-29T18:49:17.816536,-3619.21425552972,6174.246544794293,1137.3118069936784,-1.4199113844861242,0.5492537493833323,-7.255593119298742,20089U
2025-06-29T18:50:17.816536,-3697.5278450407804,6195.533786221954,700.1002381038263,-1.1897649399079744,0.16016479887660276,-7.313535764644112,20089U
2025-06-29T18:51:17.816536,-3761.8995692614326,6193.460278991851,260.24218580774635,-0.9553310221761819,-0.2291952494873865,-7.343794880877972,20089U
2025-06-29T18:52:17.816536,-3812.0989874219044,6168.054048991982,-180.5988138978464,-0.7175042108548737,-0.6173524644207105,-7.346303478252239,20089U
2025-06-29T18:53:17.816536,-3847.949647518459,6119.431293164457,-620.7584092701527,-0.4771889721589797,-1.0028425296742296,-7.321100877256965,20089U
2025-06-29T18:54:17.816536,-3869.329567809906,6047.795626849381,-1058.5777858664035,-0.23529599073272922,-1.384216507001519,-7.268331823347981,20089U
2025-06-29T18:55:17.816536,-3876.1714988937606,5953.436990023054,-1492.4099517497968,0.007261476904725991,-1.7600464508462434,-7.188245134161866,20089U
2025-06-29T18:56:17.816536,-3868.4629684327256,5836.730222415034,-1920.6259274915471,0.2495712045647535,-2.128930842618898,-7.081191899156923,20089U
2025-06-29T18:57:17.816536,-3846.2461119164477,5698.133319300738,-2341.620814965469,0.4907255327446087,-2.489499815396274,-6.947623255928612,20089U
2025-06-29T18:58:17.816536,-3809.6172940715946,5538.1853813828,-2753.8197205191054,0.7298248191838982,-2.840420143320277,-6.788087771221907,20089U
2025-06-29T18:59:17.816536,-3758.726526654807,5357.504273567424,-3155.6835099004784,0.9659807855638192,-3.180399973814544,-6.603228457806907,20089U
2025-06-29T19:00:17.816536,-3693.776689360362,5156.784008595025,-3545.7143742670055,1.1983197444600717,-3.508193284863075,-6.393779460825669,20089U
2025-06-29T19:01:17.816536,-3615.0225614346527,4936.791872388205,-3922.4611886619655,1.4259856930500312,-3.822604053898008,-6.160562448907822,20089U
2025-06-29T19:02:17.816536,-3522.7696723004547,4698.365308620955,-4284.524646481249,1.6481432626278951,-4.122490129221617,-5.9044827462521425,20089U
2025-06-29T19:03:17.816536,-3417.372980052828,4442.408580403697,-4630.562155599293,1.863980515615676,-4.406766799206459,-5.626525241983639,20089U
2025-06-29T19:04:17.816536,-3299.235387089494,4169.8892271170225,-4959.292483954838,2.0727115844156487,-4.674410058685852,-5.327750112425573,20089U
2025-06-29T19:05:17.816536,-3168.806102386382,3881.834334331715,-5269.500144457691,2.2735791490540413,-4.924459575847466,-5.009288390513577,20089U
2025-06-29T19:06:17.816536,-3026.5788600282767,3579.326634442277,-5560.03951102989,2.4658567530502022,-5.156021366482023,-4.67233741447932,20089U
2025-06-29T19:07:17.816536,-2873.090003565615,3263.5004551411753,-5829.838659400763,2.648850959246199,-5.36827018553024,-4.31815618521896,20089U
2025-06-29T19:08:17.816536,-2708.9164456028607,2935.537532196404,-6077.902927907221,2.8219033493927004,-5.560451648443817,-3.9480606585223827,20089U
2025-06-29T19:09:17.816536,-2534.673511749272,2596.6627022034877,-6303.3181949760865,2.9843923730533763,-5.731884096867874,-3.5634189946821695,20089U
2025-06-29T19:10:17.816536,-2351.012677697185,2248.1394900961964,-6505.2538711687985,3.1357350528220924,-5.881960224523706,-3.165646784036452,20089U
2025-06-29T19:11:17.816536,-2158.619207755151,1891.2656052536897,-6682.9656046370355,3.275388553911213,-6.0101484798976665,-2.756202262847429,20089U
2025-06-29T19:12:17.816536,-1958.209702676742,1527.3683590747112,-6835.797699562694,3.4028516268411,-6.115994262414806,-2.336581529704962,20089U
2025-06-29T19:13:17.816536,-1750.5295641164657,1157.80001594365,-6963.185247636939,3.5176659322269503,-6.1991209282043265,-1.9083137685052618,20089U
2025-06-29T19:14:17.816536,-1536.3503825237665,783.9330886056485,-7064.655972887022,3.6194172565238354,-6.259230620382337,-1.4729564800907788,20089U
2025-06-29T19:15:17.816536,-1316.46725479637,407.15558816440546,-7139.8317901858045,3.707736627052641,-6.2961049370177475,-1.032090721006549,20089U
2025-06-29T19:16:17.816536,-1091.6960375574329,28.86623821375716,-7188.430077615162,3.7823013337204126,-6.309605447683148,-0.5873163446028559,20089U
2025-06-29T19:17:17.816536,-862.8705415294571,-349.53033794079175,-7210.264662516386,3.8428358635919757,-6.299674066788226,-0.14024723701832478,20089U
2025-06-29T19:18:17.816536,-630.8396721704987,-726.6284483977688,-7205.246520584061,3.88911275290561,-6.266333288840128,0.30749346149961865,20089U
2025-06-29T19:19:17.816536,-396.4645215227872,-1101.026173749718,-7173.384186784022,3.9209533593081054,-6.209686287469972,0.7542781608841292,20089U
2025-06-29T19:20:17.816536,-160.61541612146658,-1471.330209794478,-7114.783876236952,3.9382285550651837,-6.129916876612086,1.198479662755696,20089U
2025-06-29T19:21:17.816536,75.83107417044843,-1836.1607033238286,-7029.649312553346,3.940859339847585,-6.02728932873499,1.6384760506406681,20089U
2025-06-29T19:22:17.816536,311.9951613914478,-2194.1560720571697,-6918.281260475963,3.9288173694702464,-5.902148041615215,2.07265563949874,20089U
2025-06-29T19:23:17.816536,546.9968934944719,-2543.977799208154,-6781.076759127463,3.9021253947411734,-5.754917041930637,2.4994219934818482,20089U
2025-06-29T19:24:17.816536,779.9592314609936,-2884.315192408022,-6618.528051719074,3.8608576024335886,-5.586099311044148,2.917199018416028,20089U
2025-06-29T19:25:17.816536,1010.0111433160237,-3213.8900957940014,-6431.221207290445,3.8051398484009287,-5.396275915854223,3.3244361323782274,20089U
2025-06-29T19:26:17.816536,1236.290708210001,-3531.46154301424,-6219.83442996405,3.7351497710822166,-5.18610492560923,3.719613513985155,20089U
2025-06-29T19:27:17.816536,1457.9482230070441,-3835.8303377489806,-5985.13605133981,3.6511167721601567,-4.956320094199252,4.101247423731597,20089U
2025-06-29T19:28:17.816536,1674.149303010503,-4125.843547124989,-5727.9822020595875,3.5533218499992385,-4.7077292867299105,4.467895589008164,20089U
2025-06-29T19:29:17.816536,1884.0779675923516,-4400.398892155041,-5449.314159256787,3.4420972707574213,-4.441212629198995,4.818162638428948,20089U
2025-06-29T19:30:17.816536,2086.939700592445,-4658.449018102923,-5150.155367591851,3.317826061778054,-4.157720360881079,5.150705565940049,20089U
2025-06-29T19:31:17.816536,2281.964474450389,-4899.005626511235,-4831.608132859622,3.180941312057804,-3.8582703705856294,5.464239200021078,20089U
2025-06-29T19:32:17.816536,2468.4097261454785,-5121.143449567304,-4494.849988748751,3.031925265275598,-3.5439454002965993,5.757541648271908,20089U
2025-06-29T19:33:17.816536,2645.5632721889383,-5324.004046580932,-4141.129739212719,2.8713081920576387,-3.21588990278494,6.0294596829707805,20089U
2025-06-29T19:34:17.816536,2812.7461491588742,-5506.7994016394705,-3771.7631810660373,2.6996670298399312,-2.8753065435686413,6.278914028937057,20089U
2025-06-29T19:35:17.816536,2969.315365625425,-5668.815301036616,-3388.12851381362,2.517623780846645,-2.523452341998692,6.5049045113852975,20089U
2025-06-29T19:36:17.816536,3114.666550808262,-5809.414468875595,-2991.661446318988,2.3258436612926143,-2.1616344511803662,6.706515018548546,20089U
2025-06-29T19:37:17.816536,3248.2364849647465,-5928.039439354928,-2583.850012673098,2.125032997888752,-1.7912055817848702,6.882918231793452,20089U
2025-06-29T19:38:17.816536,3369.5054963490397,-6024.215144679024,-2166.22911248491,1.9159368710141447,-1.413559080433638,7.033380074844632,20089U
2025-06-29T19:39:17.816536,3477.9997096249676,-6097.551198310863,-1740.3747937239677,1.69933650744237,-1.0301236791087478,7.157263833647681,20089U
2025-06-29T19:40:17.816536,3573.2931308747534,-6147.7438544071065,-1307.898299136081,1.4760464291834927,-0.642357937800764,7.254033899374467,20089U
2025-06-29T19:41:17.816536,3655.009554827401,-6174.57762574382,-870.4399000647331,1.246911368734174,-0.25174440819734367,7.323259089118721,20089U
2025-06-29T19:42:17.816536,3722.8242806372177,-6177.926544240157,-429.6625441801044,1.0128029647199588,0.14021644851119253,7.364615501924066,20089U
2025-06-29T19:43:17.816536,3776.4656234710615,-6157.755050297838,12.754653926294992,0.7746162554621147,0.532012551835287,7.377888871877426,20089U
2025-06-29T19:44:17.816536,3815.716210301093,-6114.118499562635,455.123048126994,0.5332659913162032,0.9221266581283712,7.3629763850009216,20089U
2025-06-29T19:45:17.816536,3840.414049633377,-6047.1632783433715,895.7511891022999,0.2896827896105915,1.3090429371388919,7.319887932471977,20089U
2025-06-29T19:46:17.816536,3850.4533664089467,-5957.126521745095,1332.9516111169708,0.04480915858348626,1.6912536208124516,7.248746779149876,20089U
2025-06-29T19:47:17.816536,3845.785194965751,-5844.335431535832,1765.0476416027855,-0.2004045811952239,2.067265674459862,7.149789633326004,20089U
2025-06-29T19:48:17.816536,3826.417724718138,-5709.206193811264,2190.3801972573187,-0.4450044478886628,2.4356074396463083,7.023366110861018,20089U
2025-06-29T19:49:17.816536,3792.416395058481,-5552.242499591301,2607.3145301455634,-0.6880369909499745,2.794835198365689,6.86993759423479,20089U
2025-06-29T19:50:17.816536,3743.9037378785924,-5374.033674514606,3014.246887522593,-0.9285534938179552,3.1435396092416745,6.69007549431647,20089U
2025-06-29T19:51:17.816536,3681.05896800816,-5175.252426734764,3409.6110497637032,-1.1656141556406647,3.480351968591458,6.484458929670078,20089U
2025-06-29T19:52:17.816536,3604.1173237367702,-4956.652224907036,3791.884711879331,-1.3982922217488278,3.8039502521323985,6.253871844760208,20089U
2025-06-29T19:53:17.816536,3513.3691613888236,-4719.0643207381345,4159.595675568058,-1.6256780339826404,4.113064896800735,5.999199594346535,20089U
2025-06-29T19:54:17.816536,3409.158809625331,-4463.394432913255,4511.327820576748,-1.8468829738498997,4.406484286458255,5.721425026514047,20089U
2025-06-29T19:55:17.816536,3291.8831907201557,-4190.619111267325,4845.726826258213,-2.061043273800242,4.68305991005823,5.421624101051087,20089U
2025-06-29T19:56:17.816536,3161.9902174834574,-3901.781801827424,5161.505616552726,-2.267323674534501,4.9417111659403306,5.100961083198464,20089U
2025-06-29T19:57:17.816536,3019.9769757530917,-3597.9886347757993,5457.449504151776,-2.4649209091633897,5.1814297911982345,4.760683355073678,20089U
2025-06-29T19:58:17.816536,2866.387703444171,-3280.403958493608,5732.421012222106,-2.653066998057614,5.4012839003097115,4.402115888346922,20089U
2025-06-29T19:59:17.816536,2701.8115780219428,-2950.2456436242173,5985.364354747409,-2.8310323413125165,5.600421622307518,4.0266554220114505,20089U
2025-06-29T20:00:17.816536,2526.88032495155,-2608.780181575533,6215.309559199261,-2.99812859876882,5.778074330531978,3.635764388433768,20089U
2025-06-29T20:01:17.816536,2342.265660179634,-2257.3176020722744,6421.376217838401,-3.1537113504033507,5.933559463326028,3.230964629368871,20089U
2025-06-29T20:02:17.816536,2148.676580039648,-1897.2062343235518,6602.7768564071575,-3.297182532533738,6.066282937789393,2.8138309414303153,20089U
2025-06-29T20:03:17.816536,1946.8565121486947,-1529.8273360996534,6758.819911283998,-3.4279926476119966,6.175741161836479,2.3859844877312577,20089U
2025-06-29T20:04:17.816536,1737.5803409154955,-1156.5896145861732,6888.912308281278,-3.5456427473426952,6.2615226522341985,1.9490861092577807,20089U
2025-06-29T20:05:17.816536,1521.6513212188222,-778.9236623244417,6992.561638174337,-3.649686190426674,6.323309268024754,1.5048295661453834,20089U
2025-06-29T20:06:17.816536,1299.8978936773797,-398.2763309143833,7069.377925737238,-3.739730177374097,6.360877069768293,1.0549347355934606,20089U
2025-06-29T20:07:17.816536,1073.170414738303,-16.105064483682334,7119.074990535078,-3.8154370655564196,6.37409681541604,0.6011407898285744,20089U
2025-06-29T20:08:17.816536,842.3378145929465,366.1277857361207,7141.47139899576,-3.876525467991868,6.362934103413455,0.1451993744789232,20089U
2025-06-29T20:09:17.816536,608.284195699939,746.9606450232143,7136.491008381982,-3.9227711393235642,6.327449172929871,-0.3111321949370169,20089U
2025-06-29T20:10:17.816536,371.9053844942938,1124.9383768215614,7104.163104231425,-3.9540076521016174,6.267796370025104,-0.7660977028337299,20089U
2025-06-29T20:11:17.816536,134.1054486839086,1498.6179027830142,7044.6221336723875,-3.970126865890759,6.184223287222337,-1.2179487556824438,20089U
2025-06-29T20:12:17.816536,-104.2068075869094,1866.5737619213528,6958.107037787864,-3.9710791909629277,6.077069582491545,-1.6649514433356556,20089U
2025-06-29T20:13:17.816536,-342.1213584990874,2227.403589897745,6844.960186937307,-3.9568736474832478,5.9467654821931255,-2.105392926727611,20089U
2025-06-29T20:14:17.816536,-578.7304690492463,2579.733499654822,6705.625923693009,-3.9275777202395825,5.793829971217545,-2.537587938769356,20089U
2025-06-29T20:15:17.816536,-813.1321930339655,2922.2233447443195,6540.648718842658,-3.8833170081797,5.618868672499917,-2.959885184336017,20089U
2025-06-29T20:16:17.816536,-1044.4338442041685,3253.571846759002,6350.670946787176,-3.8242746673832126,5.422571417394275,-3.3706736238242234,20089U
2025-06-29T20:17:17.816536,-1271.7554281450773,3572.521568319758,6136.43028764954,-3.750690645672654,5.205709508142715,-3.7683886229561008,20089U
2025-06-29T20:18:17.816536,-1494.2330223002023,3877.8637131130426,5898.7567645230065,-3.6628607069151293,4.969132673926943,-4.151517949446095,20089U
2025-06-29T20:19:17.816536,-1711.0220914205258,4168.442734551702,5638.569425539634,-3.561135243223461,4.7137657227810275,-4.518607594960308,20089U
2025-06-29T20:20:17.816536,-1921.3007256042217,4443.160734779611,5356.8726818338855,-3.445917873760912,4.440604892981487,-4.868267398630702,20089U
2025-06-29T20:21:17.816536,-2124.272788025382,4700.981635998707,5054.75231399696,-3.317663829692679,4.150713909388111,-5.199176446392081,20089U
2025-06-29T20:22:17.816536,-2319.1709594404406,4940.9351064792845,4733.371161264454,-3.1768781260097754,3.845219752557107,-5.510088218703566,20089U
2025-06-29T20:23:17.816536,-2505.259666649834,5162.120224175717,4393.964509402095,-3.0241135224438827,3.525308151193884,-5.799835457959189,20089U
2025-06-29T20:24:17.816536,-2681.837882270649,5363.708861597093,4037.8351950556103,-2.8599682774721553,3.1922188116039347,-6.067334726148379,20089U
2025-06-29T20:25:17.816536,-2848.241783489112,5544.948776528969,3666.3484461320904,-2.6850837014116586,2.8472404010931505,-6.311590623231551,20089U
2025-06-29T20:26:17.816536,-3003.847257892051,5705.166394342054,3280.926479582714,-2.500141516781483,2.4917053056907768,-6.531699637265764,20089U
2025-06-29T20:27:17.816536,-3148.072245058032,5843.769268988134,2883.0428796719266,-2.305861036378597,2.12698418595622,-6.72685359862597,20089U
2025-06-29T20:28:17.816536,-3280.3789032988825,5960.248211338529,2474.2167814485556,-2.1029961718184067,1.7544803579071222,-6.896342712688397,20089U
2025-06-29T20:29:17.816536,-3400.2755918039043,6054.179075278038,2056.006885583916,-1.8923322875331556,1.3756240291029833,-7.039558148088912,20089U
2025-06-29T20:30:17.816536,-3507.318659421686,6125.224193882767,1630.0053320237537,-1.6746829173504028,0.9918664225749788,-7.155994161059716,20089U
2025-06-29T20:31:17.816536,-3601.1140324282214,6173.133460076895,1197.8314609237277,-1.450886362692636,0.6046738234592011,-7.245249740339337,20089U
2025-06-29T20:32:17.816536,-3681.3185948413648,6197.745048331948,761.1254901231167,-1.2218021931074992,0.21552158483102563,-7.307029761625172,20089U
2025-06-29T20:33:17.816536,-3747.64135614795,6198.985776218984,321.5421388822045,-0.9883076711735337,-0.17411186976021156,-7.341145645402922,20089U
2025-06-29T20:34:17.816536,-3799.8444026743255,6176.871106899745,-119.25577219854739,-0.75129412480903,-0.5627510091919966,-7.3475155171019475,20089U
2025-06-29T20:35:17.816536,-3837.743630244509,6131.50479591301,-559.6037153116935,-0.5116632905770617,-0.9489290855885547,-7.326163873768215,20089U
2025-06-29T20:36:17.816536,-3861.2092571929134,6063.07818783144,-997.841814298047,-0.2703236517385631,-1.3311939165504976,-7.277220766668739,20089U
2025-06-29T20:37:17.816536,-3870.1661182179,5971.869170493289,-1432.321139665947,-0.028186794516589665,-1.7081135239863015,-7.200920514312506,20089U
2025-06-29T20:38:17.816536,-3864.5937409419125,5858.240796513941,-1861.4099122617008,0.21383619467120019,-2.0782815970504087,-7.097599965154522,20089U
2025-06-29T20:39:17.816536,-3844.526208366258,5722.639583621416,-2283.499589394597,0.4548382693714581,-2.440322749577301,-6.967696333623245,20089U
2025-06-29T20:40:17.816536,-3810.0518116465487,5565.593507001252,-2697.0108087913986,0.6939198805108482,-2.7928975457931036,-6.811744636959142,20089U
2025-06-29T20:41:17.816536,-3761.3124987502038,5387.709698266349,-3100.3991675010466,0.9301923327622228,-3.1347072718574274,-6.630374763589935,20089U
2025-06-29T20:42:17.816536,-3698.5031255701347,5189.67186685059,-3492.160814813154,1.1627810236909082,-3.4644984348918153,-6.424308206305447,20089U
2025-06-29T20:43:17.816536,-3621.8705169479867,4972.237460567746,-3870.837840285582,1.390828551859436,-3.7810669754230144,-6.194354495294086,20089U
2025-06-29T20:44:17.816536,-3531.7123457903554,4736.234582752553,-4235.023440110443,1.61349768260013,-4.083262183547197,-5.94140736711055,20089U
2025-06-29T20:45:17.816536,-3428.3758390422513,4482.558683830743,-4583.366847184485,1.829974162779592,-4.369990313445776,-5.6664407058716755,20089U
2025-06-29T20:46:17.816536,-3312.2563197030286,4212.169045333467,-4914.578012393397,2.039469378536153,-4.640217895085156,-5.37050429241033,20089U
2025-06-29T20:47:17.816536,-3183.7955943412016,3926.085074314135,-5227.43202668002,2.241222852574443,-4.892974745866796,-5.054719395814222,20089U
2025-06-29T20:48:17.816536,-3043.480195683026,3625.3824258417767,-5520.773275440291,2.434504580103715,-5.127356688593207,-4.720274239767571,20089U
2025-06-29T20:49:17.816536,-2891.8394898309584,3311.18897077198,-5793.519318614653,2.618617204829474,-5.342527985270857,-4.3684193734862635,20089U
2025-06-29T20:50:17.816536,-2729.4436575206882,2984.6806253550426,-6044.664491497941,2.792898038500469,-5.5377234989187984,-4.00046297387028,20089U
2025-06-29T20:51:17.816536,-2556.901558566321,2647.077058465871,-6273.283222745675,2.956720929319671,-5.712250597627701,-3.6177661018947394,20089U
2025-06-29T20:52:17.816536,-2374.8584882903892,2299.637291365214,-6478.533067288388,3.1094979860060157,-5.865490816573815,-3.2217379323357553,20089U
2025-06-29T20:53:17.816536,-2183.9938343092876,1943.6552039647452,-6659.657452865131,3.2506811654074435,-5.996901294509083,-2.8138309717995154,20089U
2025-06-29T20:54:17.816536,-1985.018641564415,1580.4549606008525,-6815.9881396465435,3.379763732293579,-6.106016001413648,-2.395536275813017,20089U
2025-06-29T20:55:17.816536,-1778.6730929840069,1211.3863673736728,-6946.947392931243,3.496281600277937,-6.192446773513497,-1.9683786715826792,20089U
2025-06-29T20:56:17.816536,-1565.7239126429379,837.8201721944913,-7052.049869183645,3.5998145627409053,-6.2558841707667,-1.5339119890356934,20089U
2025-06-29T20:57:17.816536,-1346.961697794321,461.1433178667166,-7130.904215737875,3.6899874221425386,-6.29609817023971,-1.093714299078956,20089U
2025-06-29T20:58:17.816536,-1123.1981856831173,82.75415780319268,-7183.214384354987,3.7664710252589964,-6.312938706597186,-0.6493831547193255,20089U
2025-06-29T20:59:17.816536,-895.2634606571005,-295.9423565832776,-7208.780658502321,3.8289832106653257,-6.306336068279212,-0.20253082792809346,20089U
2025-06-29T21:00:17.816536,-664.0031067664906,-673.5395081961702,-7207.500393767563,3.8772896732695306,-6.276301154929746,0.24522046704378053,20089U
2025-06-29T21:01:17.816536,-430.27531081880176,-1048.6336578860034,-7179.368470254096,3.911204748918761,-6.222925598362471,0.6922433746853229,20089U
2025-06-29T21:02:17.816536,-194.94792073673318,-1419.8290910421324,-7124.477455172768,3.930592120107708,-6.146381745910036,1.1369102351316127,20089U
2025-06-29T21:03:17.816536,41.104535930125365,-1785.7428586260367,-7043.017473189735,3.935365441682244,-6.046922501512502,1.577597968498904,20089U
2025-06-29T21:04:17.816536,277.0038683652954,-2145.0096037681537,-6935.275781454384,3.9254888832169788,-5.924881016472646,2.0126930174058835,20089U
2025-06-29T21:05:17.816536,511.8712684846871,-2496.2863644883932,-6801.636045662044,3.9009775825235504,-5.780670218557493,2.4405963568597238,20089U
2025-06-29T21:06:17.816536,744.8303809626736,-2838.2573423655317,-6642.57731304567,3.861898002591314,-5.614782165167919,2.859728578362003,20089U
2025-06-29T21:07:17.816536,975.0103911665524,-3169.6386260774157,-6458.67267788362,3.808368182246226,-5.427787203741682,3.2685350520519836,20089U
2025-06-29T21:08:17.816536,1201.549124267115,-3489.182857699865,-6250.587634992844,3.7405578690087387,-5.2203329204953395,3.665491167038025,20089U
2025-06-29T21:09:17.816536,1423.5961480727833,-3795.68382850082,-6019.078116790911,3.6586885211060634,-4.993142857144918,4.0491076458411674,20089U
2025-06-29T21:10:17.816536,1640.3158713435269,-4087.9809897594632,-5764.988209873318,3.5630331644071163,-4.747014974433992,4.417935924228565,20089U
2025-06-29T21:11:17.816536,1850.8906284763705,-4364.96386288368,-5489.247547705524,3.453916089259724,-4.482819841219071,4.770573582732223,20089U
2025-06-29T21:12:17.816536,2054.523740564318,-4625.576331871141,-5192.868376968313,3.3317123718568933,-4.201498528534743,5.105669811011066,20089U
2025-06-29T21:13:17.816536,2250.4425419203035,-4868.820799973888,-4876.942296347652,3.196847204883671,-3.904060189524103,5.421930881032845,20089U
2025-06-29T21:14:17.816536,2437.9013602726654,-5093.762191353935,-4542.636668107788,3.049795022812507,-3.59157930835327,5.718125600011142,20089U
2025-06-29T21:15:17.816536,2616.1844379930853,-5299.531777583215,-4191.190704636937,2.8910784083385503,-3.2651926042249615,5.993090709263406,20089U
2025-06-29T21:16:17.816536,2784.608780957887,-5485.330808110331,-3823.9112342662634,2.7212667680600697,-2.926095580293905,6.245736190839343,20089U
2025-06-29T21:17:17.816536,2942.5269209773287,-5650.433923303802,-3442.1681530405426,2.5409747676071106,-2.5755387116285817,6.475050440019349,20089U
2025-06-29T21:18:17.816536,3089.329577209261,-5794.192328455308,-3047.389571679435,2.350860518946116,-2.2148232712225715,6.680105258776306,20089U
2025-06-29T21:19:17.816536,3224.448201599227,-5916.036707182596,-2641.0566697233544,2.1516235155151113,-1.845296798376725,6.86006062310492,20089U
2025-06-29T21:20:17.816536,3347.35739321014,-6015.479853068126,-2224.698271695222,1.9440023140812166,-1.468348219365997,7.014169175892865,20089U
2025-06-29T21:21:17.816536,3457.577166314119,-6092.118999093192,-1799.8851630293689,1.7287719657116594,-1.085402636084099,7.141780396772996,20089U
2025-06-29T21:22:17.816536,3554.675057351158,-6145.637825508618,-1368.2241664084147,1.5067412019007835,-0.6979158041273621,7.242344401231205,20089U
2025-06-29T21:23:17.816536,3638.268056307552,-6175.808128203908,-931.3520019841806,1.2787493856257226,-0.3073683274176166,7.315415323143776,20089U
2025-06-29T21:24:17.816536,3708.0243487428615,-6182.491131395981,-490.9289576512481,1.0456632408031088,0.08474039820459463,7.360654237877269,20089U
2025-06-29T21:25:17.816536,3763.6648555928714,-6165.638430531328,-48.632398027907506,0.8083733771887501,0.4768984551109488,7.37783158704912,20089U
2025-06-29T21:26:17.816536,3804.964558983278,-6125.292553651309,393.8498569560473,0.5677906311170189,0.8675878461354722,7.366829070934313,20089U
2025-06-29T21:27:17.816536,3831.753603598118,-6061.587132073437,834.8262510606884,0.3248422455010081,1.2552910637784358,7.327640980207194,20089U
2025-06-29T21:28:17.816536,3843.9181646277443,-5974.7466740441105,1272.60827395241,0.08046791515159817,1.6384977384339399,7.260374945083276,20089U
2025-06-29T21:29:17.816536,3841.401074955568,-5865.08593796846,1705.517271119049,-0.1643842743784954,2.0157113158715516,7.165252086815591,20089U
2025-06-29T21:30:17.816536,3824.20220599449,-5733.008904865789,2131.8912452292357,-0.4087619845925824,2.385455713295031,7.042606563724015,20089U
2025-06-29T21:31:17.816536,3792.378598422182,-5579.007352771743,2550.0916124116416,-0.6517128076181208,2.7462819033905066,6.892884511300093,20089U
2025-06-29T21:32:17.816536,3746.0443409524964,-5403.65903885537,2958.5098770897976,-0.8922884642244157,3.096774376816765,6.716642383243215,20089U
2025-06-29T21:33:17.816536,3685.370197179147,-5207.625497974921,3355.5741896294608,-1.1295489851357798,3.435557435576246,6.514544707344659,20089U
2025-06-29T21:34:17.816536,3610.582982402448,-4991.649469210379,3739.7557520867367,-1.3625668452358848,3.761301272539518,6.2873612767651945,20089U
2025-06-29T21:35:17.816536,3521.9646941627198,-4756.5519645283675,4109.575038774278,-1.590431021568288,4.072727795997947,6.035963803275669,20089U
2025-06-29T21:36:17.816536,3419.8514019214726,-4503.228996111979,4463.607800142751,-1.8122509478508717,4.368616162361817,5.761322064300948,20089U
2025-06-29T21:37:17.816536,3304.6319029247225,-4232.64798098823,4800.490820553742,-2.027160340469253,4.6478079848616884,5.464499580006948,20089U
2025-06-29T21:38:17.816536,3176.746152727032,-3945.8438433853566,5118.927402839361,-2.234320873511221,4.909212191191687,5.146648860113442,20089U
2025-06-29T21:39:17.816536,3036.6834801269915,-3643.9148367225985,5417.692555054945,-2.4329256832679014,5.151809508301494,4.809006262538315,20089U
2025-06-29T21:40:17.816536,2884.9805973598764,-3328.0181082931163,5695.637857441183,-2.6222026856388423,5.374656557809248,4.452886507392341,20089U
2025-06-29T21:41:17.816536,2722.219417290205,-2999.3650305152196,5951.695990299568,-2.8014176929632564,5.576889550643501,4.0796768902319975,20089U
2025-06-29T21:42:17.816536,2549.0246900637503,-2659.2163231561635,6184.8849061384435,-2.9698773198245236,5.757727574337801,3.6908312379492103,20089U
2025-06-29T21:43:17.816536,2366.0614722012947,-2308.876991154508,6394.311632058105,-3.1269316702765293,5.916475470802347,3.2878636492740223,20089U
2025-06-29T21:44:17.816536,2174.032441474854,-1949.691102652103,6579.175690823075,-3.2719768016060287,6.052526306240499,2.872342059754611,20089U
2025-06-29T21:45:17.816536,1973.6750711030538,-1583.036431601515,6738.772131404708,-3.404456962120873,6.165363438101465,2.445881668369503,20089U
2025-06-29T21:46:17.816536,1765.7586768696426,-1210.3189889069668,6872.494161916926,-3.5238666024670806,6.254562186493611,2.0101382598098354,20089U
2025-06-29T21:47:17.816536,1551.081350720428,-832.9674655074421,6979.835379806384,-3.6297521616005954,6.3197911193127,1.566801453091206,20089U
2025-06-29T21:48:17.816536,1330.4667942648196,-452.4276101848235,7060.39159587514,-3.721713629740072,6.360812961464232,1.1175879037105256,20089U
2025-06-29T21:49:17.816536,1104.7610654204036,-70.15656420910842,7113.862250217617,-3.799405891409921,6.377485139022458,0.6642344832095151,20089U
2025-06-29T21:50:17.816536,874.8292512189483,312.3828257408969,7140.051419454255,-3.862539852062729,6.369759969033541,0.20849145690015586,20089U
2025-06-29T21:51:17.816536,641.5520795655862,693.7276955834631,7138.868415762823,-3.910883351781406,6.337684505026771,-0.24788432221287862,20089U
2025-06-29T21:52:17.816536,405.8224825345952,1072.4208325417017,7110.327979174553,-3.944261869254347,6.281400047255623,-0.7031361874936217,20089U
2025-06-29T21:53:17.816536,168.54212360099822,1447.0163048344257,7054.550065452757,-3.962559018656974,6.201141325373625,-1.1555143865538964,20089U
2025-06-29T21:54:17.816536,-69.38209891968509,1816.0850330240426,6971.759232643687,-3.965716841330002,6.097235359790801,-1.6032827497835724,20089U
2025-06-29T21:55:17.816536,-307.0415600365256,2178.2202840118207,6862.28363012554,-3.953735893302198,5.970100006487736,-2.044725286743094,20089U
2025-06-29T21:56:17.816536,-543.5294156815972,2532.04306887435,6726.553594724127,-3.9266751288421657,5.820242188720638,-2.4781526973516557,20089U
2025-06-29T21:57:17.816536,-777.9440975448583,2876.2074258814455,6565.099859245943,-3.8846515794229175,5.648255817944859,-2.901908783971703,20089U
2025-06-29T21:58:17.816536,-1009.3927828602278,3209.4055700992985,6378.551379644828,-3.8278398268199663,5.454819405533474,-3.3143767491244427,20089U
2025-06-29T21:59:17.816536,-1236.9948267501013,3530.3728910386403,6167.632788001005,-3.7564712686050092,5.240693366541912,-3.713985361834446,20089U
2025-06-29T22:00:17.816536,-1459.885144591699,3837.8927798369814,5933.161479588604,-3.6708331741025235,5.006717016950812,-4.099214973555466,20089U
2025-06-29T22:01:17.816536,-1677.2175317372964,4130.8012675452,5676.044343533527,-3.5712675289846842,4.753805266525502,-4.468603362465814,20089U
2025-06-29T22:02:17.816536,-1888.1679077975352,4407.991456219615,5397.274147937494,-3.4581696671239883,4.482945010690144,-4.8207513827381465,20089U
2025-06-29T22:03:17.816536,-2091.9374726235324,4668.417724763666,5097.9255918438585,-3.3319866891085943,4.195191226596379,-5.1543283933650414,20089U
2025-06-29T22:04:17.816536,-2287.755761103084,4911.099691824042,4779.151038050606,-3.193215667956956,3.8916627808471316,-5.468077439364766,20089U
2025-06-29T22:05:17.816536,-2474.8835839625326,5135.125918584591,4442.175942481984,-3.0424016440115906,3.5735379590239034,-5.760820156869686,20089U
2025-06-29T22:06:17.816536,-2652.6158419257777,5339.657334997992,4088.29399762611,-2.8801354127314536,3.2420497302169315,-6.03146137276969,20089U
2025-06-29T22:07:17.816536,-2820.2842008776242,5523.930373914693,3718.862009341548,-2.707051111066845,2.8984807630212246,-6.278993369396997,20089U
2025-06-29T22:08:17.816536,-2977.2596160905114,5687.25979867904,3335.2945281368466,-2.5238236102507696,2.5441582128685325,-6.502499785208863,20089U
2025-06-29T22:09:17.816536,-3122.9546941268813,5829.041211090061,2939.0582577648393,-2.33116572509855,2.180448303972897,-6.701159123620467,20089U
2025-06-29T22:10:17.816536,-3256.825881726957,5948.753228159892,2531.6662656000385,-2.1298252521980356,1.808750732449621,-6.874247844068982,20089U
2025-06-29T22:11:17.816536,-3378.375471822106,6045.959317824363,2114.672020758348,-1.920581851629345,1.4304929202237233,-7.021143012021386,20089U
2025-06-29T22:12:17.816536,-3487.1534177822195,6120.309285658636,1689.6632872124846,-1.7042437889916886,1.0471241520425727,-7.141324487943832,20089U
2025-06-29T22:13:17.816536,-3582.758948094763,6171.540406693293,1258.2559002264252,-1.4816445564676224,0.6601096301571843,-7.2343766391520905,20089U
2025-06-29T22:14:17.816536,-3664.841974871974,6199.4781985840345,822.0874552368659,-1.2536393933514034,0.2709244829426546,-7.299989562873072,20089U
2025-06-29T22:15:17.816536,-3733.1042908674517,6204.036834621153,382.8109388487986,-1.0211017278630479,-0.11895223515530955,-7.337959813652278,20089U
2025-06-29T22:16:17.816536,-3787.3005510442645,6185.219197341538,-57.91166818873871,-0.7849195630856404,-0.5080435145330371,-7.348190633329314,20089U
2025-06-29T22:17:17.816536,-3827.239036133389,6143.116575774568,-498.41578622666594,-0.5459918305084885,-0.894880294597974,-7.330691687022853,20089U
2025-06-29T22:18:17.816536,-3852.782197046112,6077.908011582741,-937.0406008078885,-0.30522473485929696,-1.2780072645336886,-7.285578313797771,20089U
2025-06-29T22:19:17.816536,-3863.8469804177385,5989.859301500166,-1372.1353669363577,-0.06352811369760283,-1.6559885255823605,-7.213070305778538,20089U
2025-06-29T22:20:17.816536,-3860.4049369450595,5879.321665491883,-1802.065625872727,0.17818816541039897,-2.0274130820058027,-7.113490234298059,20089U
2025-06-29T22:21:17.816536,-3842.4821155070035,5746.730091919788,-2225.2193080785623,0.41901774836855293,-2.390900130686373,-6.987261346102935,20089U
2025-06-29T22:22:17.816536,-3810.158747306914,5592.601372672207,-2640.012697464669,0.6580612583585242,-2.745104122650316,-6.834905056560418,20089U
2025-06-29T22:23:17.816536,-3763.5687254223917,5417.531842673362,-3044.896233825869,0.8944296614409033,-3.0887195735212933,-6.657038070135391,20089U
2025-06-29T22:24:17.816536,-3702.8988861775874,5222.194839408972,-3438.360132255049,1.1272475174983827,-3.4204856039679115,-6.454369161043812,20089U
2025-06-29T22:25:17.816536,-3628.388099649633,5007.337899080991,-3818.939800349453,1.3556561023856024,-3.7391901954617452,-6.227695648892066,20089U
2025-06-29T22:26:17.816536,-3540.326177371004,4773.779706717905,-4185.221036142431,1.5788163896524467,-4.043674151029832,-5.977899605231048,20089U
2025-06-29T22:27:17.816536,-3439.052605890745,4522.406818031643,-4535.84499182955,1.7959118828068927,-4.332834755021223,-5.705943827290098,20089U
2025-06-29T22:28:17.816536,-3324.955115300418,4254.170171017662,-4869.51289050044,2.0061512917312387,-4.605629130130438,-5.4128676147003105,20089U
2025-06-29T22:29:17.816536,-3198.468092122725,3970.0814052692735,-5184.990485159259,2.2087710494730977,-4.861077293895718,-5.0997823838161,20089U
2025-06-29T22:30:17.816536,-3060.070846100408,3671.2090067239674,-5481.112251303523,2.4030376681471592,-5.098264920541238,-4.767867152331644,20089U
2025-06-29T22:31:17.816536,-2910.2857404237743,3358.6742951135384,-5756.785306174277,2.5882499350287933,-5.316345817252048,-4.418363924347381,20089U
2025-06-29T22:32:17.816536,-2749.6761948060225,3033.6472707708276,-6010.9930494700175,2.763740952043791,-5.514544126693378,-4.052573002947286,20089U
2025-06-29T22:33:17.816536,-2578.8445705729137,2697.342336689707,-6242.798521798102,2.9288800237034747,-5.692156269743338,-3.6718482538049804,20089U
2025-06-29T22:34:17.816536,-2398.429946592508,2351.0139108703197,-6451.347478404163,3.083074400058672,-5.84855264395768,-3.2775923394497886,20089U
2025-06-29T22:35:17.816536,-2209.1057944579,1995.951943057142,-6635.871176747111,3.225770882407746,-5.98317909418936,-2.871251939727022,20089U
2025-06-29T22:36:17.816536,-2011.5775608609351,1633.4773490078271,-6795.688877283881,3.3564573002779485,-6.0955581720450525,-2.45431296977827,20089U
2025-06-29T22:37:17.816536,-1806.5801645957927,1264.9373744829609,-6930.210057371198,3.4746638685755133,-6.185290200463869,-2.028295802708291,20089U
2025-06-29T22:38:17.816536,-1594.875415115057,891.7009002262499,-7038.936338508358,3.579964433778242,-6.252054158689361,-1.5947505000858626,20089U
2025-06-29T22:39:17.816536,-1377.2493590641673,515.1536983717828,-7121.463127232023,3.6719776176189742,-6.295608401301435,-1.1552520496978704,20089U
2025-06-29T22:40:17.816536,-1154.509560753573,136.69364998045205,-7177.480969861132,3.7503678659046797,-6.315791222844228,-0.7113956066293907,20089U
2025-06-29T22:41:17.816536,-927.4823221246891,-242.2740671794176,-7206.776620995655,3.814846408955108,-6.312521276993677,-0.264791730906212,20089U
2025-06-29T22:42:17.816536,-697.0098474287078,-620.3418119354709,-7209.233825234481,3.865172138670956,-6.285797856243058,0.18293838733020212,20089U
2025-06-29T22:43:17.816536,-463.94735760521735,-996.1043256704648,-7184.833811023799,3.9011524054927014,-6.235701034836276,0.6301677257218731,20089U
2025-06-29T22:44:17.816536,-229.16015920791583,-1368.163582584049,-7133.6554949243855,3.9226437365512985,-6.162391674254228,1.0752682621540537,20089U
2025-06-29T22:45:17.816536,6.479327283908581,-1735.1336357569608,-7055.875393931112,3.929552474193408,-6.066111287067801,1.5166158533499983,20089U
2025-06-29T22:46:17.816536,242.09457482558815,-2095.6454501894746,-6951.767242837899,3.921835331860286,-5.947181751525811,1.9525951705017814,20089U
2025-06-29T22:47:17.816536,476.8079876530008,-2448.3517134443,-6821.701313061812,3.8994998620775854,-5.806004865966027,2.381604701359151,20089U
2025-06-29T22:48:17.816536,709.7439640695992,-2791.9316138182558,-6666.143428861295,3.8626048291478066,-5.643061729129902,2.8020618259824985,20089U
2025-06-29T22:49:17.816536,940.031978136485,-3125.095575077013,-6485.653676555308,3.811260477100445,-5.458911929844092,3.2124079704124715,20089U
2025-06-29T22:50:17.816536,1166.8096736297618,-3446.589935770645,-6280.884802204906,3.7456286816195488,-5.25419252739694,3.611113838924961,20089U
2025-06-29T22:51:17.816536,1389.225962923984,-3755.2015600101745,-6052.580293299667,3.665922973101777,-5.0296168023844725,3.9966847213834877,20089U
2025-06-29T22:52:17.816536,1606.4441226767203,-4049.7623653795263,-5801.57214032096,3.5724084167632677,-4.785972756896857,4.367665867599698,20089U
2025-06-29T22:53:17.816536,1817.644877335808,-4329.153752406162,-5528.7782746661005,3.4654013348670825,-4.5241213427331,4.722647915668984,20089U
2025-06-29T22:54:17.816536,2022.029460600168,-4592.310918773094,-5235.199680321976,3.3452688557299437,-4.244994396905005,5.060272356115473,20089U
2025-06-29T22:55:17.816536,2218.822644062191,-4838.227040267015,-4921.917177881251,3.2124282742217756,-3.949592265041398,5.379237008502741,20089U
2025-06-29T22:56:17.816536,2407.2757213626037,-5065.957299355478,-4590.087881012952,3.067346209022667,-3.6389810954448163,5.67830148208195,20089U
2025-06-29T22:57:17.816536,2586.66943534442,-5274.6227413397655,-4240.941327300281,2.9105375429500584,-3.3142897894404637,5.956292587244363,20089U
2025-06-29T22:58:17.816536,2756.3168349106345,-5463.413937256674,-3875.775287451649,2.742564134221002,-2.976706597272551,6.212109660141278,20089U
2025-06-29T22:59:17.816536,2915.5660476198323,-5631.594432169309,-3495.9512592192896,2.56403328853821,-2.627475353050148,6.444729759013177,20089U
2025-06-29T23:00:17.816536,3063.802953503276,-5778.503957206858,-3102.8896549200936,2.3755959843642476,-2.2678913470646194,6.653212687637305,20089U
2025-06-29T23:01:17.816536,3200.453745201559,-5903.561383740872,-2698.064694167202,2.177944846612128,-1.8992968390520863,6.8367057990102955,20089U
2025-06-29T23:02:17.816536,3324.9873593037814,-6006.267398426057,-2282.9990162709464,1.971811867185595,-1.5230762215624951,6.994448531005407,20089U
2025-06-29T23:03:17.816536,3436.917763761229,-6086.206878519972,-1859.2580296660888,1.7579658742604296,-1.1406508483527933,7.125776625380382,20089U
2025-06-29T23:04:17.816536,3535.8060864428116,-6143.050947924871,-1428.4440186368795,1.5372097558388156,-0.7534735485226614,7.230125982194934,20089U
2025-06-29T23:05:17.816536,3621.262570321457,-6176.558695775963,-992.1900304480301,1.3103774468256262,-0.3630228527737329,7.307036103460184,20089U
2025-06-29T23:06:17.816536,3692.9483414225733,-6186.578541114871,-552.153568714175,1.0783306925861829,0.029203036430319393,7.356153082660221,20089U
2025-06-29T23:07:17.816536,3750.576976533845,-6173.04922922269,-110.01012135896369,0.8419556055358275,0.4216924940741094,7.377232100624673,20089U
2025-06-29T23:08:17.816536,3793.9158587551256,-6136.0004475096,332.5534462061183,0.6021590346978183,0.8129269000539225,7.370139393004463,20089U
2025-06-29T23:09:17.816536,3822.787310247707,-6075.55305143426,773.8456000930579,0.35986477124181887,1.201387200099031,7.334853660209487,20089U
2025-06-29T23:10:17.816536,3837.0694930010745,-5991.918893708271,1212.176914935752,0.11600961570563122,1.5855605524789493,7.271466896967639,20089U
2025-06-29T23:11:17.816536,3836.6970700483503,-5885.400252979101,1645.8668834657444,-0.128460665177477,1.9639470108491206,7.180184625501868,20089U
2025-06-29T23:12:17.816536,3821.661621298322,-5756.388861222524,2073.2507224646847,-0.3725954624247443,2.335066192553245,7.0613255235187475,20089U
2025-06-29T23:13:17.816536,3792.0118099793144,-5605.364532152847,2492.6861385561956,-0.6154434987798544,2.6974638816517484,6.915320445566833,20089U
2025-06-29T23:14:17.816536,3747.853297571724,-5432.8933960165095,2902.5600174080528,-0.8560570214481751,3.0497185168652834,6.742710843660708,20089U
2025-06-29T23:15:17.816536,3689.3484070048166,-5239.625749110818,3301.29500047256,-1.0934959824011385,3.39044751648313,6.544146600180374,20089U
2025-06-29T23:16:17.816536,3616.7155357722386,-5026.293529210977,3687.3559143716175,-1.3268321757304682,3.718313395015177,6.320383292760821,20089U
2025-06-29T23:17:17.816536,3530.2283224416065,-4793.707430735959,4059.25601941952,-1.5551533027717863,4.0320296298828175,6.072278917003805,20089U
2025-06-29T23:18:17.816536,3430.2145717659773,-4542.753675902489,4415.56304550514,-1.7775669374588565,4.330366240607292,5.800790098233066,20089U
2025-06-29T23:19:17.816536,3317.0549452146197,-4274.390460255882,4754.904985606093,-1.9932043665647883,4.6121550476498285,5.506967828038278,20089U
2025-06-29T23:20:17.816536,3191.1814252052604,-3989.6440928104944,5075.975619498661,-2.2012242820389387,4.8762945831095035,5.191952764932396,20089U
2025-06-29T23:21:17.816536,3053.0755626157506,-3689.604852550685,5377.53974271806,-2.4008163054792315,5.121754630745801,4.856970141012362,20089U
2025-06-29T23:22:17.816536,2903.266518271296,-3375.4225842424194,5658.4380784293,-2.5912043277773997,5.347580378079527,4.503324318060727,20089U
2025-06-29T23:23:17.816536,2742.3289100269676,-3048.302057368377,5917.591852550726,-2.7716496500529426,5.552896168496289,4.132393037051419,20089U
2025-06-29T23:24:17.816536,2570.880477805414,-2709.4981125647273,6154.007015137417,-2.9414539150303582,5.736908846153569,3.745621404610681,20089U
2025-06-29T23:25:17.816536,2389.5795794971023,-2360.310620198,6366.778093655182,-3.099961820937462,5.898910690965507,3.3445156586892346,20089U
2025-06-29T23:26:17.816536,2199.1225310107484,-2002.0792757369254,6555.091666276296,-3.2465636127030626,6.038281944870199,2.9306367536772164,20089U
2025-06-29T23:27:17.816536,2000.2408039756338,-1636.1782563515649,6718.229445690294,-3.3806973476532085,6.15449293390513,2.505593802545564,20089U
2025-06-29T23:28:17.816536,1793.6980946837518,-1264.0107627880404,6855.570966088532,-3.5018509349681355,6.247105793247691,2.0710374105280023,20089U
2025-06-29T23:29:17.816536,1580.287277819254,-887.0034700226349,6966.595867954457,-3.6095639498437797,6.315775804311576,1.6286529314873617,20089U
2025-06-29T23:30:17.816536,1360.827258409988,-506.6009095922083,7050.885777033258,-3.7034292245560834,6.360252354208016,1.1801536746745296,20089U
2025-06-29T23:31:17.816536,1136.1597352441759,-124.25980581083634,7108.125775394537,-3.7830942194725736,6.380379528437096,0.7272740861858075,20089U
2025-06-29T23:32:17.816536,907.1458887867713,258.5566125787935,7138.105463822989,-3.848262177484331,6.376096347613118,0.27176292628886656,20089U
2025-06-29T23:33:17.816536,674.6630063952532,640.3843044322526,7140.719615917781,-3.898693065395729,6.347436658449452,-0.1846235390134012,20089U
2025-06-29T23:34:17.816536,439.6010574248286,1019.7640916024241,7115.968425264145,-3.9342043055410074,6.294528688230998,-0.640128316102208,20089U
2025-06-29T23:35:17.816536,202.85923062237006,1395.2472979251968,7063.957347904028,-3.9546713003693856,6.217594270712966,-1.0930004172086534,20089U
2025-06-29T23:36:17.816536,-34.65755392626275,1765.401332414486,6984.8965431121605,-3.9600277520178024,6.116947749933905,-1.5415015359827597,20089U
2025-06-29T23:37:17.816536,-272.0421461256507,2128.815197621804,6879.099916221024,-3.950265778057714,5.992994566951655,-1.983912652395018,20089U
2025-06-29T23:38:17.816536,-508.3886683332046,2484.1049043354983,6746.983767974659,-3.9254358237362497,5.846229533137038,-2.4185405540143714,20089U
2025-06-29T23:39:17.816536,-742.7960067876883,2829.9187739432114,6589.065055666299,-3.8856463702180113,5.677234792512536,-2.843724259942794,20089U
2025-06-29T23:40:17.816536,-974.3712797650455,3164.942609867221,6405.9592721610325,-3.831063437645524,5.48667747480912,-3.257841332406064,20089U
2025-06-29T23:41:17.816536,-1202.2332701104663,3487.9047195268786,6198.377949854094,-3.761909881344726,5.275307040524631,-3.6593140592969275,20089U
2025-06-29T23:42:17.816536,-1425.5158096629227,3797.5807683237567,5967.125797686328,-3.6784644792640155,5.043952319366457,-4.046615488970263,20089U
2025-06-29T23:43:17.816536,-1643.3711029489025,4092.7984472087874,5713.097480548328,-3.581060808797795,4.793518244093214,-4.418275296424973,20089U
2025-06-29T23:44:17.816536,-1854.9729774050738,4372.4419355239315,5437.274051747383,-3.4700859115345954,4.524982282941236,-4.772885457833464,20089U
2025-06-29T23:45:17.816536,-2059.5200472967017,4635.456141020245,5140.719050704271,-3.3459787452082934,4.2393905755404315,-5.109105708305709,20089U
2025-06-29T23:46:17.816536,-2256.238778484427,4880.8506993169285,4824.574279639403,-3.209228423202686,3.9378537794178605,-5.425668755998954,20089U
2025-06-29T23:47:17.816536,-2444.386441237245,5107.703715556384,4490.055274721831,-3.0603722433635596,3.6215426368384778,-5.721385224266641,20089U
2025-06-29T23:48:17.816536,-2623.253938450195,5315.165231701243,4138.446488918498,-2.8999935095593705,3.291683274716916,-5.995148292657802,20089U
2025-06-29T23:49:17.816536,-2792.168496890333,5502.4604037941335,3771.09620558948,-2.7287191513665987,2.949552253584415,-6.245938007279867,20089U
2025-06-29T23:50:17.816536,-2950.4962094917037,5668.8923745877655,3389.4112036709093,-2.547217149375745,2.596471384982366,-6.4728252314164925,20089U
2025-06-29T23:51:17.816536,-3097.6444172533634,5813.844828251362,2994.8511970286,-2.3561937758515326,2.2338023400612794,-6.674975208384369,20089U
2025-06-29T23:52:17.816536,-3233.0639199640673,5936.784215359427,2588.923072218745,-2.156390662770005,1.8629410754796918,-6.851650710427574,20089U
2025-06-29T23:53:17.816536,-3356.2510057917475,6037.261638069323,2173.174950392374,-1.948581711510507,1.4853121057813765,-7.002214749985314,20089U
2025-06-29T23:54:17.816536,-3466.7492907195037,6114.914387264992,1749.1901004068368,-1.7335698606364913,1.102362654187778,-7.126132832874091,20089U
2025-06-29T23:55:17.816536,-3564.1513598795636,6169.467125466714,1318.580731311103,-1.512183730178409,0.71555671606179,-7.222974736742166,20089U
2025-06-29T23:56:17.816536,-3648.100204018533,6200.732711449916,882.98169321186,-1.2852741625630675,0.32636907108387947,-7.292415802494181,20089U
2025-06-29T23:57:17.816536,-3718.2904455971775,6208.612664738951,444.04411610100084,-1.0537106817696502,-0.06372071861795797,-7.334237731133244,20089U
2025-06-29T23:58:17.816536,-3774.4693503740023,6193.09727041223,3.4290164836436334,-0.818377893368686,-0.45323428660513976,-7.3483288835143705,20089U
2025-06-29T23:59:17.816536,-3816.4376217133386,6154.265326927324,-437.19909839722067,-0.5801718487911365,-0.8407003788857826,-7.334684085707677,20089U
2025-06-30T00:00:17.816536,-3844.049976275183,6092.283541909877,-876.178599307245,-0.33999639744645593,-1.2246606724721247,-7.293403947898709,20089U
2025-06-30T00:01:17.816536,-3857.2155011581917,6007.405583005943,-1311.8570479785947,-0.09875955015227937,-1.6036754604183807,-7.224693709866857,20089U
2025-06-30T00:02:17.816536,-3855.897793953101,5899.970792936209,-1742.5974264856652,0.14263012324420388,-1.9763291701586172,-7.128861630946778,20089U
2025-06-30T00:03:17.816536,-3840.1148884980907,5770.402579776323,-2166.7842564874427,0.38326704016984836,-2.3412356846915787,-7.006316946866886,20089U
2025-06-30T00:04:17.816536,-3809.9389703848055,5619.206495186253,-2582.8295832829754,0.6222520750593469,-2.697043439409869,-6.857567419854997,20089U
2025-06-30T00:05:17.816536,-3765.495887424385,5446.9680148025445,-2989.1788013201985,0.8586959337533806,-3.0424402710367895,-6.683216511811407,20089U
2025-06-30T00:06:17.816536,-3706.964461327149,5254.350036261923,-3384.3162996863116,1.0917224158372496,-3.3761579991497865,-6.483960213085024,20089U
2025-06-30T00:07:17.816536,-3634.575607763152,5042.090111334301,-3766.770908115395,1.3204715504779194,-3.696976725000225,-6.260583561393291,20089U
2025-06-30T00:08:17.816536,-3548.6112727418636,4810.997429398283,-4135.121126146532,1.5441025937847894,-4.003728836687329,-6.013956886660619,20089U
2025-06-30T00:09:17.816536,-3449.4031938686267,4561.949569986124,-4488.000120211095,1.761796878308873,-4.295302714098319,-5.745031817989988,20089U
2025-06-30T00:10:17.816536,-3337.3314955026954,4295.889042374334,-4824.100475555677,1.972760507924621,-4.570646131258544,-5.454837088645234,20089U
2025-06-30T00:11:17.816536,-3212.8231271522195,4013.819630196027,-5142.178692000695,2.1762268939562897,-4.828769357759647,-5.1444741738168815,20089U
2025-06-30T00:12:17.816536,-3076.350154604669,3716.8025588356613,-5441.05941452371,2.3714591309297304,-5.068747964626436,-4.815112794137293,20089U
2025-06-30T00:13:17.816536,-2928.4279133094524,3405.952502941643,-5719.639391527093,2.557752212701998,-5.289725343273005,-4.467986315449515,20089U
2025-06-30T00:14:17.816536,-2769.6130334208324,3082.4334508025845,-5976.8911553450835,2.7344350918692,-5.490914948988773,-4.10438707232103,20089U
2025-06-30T00:15:17.816536,-2600.501345681148,2747.4544415906516,-6211.866421059135,2.9008725872388417,-5.671602282638382,-3.7256616393059034,20089U
2025-06-30T00:16:17.816536,-2421.7256769987266,2402.265190628088,-6423.699200983377,3.0564671457188535,-5.831146625893224,-3.3332060701201547,20089U
2025-06-30T00:17:17.816536,-2233.953544172104,2048.1516169143556,-6611.608633243467,3.200660466188315,-5.968982546308701,-2.928461120822485,20089U
2025-06-30T00:18:17.816536,-2037.8847537488218,1686.4312861918413,-6774.901523697504,3.3329349937493156,-6.084621188909161,-2.512907468901374,20089U
2025-06-30T00:19:17.816536,-1834.2489155037565,1318.4487818609618,-6912.974601032837,3.452815293198604,-6.177651370641379,-2.0880609359821296,20089U
2025-06-30T00:20:17.816536,-1623.8028765247807,945.5710151604557,-7025.316485204685,3.5598693105798356,-6.247740493116758,-1.6554677178597572,20089U
2025-06-30T00:21:17.816536,-1407.328082374117,569.1824851447836,-7111.509369518735,3.653709531323074,-6.294635287550291,-1.216699621747466,20089U
2025-06-30T00:22:17.816536,-1185.6278713420793,190.6804982758624,-7171.230416557724,3.733994042715376,-6.318162403731738,-0.7733493072670458,20089U
2025-06-30T00:23:17.816536,-959.5247073838964,-188.52964318720973,-7204.252867891003,3.8004275073436724,-6.318228852337971,-0.3270255247673819,20089U
2025-06-30T00:24:17.816536,-729.8573569962402,-567.0394752595182,-7210.446867080058,3.8527620527157995,-6.294822306972022,0.12065165776652449,20089U
2025-06-30T00:25:17.816536,-497.4780150348184,-943.4422203082642,-7189.779994956988,3.8907980805588327,-6.248011269100557,0.5680556496435846,20089U
2025-06-30T00:26:17.816536,-263.2493843259289,-1316.3376407739986,-7142.317515535357,3.9143849973615334,-6.177945095652239,1.013558165634645,20089U
2025-06-30T00:27:17.816536,-28.04171390040105,-1684.3368900513149,-7068.222330261133,3.923421865630615,-6.0848538855502525,1.4555340989709136,20089U
2025-06-30T00:28:17.816536,207.27019923688684,-2046.0673517470757,-6967.754637667482,3.917857973139637,-5.969048217991751,1.8923664502028699,20089U
2025-06-30T00:29:17.816536,441.8100396637989,-2400.177458019071,-6841.271294906165,3.8976933152279765,-5.8309187319748235,2.3224513215780003,20089U
2025-06-30T00:30:17.816536,674.7030289384836,-2745.341477005611,-6689.2248771362665,3.862978983033466,-5.670935533522848,2.7442029844689513,20089U
2025-06-30T00:31:17.816536,905.0790008825048,-3080.26425849802,-6512.162430398439,3.8138174484862812,-5.489647414374922,3.1560590245370252,20089U
2025-06-30T00:32:17.816536,1132.0754902077801,-3403.685926000891,-6310.723913432139,3.7503627350268207,-5.287680863704005,3.5564855658062617,20089U
2025-06-30T00:33:17.816536,1354.8408272537745,-3714.386502199906,-6085.640323942894,3.672820461404893,-5.065738852786091,3.9439825707365403,20089U
2025-06-30T00:34:17.816536,1572.5372308294855,-4011.1904536591032,-5837.73150512087,3.5814477446350024,-4.824599371545569,4.317089208837285,20089U
2025-06-30T00:35:17.816536,1784.3438903083122,-4292.9711393180605,-5567.903628786767,3.476552947280774,-4.565113695618941,4.67438928145342,20089U
2025-06-30T00:36:17.816536,1989.4600272397504,-4558.655146116389,-5277.1463524039755,3.3584952537662303,-4.288204363045727,5.01451668524104,20089U
2025-06-30T00:37:17.816536,2187.10792583567,-4807.226493868212,-4966.529648365435,3.2276840604019865,-3.9948628409451015,5.336160891660224,20089U
2025-06-30T00:38:17.816536,2376.5359207951788,-5037.730690398742,-4637.200305434636,3.0845781642932724,-3.6861468645670663,5.638072414712244,20089U
2025-06-30T00:39:17.816536,2557.021330072975,-5249.27861697522,-4290.378103994653,2.92968473727933,-3.3631774339072362,5.919068234282822,20089U
2025-06-30T00:40:17.816536,2727.873319410923,-5441.050223272861,-3927.3516688050936,2.7635580725313718,-3.027135456588756,6.17803713799492,20089U
2025-06-30T00:41:17.816536,2888.435684758961,-5612.298010538938,-3549.474005278691,2.586798093400505,-2.6792580298968085,6.413944940552436,20089U
2025-06-30T00:42:17.816536,3038.089538148661,-5762.350281308506,-3158.1577278119375,2.4000486165162798,-2.320834359595788,6.625839536330391,20089U
2025-06-30T00:43:17.816536,3176.2558821686916,-5890.6141340036775,-2754.869991411956,2.2039953639529215,-1.9532013183750336,6.8128557385456245,20089U
2025-06-30T00:44:17.816536,3302.398057955292,-5996.578181049584,-2341.127140691069,1.9993637224365268,-1.577738652319926,6.9742198568408105,20089U
2025-06-30T00:45:17.816536,3416.024051568517,-6079.81496977728,-1918.4890932030892,1.7869162509945882,-1.1958638495596723,7.109253964607224,20089U
2025-06-30T00:46:17.816536,3516.688643791472,-6139.983086368141,-1488.5534770136885,1.567449942067717,-0.8090266910552668,7.217379807913194,20089U
2025-06-30T00:47:17.816536,3603.995388781085,-6176.828924430536,-1052.9495452460608,1.3417932448109395,-0.41870350918610644,7.298122309525795,20089U
2025-06-30T00:48:17.816536,3677.5984076083428,-6190.188101470876,-613.3318930941256,1.1108028630297473,-0.026391185248463157,7.351112624191617,20089U
2025-06-30T00:49:17.816536,3737.2039835638993,-6179.986508518564,-171.37400534504533,0.8753603438058676,0.36639907799543014,7.3760907050522135,20089U
2025-06-30T00:50:17.816536,3782.571947155566,-6146.240980453033,271.2383352340517,0.6363684762837823,0.7581481681021451,7.372907345727539,20089U
2025-06-30T00:51:17.816536,3813.5168399761537,-6089.0595771289045,712.8137462761382,0.39474752321441053,1.1473356146576552,7.3415256681067405,20089U
2025-06-30T00:52:17.816536,3829.908848056082,-6008.641468156586,1151.6620169350515,0.15143131059535428,1.5324462335157607,7.282022032108651,20089U
2025-06-30T00:53:17.816536,3831.6744969069186,-5905.276417120035,1586.1009164532518,-0.09263679696411146,1.91197681405859,7.194586350455786,20089U
2025-06-30T00:54:17.816536,3818.79710218289,-5779.343864045131,2014.4630040361915,-0.3365080057539927,2.2844427988092337,7.079521798671937,20089U
2025-06-30T00:55:17.816536,3791.316971702719,-5631.311608012281,2435.102403493886,-0.5792322567481281,2.6483849045432586,6.937243917874581,20089U
2025-06-30T00:56:17.816536,3749.3313564495247,-5461.734094873936,2846.401506160793,-0.8198624124517179,3.0023756348384127,6.76827911529284,20089U
2025-06-30T00:57:17.816536,3692.9941500635423,-5271.250318033973,3246.777566100222,-1.0574584355967578,3.3450256357387245,6.573262574605158,20089U
2025-06-30T00:58:17.816536,3622.5153382246835,-5060.581343110393,3634.6891525297756,-1.291091529064852,3.674989848834808,6.352935594966288,20089U
2025-06-30T00:59:17.816536,3538.1602011518685,-4830.527469985197,4008.64242573452,-1.5198482075767887,3.990973419479876,6.108142383807016,20089U
2025-06-30T01:00:17.816536,3440.2482741905296,-4581.965048198191,4367.197204426666,-1.7428342733668365,4.291737321955489,5.8398263339883645,20089U
2025-06-30T01:01:17.816536,3329.1520730873076,-4315.8429638265425,4708.972794518889,-1.9591786701931055,4.57610366803762,5.549025820546197,20089U
2025-06-30T01:02:17.816536,3205.2955920340455,-4033.178817873964,5032.65355155113,-2.1680371925480557,4.842960670441642,5.236869555970686,20089U
2025-06-30T01:03:17.816536,3069.1525838840125,-3735.0548177649794,5336.994151471425,-2.368596029724177,5.091267237868456,4.904571545678488,20089U
2025-06-30T01:04:17.816536,2921.2446330827624,-3422.61340477589,5620.824547077929,-2.560075127375986,5.320057183684434,4.553425687013288,20089U
2025-06-30T01:05:17.816536,2762.1390328078173,-3097.0526411485885,5883.054590099902,-2.7417313522866276,5.528443035466425,4.1848000557778935,20089U
2025-06-30T01:06:17.816536,2592.4464785733107,-2759.621381232462,6122.678301574802,-2.912861449100069,5.715619437581841,3.800130924003902,20089U
2025-06-30T01:07:17.816536,2412.818591130256,-2411.614251303725,6338.777775809323,-3.0728047807204786,5.880866143513949,3.4009165514855644,20089U
2025-06-30T01:08:17.816536,2223.945281892116,-2054.3664627524176,6530.526705738801,-3.2209458468184486,6.023550598663643,2.988710791660999,20089U
2025-06-30T01:09:17.816536,2026.5519743504954,-1689.2484831345168,6697.1935198824785,-3.3567165773449656,6.143130117771679,2.5651165498481343,20089U
2025-06-30T01:10:17.816536,1821.3966950560252,-1317.6605892354014,6838.144123281187,-3.4795984000635887,6.239153663833922,2.1317791288332053,20089U
2025-06-30T01:11:17.816536,1609.2670476919404,-941.0273257221995,6952.844236825629,-3.5891240828626647,6.311263237430328,1.6903794934161078,20089U
2025-06-30T01:12:17.816536,1390.9770836916637,-560.7918924129705,7040.861331130882,-3.6848793529024975,6.359194886685667,1.2426274821363932,20089U
2025-06-30T01:13:17.816536,1167.3640826467856,-178.41048246875823,7101.866152701862,-3.766504295571083,6.382779348741544,0.7902549909333144,20089U
2025-06-30T01:14:17.816536,939.2852555505481,204.65340684107835,7135.63384147583,-3.833694536700659,6.381942333631058,0.3350091503222955,20089U
2025-06-30T01:15:17.816536,707.6143836906778,586.9346698127072,7142.0446399968305,-3.886202211609845,6.3567044609340755,-0.12135448518646409,20089U
2025-06-30T01:16:17.816536,473.23840578620474,966.9722740358741,7121.084195480877,-3.9238367243125913,6.307180858643301,-0.5770787190816857,20089U
2025-06-30T01:17:17.816536,237.05396577039843,1343.314908318983,7072.84345690685,-3.9464652997393554,6.233580432411463,-1.0304114517334737,20089U
2025-06-30T01:18:17.816536,-0.03606652481727873,1714.5265773848682,6997.518170055114,-3.9540133311164403,6.13620481190968,-1.4796123628365456,20089U
2025-06-30T01:19:17.816536,-237.12608962591355,2079.192124250273,6895.40797415531,-3.946464523827247,6.015446979540475,-1.9229595246425677,20089U
2025-06-30T01:20:17.816536,-473.31126749859743,2435.922661443337,6766.915104537063,-3.9238608362130143,5.8717895853482425,-2.3587559331233954,20089U
2025-06-30T01:21:17.816536,-707.6910173188932,2783.360892371322,6612.542706442356,-3.8863022169438786,5.705802950779412,-2.785335943522397,20089U
2025-06-30T01:22:17.816536,-939.3724757348198,3120.186304243393,6432.892765991407,-3.833946137880127,5.51814276307446,-3.2010715955376567,20089U
2025-06-30T01:23:17.816536,-1167.473931314206,3445.1202140054743,6228.663665224207,-3.7670069208191093,5.309547461615144,-3.604378811735464,20089U
2025-06-30T01:24:17.816536,-1391.1282107424258,3756.930648782336,6000.6473691917945,-3.685754856244982,5.080835317575202,-3.9937234508282202,20089U
2025-06-30T01:25:17.816536,-1609.4860061976276,4054.437042384935,5749.726254256125,-3.5905151122131205,4.832901208772052,-4.3676271953079375,20089U
2025-06-30T01:26:17.816536,-1821.7191312051941,4336.514729556072,5476.869588083938,-3.48166643184143,4.566713092713529,-4.724673250738001,20089U
2025-06-30T01:27:17.816536,-2027.0236921834055,4602.0992198343365,5183.129673281785,-3.3596396185627224,4.283308182465745,-5.0635118319234005,20089U
2025-06-30T01:28:17.816536,-2224.6231628566306,4850.190233243318,4869.637668206292,-3.224915809317233,3.9837888321050077,-5.382865409338763,20089U
2025-06-30T01:29:17.816536,-2413.771348756947,5079.855480495749,4537.599100168947,-3.0780245372134223,3.669318141093927,-5.681533687733554,20089U
2025-06-30T01:30:17.816536,-2593.7552291701445,5290.234171053494,4188.289088020137,-2.9195415868328203,3.341115289871592,-5.958398287857152,20089U
2025-06-30T01:31:17.816536,-2763.897664136305,5480.5402332386475,3823.047292891757,-2.750086647248849,3.0004506221568903,-6.212427101868667,20089U
2025-06-30T01:32:17.816536,-2923.559954488769,5650.065231643373,3443.2726176784518,-2.570320769921888,2.6486404928398395,-6.442678293270187,20089U
2025-06-30T01:33:17.816536,-3072.144243427815,5798.180968354397,3050.417677586996,-2.3809436408517985,2.287041903745714,-6.648303913190339,20089U
2025-06-30T01:34:17.816536,-3209.095748774027,5924.341755979781,2645.983065747783,-2.1826906786483873,1.9170469528892122,-6.8285531065553124,20089U
2025-06-30T01:35:17.816536,-3333.9048158386863,6028.08635213792,2231.511439402584,-1.9763299724377286,1.540077125956132,-6.982774884118189,20089U
2025-06-30T01:36:17.816536,-3446.108781768351,6109.039546912833,1808.5814535430704,-1.7626590756954523,1.1575774615677636,-7.110420439422674,20089U
2025-06-30T01:37:17.816536,-3545.2936432751694,6166.913396785736,1378.8015699965565,-1.5425016740950261,0.7710106242570369,-7.21104499351355,20089U
2025-06-30T01:38:17.816536,-3631.095520823756,6201.508100675987,943.8037708432222,-1.3167041472297334,0.38185092095939105,-7.284309154466825,20089U
2025-06-30T01:39:17.816536,-3703.2019136017702,6212.712515937827,505.23720566023434,-1.0861320455447472,-0.008421701892516793,-7.32997978350623,20089U
2025-06-30T01:40:17.816536,-3761.3527409350245,6200.50431442524,64.76180238551856,-0.8516665049399575,-0.3983276429522324,-7.347930364479645,20089U
2025-06-30T01:41:17.816536,-3805.3411671892486,6164.949781008875,-375.95812840148545,-0.6142006222530341,-0.7863935745345553,-7.338140878650637,20089U
2025-06-30T01:42:17.816536,-3835.014208611521,6106.203259170972,-815.2602663039063,-0.37463581516418804,-1.1711582782236032,-7.300697191987881,20089U
2025-06-30T01:43:17.816536,-3850.27312197647,6024.506250473039,-1251.490602185046,-0.13387818997131376,-1.5511783519585636,-7.235789967266836,20089U
2025-06-30T01:44:17.816536,-3851.0735762904487,5920.186176746409,-1683.009679578609,0.1071650598390129,-1.9250337550963639,-7.14371311819858,20089U
2025-06-30T01:45:17.816536,-3837.425610145599,5793.654815764881,-2108.198729708399,0.34758920223177464,-2.291333160591084,-7.024861827343683,20089U
2025-06-30T01:46:17.816536,-3809.393378582384,5645.406422885463,-2525.4656748548186,0.5864954418116646,-2.64871908660766,-6.879730153637386,20089U
2025-06-30T01:47:17.816536,-3767.0946944916727,5476.015552662695,-2933.25097647844,0.8229943025773473,-2.9958727835032026,-6.708908258844317,20089U
2025-06-30T01:48:17.816536,-3710.700370646493,5286.134595732252,-3330.033306364489,1.056208901250549,-3.3315188560725555,-6.5130792850937835,20089U
2025-06-30T01:49:17.816536,-3640.4333693847,5076.491047304139,-3714.335021045029,1.2852780964344075,-3.654429605160842,-6.293015917755111,20089U
2025-06-30T01:50:17.816536,-3556.5677677529497,4847.884524394681,-4084.7274218441858,1.5093595012956371,-3.9634290770842413,-6.049576669252845,20089U
2025-06-30T01:51:17.816536,-3459.4275465642113,4601.18354946307,-4439.835785020221,1.7276323500276094,-4.25739681364906,-5.783701919978758,20089U
2025-06-30T01:52:17.816536,-3349.3852123069914,4337.32211839524,-4778.34414862094,1.939300210979731,-4.5352712998228935,-5.496409752222429,20089U
2025-06-30T01:53:17.816536,-3226.8602611776655,4057.296070816506,-5098.999844759205,2.1435935419499734,-4.79605311016233,-5.188791612048053,20089U
2025-06-30T01:54:17.816536,-3092.3174946914796,3762.1592805294654,-5400.617768019085,2.3397720856677533,-5.0388077588450795,-4.8620078323359595,20089U
2025-06-30T01:55:17.816536,-2946.2651963658573,3453.0196834758435,-5682.084372592711,2.527127105885717,-5.2626682615065326,-4.517283047834204,20089U
2025-06-30T01:56:17.816536,-2789.2531788788756,3131.0351600538256,-5942.361392466811,2.7049834666759915,-5.466837419943388,-4.155901530127336,20089U
2025-06-30T01:57:17.816536,-2621.8707108949843,2797.4092879012564,-6180.4892805159725,2.8727015594471106,-5.6505898430687935,-3.7792024670062223,20089U
2025-06-30T01:58:17.816536,-2444.7443324388964,2453.386980422236,-6395.590363682768,3.029679083807121,-5.81327371922426,-3.3885752069308657,20089U
2025-06-30T01:59:17.816536,-2258.535567306571,2100.2500254241486,-6586.87171251869,3.175352689660322,-5.9543123560407265,-2.9854544852337854,20089U
2025-06-30T02:00:17.816536,-2063.9385405502253,1739.3125372817458,-6753.627724215643,3.309199488810511,-6.073205504478246,-2.5713156445382217,20089U
2025-06-30T02:01:17.816536,-1861.677508565964,1371.916335057078,-6895.2424188846235,3.430738444845647,-6.169530483469264,-2.1476698576501003,20089U
2025-06-30T02:02:17.816536,-1652.5043088421198,999.4262581487533,-7011.1914491806,3.539531650139968,-6.242943120719623,-1.7160593572038307,20089U
2025-06-30T02:03:17.816536,-1437.1957358731438,623.2254300874301,-7101.043823569146,3.6351854985356113,-6.293178523810908,-1.2780526724152919,20089U
2025-06-30T02:04:17.816536,-1216.5508493146772,244.7104804149336,-7164.4633434300895,3.7173517615367997,-6.32005169372743,-0.8352398699331363,20089U
2025-06-30T02:05:17.816536,-991.3882200122239,-134.71326608790227,-7201.209753967907,3.7857285748064404,-6.323457990473889,-0.3892277927469235,20089U
2025-06-30T02:06:17.816536,-762.5431191901569,-513.6366240267015,-7211.139608490843,3.840061340364155,-6.303373457573079,0.05836471129899025,20089U
2025-06-30T02:07:17.816536,-530.8646558232736,-890.6513973798117,-7194.206845096865,3.8801435482152944,-6.259855009051831,0.5059115816153404,20089U
2025-06-30T02:08:17.816536,-297.21286705455367,-1264.3552364635345,-7150.4630741974215,3.9058175192390125,-6.1930404791351705,0.9517843688931014,20089U
2025-06-30T02:09:17.816536,-62.45576647037535,-1633.356493420164,-7080.057574660504,3.9169750690913823,-6.103148531380817,1.3943571026572563,20089U
2025-06-30T02:10:17.816536,172.53364487187838,-1996.2790674753817,-6983.236995708242,3.913558090698129,-5.990478420515621,1.832011213476842,20089U
2025-06-30T02:11:17.816536,406.88039957446944,-2351.767230742861,-6860.344761103115,3.8955590506961673,-5.855409596892504,2.263140519718137,20089U
2025-06-30T02:12:17.816536,639.7106117605773,-2698.490424671878,-6711.8201716507365,3.8630213930002295,-5.698401140393504,2.686156286687196,20089U
2025-06-30T02:13:17.816536,870.1545457912734,-3035.1480164041536,-6538.197201671769,3.816039840597565,-5.519991007862236,3.0994923632657767,20089U
2025-06-30T02:14:17.816536,1097.3496993848273,-3360.4740033052394,-6340.102984902634,3.754760584781365,-5.320795075874519,3.501610397706038,20089U
2025-06-30T02:15:17.816536,1320.443894016537,-3673.241652837209,-6118.255985297438,3.6793813493893417,-5.101505958927593,3.8910051302507465,20089U
2025-06-30T02:16:17.816536,1538.5983647067028,-3972.2680637342423,-5873.463848469881,3.590151316286565,-4.862891582044206,4.266209755736487,20089U
2025-06-30T02:17:17.816536,1750.9908404737018,-4256.41863320402,-5606.620930045642,3.4873708973740176,-4.605793486399559,4.625801344478568,20089U
2025-06-30T02:18:17.816536,1956.8186058458623,-4524.611413624327,-5318.705498022786,3.371391337869347,-4.331124846944793,4.968406304632716,20089U
2025-06-30T02:19:17.816536,2155.3015329234313,-4775.821340992418,-5010.776607364774,3.2426141355303746,-4.03986818214295,5.292705864040507,20089U
2025-06-30T02:20:17.816536,2345.6850725829454,-5009.084316254535,-4683.970646485571,3.1014902609030686,-3.733072737863223,5.597441544437529,20089U
2025-06-30T02:21:17.816536,2527.243192555186,-5223.501119645654,-4339.497557016549,2.948519164586127,-3.411851530174936,5.881420595999919,20089U
2025-06-30T02:22:17.816536,2699.281249306565,-5418.241137343351,-3978.636730263954,2.7842475589158475,-3.077378035214117,6.143521355672537,20089U
2025-06-30T02:23:17.816536,2861.1387799495824,-5592.545879133778,-3602.732586040528,2.609267963370446,-2.730882518392215,6.382698488721838,20089U
2025-06-30T02:24:17.816536,3012.192199824501,-5745.732265437553,-3213.18984205561,2.4242170053425753,-2.373647999898766,6.597988069624476,20089U
2025-06-30T02:25:17.816536,3151.8573909595707,-5877.195661981626,-2811.4684847336584,2.2297734706893824,-2.0070058586136863,6.788512455865575,20089U
2025-06-30T02:26:17.816536,3279.5921663532204,-5986.412640657926,-2399.078455154137,2.026656101582964,-1.63233108207024,6.9534849065859765,20089U
2025-06-30T02:27:17.816536,3394.898594953966,-6072.943445703331,-1977.5740666997242,1.8156211425751656,-1.2510371758491092,7.092213897375583,20089U
2025-06-30T02:28:17.816536,3497.325172350188,-6136.434145272981,-1548.5481739207169,1.597459639385094,-0.8645707516047489,7.204107082907706,20089U
2025-06-30T02:29:17.816536,3586.46882253937,-6176.618449768183,-1113.6261149969132,1.3729944986206482,-0.4744058186618606,7.288674860582857,20089U
2025-06-30T02:30:17.816536,3661.9767167288946,-6193.319179911627,-674.4594529357882,1.1430773203591662,-0.0820378096129807,7.345533490894953,20089U
2025-06-30T02:31:17.816536,3723.547895923849,-6186.449369518147,-232.71954323748267,0.9085850191449851,0.31102262454325974,7.37440773380707,20089U
2025-06-30T02:32:17.816536,3770.9346850799334,-6156.012990164459,209.9090418962377,0.6704162524063626,0.7032560096209052,7.375132964965205,20089U
2025-06-30T02:33:17.816536,3803.943887823884,-6102.1052874799325,651.7352006719254,0.4294876784633998,1.0931405898211313,7.347656740982707,20089U
2025-06-30T02:34:17.816536,3822.437752154773,-6024.912721519911,1091.0680662901386,0.18673006909568565,1.4791589685544901,7.292039789168932,20089U
2025-06-30T02:35:17.816536,3826.334699110586,-5924.712506591923,1526.2238138373057,-0.056915696006121216,1.859804799165206,7.208456403798372,20089U
2025-06-30T02:36:17.816536,3815.6098080879005,-5801.871748931082,1955.5324734113124,-0.3005027237374086,2.2335894749173204,7.097194238148856,20089U
2025-06-30T02:37:17.816536,3790.2950543062234,-5656.8461837018385,2377.3447129475176,-0.5430822605754786,2.599048767284657,6.958653488891217,20089U
2025-06-30T02:38:17.816536,3750.479295776194,-5490.178515880459,2790.038554202913,-0.7837078729339901,2.9547493622498715,6.793345476791441,20089U
2025-06-30T02:39:17.816536,3696.3080090255303,-5302.496372584559,3192.025985796214,-1.0214396236508307,3.2992952459354137,6.601890634893077,20089U
2025-06-30T02:40:17.816536,3627.982774722318,-5094.509877308877,3581.7594380679925,-1.2553482138930436,3.631333893396622,6.385015922195938,20089U
2025-06-30T02:41:17.816536,3545.760516172236,-4867.008859235655,3957.7380858162073,-1.4845190608534733,3.9495622177391514,6.143551687148213,20089U
2025-06-30T02:42:17.816536,3449.9524954237577,-4620.859713281786,4318.513946601371,-1.7080562832184196,4.252732240732514,5.878428010880959,20089U
2025-06-30T02:43:17.816536,3340.9230733579884,-4357.001928766097,4662.69774429534,-1.9250865684655858,4.539656450678467,5.5906705648880415,20089U
2025-06-30T02:44:17.816536,3219.088241645042,-4076.444306513563,4988.964509780714,-2.1347628985098477,4.809212818277488,5.281396021705291,20089U
2025-06-30T02:45:17.816536,3084.913935788815,-3780.2608858212266,5296.058893161652,-2.336268112979334,5.0603494464800844,4.951807059986128,20089U
2025-06-30T02:46:17.816536,2938.914139648086,-3469.5866040001024,5582.800164431254,-2.5288182923623514,5.292088835622292,4.603187007196473,20089U
2025-06-30T02:47:17.816536,2781.64879279757,-3145.6127121617064,5848.086882214061,-2.711665946330023,5.503531750381335,4.236894163949641,20089U
2025-06-30T02:48:17.816536,2613.72151287894,-2809.581971558974,6090.9012128864015,-2.884102995598229,5.693860680078515,3.8543558538292446,20089U
2025-06-30T02:49:17.816536,2435.7771456917753,-2462.783655134907,6310.31288501873,-3.045463538652105,5.862342888465293,3.457062241481717,20089U
2025-06-30T02:50:17.816536,2248.499156195588,-2106.5483790055123,6505.482766631368,-3.1951263974267197,6.008333053234824,3.0465599599080777,20089U
2025-06-30T02:51:17.816536,2052.6068738426234,-1742.2427884251001,6675.666055168179,-3.3325174385455347,6.131275499012449,2.624445585365565,20089U
2025-06-30T02:52:17.816536,1848.8526058128502,-1371.2641224980875,6820.215072286313,-3.4571116688583605,6.230706030389777,2.1923589953816527,20089U
2025-06-30T02:53:17.816536,1638.0186316408503,-995.0346812557975,6938.581657658732,-3.568435105864312,6.3062533737511,1.7519766419085223,20089U
2025-06-30T02:54:17.816536,1420.914092718445,-614.9962182896227,7030.319157706463,-3.6660664249098245,6.357640237994231,1.3050047683972616,20089U
2025-06-30T02:55:17.816536,1198.37178990777,-232.60428131613023,7095.0840068442785,-3.7496383860664677,6.384684005035924,0.8531725959671235,20089U
2025-06-30T02:56:17.816536,971.2449023320281,150.67747755160465,7132.63690016616,-3.818839044106022,6.387297061065684,0.3982255006969552,20089U
2025-06-30T02:57:17.816536,740.4036401636992,533.3830007515569,7142.843557701055,-3.8734127451622755,6.365486779073633,-0.05808179888624895,20089U
2025-06-30T02:58:17.816536,506.73184401447014,914.0495129660239,7125.675081388716,-3.9131609134857204,6.319355162277715,-0.5139920274887919,20089U
2025-06-30T02:59:17.816536,271.12354333216666,1291.2231776307326,7081.207906817703,-3.9379426312361807,6.249098156850033,-0.9677520971797143,20089U
2025-06-30T03:00:17.816536,34.47948605174604,1663.4647027824112,7009.623352562874,-3.947675013583917,6.155004640914611,-1.4176197965423076,20089U
2025-06-30T03:01:17.816536,-202.29634835390218,2029.3548771133278,6911.206770702064,-3.9423333805791483,6.037455095297505,-1.8618704120616263,20089U
2025-06-30T03:02:17.816536,-438.30024033128336,2387.500017365442,6786.346302820019,-3.9219512263853753,5.896919960084844,-2.2988032689766316,20089U
2025-06-30T03:03:17.816536,-672.6322141081788,2736.5373083603668,6635.531246564986,-3.886619985634466,5.733957679814282,-2.726748178216215,20089U
2025-06-30T03:04:17.816536,-904.3995018009992,3075.1400170678285,6459.350038641736,-3.8364885959289317,5.549212439198969,-3.144071774902466,20089U
2025-06-30T03:05:17.816536,-1132.719975506766,3402.022562168657,6258.487861039083,-3.7717628549612687,5.343411590759386,-3.54918373231085,20089U
2025-06-30T03:06:17.816536,-1356.725534993187,3715.945420610898,6033.723878319724,-3.6927045704021575,5.117362775686182,-3.940542833256312,20089U
2025-06-30T03:07:17.816536,-1575.565438462354,4015.7198527127043,5785.928114964767,-3.5996305006781864,4.871950739728544,-4.316662878746296,20089U
2025-06-30T03:08:17.816536,-1788.409563736239,4300.212427472649,5516.057983068843,-3.4929110850496,4.608133846918158,-4.6761184115537375,20089U
2025-06-30T03:09:17.816536,-1994.4515871157603,4568.349329939389,5225.154472123552,-3.372968962028927,4.326940295494185,-5.017550230256962,20089U
2025-06-30T03:10:17.816536,-2192.91206712418,4819.120432805515,4914.33801418973,-3.240277276151544,4.029464042455674,-5.339670667417015,20089U
2025-06-30T03:11:17.816536,-2383.041420370623,5051.583114839964,4584.804039438332,-3.095357774413024,3.7168604456927166,-5.641268604030394,20089U
2025-06-30T03:12:17.816536,-2564.122776898319,5264.8658094103175,4237.818238782127,-2.93877869528554,3.3903416355369944,-5.921214191357379,20089U
2025-06-30T03:13:17.816536,-2735.4747026111318,5458.171267161438,3874.7115521196947,-2.771152455086033,3.0511716307573558,-6.178463250746782,20089U
2025-06-30T03:14:17.816536,-2896.453776731223,5630.779517946067,3496.8749025065486,-2.59313313852774,2.7006612173767546,-6.412061322261898,20089U
2025-06-30T03:15:17.816536,-3046.457012728965,5782.050518336813,3105.7536983287055,-2.4054138024870797,2.3401626121005648,-6.621147333791495,20089U
2025-06-30T03:16:17.816536,-3184.9241117953575,5911.426472493218,2702.842127227529,-2.2087236042852854,1.9710639354920312,-6.804956863937468,20089U
2025-06-30T03:17:17.816536,-3311.3395386951083,6018.433815799823,2289.677267068951,-2.003824768044646,1.594783523189426,-6.962824974297442,20089U
2025-06-30T03:18:17.816536,-3425.2344107396466,6102.684852512376,1867.8330406302925,-1.7915094048615476,1.2127641063222168,-7.094188589771474,20089U
2025-06-30T03:19:17.816536,-3526.188191651511,6163.87904063222,1438.9140418341283,-1.5725962045596489,0.8264668947253152,-7.198588409167575,20089U
2025-06-30T03:20:17.816536,-3613.830183232503,6201.803919334992,1004.5492622857174,-1.3479270185916734,0.43736559850456724,-7.275670332565701,20089U
2025-06-30T03:21:17.816536,-3687.8408089906143,6216.335676483481,566.3857475095245,-1.1183633551716117,0.04694042486923892,-7.3251863965361785,20089U
2025-06-30T03:22:17.816536,-3747.9526851980213,6207.439356011269,126.08221263531304,-0.8847828089004177,-0.34332791211631175,-7.346995213268298,20089U
2025-06-30T03:23:17.816536,-3793.9514762266003,6175.168707237397,-314.69735267893435,-0.6480754479463325,-0.731964131154053,-7.341061914825558,20089U
2025-06-30T03:24:17.816536,-3825.676532410472,6119.665680419053,-754.2900605671562,-0.4091401822364069,-1.1175042356217693,-7.307457608965248,20089U
2025-06-30T03:25:17.816536,-3843.021310095557,6041.159575029065,-1191.0404535883142,-0.16888113608127833,-1.4985012419989634,-7.246358358107107,20089U
2025-06-30T03:26:17.816536,-3845.933574924161,5939.96584931884,-1623.3067576189385,0.07179595179901253,-1.8735307509908237,-7.158043697970596,20089U
2025-06-30T03:27:17.816536,-3834.415390747643,5816.484601656628,-2049.467032123628,0.3119872787591006,-2.2411963301015216,-7.042894716994941,20089U
2025-06-30T03:28:17.816536,-3808.522897833945,5671.19873588577,-2467.9251923369106,0.5507944583991445,-2.6001346795043943,-6.901391721793048,20089U
2025-06-30T03:29:17.816536,-3768.3658852212625,5504.6718244966,-2877.116879536107,0.7873279112297737,-2.9490205566158645,-6.734111517464484,20089U
2025-06-30T03:30:17.816536,-3714.1071631430395,5317.545684729642,-3275.5151574108168,1.0207101485809096,-3.286571438695532,-6.541724334520231,20089U
2025-06-30T03:31:17.816536,-3645.9617423963496,5110.537683805993,-3661.636014512343,1.2500789347129084,-3.6115519069739235,-6.3249904363808875,20089U
2025-06-30T03:32:17.816536,-3564.195828335443,4884.437790309754,-4034.043654832791,1.474590314492866,-3.922777740125768,-6.084756442862835,20089U
2025-06-30T03:33:17.816536,-3469.125637831939,4640.10538931454,-4391.355560697832,1.6934214965472518,-4.2191197092677735,-5.821951405728461,20089U
2025-06-30T03:34:17.816536,-3361.116048052234,4378.465879164361,-4732.2473142874005,1.9057735844121204,-4.499507070930915,-5.537582672257216,20089U
2025-06-30T03:35:17.816536,-3240.5790862564277,4100.507067889799,-5055.4571662005255,2.1108741508151065,-4.762930758545799,-5.232731571904296,20089U
2025-06-30T03:36:17.816536,-3107.9722700276798,3807.275387085467,-5359.790341497041,2.3079796527632324,-5.0084462767707105,-4.908548959502393,20089U
2025-06-30T03:37:17.816536,-2963.7968073997795,3499.871940707435,-5644.123075552627,2.4963776875178643,-5.235176306401378,-4.566250646181276,20089U
2025-06-30T03:38:17.816536,-2808.5956662786148,3179.448405705934,-5907.406373805494,2.6753890917430088,-5.442313030535301,-4.207112746319442,20089U
2025-06-30T03:39:17.816536,-2642.9515223591998,2847.20280070783,-6148.669491037239,2.844369888068498,-5.629120195064885,-3.832466965483411,20089U
2025-06-30T03:40:17.816536,-2467.4845944430385,2504.375138144518,-6367.023127183119,3.002713084961777,-5.794934918380379,-3.4436958505661535,20089U
2025-06-30T03:41:17.816536,-2282.850375679476,2152.2429743190273,-6561.66233779258,3.149850337111915,-5.939169266340775,-3.0422280193221116,20089U
2025-06-30T03:42:17.816536,-2089.737268822791,1792.116870981304,-6731.869158138418,3.285253474458982,-6.0613116090912635,-2.629533382361399,20089U
2025-06-30T03:43:17.816536,-1888.8641330578253,1425.335780923381,-6877.014940669464,3.408435908586683,-6.160927776218362,-2.207118366368203,20089U
2025-06-30T03:44:17.816536,-1680.977749549181,1053.262369377905,-6996.562405806118,3.5189539252605795,-6.237662025898193,-1.7765211434603365,20089U
2025-06-30T03:45:17.816536,-1466.8502122304808,677.2782818761971,-7090.067406389343,3.6164078717406754,-6.291237842425398,-1.339306867458825,20089U
2025-06-30T03:46:17.816536,-1247.2762499847854,298.7793686556404,-7157.180405954945,3.7004432467715884,-6.32145857451351,-0.897062914566271,20089U
2025-06-30T03:47:17.816536,-1023.0704858812982,-80.82912505234562,-7197.647670837369,3.7707517001872257,-6.328207924386814,-0.4513941227741245,20089U
2025-06-30T03:48:17.816536,-795.0646387939062,-460.13739398275374,-7211.312175707673,3.827071947712521,-6.311450294848759,-0.003918021861283276,20089U
2025-06-30T03:49:17.816536,-564.1046724440287,-837.7359245162726,-7198.114221645766,3.869190604918393,-6.271230998369559,0.4437399560373285,20089U
2025-06-30T03:50:17.816536,-331.04789673787,-1212.2203546835162,-7158.091765247191,3.89694294241591,-6.207676328867165,0.8899512964740989,20089U
2025-06-30T03:51:17.816536,-96.76002620695725,-1582.1963340416505,-7091.380456620226,3.9102135623259806,-6.120993493375048,1.3330892649394614,20089U
2025-06-30T03:52:17.816536,137.88779958155902,-1946.284374715259,-6998.21338348005,3.908936993896279,-6.011470397308227,1.7715338225546835,20089U
2025-06-30T03:53:17.816536,372.0220285941312,-2303.124684438607,-6878.92051793762,3.8930982039240676,-5.879475273670458,2.20367660529309,20089U
2025-06-30T03:54:17.816536,604.769736511437,-2651.381971783521,-6733.927862059799,3.8627330154559565,-5.725456143409784,2.6279259748843344,20089U
2025-06-30T03:55:17.816536,835.2616887191289,-2989.7502129447053,-6563.756287883056,3.8179284261457145,-5.549940091332114,3.042712146904966,20089U
2025-06-30T03:56:17.816536,1062.635417749004,-3316.9573684768993,-6369.020067341945,3.7588228157321715,-5.3535323396345165,3.446492398213073,20089U
2025-06-30T03:57:17.816536,1286.038309149802,-3631.7700372833815,-6150.4250875602165,3.68560603041944,-5.136915099314126,3.8377563519474736,20089U
2025-06-30T03:58:17.816536,1504.6306880140594,-3932.998033967154,-5908.7667471808145,3.598519330568512,-4.900846178528283,4.215031333871336,20089U
2025-06-30T03:59:17.816536,1717.5888975624728,-4219.498874415507,-5644.92752990708,3.497855187098389,-4.6461573264958975,4.576887789016017,20089U
2025-06-30T04:00:17.816536,1924.108360308899,-4490.182153230792,-5359.874252216783,3.383956911401045,-4.373752291793128,4.921944742497237,20089U
2025-06-30T04:01:17.816536,2123.406611430821,-4744.013795402316,-5054.654983295105,3.257218103432443,-4.084604574930919,5.24887528319227,20089U
2025-06-30T04:02:17.816536,2314.7262930689662,-4980.020163467174,-4730.395636627872,3.1180819029847546,-3.7797548569274437,5.556412043816991,20089U
2025-06-30T04:03:17.816536,2497.3380974095458,-5197.292000386095,-4388.296234392069,2.9670400299867383,-3.460308088188534,5.8433526459926295,20089U
2025-06-30T04:04:17.816536,2670.5436455952367,-5394.98818751051,-4029.6268477601116,2.8046316010202794,-3.127430225344043,6.108565074302136,20089U
2025-06-30T04:05:17.816536,2833.678288791249,-5572.339296377642,-3655.7232184775157,2.6314417110690744,-2.7823446077038203,6.350992939252337,20089U
2025-06-30T04:06:17.816536,2986.1138171293637,-5728.650912679866,-3267.982069552739,2.4480997718054787,-2.426327969615636,6.569660585621856,20089U
2025-06-30T04:07:17.816536,3127.2610617975265,-5863.306710653764,-2867.8561155622683,2.255277600426231,-2.0607060901184746,6.763678000024287,20089U
2025-06-30T04:08:17.816536,3256.5723752567874,-5975.771256347526,-2456.8487858761146,2.0536872561107318,-1.6868490867691501,6.932245469756698,20089U
2025-06-30T04:09:17.816536,3373.5439744656146,-6065.59251876704,-2036.5086770136018,1.8440786245376837,-1.3061663662606156,7.074657944214874,20089U
2025-06-30T04:10:17.816536,3477.7181321051607,-6132.404068798617,-1608.4237532483367,1.6272367544583455,-0.9201012502640804,7.190309050420352,20089U
2025-06-30T04:11:17.816536,3568.6852011211654,-6175.92694704601,-1174.2153174765465,1.4039789540203473,-0.5301253007017038,7.278694715528925,20089U
2025-06-30T04:12:17.816536,3646.0854584512904,-6195.971183309351,-735.5317771379725,1.1751516582497696,-0.13773237419600007,7.339416351596127,20089U
2025-06-30T04:13:17.816536,3709.610754578907,-6192.436952348507,-294.0422325988289,0.9416270827468478,0.2555675593799583,7.372183561317034,20089U
2025-06-30T04:14:17.816536,3759.005956546247,-6165.3153527934555,148.57008220667512,0.7042996821258646,0.648254794673871,7.376816327878116,20089U
2025-06-30T04:15:17.816536,3794.070173257831,-6114.688798552756,590.614474983143,0.46408243493667606,1.0388064213732169,7.3532466573591915,20089U
2025-06-30T04:16:17.816536,3814.6577532890415,-6040.7310147877515,1030.3995524668985,0.22190297966277509,1.4257029606630918,7.301519648179123,20089U
2025-06-30T04:17:17.816536,3820.6790469658713,-5943.706633413259,1466.2400249751875,-0.021300371197277214,1.8074350584620706,7.221793968740246,20089U
2025-06-30T04:18:17.816536,3812.1009261668673,-5823.970386103058,1896.4635221118356,-0.26458271003837475,2.1825101848409894,7.11434173152084,20089U
2025-06-30T04:19:17.816536,3788.94705708932,-5681.965895860306,2319.4173831107732,-0.5069966757610004,2.5494592885801692,6.979547759207986,20089U
2025-06-30T04:20:17.816536,3751.297923081298,-5518.2240712975035,2733.475385232332,-0.747596627030276,2.906843356355608,6.8179082458562625,20089U
2025-06-30T04:21:17.816536,3699.2905965333734,-5333.361110801801,3137.0443740002956,-0.9854428159528775,3.2532598275314832,6.630028823308763,20089U
2025-06-30T04:22:17.816536,3633.118260710815,-5128.076126672981,3528.5707598930194,-1.2196055313790906,3.587348817943823,6.416622050026374,20089U
2025-06-30T04:23:17.816536,3553.0294842521143,-4903.148402067047,3906.5468473255623,-1.449169182042327,3.907799109279985,6.178504345866618,20089U
2025-06-30T04:24:17.816536,3459.327252828239,-4659.434296103948,4269.516963365545,-1.6732362912905974,4.213353864598599,5.916592402069001,20089U
2025-06-30T04:25:17.816536,3352.3677641158174,-4397.863814762205,4616.083355561848,-1.890931377180953,4.5028160350572755,5.631899100602942,20089U
2025-06-30T04:26:17.816536,3232.5589937608597,-4119.436867157294,4944.9118304726335,-2.101404694119918,4.775053427866102,5.325528981015605,20089U
2025-06-30T04:27:17.816536,3100.359041373741,-3825.2192284596263,5254.737106904388,-2.3038358149568405,5.029003410707756,4.998673295905756,20089U
2025-06-30T04:28:17.816536,2956.2742667835664,-3516.3382320363125,5544.367860454371,-2.497437035378245,5.263677233193656,4.652604698108218,20089U
2025-06-30T04:29:17.816536,2800.857227781897,-3193.9782144045557,5812.691438612375,-2.681456585502431,5.478163951187447,4.288671603611581,20089U
2025-06-30T04:30:17.816536,2634.7044313976558,-2859.375737266514,6058.678228367308,-2.855181636638883,5.671633944869683,3.90829227418517,20089U
2025-06-30T04:31:17.816536,2458.4539113678675,-2513.8146112761337,6281.385660919171,-3.017941094155208,5.84334202609611,3.512948662735255,20089U
2025-06-30T04:32:17.816536,2272.782644915278,-2158.620746298968,6479.9618406596455,-3.169108170193426,5.992630134788395,3.1041800626584695,20089U
2025-06-30T04:33:17.816536,2078.4038222001363,-1795.156852751924,6653.648788034042,-3.3081027325350476,6.118929627710029,2.683576599988249,20089U
2025-06-30T04:34:17.816536,1876.0639820269514,-1424.8170184309492,6801.785288074941,-3.4343934280697126,6.221763165858172,2.252772604369682,20089U
2025-06-30T04:35:17.816536,1666.5400272301142,-1049.0211844352925,6923.809338615245,-3.547499581288619,6.300746209054491,1.813439891256137,20089U
2025-06-30T04:36:17.816536,1450.6361332790543,-669.2095435907199,7019.260193827777,-3.6469928694999205,6.355588127687087,1.367280984719924,20089U
2025-06-30T04:37:17.816536,1229.1805633146832,-286.8368837963385,7087.78000052404,-3.7324987776040346,6.386092942503197,0.9160223064555634,20089U
2025-06-30T04:38:17.816536,1003.02240270156,96.63310181343032,7129.115025974573,-3.803697835804164,6.392159703477625,0.46140735344602885,20089U
2025-06-30T04:39:17.816536,773.0282259317636,479.73351671066365,7143.116477249465,-3.8603266438556942,6.373782518419088,0.005189883746763162,20089U
2025-06-30T04:40:17.816536,540.078708488762,860.9999542671227,7129.7409131209315,-3.902178685322164,6.331050241131669,-0.45087287269357745,20089U
2025-06-30T04:41:17.816536,305.0651960814422,1238.97616249242,7089.0502504742335,-3.929104934877896,6.264145827756446,-0.9050269632403333,20089U
2025-06-30T04:42:17.816536,68.88624349094253,1612.2196606823316,7021.2113679793965,-3.9410142610490606,6.173345368508055,-1.3555284082656702,20089U
2025-06-30T04:43:17.816536,-167.55586483763963,1979.3072888047893,6926.495310521273,-3.9378736259884244,6.059016800526344,-1.8006498305202159,20089U
2025-06-30T04:44:17.816536,-403.35860038732494,2338.8406707268755,6805.276098612185,-3.9197080830174813,5.921618306116966,-2.2386870054794263,20089U
2025-06-30T04:45:17.816536,-637.6226702731261,2689.451572565962,6658.029147759897,-3.8866005718228704,5.761696399385883,-2.6679653194403072,20089U
2025-06-30T04:46:17.816536,-869.4554789354667,3029.8071375602944,6485.329303570382,-3.838691510441969,5.579883703294181,-3.0868461210769045,20089U
2025-06-30T04:47:17.816536,-1097.9745596083974,3358.614978918467,6287.848499260234,-3.7761781825867153,5.376896418568479,-3.4937329506343113,20089U
2025-06-30T04:48:17.816536,-1322.3109632221212,3674.6281121451534,6066.353043265491,-3.6993139184984187,5.153531485778575,-3.8870776290546023,20089U
2025-06-30T04:49:17.816536,-1541.6125922642643,3976.6497083949916,5821.700545775852,-3.608407067450194,4.910663442285285,-4.265386187225865,20089U
2025-06-30T04:50:17.816536,-1755.0474669959985,4263.53765050575,5554.836494303392,-3.50381976025347,4.649240976695066,-4.62722461336052,20089U
2025-06-30T04:51:17.816536,-1961.8069113167262,4534.2088735386205,5266.790489814713,-3.385966460702493,4.370283184935191,-4.971224394382856,20089U
2025-06-30T04:52:17.816536,-2161.1086455177174,4787.643471942789,4958.672156504694,-3.25531230581144,4.074875534056986,-5.296087825283663,20089U
2025-06-30T04:53:17.816536,-2352.1997731860583,5022.888555898912,4631.666739943169,-3.112371235948444,3.764165542327211,-5.600593058822879,20089U
2025-06-30T04:54:17.816536,-2534.3596496276327,5239.06183999775,4287.030410064611,-2.9577039175257362,3.4393581870138026,-5.883598866837896,20089U
2025-06-30T04:55:17.816536,-2706.9026193921363,5435.354948200468,3926.08528726101,-2.791915462725385,3.1017110544182205,-6.144049083853064,20089U
2025-06-30T04:56:17.816536,-2869.180610823562,5611.03642002686,3550.2142116297655,-2.6156529527670824,2.752529250036057,-6.380976703773415,20089U
2025-06-30T04:57:17.816536,-3020.585576027306,5765.454404120756,3160.855277192723,-2.4296027734022676,2.3931600901367065,-6.593507601221557,20089U
2025-06-30T04:58:17.816536,-3160.55176524975,5898.039026753745,2759.4961545942097,-2.2344877735771647,2.0249875994187088,-6.7808638505745735,20089U
2025-06-30T04:59:17.816536,-3288.5578254152792,6008.304424445457,2347.6682273428346,-2.031064260464675,1.6494268425825478,-6.942366617985071,20089U
2025-06-30T05:00:17.816536,-3404.1287134448185,6095.8504316735625,1926.9405680648001,-1.820118846256575,1.2679181205720795,-7.077438604581807,20089U
2025-06-30T05:01:17.816536,-3506.8374159891437,6160.363916605344,1498.9137824322552,-1.6024651641541945,0.8819210647486739,-7.185606022597374,20089U
2025-06-30T05:02:17.816536,-3596.3064683357843,6201.619759874107,1065.2137493827788,-1.378940472827624,0.49290866428311864,-7.266500090282769,20089U
2025-06-30T05:03:17.816536,-3672.2092664735396,6219.481473613654,627.4852869263586,-1.150402170167855,0.10236126350051625,-7.319858036040122,20089U
2025-06-30T05:04:17.816536,-3734.2711676013155,6213.901460213356,187.38577323763826,-0.9177242383881036,-0.2882394332530661,-7.345523607118554,20089U
2025-06-30T05:05:17.816536,-3782.270375733168,6184.920912529821,-253.4212471921325,-0.6817936433809588,-0.6774163115042303,-7.343447083353337,20089U
2025-06-30T05:06:17.816536,-3816.038610447586,6132.669359542023,-693.2724427929105,-0.44350671169168626,-1.0637027141134656,-7.313684801641709,20089U
2025-06-30T05:07:17.816536,-3835.461558235401,6057.363863627759,-1130.5110305308785,-0.20376550849936442,-1.4456481903208438,-7.256398202007951,20089U
2025-06-30T05:08:17.816536,-3840.4791072907487,5959.307877728554,-1563.493039734574,0.03652576040080236,-1.821824092265446,-7.171852411076525,20089U
2025-06-30T05:09:17.816536,-3831.0853679374245,5838.889772621363,-1990.5934770865558,0.276464300431641,-2.1908289873427838,-7.060414383416066,20089U
2025-06-30T05:10:17.816536,-3807.328482165461,5696.581046296372,-2410.2123671177974,0.5151522129117864,-2.551293857790123,-6.922550625420787,20089U
2025-06-30T05:11:17.816536,-3769.3102269481274,5532.93422901767,-2820.780644161211,0.7516998931832143,-2.901887062390858,-6.758824530049071,20089U
2025-06-30T05:12:17.816536,-3717.185417097033,5348.58049900185,-3220.765873513163,0.9852293246851901,-3.241319039050243,-6.569893353760007,20089U
2025-06-30T05:13:17.816536,-3651.1611143769896,5144.227024761778,-3608.6777815137248,1.2148772536421524,-3.5683467311450285,-6.356504869298631,20089U
2025-06-30T05:14:17.816536,-3571.495650429965,4920.654051028505,-3983.0735763068747,1.4397982314042987,-3.881777724847343,-6.119493729540903,20089U
2025-06-30T05:15:17.816536,-3478.497471737635,4678.711745767483,-4342.563043169061,1.6591675140059439,-4.18047408898417,-5.859777578381709,20089U
2025-06-30T05:16:17.816536,-3372.523815381486,4419.316826159765,-4685.813400423149,1.872183811103276,-4.463355913279786,-5.578352944639781,20089U
2025-06-30T05:17:17.816536,-3253.979224735284,4143.448981524432,-5011.553904060634,2.078071879062882,-4.729404544946885,-5.276290954171576,20089U
2025-06-30T05:18:17.816536,-3123.3139144482675,3852.1471110316475,-5318.580191227507,2.276084955522174,-4.977665527432315,-4.954732893870874,20089U
2025-06-30T05:19:17.816536,-2981.021994160518,3546.505393726149,-5605.758354638273,2.4655070351599377,-5.207251248581624,-4.614885659051431,20089U
2025-06-30T05:20:17.816536,-2827.6395603335636,3227.6692078506408,-5872.028741760515,2.645654988654995,-5.417343308501626,-4.258017112916552,20089U
2025-06-30T05:21:17.816536,-2663.7426654061346,2896.8309157874114,-6116.409474190308,2.815880528792869,-5.607194619869982,-3.885451383536965,20089U
2025-06-30T05:22:17.816536,-2489.9451732032294,2555.225530133217,-6337.999684022955,2.975572029375154,-5.776131255334888,-3.498564120065389,20089U
2025-06-30T05:23:17.816536,-2306.8965091555033,2204.1262755270013,-6535.982465183988,3.124156203945441,-5.923554057917537,-3.09877772593152,20089U
2025-06-30T05:24:17.816536,-2115.279313453679,1844.8400599126298,-6709.627538601612,3.261099652332593,-6.048940030945538,-2.6875565826226793,20089U
2025-06-30T05:25:17.816536,-1915.8070047808426,1478.7028679573834,-6858.293630784562,3.3859102836147286,-6.1518435240149705,-2.2664022734663627,20089U
2025-06-30T05:26:17.816536,-1709.2212617627129,1107.0750884099868,-6981.430565809518,3.4981386243084818,-6.231897230805647,-1.836848812731209,20089U
2025-06-30T05:27:17.816536,-1496.2894287745346,731.3367863040505,-7078.581070931817,3.597379020387781,-6.288813013291025,-1.4004578814753015,20089U
2025-06-30T05:28:17.816536,-1277.801852265106,352.88293012555744,-7149.382296028368,3.683270741147767,-6.322382565038712,-0.9588140680125967,20089U
2025-06-30T05:29:17.816536,-1054.5691533218176,-26.88141660854945,-7193.567046886146,3.755498991973031,-6.332477923951579,-0.5135201077430359,20089U
2025-06-30T05:30:17.816536,-827.4194418336745,-406.54593042926837,-7210.964731986399,3.813795841774552,-6.319051842027478,-0.06619211451575464,20089U
2025-06-30T05:31:17.816536,-597.1954773196044,-784.6998810764918,-7201.502021942326,3.8579410692707046,-6.2821380166092,0.3815452062685029,20089U
2025-06-30T05:32:17.816536,-364.7517813042058,-1159.9369943268132,-7165.2032201601305,3.887762930451422,-6.221851184252188,0.8280633738673026,20089U
2025-06-30T05:33:17.816536,-130.9517060414461,-1530.860316048975,-7102.190342652872,3.903138847540996,-6.138387074864284,1.2717349892975918,20089U
2025-06-30T05:34:17.816536,103.33553556689368,-1896.0870688099994,-7012.682904285914,3.9039960176244457,-6.032022220281553,1.710938644642416,20089U
2025-06-30T05:35:17.816536,337.2378738450632,-2254.253491927634,-6896.9974081169485,3.890311936896186,-5.903113608052736,2.1440638948377337,20089U
2025-06-30T05:36:17.816536,569.8834147005003,-2604.0196552421003,-6755.546533957387,3.8621148342974725,-5.752098168027023,2.5695163003926362,20089U
2025-06-30T05:37:17.816536,800.4034947327717,-2944.0742360790478,-6588.838021870182,3.8194840062043793,-5.579492076490171,2.9857225469295416,20089U
2025-06-30T05:38:17.816536,1027.935752824657,-3273.139247923591,-6397.473246072101,3.762550041883972,-5.385889860175935,3.3911356441814253,20089U
2025-06-30T05:39:17.816536,1251.6272112982333,-3589.9747082425233,-6182.145474664897,3.6914949277214757,-5.171963280592584,3.7842402032189404,20089U
2025-06-30T05:40:17.816536,1470.637358974807,-3893.3832317083093,-5943.63781081712,3.606552016804521,-4.938459977836379,4.16355778629452,20089U
2025-06-30T05:41:17.816536,1684.1412276667857,-4182.21453384797,-5682.8208114736535,3.5080058493868815,-4.6862018524754125,4.527652318917665,20089U
2025-06-30T05:42:17.816536,1891.332452751262,-4455.369828871316,-5400.649780425865,3.3961918091026733,-4.4160831642526315,4.875135548705492,20089U
2025-06-30T05:43:17.816536,2091.4263075869803,-4711.806104216977,-5098.161733611467,3.271495599592881,-4.1290683272775315,5.20467253038589,20089U
2025-06-30T05:44:17.816536,2283.662700624382,-4950.540253180048,-4776.472035879305,3.1343525264850616,-3.8261893831074865,5.514987111147211,20089U
2025-06-30T05:45:17.816536,2467.30912319191,-5170.653045954253,-4436.770710100974,2.9852465704352666,-3.508543135608721,5.804867385555215,20089U
2025-06-30T05:46:17.816536,2641.6635351192695,-5371.29291853802,-4080.31842146049,2.8247092382147225,-3.1772879347344376,6.073171084599516,20089U
2025-06-30T05:47:17.816536,2806.057174625132,-5551.679558282405,-3708.442141966445,2.6533181805859334,-2.833640100291927,6.318830859267926,20089U
2025-06-30T05:48:17.816536,2959.8572782797296,-5711.107264436021,-3322.5305026753826,2.471695567936698,-2.478869981312204,6.540859415519179,20089U
2025-06-30T05:49:17.816536,3102.4696963723077,-5848.948061896042,-2924.028843764754,2.2805062172913386,-2.114297651698627,6.738354454753749,20089U
2025-06-30T05:50:17.816536,3233.3413887029956,-5964.654546543526,-2514.433975385473,2.0804554673355957,-1.7412882482825258,6.9105033719957865,20089U
2025-06-30T05:51:17.816536,3351.9627856945317,-6057.76244104267,-2095.2886651088484,1.8722868014089658,-1.3612469631252273,7.056587663080901,20089U
2025-06-30T05:52:17.816536,3457.8699997966874,-6127.892840827634,-1668.175870712777,1.6567792219634432,-0.9756137077413223,7.175986992255843,20089U
2025-06-30T05:53:17.816536,3550.6468724533215,-6174.754131200685,-1234.712739942948,1.4347443836621747,-0.5858574727042789,7.268182872784746,20089U
2025-06-30T05:54:17.816536,3629.926842421119,-6198.143558008197,-796.5444016862423,1.2070234960081982,-0.19347041168812792,7.332761915417476,20089U
2025-06-30T05:55:17.816536,3695.3946219700756,-6197.9484362363555,-355.33757564384376,0.9744840100554583,0.2000383157544749,7.369418602883694,20089U
2025-06-30T05:56:17.816536,3746.7876684593457,-6174.146983052487,87.22596999283408,0.7380161072525772,0.593148903644887,7.377957552875585,20089U
2025-06-30T05:57:17.816536,3783.897439949458,-6126.80876427556,529.4560812077822,0.4985290117233594,0.9843374181193817,7.358295237174399,20089U
2025-06-30T05:58:17.816536,3806.570424873408,-6056.094745951557,969.6609677120886,0.2569471501873334,1.3720824285821478,7.310461130544929,20089U
2025-06-30T05:59:17.816536,3814.7089373149392,-5962.256945586469,1406.1540044816886,0.014206186210069742,1.754871702496744,7.234598269617245,20089U
2025-06-30T06:00:17.816536,3808.271671112004,-5845.637680597131,1837.2605493723631,-0.22875104254655837,2.131208913293507,7.130963209029039,20089U
2025-06-30T06:01:17.816536,3787.274007779029,-5706.668414621824,2261.324740313831,-0.470978653961162,2.4996203102778716,6.999925369429561,20089U
2025-06-30T06:02:17.816536,3751.7880750934696,-5545.868205424633,2676.7162354590696,-0.7115318870126224,2.8586612998292025,6.8419657793521536,20089U
2025-06-30T06:03:17.816536,3701.9425550801143,-5363.84176117272,3081.836859984381,-0.9494712720467896,3.2069228885462615,6.657675220249688,20089U
2025-06-30T06:04:17.816536,3637.9222420155966,-5161.277114801953,3475.127123997132,-1.1838667748849476,3.5430379412817126,6.447751790961852,20089U
2025-06-30T06:05:17.816536,3559.9673529265983,-4938.942928960479,3855.07257718592,-1.4138018848398766,3.8656872101329562,6.212997914363075,20089U
2025-06-30T06:06:17.816536,3468.3725948349206,-4697.685446580408,4220.209967406306,-1.6383776181765977,4.173605094312634,5.954316814760609,20089U
2025-06-30T06:07:17.816536,3363.4859946770443,-4438.425104433872,4569.133172290511,-1.8567164105083251,4.465585095280402,5.6727084996344175,20089U
2025-06-30T06:08:17.816536,3245.7074993672472,-4162.152829045185,4900.498875149503,-2.0679658739817923,4.740484936430837,5.369265283421983,20089U
2025-06-30T06:09:17.816536,3115.487354860188,-3869.926036037335,5213.031958834824,-2.2713023977898095,4.997231321834288,5.045166894181627,20089U
2025-06-30T06:10:17.816536,2973.324274277877,-3562.864355361543,5505.530593799617,-2.465934573468119,5.234824313865684,4.701675206062292,20089U
2025-06-30T06:11:17.816536,2819.7634061957883,-3242.145105913311,5776.870999248802,-2.651106429469625,5.452341314839078,4.340128641589889,20089U
2025-06-30T06:12:17.816536,2655.394115015993,-2908.9985437554155,6026.011858970482,-2.826100462582817,5.648940642863899,3.9619362878528013,20089U
2025-06-30T06:13:17.816536,2480.8475860047765,-2564.702908592407,6251.998376100343,-2.9902404567523755,5.823864696878035,3.56857176983348,20089U
2025-06-30T06:14:17.816536,2296.794268039251,-2210.579293282349,6453.96595365407,-3.1428940826892253,5.976442710082957,3.161566922474095,20089U
2025-06-30T06:15:17.816536,2103.941167404242,-1847.986361062051,6631.143490118179,-3.283475274240575,6.106093094698834,2.7425053007113145,20089U
2025-06-30T06:16:17.816536,1903.0290061345913,-1478.3149348605477,6782.856281667435,-3.4114463797505348,6.21232538398911,2.31301556384161,20089U
2025-06-30T06:17:17.816536,1694.829258417251,-1102.9824825964959,6908.528524668526,-3.5263200885403734,6.294741779842337,1.8747647673183012,20089U
2025-06-30T06:18:17.816536,1480.1410784917432,-723.4275217739935,7007.685413998974,-3.6276611341255185,6.353038315815982,1.4294515916430843,20089U
2025-06-30T06:19:17.816536,1259.7881333274318,-341.10396602224904,7079.954834367027,-3.7150877768617523,6.387005646470566,0.9787995345361836,20089U
2025-06-30T06:20:17.816536,1034.6153531566972,42.52456445460392,7125.068643254,-3.788273069366131,6.396529474089941,0.5245500892564863,20089U
2025-06-30T06:21:17.816536,805.4856127106707,425.99044723835306,7142.86354534317,-3.8469459083246225,6.381590623577758,0.06845592890459662,20089U
2025-06-30T06:22:17.816536,573.2763557779226,807.8277562215334,7133.2815593633995,-3.8908918762069726,6.342264775531173,-0.3877258860590531,20089U
2025-06-30T06:23:17.816536,338.87617549807067,1186.5779342182402,7096.3700791978445,-3.919953876020533,6.278721866339456,-0.8422406619279916,20089U
2025-06-30T06:24:17.816536,103.18136263175897,1560.7954200626202,7032.281531923908,-3.934032561612556,6.191225162763881,-1.2933427738188412,20089U
2025-06-30T06:25:17.816536,-132.90756607337195,1929.0532109796488,6941.272636200525,-3.933086565250534,6.080130016960495,-1.7393023028551031,20089U
2025-06-30T06:26:17.816536,-368.48934737126564,2289.948341304179,6823.70326514294,-3.91713252335222,5.945882306441605,-2.178411595820977,20089U
2025-06-30T06:27:17.816536,-602.6654468141712,2642.107258809023,6680.034918568475,-3.886244900383533,5.7890165621688014,-2.608991734196385,20089U
2025-06-30T06:28:17.816536,-834.5435177770753,2984.191080038304,6510.828810288019,-3.8405556101717564,5.610153786937006,-3.029398898508545,20089U
2025-06-30T06:29:17.816536,-1063.24083203329,3314.900706097608,6316.743577001382,-3.780253433267376,5.409998965559249,-3.4380306124492948,20089U
2025-06-30T06:30:17.816536,-1287.8876695923632,3632.981780406436,6098.532616342339,-3.7055832285941577,5.18933826815961,-3.833331849382269,20089U
2025-06-30T06:31:17.816536,-1507.6306553713364,3937.229469960137,5857.041062742858,-3.616844937506773,4.949035948198487,-4.213800981774839,20089U
2025-06-30T06:32:17.816536,-1721.636030142971,4226.493051743764,5593.202411043091,-3.514392378566025,4.690030937705751,-4.577995551913753,20089U
2025-06-30T06:33:17.816536,-1929.0928430969684,4499.680286102915,5308.034799172041,-3.3986318318676143,4.413333143596187,-4.924537840120174,20089U
2025-06-30T06:34:17.816536,-2129.216053289251,4755.761559149229,5002.636962752614,-3.2700204126281727,4.1200194508613075,-5.252120204722314,20089U
2025-06-30T06:35:17.816536,-2321.2495272642573,4993.773776693359,4678.183876120724,-3.129064234931713,3.8112294408191048,-5.559510166411873,20089U
2025-06-30T06:36:17.816536,-2504.4689202257077,5212.823992771326,4335.922095978637,-2.9763163680497433,3.4881608354006133,-5.8455552084114375,20089U
2025-06-30T06:37:17.816536,-2678.184428333925,5412.092756598729,3977.164825677457,-2.812374589525098,3.152064681551947,-6.1091872632408775,20089U
2025-06-30T06:38:17.816536,-2841.743400023655,5590.837162750097,3603.286719921881,-2.6378789412074393,2.8042402931450487,-6.349426856853423,20089U
2025-06-30T06:39:17.816536,-2994.532794687358,5748.393590537976,3215.718451453735,-2.4535090965804964,2.44602997118844,-6.5653868815913405,20089U
2025-06-30T06:40:17.816536,-3135.9814776500652,5884.180119945807,2815.9410629763156,-2.2599815499674705,2.0788135265098684,-6.756275970800708,20089U
2025-06-30T06:41:17.816536,-3265.562341090479,5997.698613058575,2405.48012915303,-2.0580466404546285,1.7040026322942476,-6.921401450069201,20089U
2025-06-30T06:42:17.816536,-3382.794241418609,6088.536451702363,1985.8997549460657,-1.8484854255759018,1.323035036820652,-7.06017184285997,20089U
2025-06-30T06:43:17.816536,-3487.24374461153,6156.367923942229,1558.7964377783048,-1.6321064218639296,0.9373686693087339,-7.172098911779144,20089U
2025-06-30T06:44:17.816536,-3578.5266721134,6200.95525415949,1125.7928219943078,-1.409742231237025,0.5484756738848698,-7.256799220744563,20089U
2025-06-30T06:45:17.816536,-3656.309441114923,6222.149273606396,688.5313748149506,-1.1822460737851104,0.1578364082127696,-7.313995207831081,20089U
2025-06-30T06:46:17.816536,-3720.310194317359,6219.889730578565,248.6680134183653,-0.9504882487938464,-0.23306655574558252,-7.343515763434345,20089U
2025-06-30T06:47:17.816536,-3770.2997156390893,6194.2052416161005,-192.13428709360704,-0.715352546753199,-0.6227543911210437,-7.345296313499171,20089U
2025-06-30T06:48:17.816536,-3806.1021297126003,6145.212887399555,-632.2118752680984,-0.47773263560640805,-1.0097578983935802,-7.319378412762771,20089U
2025-06-30T06:49:17.816536,-3827.5953844219025,6073.117459207591,-1069.906765329983,-0.2385284445886724,-1.3926232743379432,-7.265908858130911,20089U
2025-06-30T06:50:17.816536,-3834.7115171207793,5978.210363908073,-1503.5729113846023,0.0013574313296414553,-1.7699177332601783,-7.185138337300587,20089U
2025-06-30T06:51:17.816536,-3827.4367065237666,5860.868197425813,-1931.5823865979537,0.24102328413270765,-2.140234948520623,-7.077419632433571,20089U
2025-06-30T06:52:17.816536,-3805.8111135516465,5721.550998436599,-2352.3314415001087,0.47957178146780693,-2.502200285285494,-6.943205402952297,20089U
2025-06-30T06:53:17.816536,-3769.9285156190517,5560.8001956440285,-2764.2464171444285,0.7161133717829757,-2.8544757988865337,-6.783045575262041,20089U
2025-06-30T06:54:17.816536,-3719.935739952891,5379.236263385968,-3165.789490623037,0.9497695881470769,-3.1957649769812604,-6.597584370314272,20089U
2025-06-30T06:55:17.816536,-3656.0319025104923,5177.556101464775,-3555.4642323771573,1.1796762351336303,-3.52481720781941,-6.387557002336912,20089U
2025-06-30T06:56:17.816536,-3578.467459911974,4956.5301559965255,-3931.8209567785207,1.4049864454890317,-3.840431961201516,-6.153786083723597,20089U
2025-06-30T06:57:17.816536,-3487.5430825015665,4716.9992987150745,-4293.461849574252,1.6248735958067564,-4.141462673071565,-5.8971777719572,20089U
2025-06-30T06:58:17.816536,-3383.608357202521,4459.8714825562865,-4639.045857916217,1.838534073012577,-4.426820328986534,-5.618717694542981,20089U
2025-06-30T06:59:17.816536,-3267.060329227352,4186.1181914885665,-4967.293330804315,2.0451898860704314,-4.695476745851258,-5.319466687252826,20089U
2025-06-30T07:00:17.816536,-3138.3418919503547,3896.7707024622196,-5276.990399815217,2.244091119873321,-4.946467555189869,-5.000556379569353,20089U
2025-06-30T07:01:17.816536,-2997.940034351009,3592.916177046222,-5566.9930919168,2.4345182307188162,-5.178894894742664,-4.663184659128276,20089U
2025-06-30T07:02:17.816536,-2846.3839553995085,3275.6935998208855,-5836.23116796151,2.6157841850288794,-5.391929818255377,-4.3086110442505285,20089U
2025-06-30T07:03:17.816536,-2684.243054599342,2946.2895799432663,-6083.711682057282,2.7872364449904183,-5.584814435876623,-3.9381519904399305,20089U
2025-06-30T07:04:17.816536,-2512.124807634129,2605.93403151347,-6308.522258428702,2.9482588065284334,-5.756863799558899,-3.5531761530801518,20089U
2025-06-30T07:05:17.816536,-2330.6725357082923,2255.8957474879603,-6509.834083570067,3.0982730964276977,-5.9074675492148465,-3.155099624619063,20089U
2025-06-30T07:06:17.816536,-2140.5630767504385,1897.4778809583383,-6686.9046124388115,3.236740736455151,-6.036091336086092,-2.745381160413708,20089U
2025-06-30T07:07:17.816536,-1942.5043661691252,1532.013346645281,-6839.079988158939,3.363164182996336,-6.142278039846067,-2.325517403212366,20089U
2025-06-30T07:08:17.816536,-1737.23293435593,1160.8601545256943,-6965.797175170547,3.4770882509712417,-6.225648795368595,-1.8970381121450282,20089U
2025-06-30T07:09:17.816536,-1525.5113276273214,785.3966866188183,-7066.58580600546,3.578101330654146,-6.285903843895895,-1.4615013981668956,20089U
2025-06-30T07:10:17.816536,-1308.125458817283,407.01692715958444,-7141.069741891511,3.665836505486324,-6.322823221568087,-1.0204889642953339,20089U
2025-06-30T07:11:17.816536,-1085.8818932880858,27.125655694488273,-7188.968347218655,3.739972578067393,-6.336267295996189,-0.5756013457865188,20089U
2025-06-30T07:12:17.816536,-859.6050757540023,-352.8663878955808,-7210.097477556262,3.8002350102614177,-6.326177158840782,-0.12845314275059866,20089U
2025-06-30T07:13:17.816536,-630.134503011731,-731.5473578215026,-7204.370180436556,3.846396781807919,-6.292574879293383,0.31933176434867405,20089U
2025-06-30T07:14:17.816536,-398.32184746871843,-1107.5091678288752,-7171.797107542318,3.878279170026066,-6.235563620038949,0.7661250272265488,20089U
2025-06-30T07:15:17.816536,-165.02803626943933,-1479.352359218838,-7112.486636301072,3.8957524512016364,-6.155327613814232,1.2102986818785955,20089U
2025-06-30T07:16:17.816536,68.8797091528595,-1845.6909628006258,-7026.644698237741,3.898736522113899,-6.052131995181768,1.6502300516341213,20089U
2025-06-30T07:17:17.816536,302.53086812521894,-2205.157345732749,-6914.574310814063,3.887201437960315,-5.926322478724089,2.0843067116171152,20089U
2025-06-30T07:18:17.816536,535.0546451244668,-2556.4070335985803,-6776.67480893636,3.8611678607416406,-5.778324871650299,2.5109315233374865,20089U
2025-06-30T07:19:17.816536,765.5830178518971,-2898.1234972997513,-6613.440771879627,3.8207074100523015,-5.608644405900368,2.928527745686573,20089U
2025-06-30T07:20:17.816536,993.2538028061856,-3229.0228934021975,-6425.460641107716,3.7659429062527545,-5.417864872351517,3.3355442254320384,20089U
2025-06-30T07:21:17.816536,1217.2137315391383,-3547.858745508411,-6213.415024395966,3.697048494252995,-5.206647537763314,3.7304606665284252,20089U
2025-06-30T07:22:17.816536,1436.6215300479741,-3853.426553056731,-5978.07468182483,3.6142496346757045,-4.9757298237389795,4.111792973237505,20089U
2025-06-30T07:23:17.816536,1650.6509929514693,-4144.568312714416,-5720.298189636967,3.517822948054871,-4.725923726299323,4.478098657315583,20089U
2025-06-30T07:24:17.816536,1858.4940432342328,-4420.176936273463,-5441.029278658484,3.408095897013038,-4.458113954719468,4.827982294496826,20089U
2025-06-30T07:25:17.816536,2059.3637674466668,-4679.200547717882,-5141.29384499374,3.2854462910923945,-4.173255769105747,5.160101010320906,20089U
2025-06-30T07:26:17.816536,2252.4974153471694,-4920.646640959167,-4822.196632016059,3.1503015991212253,-3.8723724978038367,5.473169970175821,20089U
2025-06-30T07:27:17.816536,2437.15935209351,-5143.5860786739095,-4484.917584293987,3.003138054699719,-3.5565527181257797,5.765967843402861,20089U
2025-06-30T07:28:17.816536,2612.6439502625467,-5347.156911773269,-4130.7078760012755,2.8444795415912343,-3.2269470870323773,6.037342206601589,20089U
2025-06-30T07:29:17.816536,2778.2784082299963,-5530.56799832921,-3760.8856185413892,2.6748962475005964,-2.884764812258749,6.286214847029276,20089U
2025-06-30T07:30:17.816536,2933.425480808668,-5693.10240032457,-3376.8312545322437,2.4950030768806384,-2.531269758839406,6.511586923366938,20089U
2025-06-30T07:31:17.816536,3077.486107541588,-5834.12053640619,-2979.9826479265603,2.3054578160026797,-2.167776190997342,6.712543938239598,20089U
2025-06-30T07:32:17.816536,3209.901923713014,-5953.063068947591,-2571.8298828172565,2.1069590464931327,-1.7956441547720718,6.888260474868108,20089U
2025-06-30T07:33:17.816536,3330.1576389876286,-6049.453504181253,-2153.9097863603506,1.9002438068191903,-1.4162745124586815,7.038004649172599,20089U
2025-06-30T07:34:17.816536,3437.7832686390816,-6122.900484961152,-1727.8001941717102,1.686085004720028,-1.0311036457603058,7.161142228621186,20089U
2025-06-30T07:35:17.816536,3532.3562025932374,-6173.099756867707,-1295.1139794616668,1.4652885872423933,-0.6415978503719637,7.257140370158251,20089U
2025-06-30T07:36:17.816536,3613.503098001026,-6199.835789867904,-857.4928699860806,1.2386904787512543,-0.2492474503455258,7.32557093166798,20089U
2025-06-30T07:37:17.816536,3680.9015817643885,-6202.9830395760755,-416.6010795750446,1.0071533009623028,0.14443933409860799,7.366113314600106,20089U
2025-06-30T07:38:17.816536,3734.281750373395,-6182.50683430916,25.88121655383268,0.7715628925639539,0.5379427268359834,7.378556799561264,20089U
2025-06-30T07:39:17.816536,3773.427455550813,-6138.463876555634,468.2645312945082,0.5328246492886888,0.9297379014908498,7.362802341757248,20089U
2025-06-30T07:40:17.816536,3798.177365535676,-6071.002350144602,908.8568067077873,0.29185970824564195,1.3183016063376864,7.318863799050265,20089U
2025-06-30T07:41:17.816536,3808.4257933417384,-5980.361627260603,1345.9702118849386,0.04960100287015235,1.7021188596959373,7.246868571922138,20089U
2025-06-30T07:42:17.816536,3804.123284976622,-5866.871572447404,1777.9279617996349,-0.19301078310056635,2.0796896653772596,7.147057641644023,20089U
2025-06-30T07:43:17.816536,3785.2769623694876,-5730.9514438226515,2203.071120684589,-0.4350313327002059,2.4495356970230855,7.019785000261803,20089U
2025-06-30T07:44:17.816536,3751.9506175974257,-5573.108394825609,2619.765353274816,-0.6755168529925676,2.810206900435539,6.865516473422154,20089U
2025-06-30T07:45:17.816536,3704.264556884274,-5393.935582876914,3026.4075875302183,-0.9135282413266602,3.1602879642543202,6.684827944383761,20089U
2025-06-30T07:46:17.816536,3642.395194735421,-5194.109894290488,3421.4325531442187,-1.1481352296605178,3.498404611492963,6.478402994595451,20089U
2025-06-30T07:47:17.816536,3566.574400429068,-4974.38929757847,3803.3191612781097,-1.378420476884101,3.8232296674769004,6.24702998278368,20089U
