timestamp,x_km,y_km,z_km,vx_km_s,vy_km_s,vz_km_s,name
2025-06-29T15:18:28.943130,3176.38668868998,1748.867586628102,6513.713062454142,-4.038812509357756,-5.117070008738514,3.324418004084249,21366U
2025-06-29T15:19:28.943130,2928.7163067212155,1439.0018610483287,6701.79662495417,-4.2144908530274465,-5.2088027983065075,2.9432304368600746,21366U
2025-06-29T15:20:28.943130,2670.938107931688,1124.1698194496469,6866.695434460601,-4.3756430221104585,-5.282567936622009,2.551816552696871,21366U
2025-06-29T15:21:28.943130,2403.940737526695,805.4576100673083,7007.836401313237,-4.521708543921837,-5.338106361239515,2.1515307470977674,21366U
2025-06-29T15:22:28.943130,2128.6449033741746,483.9650275184444,7124.728644041602,-4.652179315648815,-5.375222232874509,1.7437581009136436,21366U
2025-06-29T15:23:28.943130,1846.0001827645392,160.80170078250768,7216.965186476833,-4.766601273171494,-5.3937835276644375,1.3299096140647166,21366U
2025-06-29T15:24:28.943130,1556.9817345909096,-162.91674804883246,7284.2243672475215,-4.864575882275202,-5.393722427397614,0.9114173847774341,21366U
2025-06-29T15:25:28.943130,1262.5869275737882,-486.0725622622943,7326.270958790819,-4.9457614531253,-5.3750355112633885,0.48972974502778743,21366U
2025-06-29T15:26:28.943130,963.831895094852,-807.5497144731094,7342.956993604224,-5.009874278664941,-5.337783752129073,0.06630636157866884,21366U
2025-06-29T15:27:28.943130,661.7480271656377,-1126.2377644227843,7334.222295983887,-5.056689597162852,-5.2820923196342,-0.35738668902320314,21366U
2025-06-29T15:28:28.943130,357.378410051476,-1441.0356991326555,7300.094717960856,-5.086042378522365,-5.208150191566295,-0.7798818638168092,21366U
2025-06-29T15:29:28.943130,51.77422410879116,-1750.8557439871274,7240.690078579336,-5.097827933213455,-5.116209574104991,-1.1997151078153532,21366U
2025-06-29T15:30:28.943130,-254.0088895179735,-2054.6271333305795,7156.2118060840185,-5.092002341861188,-5.006585130655541,-1.6154308120086522,21366U
2025-06-29T15:31:28.943130,-558.9144825518457,-2351.2998291186022,7046.950283021255,-5.0685827026744,-4.8796530182009406,-2.025586767129801,21366U
2025-06-29T15:32:28.943130,-861.8889626083676,-2639.848176074003,6913.281894735107,-5.02764719308794,-4.735849729444061,-2.428759104519515,21366U
2025-06-29T15:33:28.943130,-1161.8852543638684,-2919.274481671455,6755.667782276462,-4.969334941278612,-4.575670738541827,-2.8235472142631814,21366U
2025-06-29T15:34:28.943130,-1457.866447355317,-3188.61250912361,6574.652301361984,-4.893845702655413,-4.399668948001282,-3.2085786293200527,21366U
2025-06-29T15:35:28.943130,-1748.8094185854777,-3446.9308713838636,6370.861189735927,-4.801439336068689,-4.208452934350135,-3.5825138626726774,21366U
2025-06-29T15:36:28.943130,-2033.7084177760646,-3693.336314033228,6144.999446114979,-4.692435074374038,-4.002684990541492,-3.944051182666474,21366U
2025-06-29T15:37:28.943130,-2311.5786027808053,-3926.9768748010106,5897.848924842408,-4.5672105841595965,-3.7830789637201705,-4.291931309764611,21366U
2025-06-29T15:38:28.943130,-2581.459512359963,-4147.044907402755,5630.265651444134,-4.426200809922755,-3.5503978879694493,-4.6249420159995855,21366U
2025-06-29T15:39:28.943130,-2842.418463243275,-4352.779957380765,5343.176865466548,-4.269896598778559,-3.305451412966427,-4.941922606543596,21366U
2025-06-29T15:40:28.943130,-3093.5538581947735,-4543.471477726173,5037.5777982711315,-4.098843102895855,-3.0490930310762483,-5.241768261139717,21366U
2025-06-29T15:41:28.943130,-3333.9983916551814,-4718.461372260254,4714.528194854652,-3.9136379582783976,-2.7822171072808,-5.523434211713178,21366U
2025-06-29T15:42:28.943130,-3562.9221394967167,-4877.146355073414,4375.148590234766,-3.7149292402130007,-2.5057557184198833,-5.7859397313974625,21366U
2025-06-29T15:43:28.943130,-3779.53551949672,-5018.980114774636,4020.6163524666936,-3.5034131976607297,-2.220675310469791,-6.028371909530302,21366U
2025-06-29T15:44:28.943130,-3983.0921093345237,-5143.475272899462,3652.161505910703,-3.2798317710263496,-1.9279731849349453,-6.249889186954753,21366U
2025-06-29T15:45:28.943130,-4172.891309251481,-5250.205126565888,3271.062349921561,-3.0449699000525072,-1.6286738278160084,-6.4497246262424035,21366U
2025-06-29T15:46:28.943130,-4348.280836994376,-5338.805166354186,2878.6408896488383,-2.7996526309893413,-1.3238250969738594,-6.627188892263698,21366U
2025-06-29T15:47:28.943130,-4508.659043290791,-5408.974361414197,2476.258097087739,-2.544742034623435,-1.0144942859625066,-6.781672919873459,21366U
2025-06-29T15:48:28.943130,-4653.477036881318,-5460.476204963762,2065.3090218709963,-2.2811339491451315,-0.7017640844868431,-6.912650247348485,21366U
2025-06-29T15:49:28.943130,-4782.240609052166,-5493.139514620981,1647.2177725128365,-2.009754564124656,-0.38672845748926615,-7.019678996583254,21366U
2025-06-29T15:50:28.943130,-4894.5119486648255,-5506.858983395056,1223.4323898756652,-1.7315568639892929,-0.07048846642336735,-7.10240348387687,21366U
2025-06-29T15:51:28.943130,-4989.9111398538025,-5501.595478625288,795.4196355036241,-1.447516951286257,0.24585194251652756,-7.160555448373216,21366U
2025-06-29T15:52:28.943130,-5068.117435842772,-5477.376087682547,364.6597181328151,-1.1586302716245942,0.5611901576146306,-7.193954888776489,21366U
2025-06-29T15:53:28.943130,-5128.870303695339,-5434.293910808176,-67.35901787285165,-0.8659077634668724,0.8744291022943244,-7.202510502776356,21366U
2025-06-29T15:54:28.943130,-5171.970236246127,-5372.5076030349555,-499.1454182074393,-0.5703719568527332,1.184481391230459,-7.186219727591752,21366U
2025-06-29T15:55:28.943130,-5197.279328929186,-5292.2406686878785,-929.2108345205066,-0.2730530456512113,1.490273416379886,-7.14516838408725,21366U
2025-06-29T15:56:28.943130,-5204.721620707385,-5193.780513471932,-1356.074406900189,0.025015041953819418,1.7907493382798552,-7.079529930934388,21366U
2025-06-29T15:57:28.943130,-5194.283199784914,-5077.47726059499,-1778.2682898410094,0.32279855034891825,2.0848749592585207,-6.9895643391881155,21366U
2025-06-29T15:58:28.943130,-5166.0120762295455,-4943.742338722731,-2194.342799346255,0.6192677570632098,2.37164145687332,-6.875616601333798,21366U
2025-06-29T15:59:28.943130,-5120.017825018391,-4793.046850797334,-2602.8714597790563,0.9134007644440575,2.6500689579033416,-6.738114892248373,21366U
2025-06-29T16:00:28.943130,-5056.471004328419,-4625.919733855227,-3002.455930228557,1.2041872013090638,2.919209935517459,-6.577568402534518,21366U
2025-06-29T16:01:28.943130,-4975.602355100669,-4442.945720935072,-3391.7307914775847,1.490631815223128,3.1781524147665867,-6.394564867262853,21366U
2025-06-29T16:02:28.943130,-4877.701788997992,-4244.763116965544,-3769.368176112615,1.771757938094608,3.4260229742397152,-6.189767815243777,21366U
2025-06-29T16:03:28.943130,-4763.1171728360105,-4032.0614011552634,-4134.082225877593,2.0466108100473033,3.6619895345142455,-5.963913565507544,21366U
2025-06-29T16:04:28.943130,-4632.252918385041,-3805.5786688710828,-4484.633362007542,2.3142607489462543,3.8852639268532467,-5.717807998675736,21366U
2025-06-29T16:05:28.943130,-4485.568387110344,-3566.098926287795,-4819.832355949871,2.5738061554710567,4.095104238385919,-5.45232313135198,21366U
2025-06-29T16:06:28.943130,-4323.576119935889,-3314.4492512260163,-5138.54418956062,2.8243763461791267,4.290816932688546,-5.168393521550522,21366U
2025-06-29T16:07:28.943130,-4146.839902483456,-3051.4968335747553,-5439.6916955159295,3.0651342095188827,4.471758747199188,-4.867012532540444,21366U
2025-06-29T16:08:28.943130,-3955.9726764588027,-2778.1459085330225,-5722.258970275054,3.2952786821779214,4.637338371193887,-4.549228481346648,21366U
2025-06-29T16:09:28.943130,-3751.634307937251,-2495.334595615523,-5985.294553444324,3.5140470454277333,4.7870179100773464,-4.216140696563375,21366U
2025-06-29T16:10:28.943130,-3534.5292232539414,-2204.0316559694916,-6227.914368795141,3.720717043200977,4.920314143455112,-3.8688955081624328,21366U
2025-06-29T16:11:28.943130,-3305.4039230419367,-1905.2331800614634,-6449.30442346507,3.914608825466207,5.036799585827198,-3.508682189682678,21366U
2025-06-29T16:12:28.943130,-3065.0443847010174,-1599.9592172359728,-6648.723263002055,4.095086722009182,5.1361033597527515,-3.1367288706457517,21366U
2025-06-29T16:13:28.943130,-2814.2733632393606,-1289.2503580451694,-6825.504180886095,4.261560852960944,5.21791189197051,-2.7542984343359582,21366U
2025-06-29T16:14:28.943130,-2553.9476000280642,-974.1642796200362,-6979.057181974674,4.413488583310597,5.281969443220259,-2.362684413290676,21366U
2025-06-29T16:15:28.943130,-2284.954948564652,-655.772263722546,-7108.870699965319,4.550375829194931,5.328078482405164,-1.9632068920555277,21366U
2025-06-29T16:16:28.943130,-2008.2114258776353,-335.1556965053923,-7214.51306945355,4.671778223965601,5.356099915282662,-1.557208424047819,21366U
2025-06-29T16:17:28.943130,-1724.6581977375884,-13.402558428847794,-7295.633753495694,4.777302151907423,5.365953177101144,-1.1460499668171815,21366U
2025-06-29T16:18:28.943130,-1435.2585053931264,308.39608773653885,-7351.964327773872,4.866605657033929,5.357616197546366,-0.7311068376692352,21366U
2025-06-29T16:19:28.943130,-1140.9945411368944,629.1496033460827,-7383.319222522232,4.9393992336462755,5.331125245069215,-0.31376468958582193,21366U
2025-06-29T16:20:28.943130,-842.864279646913,947.7712676502576,-7389.596223326417,4.995446504340386,5.286574656183924,0.10458449430622918,21366U
2025-06-29T16:21:28.943130,-541.8782717525825,1263.181752071983,-7370.776731775667,5.034564789926322,5.224116453706356,0.522546390757096,21366U
2025-06-29T16:22:28.943130,-239.0564070542062,1574.3125683511676,-7326.925786750994,5.056625574327695,5.14395985620188,0.9387283148129921,21366U
2025-06-29T16:23:28.943130,64.57534828207442,1880.1094839719585,-7258.191846906354,5.061554866006967,5.046370679198944,1.3517431909202038,21366U
2025-06-29T16:24:28.943130,367.9882323757518,2179.535898374307,-7164.806334636903,5.049333455872741,4.931670627008812,1.7602135211024823,21366U
2025-06-29T16:25:28.943130,670.1539806768701,2471.5761731128728,-7047.0829416466595,5.01999707000631,4.800236472468109,2.162775353805547,21366U
2025-06-29T16:26:28.943130,970.0481249161082,2755.2389092381395,-6905.416695978976,4.973636413979821,4.652499120381579,2.5580822564987393,21366U
2025-06-29T16:27:28.943130,1266.6532911555084,3029.560164609639,-6740.28279031406,4.910397104047421,4.488942549283838,2.9448092934070114,21366U
2025-06-29T16:28:28.943130,1558.9624899886496,3293.6066036769744,-6552.2351712698355,4.830479479151911,4.3101026250801,3.321657008278105,21366U
2025-06-29T16:29:28.943130,1845.982391485434,3546.478571803424,-6341.904889534655,4.73413828653545,4.116565779421633,3.687355409985988,21366U
2025-06-29T16:30:28.943130,2126.736577039497,3787.313085790469,-6109.99821086085,4.621682232821303,3.9089675452530326,4.040667956514523,21366U
2025-06-29T16:31:28.943130,2400.2687597795048,4015.2867318167514,-5857.294488289179,4.493473391779274,3.687990941885959,4.380395530398549,21366U
2025-06-29T16:32:28.943130,2665.6459646776566,4229.618461563928,-5584.6437964646075,4.349926459630517,3.4543647022181343,4.7053803961115115,21366U
2025-06-29T16:33:28.943130,2921.9616589502516,4429.572276887566,-5292.964329545943,4.191507848708483,3.2088613353291895,5.014510127259675,21366U
2025-06-29T16:34:28.943130,3168.338822812581,4614.459793021344,-4983.239565008054,4.018734610585067,2.9522950186416357,5.306721488847791,21366U
2025-06-29T16:35:28.943130,3403.932950143626,4783.642669997788,-4656.515196581513,3.8321731803991668,2.6855193151212187,5.58100425739903,21366U
2025-06-29T16:36:28.943130,3627.9349681557514,4936.534901748153,-4313.895840661141,3.632437935082567,2.40942471258018,5.836404959420812,21366U
2025-06-29T16:37:28.943130,3839.5740647675616,5072.604952223099,-3956.541521731274,3.4201895594531564,2.1249359840089297,6.072030506677935,21366U
2025-06-29T16:38:28.943130,4038.120412065289,5191.377727871799,-3585.663943681905,3.196133215712749,1.8330093699525694,6.287051705034759,21366U
2025-06-29T16:39:28.943130,4222.887774022853,5292.43637594023,-3202.5225553093405,2.9610165137176994,1.534629586224197,6.480706612314265,21366U
2025-06-29T16:40:28.943130,4393.235986550793,5375.4238983114265,-2808.42041977952,2.715627281443624,1.2308066626498921,6.652303719746342,21366U
2025-06-29T16:41:28.943130,4548.573297969432,5440.044571016178,-2404.6998993591537,2.4607911372976745,0.9225726210161601,6.8012249311761455,21366U
2025-06-29T16:42:28.943130,4688.358558163034,5486.065160096168,-1992.7381682572905,2.1973688682900825,0.6109780028757816,6.926928314303324,21366U
2025-06-29T16:43:28.943130,4812.103244974579,5513.315925201383,-1573.9425679409132,1.9262536205075478,0.29708826030303054,7.02895059883666,21366U
2025-06-29T16:44:28.943130,4919.373316849193,5521.691403146307,-1149.7458207597294,1.6483679107748974,-0.018019974989586265,7.106909397575661,21366U
2025-06-29T16:45:28.943130,5009.790881327333,5511.150964626561,-721.6011191084872,1.364660470790061,-0.33326272661182876,7.160505128056173,21366U
2025-06-29T16:46:28.943130,5083.03566972271,5481.719138397975,-290.9771086413394,1.0761029373120747,-0.6475525930503191,7.1895226144925415,21366U
2025-06-29T16:47:28.943130,5138.846309187695,5433.48569842931,140.64721479729832,0.7836864041150159,-0.9598027306909527,7.193832352273595,21366U
2025-06-29T16:48:28.943130,5177.021384359643,5366.605510840403,571.787673869426,0.4884178533408087,-1.2689308778593555,7.173391420169078,21366U
2025-06-29T16:49:28.943130,5197.420281881691,5281.298138809379,1000.9601226018541,0.1913164855423835,-1.573863396462004,7.128244028614083,21366U
2025-06-29T16:50:28.943130,5199.9638122846,5177.8472050542705,1426.6856813285838,-0.10659003093453444,-1.8735393072230033,7.058521695887476,21366U
2025-06-29T16:51:28.943130,5184.634604983315,5056.599512942392,1847.4959712387188,-0.40426936956038934,-2.1669142943189614,6.964443047606271,21366U
2025-06-29T16:52:28.943130,5151.477273462808,4917.96392873208,2261.938325868143,-0.700688391885116,-2.4529646554193807,6.846313238637021,21366U
2025-06-29T16:53:28.943130,5100.598349080204,4762.410028880349,2668.5809569146863,-0.9948170078267824,-2.7306911737384656,6.704523000189744,21366U
2025-06-29T16:54:28.943130,5032.165983271985,4590.46651773575,3066.01805201272,-1.2856320274346358,-2.9991228896721474,6.539547318424382,21366U
2025-06-29T16:55:28.943130,4946.4094193036335,4402.719422253714,3452.8747825747437,-1.5721209820222133,-3.257320750908505,6.351943754279574,21366U
2025-06-29T16:56:28.943130,4843.618236012689,4199.810071604077,3827.8122004744523,-1.8532858933579084,-3.5043811215163125,6.142350417352888,21366U
2025-06-29T16:57:28.943130,4724.14136725391,3982.432870667782,4189.532003196636,-2.1281469707127307,-3.7394391323919725,5.911483609449335,21366U
2025-06-29T16:58:28.943130,4588.385901939105,3751.3328774292017,4536.781148088119,-2.3957462169570696,-3.961671857521539,5.660135155814104,21366U
2025-06-29T16:59:28.943130,4436.815670657186,3507.303195149454,4868.356297489452,-2.6551509265269564,-4.170301302734363,5.389169444028389,21366U
2025-06-29T17:00:28.943130,4269.949625849712,3251.1821909486303,5183.108077779284,-2.905457059891227,-4.364597195922394,5.099520192042718,21366U
2025-06-29T17:01:28.943130,4088.3600233925463,2983.850553025889,5479.945136695723,-3.1457924810891154,-4.5438795700114705,4.792186967832135,21366U
2025-06-29T17:02:28.943130,3892.670414190144,2706.2281992084722,5757.837984679243,-3.3753200469109244,-4.707521132231463,4.468231483681849,21366U
2025-06-29T17:03:28.943130,3683.5534550214534,2419.2710498464107,6015.822607382411,-3.593240538303426,-4.854949415381605,4.128773688163696,21366U
2025-06-29T17:04:28.943130,3461.7285483877145,2123.9676782690844,6253.003837882611,-3.7987954265349573,-4.985648708767903,3.7749876784743073,21366U
2025-06-29T17:05:28.943130,3227.9593215061373,1821.3358521024213,6468.558478490875,-3.9912694684978938,-5.099161768253016,3.408097455017162,21366U
2025-06-29T17:06:28.943130,2983.050954878777,1512.418978727825,6661.738163347337,-4.169993127205032,-5.195091306363803,3.029372538982211,21366U
2025-06-29T17:07:28.943130,2727.8473710535277,1198.2824680613728,6831.8719542140925,-4.3343448150082855,-5.273101264618073,2.6401234722742224,21366U
2025-06-29T17:08:28.943130,2463.2282942972593,880.0100256624211,6978.3686630038665,-4.483752958296884,-5.332917871140503,2.241697217540182,21366U
2025-06-29T17:09:28.943130,2190.1061919374865,558.6998889663686,7100.718895606311,-4.617697883391056,-5.37433048723055,1.8354724743313913,21366U
2025-06-29T17:10:28.943130,1909.4231081126247,235.46101919221795,7198.496812490693,-4.735713524022828,-5.397192246827878,1.4228549256864067,21366U
2025-06-29T17:11:28.943130,1622.1474006232806,-88.59073877447233,7271.361602371256,-4.837388951182096,-5.4014204928098986,1.00527242772607,21366U
2025-06-29T17:12:28.943130,1329.2703915124239,-412.3365164656604,7319.058665927818,-4.922369726213639,-5.386997013779629,0.5841701532858836,21366U
2025-06-29T17:13:28.943130,1031.8029419408751,-734.6582900407152,7341.42050718721,-4.99035907789635,-5.353968084499155,0.1610056992522937,21366U
2025-06-29T17:14:28.943130,730.7719618791376,-1054.442744961149,7338.3673307072695,-5.041118903851052,-5.302444312441731,-0.2627558338225489,21366U
2025-06-29T17:15:28.943130,427.2168651225317,-1370.5851256012256,7309.907343181512,-5.074470596045729,-5.232600292128529,-0.6856467820230667,21366U
2025-06-29T17:16:28.943130,122.18598016385182,-1681.9930583439125,7256.1367585208345,-5.090295689444621,-5.1446740680442495,-1.1062018708965418,21366U
2025-06-29T17:17:28.943130,-183.26707246748094,-1987.5903367359288,7177.239505891886,-5.0885363320335,-5.038966406050661,-1.5229631734425917,21366U
2025-06-29T17:18:28.943130,-488.087025658467,-2286.3206572409154,7073.486640624833,-5.069195573604893,-4.915839872403552,-1.9344850655433266,21366U
2025-06-29T17:19:28.943130,-791.2206230399528,-2577.151294055808,6945.235458367584,-5.032337469863902,-4.775717718782832,-2.339339170385729,21366U
2025-06-29T17:20:28.943130,-1091.6202770310015,-2859.076701329061,6792.928313386929,-4.978086997676132,-4.619082571230889,-2.736119282334053,21366U
2025-06-29T17:21:28.943130,-1388.2477161723673,-3131.1220309785026,6617.091142514502,-4.906629776681364,-4.446474920602491,-3.123446259325463,21366U
2025-06-29T17:22:28.943130,-1680.0776100101987,-3392.3465541464043,6418.331696928911,-4.818211592091082,-4.258491412108037,-3.499972871215805,21366U
2025-06-29T17:23:28.943130,-1966.101159463745,-3641.8469741785552,6197.337484766668,-4.713137713320266,-4.055782931808234,-3.864388589677258,21366U
2025-06-29T17:24:28.943130,-2245.3296402795504,-3878.7606188883437,5954.873428472971,-4.5917720032102265,-3.839052488512869,-4.215424303319061,21366U
2025-06-29T17:25:28.943130,-2516.797886858166,-4102.2684997869765,5691.779241842877,-4.454535813005706,-3.6090528904558035,-4.5518569397517945,21366U
2025-06-29T17:26:28.943130,-2779.567703456469,-4311.598225946679,5408.966532862953,-4.3019066589717,-3.366584217357435,-4.872513974432358,21366U
2025-06-29T17:27:28.943130,-3032.7311895396742,-4506.026760234907,5107.415639735386,-4.134416677576409,-3.1124910900256686,-5.176277804399981,21366U
2025-06-29T17:28:28.943130,-3275.413965901529,-4684.883005831981,4788.17220883862,-3.952650857517531,-2.847659741456444,-5.462089963528151,21366U
2025-06-29T17:29:28.943130,-3506.778288106852,-4847.55021123684,4452.343524833691,-3.7572450485098625,-2.573014895434223,-5.728955154751861,21366U
2025-06-29T17:30:28.943130,-3726.0260338562575,-4993.468182389885,4101.094604639686,-3.5488837486495526,-2.2895164608481635,-5.975945073955802,21366U
2025-06-29T17:31:28.943130,-3932.4015510403615,-5122.135291105014,3735.644068551985,-3.32829767428436,-1.9981560522748218,-6.202201999882331,21366U
2025-06-29T17:32:28.943130,-4125.194353555108,-5233.110269712492,3357.2598033295308,-3.096261118596365,-1.6999533497638106,-6.406942124586509,21366U
2025-06-29T17:33:28.943130,-4303.7416523957645,-5326.013782668601,2967.254433605027,-2.853589107488394,-1.395952313133882,-6.589458599654145,21366U
2025-06-29T17:34:28.943130,-4467.430710141333,-5400.529766885577,2566.9806194396897,-2.601134363793355,-1.0872172683709087,-6.749124274622314,21366U
2025-06-29T17:35:28.943130,-4615.7010076835,-5456.406533667321,2157.826199217952,-2.3397840932302345,-0.7748288858464766,-6.88539410579506,21366U
2025-06-29T17:36:28.943130,-4748.04621293945,-5493.45762639079,1741.2091983301618,-2.0704566078475617,-0.4598800719841052,-6.997807215905645,21366U
2025-06-29T17:37:28.943130,-4864.015942310503,-5511.562429434511,1318.5727251871115,-1.794097804855812,-0.14347179762495824,-7.085988587805647,21366U
2025-06-29T17:38:28.943130,-4963.217306794588,-5510.666525304593,891.3797770269865,-1.5116775206961235,0.17329111236234995,-7.149650378503968,21366U
2025-06-29T17:39:28.943130,-5045.316235915757,-5490.781798423023,461.10797868816684,-1.2241857818662523,0.4893042027670256,-7.1885928433700625,21366U
2025-06-29T17:40:28.943130,-5110.03857397981,-5451.986285598672,29.244278011511277,-0.9326289753778889,0.803467599048241,-7.202704864076873,21366U
2025-06-29T17:41:28.943130,-5157.170944579784,-5394.423774772509,-402.7203782078085,-0.6380259627138121,1.1146901796262176,-7.191964077803138,21366U
2025-06-29T17:42:28.943130,-5186.561380736326,-5318.303155188513,-833.2963637861028,-0.3414041617586575,1.4218936837619736,-7.156436609249909,21366U
2025-06-29T17:43:28.943130,-5198.119719540986,-5223.897523664153,-1261.0006645335952,-0.04379562137556777,1.7240167301252811,-7.096276411056422,21366U
2025-06-29T17:44:28.943130,-5191.817761650166,-5111.543053093866,-1684.362118223296,0.2537668869125035,2.020018722354368,-7.011724222130554,21366U
2025-06-29T17:45:28.943130,-5167.689197429129,-4981.637630691058,-2101.926580618381,0.5502537362999986,2.308883619502366,-6.90310615714738,21366U
2025-06-29T17:46:28.943130,-5125.829302945159,-4834.639274737124,-2512.2619959483764,0.8446422483112932,2.5896235512049213,-6.770831943928091,21366U
2025-06-29T17:47:28.943130,-5066.39441033376,-4671.064339741322,-2913.963351335812,1.1359204112015358,2.8612822596403618,-6.615392828514121,21366U
2025-06-29T17:48:28.943130,-4989.6011582914125,-4491.4855209060115,-3305.6574959600193,1.4230904934038213,3.122938352835732,-6.437359170428532,21366U
2025-06-29T17:49:28.943130,-4895.72552956498,-4296.529669626981,-3686.0078071707935,1.7051725342659927,3.3737083565329726,-6.237377752814602,21366U
2025-06-29T17:50:28.943130,-4785.101683296556,-4086.875432429544,-4053.7186873039477,1.9812076965351078,3.6127495546056285,-6.016168833817828,21366U
2025-06-29T17:51:28.943130,-4658.120590931806,-3863.2507262434124,-4407.539876570402,2.250261467433955,3.8392626108388686,-5.774522966705877,21366U
2025-06-29T17:52:28.943130,-4515.2284851021595,-3626.430063253685,-4746.270569056677,2.511426697669642,4.052493967685511,-5.5132976167892265,21366U
2025-06-29T17:53:28.943130,-4356.925131442094,-3377.231738734966,-5068.76332055452,2.763826470256795,4.251738020321972,-5.23341360321757,21366U
2025-06-29T17:54:28.943130,-4183.761933703172,-3116.514895290207,-5373.92773859632,3.0066167935619155,4.436339066886678,-4.935851393203105,21366U
2025-06-29T17:55:28.943130,-3996.3398827778938,-2845.1764767832833,-5660.733946685685,3.2389891154237773,4.605693038134897,-4.621647275190671,21366U
2025-06-29T17:56:28.943130,-3795.3073603579196,-2564.1480849929917,-5928.215816243799,3.4601726575139575,4.7592490118337025,-4.291889436005955,21366U
2025-06-29T17:57:28.943130,-3581.357807931664,-2274.392751640441,-6175.473961222143,3.6694365712225325,4.8965105190093325,-3.947713965120419,21366U
2025-06-29T17:58:28.943130,-3355.2272716892594,-1976.9016379721588,-6401.678491636944,3.8660919182379287,5.017036650611476,-3.5903008069423477,21366U
2025-06-29T17:59:28.943130,-3117.6918336639196,-1672.6906735380542,-6606.071523444497,4.04949348059811,5.120442974252251,-3.2208696795510536,21366U
2025-06-29T18:00:28.943130,-2869.564939114651,-1362.7971452079016,-6787.969443186199,4.219041406291888,5.2064022713979154,-2.840675975613989,21366U
2025-06-29T18:01:28.943130,-2611.6946297670847,-1048.2762468466883,-6946.764926679107,4.374182697460474,5.274645105735015,-2.451006658449202,21366U
2025-06-29T18:02:28.943130,-2344.960692092552,-730.1975994347282,-7081.928711712219,4.514412548881081,5.324960233408671,-2.0531761633953,21366U
2025-06-29T18:03:28.943130,-2070.271729346571,-409.6417508013996,-7193.01112522764,4.63927554469854,5.357194865453039,-1.6485223119183647,21366U
2025-06-29T18:04:28.943130,-1788.5621656207147,-87.69666355384065,-7279.64336583045,4.748366721318461,5.371254792031889,-1.2384022432896036,21366U
2025-06-29T18:05:28.943130,-1500.7891897087839,234.54580075398297,-7341.538542689668,4.841332503998553,5.367104377112635,-0.8241883662864194,21366U
2025-06-29T18:06:28.943130,-1207.9296461691006,555.99339363363,-7378.492471979745,4.917871523997738,5.344766430953077,-0.4072643312714934,21366U
2025-06-29T18:07:28.943130,-910.9768805902461,875.5569806696382,-7390.384231988059,4.977735322198981,5.30432196633442,0.01097897876211082,21366U
2025-06-29T18:08:28.943130,-610.937545758547,1192.154024634996,-7377.176477897583,5.0207289439471925,5.2459098428787065,0.4291474409704161,21366U
2025-06-29T18:09:28.943130,-308.8283751895563,1504.7120440321733,-7338.91551707037,5.046711428484453,5.169726302100734,0.8458476730142811,21366U
2025-06-29T18:10:28.943130,-5.67293033396656,1812.1720404816083,-7275.731145431399,5.055596194868964,5.076024394121049,1.2596910052601302,21366U
2025-06-29T18:11:28.943130,297.5016722958891,2113.491888386249,-7187.836245309256,5.047351324684095,4.965113295265954,1.6692974491596937,21366U
2025-06-29T18:12:28.943130,599.6680477946662,2407.649680201294,-7075.52614485913,5.02199974023363,4.837357514163416,2.0732996657419225,21366U
2025-06-29T18:13:28.943130,899.8018369329845,2693.647020469531,-6939.177738993791,4.979619275333755,4.693175982455695,2.4703469373378715,21366U
2025-06-29T18:14:28.943130,1196.8850010007773,2970.512261501879,-6779.248371616116,4.920342634305173,4.533041024958196,2.859109144391334,21366U
2025-06-29T18:15:28.943130,1489.909110513171,3237.303673262993,-6596.274478891676,4.8443572333918015,4.357477203025662,3.238280747603249,21366U
2025-06-29T18:16:28.943130,1777.8786204870519,3493.1125396285133,-6390.86999335305,4.751904917634148,4.167060024097001,3.6065847736983505,21366U
2025-06-29T18:17:28.943130,2059.8141245599145,3737.0661727570514,-6163.724508801606,4.643281545249136,3.962414509902466,3.962776800880384,21366U
2025-06-29T18:18:28.943130,2334.7555797351265,3968.3308368759776,-5915.601206282212,4.518836430851618,3.7442136156583072,4.305648937611333,21366U
2025-06-29T18:19:28.943130,2601.7654930162344,4186.114572336291,-5647.334541862539,4.378971638426838,3.5131764927594067,4.63403378578253,21366U
2025-06-29T18:20:28.943130,2859.93206065451,4389.66991036793,-5359.827697557557,4.224141114851438,3.2700665880161877,4.946808376716767,21366U
2025-06-29T18:21:28.943130,3108.372250198811,4578.296468584763,-5054.0497975019325,4.054849654977306,3.0156895733636633,5.2428980658301,21366U
2025-06-29T18:22:28.943130,3346.2348150226667,4751.343416966343,-4731.032892386552,3.8716516898443625,2.750891101185749,5.521280369266938,21366U
2025-06-29T18:23:28.943130,3572.703230530348,4908.211803801092,-4391.868716232758,3.675149890472505,2.4765543819246543,5.780988723479685,21366U
2025-06-29T18:24:28.943130,3786.99854083127,5048.356730930626,-4037.705220766875,3.4659935808867393,2.1935975824515404,6.021116146629248,21366U
2025-06-29T18:25:28.943130,3988.3821043382604,5171.289367602725,-3669.742893962148,3.2448769555325865,1.9029710457216622,6.2408187789021845,21366U
2025-06-29T18:26:28.943130,4176.158226506736,5276.578792334019,-3289.2308707160287,3.0125370980116686,1.6056543344789331,6.439319277435159,21366U
2025-06-29T18:27:28.943130,4349.676667803865,5363.853652413158,-2897.4628451052026,2.769751800073546,1.30265310415914,6.615910040558809,21366U
2025-06-29T18:28:28.943130,4508.335014993252,5432.803631049057,-2495.77279517971,2.5173371819933017,0.9949958126085069,6.769956235563335,21366U
2025-06-29T18:29:28.943130,4651.580903949367,5483.180712688961,-2085.5305327980905,2.256145117798529,0.6837302767287194,6.900898604173439,21366U
2025-06-29T18:30:28.943130,4778.91408248636,5514.800237699246,-1668.1370925329215,1.9870604712268127,0.36992008861502473,7.008256020419199,21366U
2025-06-29T18:31:28.943130,4889.8883021010015,5527.541738414252,-1245.0199751614534,1.7109981507389624,0.05464090610976899,7.091627776603179,21366U
2025-06-29T18:32:28.943130,4984.113028088733,5521.349549507093,-817.6282626728307,1.4288999943273826,-0.2610233651072938,7.15069557457998,21366U
2025-06-29T18:33:28.943130,5061.254958194438,5496.233186712052,-387.4276230333689,1.1417314971789185,-0.5759844787916693,7.185225201560243,21366U
2025-06-29T18:34:28.943130,5121.039340796425,5452.267489116119,44.10477586159942,0.850478397426972,-0.8891538239534624,7.195067872084226,21366U
2025-06-29T18:35:28.943130,5163.251084585808,5389.592521520707,475.48542259408555,0.5561431371975895,-1.1994464470074673,7.180161220633495,21366U
2025-06-29T18:36:28.943130,5187.735652778888,5308.413234734647,905.2296676782946,0.2597412178759882,-1.5057850969840851,7.140529932497945,21366U
2025-06-29T18:37:28.943130,5194.399736073149,5208.998883074252,1331.856956097004,-0.03770253005283273,-1.8071042698550308,7.076286003919667,21366U
2025-06-29T18:38:28.943130,5183.211699808406,5091.682199792842,1753.896064503202,-0.3351577411356393,-2.1023542277443057,6.987628626115412,21366U
2025-06-29T18:39:28.943130,5154.201802104366,4956.858332617127,2169.89032043828,-0.6315923508531982,-2.39050496891034,6.874843691452057,21366U
2025-06-29T18:40:28.943130,5107.462181092246,4804.983543006715,2578.402780908497,-0.9259764507133976,-2.6705501248960184,6.738302923727279,21366U
2025-06-29T18:41:28.943130,5043.14661071862,4636.573674152116,2978.0213478724427,-1.217286139951278,-2.941510762132714,6.578462638103727,21366U
2025-06-29T18:42:28.943130,4961.470025952547,4452.202394065329,3367.3637986131466,-1.504507351613272,-3.202439066523,6.395862139676565,21366U
2025-06-29T18:43:28.943130,4862.707819549119,4252.49922137117,3745.0827095976156,-1.786639631521026,-3.4524218910841107,6.191121772839035,21366U
2025-06-29T18:44:28.943130,4747.194913794117,4038.147342563054,4109.870253235661,-2.062699849649848,-3.690584148556795,5.964940636481091,21366U
2025-06-29T18:45:28.943130,4615.324611855567,3809.8812305254037,4460.46284792726,-2.331725824789256,-3.916092032924526,5.718093982548198,21366U
2025-06-29T18:46:28.943130,4467.547234482321,3568.4840750360395,4795.645642905218,-2.5927798449308965,-4.128156055984262,5.451430317553028,21366U
2025-06-29T18:47:28.943130,4304.3685488027595,3314.785036736404,5114.256820612391,-2.844952067603065,-4.326033887400061,5.165868228235746,21366U
2025-06-29T18:48:28.943130,4126.347996878406,3049.656336692164,5415.1917006700405,-3.0873637862836354,-4.509032988988929,4.862392953689212,21366U
2025-06-29T18:49:28.943130,3934.096732450039,2774.010194161051,5697.406630866663,-3.319170551015418,-4.676513036269856,4.542052726898745,21366U
2025-06-29T18:50:28.943130,3728.2754749734177,2488.795625540458,5959.922651997484,-3.539565133360424,-4.827888122491267,4.2059549088009165,21366U
2025-06-29T18:51:28.943130,3509.592190580569,2194.995117695958,6201.828924779917,-3.7477803277982047,-4.962628742378107,3.855261937673212,21366U
2025-06-29T18:52:28.943130,3278.799610020966,1893.6211889784336,6422.285908439375,-3.9430915835458715,-5.080263554660459,3.491187115960804,21366U
2025-06-29T18:53:28.943130,3036.6925939469206,1585.7128512428221,6620.52828187182,-4.1248194624952,-5.180380924013957,3.1149902555902553,21366U
2025-06-29T18:54:28.943130,2784.105356114718,1272.3319860945564,6795.867599530921,-4.292331920484851,-5.2626302443292055,2.727973201469809,21366U
2025-06-29T18:55:28.943130,2521.9085551945996,954.5596484347561,6947.694675336908,-4.445046410410685,-5.326723046208028,2.331475251313203,21366U
2025-06-29T18:56:28.943130,2251.006265932736,633.4923101687917,7075.481688952629,-4.582431806698505,-5.372433892250258,1.9268684882265874,21366U
2025-06-29T18:57:28.943130,1972.3328404012043,310.23805670199516,7178.784009714704,-4.704010151404672,-5.3996010640480625,1.5155530407464504,21366U
2025-06-29T18:58:28.943130,1686.8496700312276,-14.087251402839525,7257.241734339011,-4.809358222660887,-5.40812704485817,1.098952283303225,21366U
2025-06-29T18:59:28.943130,1395.541859061662,-338.3638394793429,7310.5809352494025,-4.898108926349996,-5.3979788017038555,0.6785079884811158,21366U
2025-06-29T19:00:28.943130,1099.4148199715767,-661.4718906195292,7338.6146170115135,-4.969952511802696,-5.369187870202545,0.2556754410332444,21366U
2025-06-29T19:01:28.943130,799.4908014146503,-982.2954166313132,7341.243378906017,-5.0246376119704514,-5.321850244768421,-0.16808147754778224,21366U
2025-06-29T19:02:28.943130,496.80535915163694,-1299.7261165219604,7318.455782164002,-5.061972107992917,-5.256126076054988,-0.591295225949633,21366U
2025-06-29T19:03:28.943130,192.40378049396395,-1612.6672110295465,7270.328420832482,-5.081823817385681,-5.172239176639382,-1.0124995539919361,21366U
2025-06-29T19:04:28.943130,-112.66252717560191,-1920.0372417715662,7197.02569566039,-5.084121004277234,-5.0704763350661635,-1.430234460285036,21366U
2025-06-29T19:05:28.943130,-417.33967306106786,-2220.7738234988196,7098.799290839352,-5.068852709279698,-4.951186437554972,-1.8430511489172703,21366U
2025-06-29T19:06:28.943130,-720.5749340585717,-2513.837338056376,6975.9873538422025,-5.0360688957437185,-4.814779395885809,-2.2495169770915724,21366U
2025-06-29T19:07:28.943130,-1021.320409024705,-2798.21455821038,6829.013379198224,-4.985880408389895,-4.661724879530698,-2.648220384172237,21366U
2025-06-29T19:08:28.943130,-1318.5366650468225,-3072.9221897475277,6658.384797518001,-4.918458739669756,-4.4925508496160695,-3.0377757918078454,21366U
2025-06-29T19:09:28.943130,-1611.1963639546211,-3337.0103197998387,6464.691271833198,-4.834035598761973,-4.307841892321092,-3.4168284627990824,21366U
2025-06-29T19:10:28.943130,-1898.2878571329964,-3589.5657593375436,6248.602704052187,-4.732902277881949,-4.108237349471658,-3.7840593047876463,21366U
2025-06-29T19:11:28.943130,-2178.818736323883,-3829.715267599027,6010.866955235507,-4.615408810625552,-3.894429244626691,-4.138189602873925,21366U
2025-06-29T19:12:28.943130,-2451.8193277899604,-4056.62864614069,5752.3072844052085,-4.481962917403769,-3.667160003797681,-4.477985663326913,21366U
2025-06-29T19:13:28.943130,-2716.346116921126,-4269.521690158723,5473.819511734834,-4.3330287336740705,-3.4272199711112625,-4.802263348644801,21366U
2025-06-29T19:14:28.943130,-2971.4850901223354,-4467.658984785311,5176.368913214095,-4.169125317641943,-3.1754447211997863,-5.109892482456678,21366U
2025-06-29T19:15:28.943130,-3216.3549806482197,-4650.356534211977,4860.986855232353,-3.9908249353859957,-2.9127121718580096,-5.399801101211031,21366U
2025-06-29T19:16:28.943130,-3450.110404964335,-4816.98421175814,4528.767178961948,-3.7987511229344237,-2.6399395024962153,-5.670979528355094,21366U
2025-06-29T19:17:28.943130,-3671.9448762332077,-4966.968019396052,4180.862345926168,-3.593576526661018,-2.3580798861032046,-5.922484245841767,21366U
2025-06-29T19:18:28.943130,-3881.0936816637736,-5099.792145776289,3818.479357678533,-3.3760205254334403,-2.0681190447458153,-6.153441537372572,21366U
2025-06-29T19:19:28.943130,-4076.8366107340125,-5215.000812474088,3442.8754640749685,-3.1468466401881705,-1.771071641014069,-6.363050877838991,21366U
2025-06-29T19:20:28.943130,-4258.500521710025,-5312.199898999876,3055.3536761550076,-2.9068597389678628,-1.4679775202021792,-6.550588043996214,21366U
2025-06-29T19:21:28.943130,-4425.461734444473,-5391.058338083635,2657.258101130673,-2.6569030478761175,-1.1598978203263652,-6.715407922507122,21366U
2025-06-29T19:22:28.943130,-4577.148238145118,-5451.309273846345,2249.9691183793675,-2.397854980816477,-0.847910969250592,-6.856946993129615,21366U
2025-06-29T19:23:28.943130,-4713.04170365711,-5492.750976700856,1834.8984166162886,-2.1306258032194205,-0.533108590153815,-6.9747254669692165,21366U
2025-06-29T19:24:28.943130,-4832.679290792552,-5515.2475101640475,1413.483913556486,-1.8561541471599217,-0.21659133826827306,-7.06834906234462,21366U
2025-06-29T19:25:28.943130,-4935.655242359191,-5518.729146194563,987.1845803332418,-1.5754033972628025,0.1005353068105231,-7.137510403868946,21366U
2025-06-29T19:26:28.943130,-5021.62225776996,-5503.192527172943,557.475193698836,-1.2893579685294456,0.41716526793689535,-7.181990033767394,21366U
2025-06-29T19:27:28.943130,-5090.292640439725,-5468.700574190457,125.84103957477586,-0.9990194986460135,0.7321960904438346,-7.201657028157993,21366U
2025-06-29T19:28:28.943130,-5141.439214574504,-5415.382142883928,-306.22740817264815,-0.7054029784093866,1.0445331293032953,-7.196469214931358,21366U
2025-06-29T19:29:28.943130,-5174.896008408723,-5343.431429619455,-737.2398097891333,-0.4095328446001381,1.3530936775935931,-7.166472993886007,21366U
2025-06-29T19:30:28.943130,-5190.558702423597,-5253.10713236206,-1165.7112587558945,-0.11243905992291721,1.6568110111429544,-7.111802763812999,21366U
2025-06-29T19:31:28.943130,-5188.384842559825,-5144.731372045086,-1590.1675346328616,0.18484679548605965,1.9546383253321158,-7.032679965181961,21366U
2025-06-29T19:32:28.943130,-5168.393819895327,-5018.688381647481,-2009.150286926876,0.48129539701537016,2.245552541547544,-6.929411750866794,21366U
2025-06-29T19:33:28.943130,-5130.666619669593,-4875.42297147767,-2421.2221281603097,0.7758834899543422,2.528557962642029,-6.802389300875436,21366U
2025-06-29T19:34:28.943130,-5075.345343877377,-4715.4387803283535,-2824.9716153867344,1.067597623540354,2.8026897589362667,-6.652085800234005,21366U
2025-06-29T19:35:28.943130,-5002.632512905025,-4539.29632319222,-3219.0181006472394,1.3554377845601135,3.067017268727522,-6.479054101951241,21366U
2025-06-29T19:36:28.943130,-4912.790152824078,-4347.610847099792,-3602.0164322582023,1.6384209123109705,3.320647099899812,-6.283924099296271,21366U
2025-06-29T19:37:28.943130,-4806.13867597365,-4141.0500073495,-3972.661490337413,1.9155842788923634,3.5627260219875687,-6.067399833416699,21366U
2025-06-29T19:38:28.943130,-4683.055563343041,-3920.3313769411448,-4329.6925415787855,2.1859887211456916,3.7924436408639286,-5.830256363575073,21366U
2025-06-29T19:39:28.943130,-4543.973858000576,-3686.219802395691,-4671.897399944384,2.4487217130334864,4.009034851037546,-5.573336427974029,21366U
2025-06-29T19:40:28.943130,-4389.380479399277,-3439.5246193517683,-4998.116381619846,2.702900269780394,4.21178206327927,-5.297546923276167,21366U
2025-06-29T19:41:28.943130,-4219.814368822373,-3181.096741375935,-5307.246044247714,2.9476736776298464,4.4000172079013335,-5.003855230515417,21366U
2025-06-29T19:42:28.943130,-4035.8644765171966,-2911.8256353259476,-5598.242702073835,3.18222604553327,4.57312351641329,-4.693285414178335,21366U
2025-06-29T19:43:28.943130,-3838.167601206576,-2632.6361963699323,-5870.125710196464,3.4057786774325933,4.730537086434897,-4.366914319839793,21366U
2025-06-29T19:44:28.943130,-3627.4060926771995,-2344.4855354148026,-6121.980512558599,3.6175922659583803,4.8717482366049385,-4.025867593932505,21366U
2025-06-29T19:45:28.943130,-3404.3054280317483,-2048.359691245195,-6352.961449659749,3.8169689103050177,4.996302659757412,-3.671315647068248,21366U
2025-06-29T19:46:28.943130,-3169.6316719756187,-1745.2702791469246,-6562.294323157315,4.003253962713326,5.103802383811456,-3.304469579890612,21366U
2025-06-29T19:47:28.943130,-2924.1888312027054,-1436.2510872024066,-6749.2787155730775,4.175837709362045,5.193906550627147,-2.9265770877960247,21366U
2025-06-29T19:48:28.943130,-2668.8161125699185,-1122.354630826194,-6913.290064203017,4.33415689251463,5.266332023507239,-2.538918358098401,21366U
2025-06-29T19:49:28.943130,-2404.3850943245266,-804.6486754760257,-7053.781489048247,4.477696081474579,5.320853834081899,-2.142801970412872,21366U
2025-06-29T19:50:28.943130,-2131.796819192238,-484.21273685009027,-7170.28537514074,4.605988900264716,5.35730547901341,-1.7395608082781215,21366U
2025-06-29T19:51:28.943130,-1851.9788176692005,-162.13456728688806,-7262.414710034483,4.718619119966854,5.375579076324569,-1.3305479874069042,21366U
2025-06-29T19:52:28.943130,-1565.8820694037415,160.49336346552977,-7329.86417748274,4.815221623353283,5.375625390221574,-0.9171328035196757,21366U
2025-06-29T19:53:28.943130,-1274.477910126439,482.57738542808596,-7372.411008436481,4.895483248829988,5.35745373208876,-0.5006967005505595,21366U
2025-06-29T19:54:28.943130,-978.7548912018422,803.0261362441553,-7389.915590498054,4.959143519825796,5.32113174392625,-0.08262925817026069,21366U
2025-06-29T19:55:28.943130,-679.7155985524033,1120.7540527543904,-7382.321836865853,5.005995264636252,5.266785068933308,0.33567580389551427,21366U
2025-06-29T19:56:28.943130,-378.37343745083774,1434.6848395673114,-7349.657315635179,5.035885130411494,5.194596912266117,0.7528246083321135,21366U
2025-06-29T19:57:28.943130,-75.74938950770697,1743.754908025218,-7292.033140101265,5.048713993508936,5.104807493276091,1.1674270936813385,21366U
2025-06-29T19:58:28.943130,227.13125190219324,2046.9167789924493,-7209.643620469134,5.044437266868011,4.9977133888224765,1.5781009831260038,21366U
2025-06-29T19:59:28.943130,529.2421615196571,2343.142442820539,-7102.765677137788,5.023065103457677,4.873666765609009,1.9834757526807083,21366U
2025-06-29T20:00:28.943130,829.5592710300051,2631.426669682597,-6971.75801551897,4.9846624932531745,4.73307449797327,2.3821966021225722,21366U
2025-06-29T20:01:28.943130,1127.0640602867886,2910.7902632195637,-6817.060062199746,4.929349249670872,4.576397166213639,2.7729284308359974,21366U
2025-06-29T20:02:28.943130,1420.7468440971506,3180.283250123431,-6639.19066218497,4.857299879980872,4.4041479294166015,3.1543598192052666,21366U
2025-06-29T20:03:28.943130,1709.6100473772958,3438.987997904792,-6438.74653698271,4.768743332975673,4.216891265889946,3.5252070143047485,21366U
2025-06-29T20:04:28.943130,1992.6714610606382,3686.022252672027,-6216.400503442199,4.663962616144492,4.015241573749392,3.88421791646541,21366U
2025-06-29T20:05:28.943130,2268.967470665019,3920.5420883083752,-5972.899453531701,4.543294273825478,3.7998616239709833,4.23017606090647,21366U
2025-06-29T20:06:28.943130,2537.556248909573,4141.744757985846,-5709.062095666898,4.407127717314607,3.571460858329142,4.561904586075671,21366U
2025-06-29T20:07:28.943130,2797.520903234459,4348.871438522853,-5425.7764587765905,4.255904397726788,3.330793525099037,4.8782701777171,21366U
2025-06-29T20:08:28.943130,3047.9725685418825,4541.209857700402,-5123.997161018279,4.0901168125451415,3.078656646205505,5.1781869750662946,21366U
2025-06-29T20:09:28.943130,3288.0534349530276,4718.0967943107,-4804.74244593988,3.9103073372717265,2.8158878106469922,5.460620423023915,21366U
2025-06-29T20:10:28.943130,3516.9396998936454,4878.920440451187,-4469.090989908623,3.717066874401182,2.543362790482616,5.724591051773304,21366U
2025-06-29T20:11:28.943130,3733.844433392584,5023.122615407464,-4118.178485789941,3.511033313071345,2.2619929774201446,5.969178163148902,21366U
2025-06-29T20:12:28.943130,3938.02034512365,5150.200820408843,-3753.1940091413367,3.292889794182135,1.9727226400435525,6.193523401204381,21366U
2025-06-29T20:13:28.943130,4128.762441460945,5259.710123605121,-3375.3761745664483,3.0633627774867795,1.676526003923258,6.396834182936015,21366U
2025-06-29T20:14:28.943130,4305.410560662002,5351.264864810501,-2986.0090913374456,2.823219909116182,1.3744041592147649,6.5783869640366675,21366U
2025-06-29T20:15:28.943130,4467.351774261015,5424.540169902411,-2586.4181289053413,2.5732676901506935,1.0673818028087794,6.737530313938839,21366U
2025-06-29T20:16:28.943130,4614.022642851899,5479.273265250208,-2177.9655044567794,2.3143489491588483,0.7565038245939354,6.873687774277515,21366U
2025-06-29T20:17:28.943130,4744.9113146783875,5515.264583184717,-1762.0457062103374,2.0473401240249642,0.44283174986761853,6.986360475286919,21366U
2025-06-29T20:18:28.943130,4859.559455829827,5532.3786503006695,-1340.0807676441452,1.7731483608296212,0.12744005231872982,7.075129485544649,21366U
2025-06-29T20:19:28.943130,4957.564001367921,5530.544751304534,-913.5154092810708,1.4927084399709654,-0.1885876457511738,7.139657871883206,21366U
2025-06-29T20:20:28.943130,5038.578717379249,5509.757362169664,-483.81206599647686,1.2069795420607417,-0.5041624672636632,7.1796924481806865,21366U
2025-06-29T20:21:28.943130,5102.315564755225,5470.076347526648,-52.4458190298119,0.9169418683399218,-0.8181942477695404,7.195065194083491,21366U
2025-06-29T20:22:28.943130,5148.545856436127,5411.626918482307,379.1007470520338,0.6235931323794838,-1.1295955544601917,7.1856943274564635,21366U
2025-06-29T20:23:28.943130,5177.101200906679,5334.599348407415,809.3427412979185,0.32794494161181165,-1.4372857336832014,7.151585017439485,21366U
2025-06-29T20:24:28.943130,5187.8742258818575,5239.248445640215,1236.798195374742,0.03101908873638336,-1.7401949630944071,7.092829728345564,21366U
2025-06-29T20:25:28.943130,5180.8190773561555,5125.892783496177,1659.9933022879309,-0.2661562257828655,-2.03726828420713,7.009608188185454,21366U
2025-06-29T20:26:28.943130,5155.9516904863995,4994.913689432788,2077.4676421931645,-0.5625502180791706,-2.3274695911212446,6.902186979265962,21366U
2025-06-29T20:27:28.943130,5113.34983011759,4846.753996664419,2487.7793726172094,-0.8571333695945236,-2.6097855516408073,6.770918751995317,21366U
2025-06-29T20:28:28.943130,5053.152900119498,4681.916562935874,2889.510360563604,-1.1488812775401822,-2.883229437792938,6.61624106665391,21366U
2025-06-29T20:29:28.943130,4975.561522057255,4500.962562518374,3281.2712343584635,-1.4367784847874876,-3.1468448439280308,6.438674871365387,21366U
2025-06-29T20:30:28.943130,4880.8368850495435,4304.509558770609,3661.7063336711576,-1.719822267505478,-3.3997092720695843,6.23882262775337,21366U
2025-06-29T20:31:28.943130,4769.299869951383,4093.2293657869436,4029.498536919971,-1.9970263598339073,-3.640937565954861,6.01736609871601,21366U
2025-06-29T20:32:28.943130,4641.3299522167945,3867.8457087243773,4383.373946211844,-2.2674245961464483,-3.8696851772046674,5.775063815335214,21366U
2025-06-29T20:33:28.943130,4497.3638889307285,3629.1316933411576,4722.106411056681,-2.5300744529858714,-4.085151249232176,5.512748242102752,21366U
2025-06-29T20:34:28.943130,4337.894196536144,3377.907096087719,5044.521873305829,-2.7840604744852957,-4.286581506778353,5.2313226613559305,21366U
2025-06-29T20:35:28.943130,4163.467426709258,3115.0354867585584,5349.502517065761,-3.028497566974333,-4.47327094128285,4.931757799046566,21366U
2025-06-29T20:36:28.943130,3974.6822486451756,2841.4211962395225,5635.990708703204,-3.26253415044799,-4.644566284599342,4.615088214708788,21366U
2025-06-29T20:37:28.943130,3772.1873467036753,2558.0061422730473,5902.992713454824,-3.4853551565870857,-4.79986826577883,4.28240847875278,21366U
2025-06-29T20:38:28.943130,3556.6791429299706,2265.7665264201114,6149.5821765552,-3.696184865002091,-4.938633647715227,3.9348691600154413,21366U
2025-06-29T20:39:28.943130,3328.8993544106106,1965.7094155315324,6374.903358174351,-3.8942895712695367,-5.060377042321563,3.573672645882099,21366U
2025-06-29T20:40:28.943130,3089.632395757552,1658.8692210673596,6578.174112784418,-4.078980082086821,-5.164672504537325,3.2000688163090687,21366U
2025-06-29T20:41:28.943130,2839.7026372431274,1346.3040895360098,6758.688604834286,-4.249614034440203,-5.251154906822468,2.815350591786395,21366U
2025-06-29T20:42:28.943130,2579.971529248041,1029.0922171829195,6915.819753783048,-4.405598037021959,-5.319521096847252,2.420849373757191,21366U
2025-06-29T20:43:28.943130,2311.3346037487586,708.3281018611249,7049.021402616124,-4.546389633215436,-5.369530841825994,2.0179303943339963,21366U
2025-06-29T20:44:28.943130,2034.718363575939,385.118744782063,7157.830204934237,-4.671499085771367,-5.401007563366957,1.6079879904062473,21366U
2025-06-29T20:45:28.943130,1751.0770701396366,60.5798145941629,7241.867226563012,-4.780490983816244,-5.41383886683102,1.192440815501149,21366U
2025-06-29T20:46:28.943130,1461.389440257751,-264.16821401272136,7300.839258382823,-4.87298567306645,-5.4079768690320416,0.7727270011245788,21366U
2025-06-29T20:47:28.943130,1166.6552626594512,-588.0039352099785,7334.53983773291,-4.948660510084077,-5.383438327705877,0.35029927784652903,21366U
2025-06-29T20:48:28.943130,867.8919446804272,-909.8088886722275,7342.849976313198,-5.007250941127616,-5.3403045755669645,-0.07337993482566134,21366U
2025-06-29T20:49:28.943130,566.1309996360804,-1228.471426347287,7325.738593008953,-5.048551405657097,-5.278721261012496,-0.4968434616663323,21366U
2025-06-29T20:50:28.943130,262.4144853698597,-1542.8905578426682,7283.26265051683,-5.072416063892415,-5.198897896683682,-0.9186243204954774,21366U
2025-06-29T20:51:28.943130,-42.20859549980507,-1851.979762992995,7215.566995074323,-5.078759347048316,-5.101107216203287,-1.3372606791821993,21366U
2025-06-29T20:52:28.943130,-346.68592291197285,-2154.670760069573,7122.88389903825,-5.067556328027948,-4.985684338585967,-1.751300813270596,21366U
2025-06-29T20:53:28.943130,-649.9655036042183,-2449.9172182478605,7005.532306464429,-5.038842909525332,-4.853025738996781,-2.1593080563336433,21366U
2025-06-29T20:54:28.943130,-950.9993210844596,-2736.6984025433444,6863.91678239671,-4.992715825696228,-4.703588024021463,-2.5598657338223028,21366U
2025-06-29T20:55:28.943130,-1248.7469801828297,-3014.0227395784786,6698.526167073822,-4.929332452897279,-4.537886509122684,-2.9515820703089544,21366U
2025-06-29T20:56:28.943130,-1542.1793345598978,-3280.9312922075524,6509.931936951789,-4.848910424493321,-4.356493595866555,-3.3330950582429435,21366U
2025-06-29T20:57:28.943130,-1830.2820853008534,-3536.5011309439283,6298.786275173325,-4.751727044453979,-4.1600369466175815,-3.7030772746860707,21366U
2025-06-29T20:58:28.943130,-2112.05933837806,-3779.848589977555,6065.819854984391,-4.638118494439093,-3.9491974548555318,-4.060240630581967,21366U
2025-06-29T20:59:28.943130,-2386.5371084420162,-4010.1323954697273,5811.839340582141,-4.508478829339751,-3.724707010040575,-4.40334103516645,21366U
2025-06-29T21:00:28.943130,-2652.766756101328,-4226.556653765899,5537.724610984216,-4.3632587568183245,-3.4873460570508676,-4.731182956204216,21366U
2025-06-29T21:01:28.943130,-2909.8283455995165,-4428.373687199749,5244.425713729565,-4.202964197284221,-3.237940951624091,-5.042623854934931,21366U
2025-06-29T21:02:28.943130,-3156.8339096040663,-4614.886705286247,4932.959556550691,-4.028154621951423,-2.9773611149306487,-5.3365784730080765,21366U
2025-06-29T21:03:28.943130,-3392.9306077182114,-4785.452299341274,4604.406346574447,-3.839441168130863,-2.7065159923485296,-5.6120229473733385,21366U
2025-06-29T21:04:28.943130,-3617.303765319585,-4939.482748929176,4259.90578809811,-3.6374845326906047,-2.4263518236555095,-5.867998728137663,21366U
2025-06-29T21:05:28.943130,-3829.179779440904,-5076.448129040465,3900.653051523321,-3.4229926466316303,-2.1378482341456513,-6.103616273868992,21366U
2025-06-29T21:06:28.943130,-4027.8288786489043,-5195.878207546412,3527.8945275832016,-3.1967181359290873,-1.8420146585503738,-6.3180584987710064,21366U
2025-06-29T21:07:28.943130,-4212.567724258011,-5297.364123267981,3142.923382539067,-2.9594555761241224,-1.5398866120331451,-6.510583946607112,21366U
2025-06-29T21:08:28.943130,-4382.761840740663,-5380.559835931635,2747.074931519334,-2.71203855055913,-1.2325218248609633,-6.6805296672364,21366U
2025-06-29T21:09:28.943130,-4537.827863870212,-5445.18334035918,2341.7218485905532,-2.4553365245633043,-0.9209962595638017,-6.827313773141815,21366U
2025-06-29T21:10:28.943130,-4677.235595950862,-5491.0176384411725,1928.2692334596416,-2.190251550251844,-0.606400031410299,-6.9504376553659375,21366U
2025-06-29T21:11:28.943130,-4800.509858448227,-5517.911463761069,1508.1495558726253,-1.9177148188321285,-0.2898332547880924,-7.049487840792716,21366U
2025-06-29T21:12:28.943130,-4907.23213342222,-5525.779755151106,1082.8174997744263,-1.6386830793532263,0.027598160472486755,-7.124137475675736,21366U
2025-06-29T21:13:28.943130,-4997.041986368275,-5514.603876950791,653.744730097666,-1.3541349446303101,0.3447867377024465,-7.174147423655428,21366U
2025-06-29T21:14:28.943130,-5069.6382643755915,-5484.431585280891,222.4146056395159,-1.065067106573335,0.6606276611012416,-7.1993669701542045,21366U
2025-06-29T21:15:28.943130,-5124.780064892779,-5435.3767412152,-209.68313815376888,-0.7724904843050494,0.9740229764485944,-7.199734128908194,21366U
2025-06-29T21:16:28.943130,-5162.287471829486,-5367.618773302498,-641.0577125539802,-0.4774263292337136,1.283885738883897,-7.175275550395606,21366U
2025-06-29T21:17:28.943130,-5182.042057193611,-5281.401893435479,-1070.2225812525473,-0.18090231162752946,1.5891440824136542,-7.126106035961431,21366U
2025-06-29T21:18:28.943130,-5183.987147942658,-5177.034071556212,-1495.7007249440899,0.11605138678962913,1.888745186828757,-7.052427665419528,21366U
2025-06-29T21:19:28.943130,-5168.127859189997,-5054.885776103477,-1916.0298419407366,0.41240595014003023,2.181659119136991,-6.954528549743459,21366U
2025-06-29T21:20:28.943130,-5134.5308963277,-4915.388488423834,-2329.7674627888123,0.7071377523465355,2.4668825284058538,-6.832781224046344,21366U
2025-06-29T21:21:28.943130,-5083.324129983943,-4759.033000564271,-2735.4959578876474,0.9992321057078847,2.7434421750233464,-6.687640699316132,21366U
2025-06-29T21:22:28.943130,-5014.695949003288,-4586.367506923217,-3131.827418319751,1.2876869136190618,3.010398277765781,-6.519642194243214,21366U
2025-06-29T21:23:28.943130,-4928.894397803723,-4397.995501144646,-3517.4083914662897,1.571516208818698,3.2668476646521922,-6.329398570891862,21366U
2025-06-29T21:24:28.943130,-4826.2261055083145,-4194.573490385797,-3890.9244544751173,1.8497535606573297,3.5119267163020083,-6.117597499876518,21366U
2025-06-29T21:25:28.943130,-4707.055015159549,-3976.808539668923,-4251.10461023312,2.121455337187074,3.744814093324331,-5.884998382077064,21366U
2025-06-29T21:26:28.943130,-4571.800922091122,-3745.455659437743,-4596.725492143039,2.385703810318753,3.9647332420890273,-5.632429054744059,21366U
2025-06-29T21:27:28.943130,-4420.937831149002,-3501.315049682571,-4926.615365681348,2.641610094812782,4.170954675992119,-5.360782310102198,21366U
2025-06-29T21:28:28.943130,-4254.992142920197,-3245.229214081635,-5239.657916383872,2.8883169144007312,4.362798031965331,-5.07101225427197,21366U
2025-06-29T21:29:28.943130,-4074.540679444524,-2978.079957538358,-5534.795815541096,3.1250011908152744,4.539633904433592,-4.764130533519501,21366U
2025-06-29T21:30:28.943130,-3880.2085600577257,-2700.785280289075,-5811.0340564540365,3.3508764538762197,4.700885461139836,-4.441202453554106,21366U
2025-06-29T21:31:28.943130,-3672.6669380523717,-2414.2961814289883,-6067.443055577909,3.5651950729842694,4.846029847187185,-4.103343015873865,21366U
2025-06-29T21:32:28.943130,-3452.6306087578896,-2119.593384274491,-6303.161514241947,3.7672503123625667,4.974599385257111,-3.7517128930732624,21366U
2025-06-29T21:33:28.943130,-3220.8554994464175,-1817.6839954662337,-6517.399037861243,3.956378214117067,5.086182581220787,-3.3875143626432758,21366U
2025-06-29T21:34:28.943130,-2978.136051185045,-1509.5981091432097,-6709.438510633953,4.131959314623572,5.180424945249939,-3.0119872161920775,21366U
2025-06-29T21:35:28.943130,-2725.3025023946366,-1196.385366903828,-6878.638224636465,4.293420200867588,5.257029639046808,-2.626404658273098,21366U
2025-06-29T21:36:28.943130,-2463.2180834599044,-879.1114836376248,-7024.4337629849815,4.44023491414549,5.315757959952188,-2.2320692062088643,21366U
2025-06-29T21:37:28.943130,-2192.776131286186,-558.8547486837384,-7146.339637322826,4.5719262089737445,5.356429672468162,-1.8303085995285409,21366U
2025-06-29T21:38:28.943130,-1914.897132233945,-236.7025111684008,-7243.950680324536,4.688066675149888,5.378923197170832,-1.422471724972136,21366U
2025-06-29T21:39:28.943130,-1630.5257014032134,86.25234218666505,-7316.943194188832,4.78827973067539,5.383175666118199,-1.0099245605320137,21366U
2025-06-29T21:40:28.943130,-1340.6275058052195,408.91490899345285,-7365.075856235595,4.872240492706264,5.369182852718667,-0.594046139771583,21366U
2025-06-29T21:41:28.943130,-1046.1861385634604,730.191785500498,-7388.19038274463,4.939676532871308,5.336998982661163,-0.17622453574116606,21366U
2025-06-29T21:42:28.943130,-748.1999509491559,1048.9945662457746,-7386.211952095304,4.990368522223954,5.286736430969749,0.24214713774267838,21366U
2025-06-29T21:43:28.943130,-447.67884878640746,1364.2433222846093,-7359.149388109282,5.024150769815279,5.2185653085884125,0.6596747108391533,21366U
2025-06-29T21:44:28.943130,-145.641059573913,1674.8700513655235,-7307.0951042878605,5.040911657438209,5.132712940183118,1.074966932545965,21366U
2025-06-29T21:45:28.943130,156.89012343237764,1979.8220934759102,-7230.224809396614,5.040593971547828,5.02946323312663,1.486639440047565,21366U
2025-06-29T21:46:28.943130,458.8896139421408,2278.0655051296912,-7128.796974609311,5.023195131763001,4.909155935964763,1.8933187267234246,21366U
2025-06-29T21:47:28.943130,759.333815839893,2568.5883856221453,-7003.152062207563,4.988767313754394,4.772185783108825,2.293646112348794,21366U
2025-06-29T21:48:28.943130,1057.203910389551,2850.4041482502926,-6853.711515665978,4.937417462778562,4.619001521107701,2.6862817179589222,21366U
2025-06-29T21:49:28.943130,1351.4891406785196,3122.5547291889616,-6680.976510860748,4.869307192678797,4.450104810677075,3.069908446382902,21366U
2025-06-29T21:50:28.943130,1641.1900862049306,3384.113726347468,-6485.526468142877,4.7846525638917425,4.266048997741935,3.4432359676420803,21366U
2025-06-29T21:51:28.943130,1925.321920100774,3634.1894601193735,-6268.017325134906,4.6837237329194545,4.067437746119329,3.805004706295836,21366U
2025-06-29T21:52:28.943130,2202.917641016424,3871.927947497801,-6029.179570358227,4.566844464890357,3.854923524158895,4.153989825468224,21366U
2025-06-29T21:53:28.943130,2473.0312711834963,4096.515780579955,-5769.816038188741,4.434391500273523,3.629205937688575,4.489005199770481,21366U
2025-06-29T21:54:28.943130,2734.7410116407905,4307.182900047646,-5490.799466178884,4.286793766555161,3.3910299019916317,4.808907366721976,21366U
2025-06-29T21:55:28.943130,2987.1523450681684,4503.205253804361,-5193.069816479386,4.124531425753886,3.1411836462711196,5.112599443640112,21366U
2025-06-29T21:56:28.943130,3229.401076148125,4683.907330596693,-4877.631363940927,3.948134749050716,2.880496545127968,5.399034994400771,21366U
2025-06-29T21:57:28.943130,3460.656298879687,4848.664558164934,-4545.549554472211,3.758182810544378,2.609836772973984,5.667221828038416,21366U
2025-06-29T21:58:28.943130,3680.123279827814,4996.905555275952,-4197.947638363647,3.555301993202108,2.3301087789908728,5.916225708939088,21366U
2025-06-29T21:59:28.943130,3887.0462459197097,5128.114226905716,-3836.0030845421074,3.3401643014450513,2.0422505821965347,6.145173956448274,21366U
2025-06-29T22:00:28.943130,4080.711065114739,5241.83169187304,-3460.9437830858883,3.113485476461135,1.7472308883486107,6.353258910132959,21366U
2025-06-29T22:01:28.943130,4260.447808095876,5337.6580323941525,-3074.0440447732276,2.876022912240251,1.4460460327483333,6.539741235761977,21366U
2025-06-29T22:02:28.943130,4425.633179067604,5415.253855335626,-2676.6204079441204,2.6285733724396865,1.139716755455129,6.7039530463428765,21366U
2025-06-29T22:03:28.943130,4575.692803812917,5474.3416553981815,-2270.027264490606,2.3719705104613116,0.829284817920336,6.845300812314675,21366U
2025-06-29T22:04:28.943130,4710.103363367029,5514.70697106746,-1855.6523183292434,2.1070821975055374,0.5158094725375585,6.963268035264352,21366U
2025-06-29T22:05:28.943130,4828.394562013136,5536.199324917229,-1434.9118912210308,1.8348076658044479,0.2003637990255782,7.057417660318822,21366U
2025-06-29T22:06:28.943130,4930.150918799209,5538.732940741772,-1009.2460922552119,1.5560744766676369,-0.1159690761563056,7.1273942036598985,21366U
2025-06-29T22:07:28.943130,5015.013372411478,5522.287231017121,-580.1138686780536,1.2718353253422472,-0.43209985906682224,7.1729255733961335,21366U
2025-06-29T22:08:28.943130,5082.680690016045,5486.907049333418,-148.9879569943667,0.9830646969339462,-0.7469370460739438,7.1938245642713765,21366U
2025-06-29T22:09:28.943130,5132.910671586522,5432.702703687434,282.6502456289995,0.6907553897016282,-1.0593909384850169,7.189990009348894,21366U
2025-06-29T22:10:28.943130,5165.521142260122,5359.849727856658,713.3158686904945,0.3959149238783551,-1.3683776911011947,7.1614075748246,21366U
2025-06-29T22:11:28.943130,5180.390726394154,5268.588409473594,1141.5257926988072,0.09956185573316453,-1.6728233709301594,7.108150187426744,21366U
2025-06-29T22:12:28.943130,5177.4593982109745,5159.22307485917,1565.8038882757626,-0.19727798215950657,-1.971668001825216,7.0303780873752455,21366U
2025-06-29T22:13:28.943130,5156.728805203402,5032.121132132862,1984.686247428549,-0.4935752925681053,-2.2638695707543524,6.92833850352045,21366U
2025-06-29T22:14:28.943130,5118.262361803031,4887.711875571485,2396.726384291622,-0.7883011547476241,-2.5484079717358847,6.802364950972109,21366U
2025-06-29T22:15:28.943130,5062.185112169094,4726.485055613575,2800.500382751375,-1.0804308724823461,-2.8242888642002333,6.652876155178022,21366U
2025-06-29T22:16:28.943130,4988.683362312629,4548.989220278949,3194.6119686975608,-1.3689478066294383,-3.090547423626863,6.480374609930824,21366U
2025-06-29T22:17:28.943130,4898.004083107596,4355.829835073166,3577.6974851806353,-1.6528471703209178,-3.346251963726275,6.285444780091667,21366U
2025-06-29T22:18:28.943130,4790.454087035848,4147.6671896522985,3948.4307494886884,-1.9311397658796707,-3.590507411153065,6.068750962842242,21366U
2025-06-29T22:19:28.943130,4666.398982746161,3925.214100620412,4305.527772062431,-2.202855643707248,-3.8224586156906324,5.8310348239489596,21366U
2025-06-29T22:20:28.943130,4526.261912661795,3689.233420805641,4647.751318226399,-2.4670476648717,-4.041293480988778,5.573112627788237,21366U
2025-06-29T22:21:28.943130,4370.522079929715,3440.5353662003486,4973.915294901238,-2.722794950813359,-4.246245903199062,5.295872181697811,21366U
2025-06-29T22:22:28.943130,4199.713071956859,3179.974672451999,5282.88894574563,-2.9692062054401527,-4.436598507173543,5.000269516560004,21366U
2025-06-29T22:23:28.943130,4014.420988614321,2908.4475933498047,5573.600839531735,-3.205422896846159,-4.611685172207513,4.6873253263742605,21366U
2025-06-29T22:24:28.943130,3815.2823839058415,2626.888754172652,5845.042637949946,-3.4306222878936516,-4.77089334154911,4.358121189945614,21366U
2025-06-29T22:25:28.943130,3602.9820304883124,2336.2678730483362,6096.27263044356,-3.644020306893509,-4.9136661120115095,4.013795597718158,21366U
2025-06-29T22:26:28.943130,3378.2505169042,2037.5863636355136,6326.419025059177,-3.8448742515384606,-5.039504101949114,3.655539806256481,21366U
2025-06-29T22:27:28.943130,3141.861687743253,1731.873832489384,6534.682985640514,-4.03248532103527,-5.147967097552298,3.284593541971132,21366U
2025-06-29T22:28:28.943130,2894.629937201812,1420.1844844230343,6720.34140697195,-4.206200972997256,-5.238675478838982,2.902240574453981,21366U
2025-06-29T22:29:28.943130,2637.407366667746,1103.5934490514453,6882.749420670289,-4.365417103052256,-5.311311427845911,2.5098041783132765,21366U
2025-06-29T22:30:28.943130,2371.080817037685,783.193041516487,7021.342625721227,-4.509580046265197,-5.365619922335589,2.108642500746567,21366U
2025-06-29T22:31:28.943130,2096.5687864908073,460.08897016423407,7135.639038547847,-4.638188400342343,-5.401409518830535,1.7001438503517232,21366U
2025-06-29T22:32:28.943130,1814.8182444151312,135.3965036964294,7225.240758381106,-4.7507946711671485,-5.418552928974889,1.2857219209326467,21366U
2025-06-29T22:33:28.943130,1526.8013521265655,-189.76338993395987,7289.835344478018,-4.847006741514412,-5.416987393124845,0.8668109623909087,21366U
2025-06-29T22:34:28.943130,1233.5121009563286,-514.267920849816,7329.196902408867,-4.926489163811674,-5.396714854715674,0.44486090928671057,21366U
2025-06-29T22:35:28.943130,935.9628782227318,-836.9963589756222,7343.186877222843,-4.988964277587926,-5.357801938386292,0.021332476369102415,21366U
2025-06-29T22:36:28.943130,635.180971567045,-1156.8339085039374,7331.754551816501,-5.03421315180088,-5.300379734112013,-0.4023077706183968,21366U
2025-06-29T22:37:28.943130,332.20502213114975,-1472.6755635609613,7294.937249292356,-5.06207635160852,-5.224643388759984,-0.8245923612097482,21366U
2025-06-29T22:38:28.943130,28.08143709338439,-1783.429933594272,7232.860238526373,-5.072454528397186,-5.130851505599296,-1.2440578762146564,21366U
2025-06-29T22:39:28.943130,-276.13922782462635,-2088.0230270070588,7145.736342588033,-5.065308831050623,-5.0193253514344125,-1.659249905992365,21366U
2025-06-29T22:40:28.943130,-579.4059051332215,-2385.4019815273264,7033.865250095544,-5.040661135602171,-4.89044787024276,-2.068728003086369,21366U
2025-06-29T22:41:28.943130,-880.6706606679252,-2674.538729687682,6897.632530075516,-4.998594089613506,-4.744662501559257,-2.4710706204299395,21366U
2025-06-29T22:42:28.943130,-1178.892335816033,-2954.4335876876357,6737.508351434969,-4.939250966927069,-4.582471801391649,-2.8648800251804394,21366U
2025-06-29T22:43:28.943130,-1473.0401753863473,-3224.118755739028,6554.045908786082,-4.862835327900427,-4.404435863248477,-3.2487871767363363,21366U
2025-06-29T22:44:28.943130,-1762.0974293273969,-3482.661717847936,6347.879557088692,-4.769610479898949,-4.211170536929209,-3.6214565557977325,21366U
2025-06-29T22:45:28.943130,-2045.0649161695953,-3729.1685288402964,6119.722658413523,-4.659898732740145,-4.0033454431038935,-3.981590929464963,21366U
2025-06-29T22:46:28.943130,-2320.9645357388786,-3962.786976324478,5870.365145087343,-4.534080443982767,-3.781681782410962,-4.327936035425745,21366U
2025-06-29T22:47:28.943130,-2588.842718386164,-4182.709605226065,5600.670804557491,-4.392592849457714,-3.5469499388257457,-4.659285166351036,21366U
2025-06-29T22:48:28.943130,-2847.7737977092406,-4388.1765925405625,5311.574292510779,-4.235928675258911,-3.2999668783946117,-4.97448363378033,21366U
2025-06-29T22:49:28.943130,-3096.863293539762,-4578.478460054983,5004.077882084428,-4.064634528548194,-3.041593346061934,-5.27243308912738,21366U
2025-06-29T22:50:28.943130,-3335.2510918400367,-4752.958613000467,4679.247958407455,-3.879309065967943,-2.772730865210325,-5.552095678051378,21366U
2025-06-29T22:51:28.943130,-3562.11450812563,-4911.015692934241,4338.211269183988,-3.6806009401730693,-2.4943185466390934,-5.812498003399911,21366U
2025-06-29T22:52:28.943130,-3776.671221112501,-5052.105733618458,3982.1509435578755,-3.4692065269561367,-2.2073297159714644,-6.05273487129924,21366U
2025-06-29T22:53:28.943130,-3978.182063498283,-5175.744109276134,3612.3022930481216,-3.2458674375998986,-1.9127683708426775,-6.271972794802953,21366U
2025-06-29T22:54:28.943130,-4165.953657135698,-5281.507265363143,3229.948409888902,-3.0113678233967627,-1.6116654816125604,-6.469453229848805,21366U
2025-06-29T22:55:28.943130,-4339.340880346288,-5369.03422289799,2836.415579618407,-2.7665314816687236,-1.305075151702025,-6.6444955191371,21366U
2025-06-29T22:56:28.943130,-4497.749155763542,-5438.027848436664,2433.068526195335,-2.5122187750339977,-0.9940706558945791,-6.796499520944358,21366U
2025-06-29T22:57:28.943130,-4640.63654787942,-5488.255882955254,2021.3055092565758,-2.2493233780372117,-0.6797403770105775,-6.92494790180683,21366U
2025-06-29T22:58:28.943130,-4767.515660393718,-5519.551724196525,1602.5532943325509,-1.978768867521863,-0.36318366318827666,-7.029408074423669,21366U
2025-06-29T22:59:28.943130,-4877.955324526138,-5531.814958432285,1178.2620178690056,-1.7015051752069494,-0.04550662952673859,-7.109533764999458,21366U
2025-06-29T23:00:28.943130,-4971.582070626157,-5525.011639068227,749.8999697583033,-1.4185049227856872,0.27218207097446606,-7.165066197504959,21366U
2025-06-29T23:01:28.943130,-5048.081376697411,-5499.174311051952,318.94831671823977,-1.1307596614275617,0.5887754814596744,-7.195834885920111,21366U
2025-06-29T23:02:28.943130,-5107.198688815933,-5454.401781610903,-113.10420973009396,-0.839276038799218,0.9031725541553932,-7.201758029347961,21366U
2025-06-29T23:03:28.943130,-5148.740209846535,-5390.858639420501,-544.7666367572574,-0.5450719175866308,1.214282316173699,-7.182842508866045,21366U
2025-06-29T23:04:28.943130,-5172.573454325189,-5308.7745258558125,-974.5510613381397,-0.24917246997038003,1.5210279626552585,-7.139183489018852,21366U
2025-06-29T23:05:28.943130,-5178.627568851393,-5208.443163487913,-1400.9779254340222,0.047393727426116576,1.8223508526512209,-7.070963630855134,21366U
2025-06-29T23:06:28.943130,-5166.893418800643,-5090.221148421944,-1822.581232249405,0.3435985739442001,2.11721438448286,-6.97845192728325,21366U
2025-06-29T23:07:28.943130,-5137.423443596424,-4954.526514415633,-2237.91368134006,0.6384182772267345,2.4046077290271386,-6.862002175165854,21366U
2025-06-29T23:08:28.943130,-5090.331284151563,-4801.83707794158,-2645.5517013370263,0.9308371151890634,2.6835494014248753,-6.722051101916895,21366U
2025-06-29T23:09:28.943130,-5025.7911873782305,-4632.688574450431,-3044.1003602149794,1.2198511068036517,2.9530906540304143,-6.559116167328096,21366U
2025-06-29T23:10:28.943130,-4944.037193853882,-4447.6725970327925,-3432.1981343739367,1.5044715726744817,3.2123186759780586,-6.373793063868866,21366U
2025-06-29T23:11:28.943130,-4845.362115801781,-4247.434349463753,-3808.5215192625383,1.7837285684275206,3.4603595874467397,-6.166752940729793,21366U
2025-06-29T23:12:28.943130,-4730.1163134839335,-4032.670226230166,-4171.789465841849,2.056674176210505,3.696381219509901,-5.938739378372116,21366U
2025-06-29T23:13:28.943130,-4598.706278902722,-3804.1252325903133,-4520.767628822979,2.32238564200912,3.919595673283217,-5.6905651412868075,21366U
2025-06-29T23:14:28.943130,-4451.593036357352,-3562.5902579958465,-4854.272414284623,2.5799683489914704,4.12926165486631,-5.423108737047755,21366U
2025-06-29T23:15:28.943130,-4289.290369901274,-3308.899216325616,-5171.174815949218,2.828558619621159,4.324686585246125,-5.137310809575119,21366U
2025-06-29T23:16:28.943130,-4112.362888095695,-3043.9260663450814,-5470.404031042675,3.0673263417733017,4.505228486832374,-4.834170393827226,21366U
2025-06-29T23:17:28.943130,-3921.42393665998,-2768.581725631204,-5750.950848245684,3.2954774164815523,4.670297650568473,-4.5147410579540095,21366U
2025-06-29T23:18:28.943130,-3717.1333696856973,-2483.810890899373,-6011.870801745709,3.512256027188283,4.819358089562789,-4.180126957314011,21366U
2025-06-29T23:19:28.943130,-3500.195190024652,-2190.5887772634915,-6252.287086783291,3.716946732404699,4.951928786867605,-3.831478822750591,21366U
2025-06-29T23:20:28.943130,-3271.355069288524,-1889.917788460814,-6471.393233347262,3.908876385478984,5.067584746374823,-3.4699899031968022,21366U
2025-06-29T23:21:28.943130,-3031.397757633108,-1582.8241295132327,-6668.45553578202,4.087415886671298,5.16595785676967,-3.09689188012194,21366U
2025-06-29T23:22:28.943130,-2781.1443931534086,-1270.35437268632,-6842.815237027263,4.251981773926205,5.246737579083076,-2.7134507686126157,21366U
2025-06-29T23:23:28.943130,-2521.4497203144597,-953.5719869805301,-6993.890466999421,4.4020376595880695,5.30967146860465,-2.320962817093507,21366U
2025-06-29T23:24:28.943130,-2253.1992263981215,-633.5538407554826,-7121.177935253585,4.537095520821529,5.35456554177616,-1.9207504149065568,21366U
2025-06-29T23:25:28.943130,-1977.3062044855076,-311.38668647879564,-7224.254378529321,4.656716851670771,5.381284498196762,-1.5141580142750994,21366U
2025-06-29T23:26:28.943130,-1694.708751033934,11.83636398100939,-7302.777764097343,4.760513684530701,5.389751807066546,-1.1025480706508048,21366U
2025-06-29T23:27:28.943130,-1406.3667056660956,335.01936561351425,-7356.488249996311,4.848149488327246,5.379949666310941,-0.6872970031493582,21366U
2025-06-29T23:28:28.943130,-1113.258540384659,657.0670606183677,-7385.208903296452,4.919339949939263,5.3519188413090015,-0.26979117478744996,21366U
2025-06-29T23:29:28.943130,-816.378205075798,976.8883857509518,-7388.846177468405,4.973853644373986,5.305758388643012,0.14857710940356722,21366U
2025-06-29T23:30:28.943130,-516.7319358789055,1293.3999598332612,-7367.390149794149,5.01151259797347,5.24162526865007,0.5664135895567578,21366U
2025-06-29T23:31:28.943130,-215.3350327928691,1605.529544772158,-7320.9145195554465,5.032192747524794,5.159733848843929,0.9823260274242255,21366U
2025-06-29T23:32:28.943130,86.79138722732023,1912.21947349259,-7249.576367501345,5.03582429662298,5.060355298549138,1.3949281764486567,21366U
2025-06-29T23:33:28.943130,388.6236554771278,2212.4300381815347,-7153.615676850462,5.022391969045929,4.9438168733988,1.8028437497257757,21366U
2025-06-29T23:34:28.943130,689.1388287114484,2505.142832081321,-7033.354615866032,4.9919351572963695,4.810501086769965,2.204710389547266,21366U
2025-06-29T23:35:28.943130,987.3179719374231,2789.364037896719,-6889.196581855334,4.9445479629067535,4.660844763786633,2.5991836412910594,21366U
2025-06-29T23:36:28.943130,1282.1494401016541,3064.1276555612744,-6721.625006339353,4.88037912363576,4.495337972297874,2.9849409330108125,21366U
2025-06-29T23:37:28.943130,1572.6321516692287,3328.4986617654426,-6531.20192111698,4.799631821366042,4.314522824252456,3.360685560352916,21366U
2025-06-29T23:38:28.943130,1857.7788466941126,3581.576093242835,-6318.566285038844,4.702563363384875,4.1189921401930745,3.725150674375947,21366U
2025-06-29T23:39:28.943130,2136.61932152308,3822.4960453730428,-6084.432071524762,4.589484728836481,3.9093879692103854,4.077103267542245,21366U
2025-06-29T23:40:28.943130,2408.2036317771895,4050.4345772120414,-5829.586117215589,4.460759971510616,3.686399956647941,4.415348150666392,21366U
2025-06-29T23:41:28.943130,2671.605254723097,4264.610513615879,-5554.885732659243,4.3168054698076075,3.45076355215169,4.738731911001893,21366U
2025-06-29T23:42:28.943130,2925.9242016108856,4464.288134710993,-5261.256076588518,4.158089014711899,3.203258051307149,5.046146839016699,21366U
2025-06-29T23:43:28.943130,3170.2900700199707,4648.779742592759,-4949.687296166345,3.9851287269325995,2.9447044651076393,5.336534808811032,21366U
2025-06-29T23:44:28.943130,3403.865025756857,4817.448094837507,-4621.2314365328275,3.798491795025106,2.6759632128182114,5.608891094667036,21366U
2025-06-29T23:45:28.943130,3625.846703386938,4969.708694193673,-4276.999124099003,3.5987930272983597,2.3979316354345803,5.86226810394032,21366U
2025-06-29T23:46:28.943130,3835.4710140993684,5105.031923710963,-3918.15602925611,3.386693211608578,2.1115413288286717,6.095779004509052,21366U
2025-06-29T23:47:28.943130,4032.0148492929993,5222.9450165683165,-3545.9191155178787,3.1628972787347487,1.817755297804956,6.308601223323228,21366U
2025-06-29T23:48:28.943130,4214.798668070906,5323.033850001146,-3161.55268353743,2.9281522668763973,1.5175649345921334,6.49997979132994,21366U
2025-06-29T23:49:28.943130,4383.188956738306,5404.944553002563,-2766.364219939034,2.6832450868837343,1.2119868277281793,6.669230509217475,21366U
2025-06-29T23:50:28.943130,4536.6005484364405,5468.384917896041,-2361.700062436506,2.429000090070083,0.9020594097920691,6.815742908071631,21366U
2025-06-29T23:51:28.943130,4674.498791217899,5513.125606447469,-1948.9408942513141,2.166276442818408,0.5888394549365399,6.938982979191269,21366U
2025-06-29T23:52:28.943130,4796.401553183327,5539.001141902494,-1529.49708236503,1.895965314622701,0.2733984396206822,7.038495647978983,21366U
2025-06-29T23:53:28.943130,4901.88105375979,5545.910679196168,-1104.8038756086858,1.6189868886411383,-0.043181217735437184,7.113906968005895,21366U
2025-06-29T23:54:28.943130,4990.5655108048695,5533.818546577523,-676.316479978883,1.3362872062237505,-0.3598100203063283,7.164926013029412,21366U
2025-06-29T23:55:28.943130,5062.1405939646065,5502.75455301043,-245.50502984850218,1.0488348591551844,-0.6753953398466606,7.191346446890453,21366U
2025-06-29T23:56:28.943130,5116.350675590957,5452.814056938782,186.15052512586257,0.7576175454616094,-0.9888454257025716,7.193047753789965,21366U
2025-06-29T23:57:28.943130,5152.9998715222,5384.157793320772,617.1655966195342,0.46363850652558103,-1.2990734531421484,7.169996114386302,21366U
2025-06-29T23:58:28.943130,5171.952865135846,5297.011457224213,1046.0561762047976,0.16791286488205873,-1.6050015873577588,7.122244916402903,21366U
2025-06-29T23:59:28.943130,5173.135509281491,5191.66504370933,1471.344073703737,-0.1285361166097216,-1.9055650389406624,7.049934891913014,21366U
2025-06-30T00:00:28.943130,5156.535201969847,5068.4719451851015,1891.5621527839014,-0.424680832533064,-2.1997160864687313,6.953293877095461,21366U
2025-06-30T00:01:28.943130,5122.201033015371,4927.847808884383,2305.2595410957156,-0.7194931673063305,-2.4864280420949783,6.83263619394619,21366U
2025-06-30T00:02:28.943130,5070.243700180546,4770.269158540224,2711.0067923095426,-1.0119483396264797,-2.764699136658958,6.688361657098835,21366U
2025-06-30T00:03:28.943130,5000.835194727287,4596.271785733279,3107.4009776973217,-1.3010287365060045,-3.033556301856726,6.520954212464639,21366U
2025-06-30T00:04:28.943130,4914.208257623842,4406.448917702202,3493.070685390564,-1.5857277149184814,-3.2920588283536123,6.3309802177689996,21366U
2025-06-30T00:05:28.943130,4810.655608960678,4201.449169638365,3866.6809061417152,-1.8650533498927775,-3.5393018803826197,6.1190863781562985,21366U
2025-06-30T00:06:28.943130,4690.528954377306,3981.974290611846,4226.937785282943,-2.1380321090299144,-3.7744198492784173,5.885997352793215,21366U
2025-06-30T00:07:28.943130,4554.237773474743,3748.776713279599,4572.593221604887,-2.40371243482967,-3.996589530504667,5.632513050762772,21366U
2025-06-30T00:08:28.943130,4402.247896268745,3502.6569183981874,4902.449295040202,-2.661168217857952,-4.205033110978147,5.359505636461612,21366U
2025-06-30T00:09:28.943130,4235.079874715995,3244.4606258984472,5215.362506300559,-2.9095021456049848,-4.399020955809646,5.067916266164009,21366U
2025-06-30T00:10:28.943130,4053.307157206996,2975.075824870239,5510.247812960071,-3.1478489138268473,-4.577874185908423,4.758751578377428,21366U
2025-06-30T00:11:28.943130,3857.5540746621277,2695.4296552582805,5786.082447864219,-3.375378289162575,-4.740967040164461,4.433079961091855,21366U
2025-06-30T00:12:28.943130,3648.493647485546,2406.4851543837194,6041.909507150573,-3.59129801382141,-4.8877290180745145,4.09202761902825,21366U
2025-06-30T00:13:28.943130,3426.845223131288,2109.237881596805,6276.841296557794,-3.7948565450732636,-5.017646800652421,3.736774463560138,21366U
2025-06-30T00:14:28.943130,3193.371954416841,1804.7124344371675,6490.062426057055,-3.9853456241015315,-5.1302659492182965,3.368549847152473,21366U
2025-06-30T00:15:28.943130,2948.878128995042,1493.9588696525532,6680.832644132734,-4.162102670433555,-5.225192383149951,2.988628163000998,21366U
2025-06-30T00:16:28.943130,2694.2063605722515,1178.0490423144106,6848.489404255439,-4.324512999612297,-5.30209363887752,2.5983243291236864,21366U
2025-06-30T00:17:28.943130,2430.234652558103,858.0728760949678,6992.450157209354,-4.472011862973363,-5.360699913287347,2.1989891745386596,21366U
2025-06-30T00:18:28.943130,2157.8733448606795,535.1345775481179,7112.214363953266,-4.604086309324303,-5.400804895270382,1.7920047434339434,21366U
2025-06-30T00:19:28.943130,1878.0619545219538,210.348806990636,7207.365224601581,-4.720276868970251,-5.422266389407472,1.3787795314846654,21366U
2025-06-30T00:20:28.943130,1591.7659208373607,-115.16318167319206,7277.571119911776,-4.820179060891299,-5.425006735748467,0.9607436667823065,21366U
2025-06-30T00:21:28.943130,1299.973265538164,-440.2774200836473,7322.586762362686,-4.903444723960612,-5.40901302934283,0.5393440462884395,21366U
2025-06-30T00:22:28.943130,1003.691178555214,-763.8711116291629,7342.2540545143,-4.9697831729177695,-5.374337142656499,0.11603943738803794,21366U
2025-06-30T00:23:28.943130,703.9425398368812,-1084.8265130169023,7336.5026528709695,-5.018962179411543,-5.32109555331128,-0.3077044469514875,21366U
2025-06-30T00:24:28.943130,401.7623876856334,-1402.0347996312871,7305.350235942098,-5.0508087778369335,-5.249468978764933,-0.7304198916441755,21366U
2025-06-30T00:25:28.943130,98.19434410406876,-1714.3999031809985,7248.902475631795,-5.065209894964183,-5.159701818671789,-1.1506421341847008,21366U
2025-06-30T00:26:28.943130,-205.71299227470507,-2020.8423101491514,7167.35271151293,-5.062112801542374,-5.052101404789706,-1.5669143231840619,21366U
2025-06-30T00:27:28.943130,-508.9096749707864,-2320.3028095322575,7060.981327976148,-5.04152538321803,-4.927037057489342,-1.9777924729591643,21366U
2025-06-30T00:28:28.943130,-810.3480492630629,-2611.746178265135,6930.154834715901,-5.0035162272961164,-4.784938947240972,-2.381850405619823,21366U
2025-06-30T00:29:28.943130,-1108.9863914934404,-2894.164792610925,6775.324651544086,-4.948214521148105,-4.626296758954135,-2.7776846709889784,21366U
2025-06-30T00:30:28.943130,-1403.7925366700829,-3166.5821536484527,6597.025599128553,-4.875809757493046,-4.451658156777163,-3.163919433277405,21366U
2025-06-30T00:31:28.943130,-1693.7474826583316,-3428.0563148286133,6395.874097958815,-4.786551241396183,-4.261627046970397,-3.5392113117700887,21366U
2025-06-30T00:32:28.943130,-1977.8489589268963,-3677.6831994272115,6172.566078651344,-4.680747393686765,-4.05686163677114,-3.902254160953801,21366U
2025-06-30T00:33:28.943130,-2255.114947486814,-3914.599795597897,5927.874607637371,-4.558764845629959,-3.8380722877964737,-4.251783773581781,21366U
2025-06-30T00:34:28.943130,-2524.5871433497164,-4137.987216655631,5662.647233326879,-4.42102732012107,-3.606019163482986,-4.586582488230348,21366U
2025-06-30T00:35:28.943130,-2785.334341557123,-4347.07361421646,5377.803059011283,-4.26801429541761,-3.3615096713337693,-4.905483681039045,21366U
2025-06-30T00:36:28.943130,-3036.455737611583,-4541.136931900735,5074.329550048272,-4.100259448488649,-3.105395702314494,-5.20737611962584,21366U
2025-06-30T00:37:28.943130,-3277.084127995645,-4719.50748749448,4753.279084249961,-3.918348876430539,-2.838570671577791,-5.491208155720405,21366U
2025-06-30T00:38:28.943130,-3506.388997410552,-4881.5703717693905,4415.765255855703,-3.7229190960538188,-2.561966366759396,-5.755991731934867,21366U
2025-06-30T00:39:28.943130,-3723.579479424124,-5026.767652601986,4062.9589449866585,-3.5146548236528483,-2.2765496123240663,-6.000806177366845,21366U
2025-06-30T00:40:28.943130,-3927.9071773989476,-5154.600373613356,3696.0841660243723,-3.2942865390849,-1.9833187607847698,-6.224801766458642,21366U
2025-06-30T00:41:28.943130,-4118.668832885474,-5264.630337275442,3316.4137099070376,-3.0625878405613487,-1.683300024014102,-6.427203015757362,21366U
2025-06-30T00:42:28.943130,-4295.208829125112,-5356.48166330339,2925.2645968518323,-2.8203725989257147,-1.3775436602338766,-6.607311693969926,21366U
2025-06-30T00:43:28.943130,-4456.921517912112,-5429.84211416682,2523.993357468434,-2.568491922604949,-1.0671200345460434,-6.7645095219847615,21366U
2025-06-30T00:44:28.943130,-4603.253358814967,-5484.464180701212,2113.9911615872766,-2.30783094680185,-0.7531155729807602,-6.898260541338478,21366U
2025-06-30T00:45:28.943130,-4733.704860652041,-5520.165922070298,1696.6788153575903,-2.0393054627826386,-0.4366286319219958,-7.0081131319139605,21366U
2025-06-30T00:46:28.943130,-4847.832316144144,-5536.8315557048645,1273.5016482451997,-1.7638584052405113,-0.11876530636851781,-7.0937016624266045,21366U
2025-06-30T00:47:28.943130,-4945.249321816132,-5534.411794303672,845.9243124530788,-1.4824562176232394,0.19936479825249975,-7.154747760432663,21366U
2025-06-30T00:48:28.943130,-5025.6280764766125,-5512.923928505779,415.4255179730598,-1.196085116943614,0.5166528051251842,-7.191061192110801,21366U
2025-06-30T00:49:28.943130,-5088.700452948507,-5472.451655405738,-16.507273059134747,-0.9057472809011544,0.8319947898776091,-7.20254034584428,21366U
2025-06-30T00:50:28.943130,-5134.25883913361,-5413.144654658046,-448.3831688037886,-0.6124569810939446,1.1442959631106013,-7.189172317580846,21366U
2025-06-30T00:51:28.943130,-5162.156745948997,-5335.217915478227,-878.7131630690592,-0.31723668665798077,1.4524747859313323,-7.1510325999770465,21366U
2025-06-30T00:52:28.943130,-5172.309181145437,-5238.950819369313,-1306.0154199437725,-0.021113162832398932,1.7554669936298375,-7.088284381347895,21366U
2025-06-30T00:53:28.943130,-5164.692789486456,-5124.685984856926,-1728.820504583814,0.2748864113087307,2.0522295038891225,-7.0011774643469975,21366U
2025-06-30T00:54:28.943130,-5139.345761203318,-4992.827881882266,-2145.6765377455104,0.5697382823707866,2.3417441875476985,-6.89004681800472,21366U
2025-06-30T00:55:28.943130,-5096.3675120247735,-4843.841224756009,-2555.1542525998843,0.8624258968562714,2.6230214819103876,-6.7553107801673296,21366U
2025-06-30T00:56:28.943130,-5035.918139387149,-4678.249153699961,-2955.8519334929006,1.1519435889441738,2.8951038288733573,-6.597468930430718,21366U
2025-06-30T00:57:28.943130,-4958.217660641116,-4496.631215982283,-3346.4002176128347,1.437300162409288,3.1570689226350477,-6.417099656284005,21366U
2025-06-30T00:58:28.943130,-4863.545040168087,-4299.621158472496,-3725.46674196597,1.7175223492574496,3.4080327544479223,-6.2148574373143335,21366U
2025-06-30T00:59:28.943130,-4752.237013287394,-4087.9045440981718,-4091.760619608238,1.9916581298705751,3.6471524446555423,-5.991469873937045,21366U
2025-06-30T01:00:28.943130,-4624.686715665293,-3862.2162051733426,-4444.036730700947,2.2587799018358603,3.873628855086985,-5.747734488180358,21366U
2025-06-30T01:01:28.943130,-4481.342127619071,-3623.3375468863505,-4781.099815626995,2.5179874871200716,4.086708977682128,-5.484515324557907,21366U
2025-06-30T01:02:28.943130,-4322.704343242018,-3372.0937143895767,-5101.808359078618,2.768410969774086,4.285688097925254,-5.202739379014122,21366U
2025-06-30T01:03:28.943130,-4149.325674658392,-3109.3506369337506,-5405.078255679265,3.009213358853328,4.469911734209693,-4.903392883346824,21366U
2025-06-30T01:04:28.943130,-3961.8076019527934,-2836.0119623427504,-5689.886249304433,3.239593073659629,4.638777356589191,-4.587517471428173,21366U
2025-06-30T01:05:28.943130,-3760.798579416794,-2553.0158948522,-5955.2731397831485,3.458786250685191,4.791735890436377,-4.256206252012422,21366U
2025-06-30T01:06:28.943130,-3546.9917087242925,-2261.3319489484015,-6200.346752076561,3.666068873723931,4.928293012288958,-3.9105998109881583,21366U
2025-06-30T01:07:28.943130,-3321.122289500725,-1961.9576313656667,-6424.2846643172115,3.8607587304600535,5.04801024658411,-3.5518821636744486,21366U
2025-06-30T01:08:28.943130,-3083.9652575050027,-1655.9150628497973,-6626.3366922372,4.042217200411099,5.150505873039525,-3.181276675246808,21366U
2025-06-30T01:09:28.943130,-2836.332520316735,-1344.2475506980275,-6805.827128501725,4.2098508803612935,5.235455655121846,-2.800041964693511,21366U
2025-06-30T01:10:28.943130,-2579.0702000270526,-1028.0161224548913,-6962.156736294653,4.363113054354594,5.302593400351039,-2.409467804917208,21366U
2025-06-30T01:11:28.943130,-2313.055792000008,-708.2960305152164,-7094.804497162911,4.501505015905232,5.351711363125085,-2.0108710288109077,21366U
2025-06-30T01:12:28.943130,-2039.1952483112163,-386.17323676522017,-7203.329113629558,4.624577250333709,5.382660500337054,-1.6055914484140956,21366U
2025-06-30T01:13:28.943130,-1758.419994009618,-62.74088581153563,-7287.370267430567,4.731930485048349,5.395350589318823,-1.1949877916852234,21366U
2025-06-30T01:14:28.943130,-1471.6838839023414,260.9042251812648,-7346.649634432215,4.8232166151857445,5.389750216619649,-0.7804336590777129,21366U
2025-06-30T01:15:28.943130,-1179.9601071492157,583.6651724864304,-7380.971657359785,4.898139511321884,5.365886644855771,-0.3633135000420504,21366U
2025-06-30T01:16:28.943130,-884.238046591403,904.4484204651595,-7390.224077431184,4.956455715000433,5.323845563397341,0.05498139214294125,21366U
2025-06-30T01:17:28.943130,-585.5200994370474,1222.167317984243,-7374.3782258640085,4.997975026636148,5.263770727044938,0.47305687014248654,21366U
2025-06-30T01:18:28.943130,-284.81846570216067,1535.7455699073296,-7333.489076033834,5.0225609889820255,5.185863485145363,0.889519910785528,21366U
2025-06-30T01:19:28.943130,16.848089318299877,1844.120677040761,-7267.695056835302,5.030131267848869,5.090382201870699,1.3029825860171371,21366U
2025-06-30T01:20:28.943130,318.45749240219624,2146.247337986703,-7177.217627538842,5.020657930190399,4.977641566658746,1.7120660309857298,21366U
2025-06-30T01:21:28.943130,618.9876332012898,2441.1008060629147,-7062.360614243686,4.994167618057949,4.848011792254391,2.115404412971608,21366U
2025-06-30T01:22:28.943130,917.4196422626262,2727.680194539881,-6923.509307776119,4.950741615363217,4.701917696229668,2.51164890436621,21366U
2025-06-30T01:23:28.943130,1212.7411695356425,3005.0117228839867,-6761.129322817075,4.8905158028914135,4.539837660669062,2.899471661234919,21366U
2025-06-30T01:24:28.943130,1503.9496565119728,3272.15189654502,-6575.765217957189,4.81368049565439,4.362302463601254,3.277569807591045,21366U
2025-06-30T01:25:28.943130,1790.0555946816555,3528.1906123472636,-6368.038876462199,4.720480155499235,4.169893975019824,3.6446694234090753,21366U
2025-06-30T01:26:28.943130,2070.085762567262,3772.254181133121,-6138.647647714479,4.61121297093922,3.9632437098706643,3.999529532180925,21366U
2025-06-30T01:27:28.943130,2343.086433101965,4003.5082588552873,-5888.362249624161,4.486230295487901,3.743031230260634,4.340946081359969,21366U
2025-06-30T01:28:28.943130,2608.1265425952397,4221.160676867742,-5618.024432775813,4.345935935382548,3.50998238936328,4.667755906457221,21366U
2025-06-30T01:29:28.943130,2864.3008119904716,4424.464161740591,-5328.544407703646,4.190785277503389,3.264867410071887,4.978840666917335,21366U
2025-06-30T01:30:28.943130,3110.7328105844203,4612.718934542271,-5020.898037469063,4.021284248544225,3.008498792372282,5.273130739292671,21366U
2025-06-30T01:31:28.943130,3346.5779518678014,4785.275179214524,-4696.123798645547,3.837988097072643,2.74172904466299,5.5496090507284075,21366U
2025-06-30T01:32:28.943130,3571.0264106779764,4941.535369428963,-4355.319514890747,3.6414999910312846,2.4654482358167518,5.807314833447386,21366U
2025-06-30T01:33:28.943130,3783.305950449502,5080.956443177694,-3999.6388684893495,3.432469424461456,2.180581366620778,6.045347278854692,21366U
2025-06-30T01:34:28.943130,3982.6846490204957,5203.0518143273575,-3630.287696572217,3.211590428758218,1.8880855613177963,6.262869068132445,21366U
2025-06-30T01:35:28.943130,4168.473511226579,5307.393210473891,-3248.5200801261976,2.979599585555774,1.5889470822400398,6.459109754832872,21366U
2025-06-30T01:36:28.943130,4340.028956393323,5393.612326677134,-2855.6342353979203,2.7372738403656443,1.2841781729438966,6.6333689740409785,21366U
2025-06-30T01:37:28.943130,4496.755168847936,5461.40228504553,-2452.968218817944,2.4854281182916287,0.9748137377402928,6.7850194522207365,21366U
2025-06-30T01:38:28.943130,4638.106299710291,5510.518890677558,-2041.8954581176827,2.2249127454850757,0.6619078680282277,6.91350979189599,21366U
2025-06-30T01:39:28.943130,4763.5885085060745,5540.781675153154,-1623.8201238388817,1.9566106824200054,0.3465302283041019,7.018367005872113,21366U
2025-06-30T01:40:28.943130,4872.761833570702,5552.074719598477,-1200.1723569211779,1.6814345775071202,0.02976231708157509,7.099198776772958,21366U
2025-06-30T01:41:28.943130,4965.241880784303,5544.347250315426,-772.4033694606017,1.4003236519659397,-0.2873063798497845,7.155695419240259,21366U
2025-06-30T01:42:28.943130,5040.701320890268,5517.614001060863,-341.9804370364185,1.1142404291793466,-0.6035823244263417,7.187631524189811,21366U
2025-06-30T01:43:28.943130,5098.871186496401,5471.955337266257,89.6181978226275,0.8241673239080365,-0.9179719284724849,7.194867267002049,21366U
2025-06-30T01:44:28.943130,5139.541960829654,5407.517138788774,520.9084904504465,0.5311031086858208,-1.229385600545101,7.177349364392075,21366U
2025-06-30T01:45:28.943130,5162.564451397006,5324.510439159977,950.4058057133128,0.23605927641015723,-1.5367418139543787,7.135111667890753,21366U
2025-06-30T01:46:28.943130,5167.850442882702,5223.21082072682,1376.6301544793118,-0.059943680463152814,-1.8389711718108215,7.068275385304032,21366U
2025-06-30T01:47:28.943130,5155.373124865953,5103.957566537905,1798.111432401243,-0.35588005264581996,-2.1350204447000185,6.977048925120739,21366U
2025-06-30T01:48:28.943130,5125.167291253372,4967.152571291757,2213.394638319466,-0.6507227364774272,-2.4238565567422277,6.861727362525406,21366U
2025-06-30T01:49:28.943130,5077.329309665193,4813.259015110849,2621.045049599905,-0.9434470735876376,-2.704470496341085,6.722691529356542,21366U
2025-06-30T01:50:28.943130,5012.016860371555,4642.799805308063,3019.6533319613322,-1.2330346852605099,-2.975881128858908,6.560406733942332,21366U
2025-06-30T01:51:28.943130,4929.448445721887,4456.3557926527355,3407.840561789186,-1.5184772793942198,-3.2371388897338624,6.375421120164202,21366U
2025-06-30T01:52:28.943130,4829.902672325541,4254.563769898659,3784.2631395818407,-1.7987804086947914,-3.487329338148052,6.168363678263305,21366U
2025-06-30T01:53:28.943130,4713.717309503405,4038.1142614874907,4147.617574008813,-2.0729671598105255,-3.7255765532161256,5.939941922745172,21366U
2025-06-30T01:54:28.943130,4581.288128721171,3807.749114376361,4496.645117053542,-2.3400817544649346,-3.9510463567335714,5.690939255195287,21366U
2025-06-30T01:55:28.943130,4433.067529816631,3564.258900841795,4830.13623184956,-2.59919304524145,-4.162949348748288,5.422212031842198,21366U
2025-06-30T01:56:28.943130,4269.56296083389,3308.480144879293,5146.934876063818,-2.8493978904564647,-4.360543744529352,5.134686357263322,21366U
2025-06-30T01:57:28.943130,4091.335139165852,3041.292384443524,5445.942585009368,-3.0898243944745283,-4.54313800384027,4.829354626702259,21366U
2025-06-30T01:58:28.943130,3898.9960824740874,2763.615082256089,5726.122340052911,-3.319635001812528,-4.710093245716143,4.507271840049181,21366U
2025-06-30T01:59:28.943130,3693.206958503884,2476.4043982571307,5986.5022092837335,-3.5380294353814903,-4.860825444127936,4.169551710647947,21366U
2025-06-30T02:00:28.943130,3474.6757634351247,2180.6498369902065,6226.178748813652,-3.744247471175691,-4.994807401943201,3.8173625917508445,21366U
2025-06-30T02:01:28.943130,3244.154838818347,1877.3707833100875,6444.32015444171,-3.9375715435708547,-5.11157050240131,3.4519232426997326,21366U
2025-06-30T02:02:28.943130,3002.43823744347,1567.6129397973202,6640.1691547284145,-4.117329177091542,-5.210706238876427,3.074498455819,21366U
2025-06-30T02:03:28.943130,2750.3589486858677,1252.4446791675975,6813.045637760922,-4.282895242006525,-5.2918675249699065,2.686394563626237,21366U
2025-06-30T02:04:28.943130,2488.785993989032,932.9533248030439,6962.349005032193,-4.433694032368681,-5.35476978793178,2.288954844384124,21366U
2025-06-30T02:05:28.943130,2218.621403186203,610.241372319577,7087.560246898365,-4.569201166110491,-5.399191849053281,1.8835548423057453,21366U
2025-06-30T02:06:28.943130,1940.7970823521528,285.4226648400616,7188.243735012579,-4.688945307519446,-5.424976595000192,1.4715976169696454,21366U
2025-06-30T02:07:28.943130,1656.2715838311015,-40.38146561041366,7264.048727956605,-4.792509712843071,-5.432031444085594,1.0545089347893148,21366U
2025-06-30T02:08:28.943130,1366.02678902608,-366.0460784151616,7314.710587012046,-4.879533599917813,-5.420328611238105,0.6337324137946632,21366U
2025-06-30T02:09:28.943130,1071.0645144664702,-690.4465144401545,7340.051699640889,-4.949713342600762,-5.389905174945571,0.21072463158196247,21366U
2025-06-30T02:10:28.943130,772.4030516265708,-1012.4622841118071,7339.982108789826,-5.002803490429196,-5.340862948790044,-0.2130497948366636,21366U
2025-06-30T02:11:28.943130,471.0736509447824,-1330.9809418834793,7314.4998466185425,-5.038617613385405,-5.273368159393169,-0.636123149375632,21366U
2025-06-30T02:12:28.943130,168.11696051461365,-1644.9019355618384,7263.6909716947475,-5.057028970944232,-5.18765093172052,-1.0570295699614904,21366U
2025-06-30T02:13:28.943130,-135.42057001567758,-1953.1404189985974,7187.7293091241745,-5.057971003782557,-5.084004581811336,-1.474310006999238,21366U
2025-06-30T02:14:28.943130,-438.4903096757796,-2254.631016627701,7086.875893514674,-5.041437645689732,-4.9627847161708285,-1.8865171795492999,21366U
2025-06-30T02:15:28.943130,-740.0450797098865,-2548.331528259228,6961.4781151341695,-5.007483452394839,-4.824408136344845,-2.292220520867003,21366U
2025-06-30T02:16:28.943130,-1039.042789361145,-2833.2265624234046,6811.968570137224,-4.956223543279458,-4.669351546652339,-2.6900111039136805,21366U
2025-06-30T02:17:28.943130,-1334.450062585522,-3108.331086420441,6638.863616321581,-4.887833351329837,-4.498150062725162,-3.078506536104874,21366U
2025-06-30T02:18:28.943130,-1625.2458440711255,-3372.6938810717875,6442.76163655801,-4.802548176252635,-4.3113955184463215,-3.456355810946806,21366U
2025-06-30T02:19:28.943130,-1910.424972619416,-3625.400888018953,6224.341012822276,-4.7006625354787355,-4.109734569113162,-3.8222441024162843,21366U
2025-06-30T02:20:28.943130,-2189.001709616796,-3865.5784372868343,5984.357814660197,-4.5825293078473095,-3.8938665892054285,-4.174897486024763,21366U
2025-06-30T02:21:28.943130,-2460.013210007602,-4092.396342741234,5723.643206941254,-4.448558665125996,-3.664541364019282,-4.513087568560288,21366U
2025-06-30T02:22:28.943130,-2722.522922896719,-4305.0708530497795,5443.100582897636,-4.299216787197223,-3.4225565756289122,-4.835636006615853,21366U
2025-06-30T02:23:28.943130,-2975.6239086763935,-4502.8674458164205,5143.7024297009375,-4.135024357731243,-3.1687550851435002,-5.141418892270751,21366U
2025-06-30T02:24:28.943130,-3218.44205940577,-4685.103452719965,4826.486935188529,-3.956554838467775,-2.9040220150116878,-5.429370982777545,21366U
2025-06-30T02:25:28.943130,-3450.139209099222,-4851.150503768298,4492.554345791272,-3.764432521817295,-2.6292816371413297,-5.6984897499100144,21366U
2025-06-30T02:26:28.943130,-3669.9161206104013,-5000.436779188741,4143.063087218106,-3.559330363342705,-2.345494074804229,-5.947839223808925,21366U
2025-06-30T02:27:28.943130,-3877.0153359478695,-5132.449058021774,3779.225660998506,-3.341967597753585,-2.0536518286270478,-6.176553605782343,21366U
2025-06-30T02:28:28.943130,-4070.7238771459147,-5246.734553181671,3402.304331528377,-3.113107144281751,-1.7547761393551662,-6.3838406246320325,21366U
2025-06-30T02:29:28.943130,-4250.375785236596,-5342.902523585614,3013.6066197946825,-2.873552809661051,-1.4499132024611094,-6.568984611702758,21366U
2025-06-30T02:30:28.943130,-4415.354485441121,-5420.625654937382,2614.480621423609,-2.624146299337237,-1.140130251972201,-6.73134927101288,21366U
2025-06-30T02:31:28.943130,-4565.0949674160565,-5479.6412018711635,2206.310168079271,-2.365764049923317,-0.8265115330486366,-6.8703801225136925,21366U
2025-06-30T02:32:28.943130,-4699.085770251016,-5519.751885405501,1790.509852500963,-2.099313898224647,-0.5101541847851929,-6.9856065987233045,21366U
2025-06-30T02:33:28.943130,-4816.87076291102,-5540.826541010672,1368.5199385797687,-1.8257316043229443,-0.19216405637842593,-7.076643777650411,21366U
2025-06-30T02:34:28.943130,-4918.050711938563,-5542.800514036846,941.8011788094476,-1.5459772481660732,0.1263485188593285,-7.143193738014306,21366U
2025-06-30T02:35:28.943130,-5002.28462946294,-5525.675800762615,511.8295621765428,-1.261031520802898,0.44427296619338974,-7.185046526213588,21366U
2025-06-30T02:36:28.943130,-5069.290895886461,-5489.520934880051,80.0910160749032,-0.9718919327897145,0.7605027028561467,-7.202080728218737,21366U
2025-06-30T02:37:28.943130,-5118.848153014017,-5434.4706208078305,-351.9239138962944,-0.6795689633215181,1.0739393359930232,-7.194263643481625,21366U
2025-06-30T02:38:28.943130,-5150.795964834873,-5360.725116791489,-782.7253823472947,-0.3850821742941367,1.383496799325909,-7.161651061971774,21366U
2025-06-30T02:39:28.943130,-5165.035244634866,-5268.549372282938,-1210.8295370288292,-0.08945631374953386,1.688105403435812,-7.104386649473086,21366U
2025-06-30T02:40:28.943130,-5161.528448585066,-5158.271925564353,-1634.7637630263562,0.20628256700333128,1.9867157757230736,-7.022700950209022,21366U
2025-06-30T02:41:28.943130,-5140.29953739682,-5030.28356897001,-2053.0718556399743,0.501110958865638,2.27830266765278,-6.916910019617003,21366U
2025-06-30T02:42:28.943130,-5101.433709027921,-4885.035790341059,-2464.3191002657636,0.794011680254265,2.5618686087968845,-6.787413703576731,21366U
2025-06-30T02:43:28.943130,-5045.0769067482215,-4723.039000503908,-2867.0972386825674,1.0839775807862364,2.8364473893931703,-6.6346935835335605,21366U
2025-06-30T02:44:28.943130,-4971.435108104781,-4544.860557575757,-3260.0293024109546,1.3700151435424333,3.1011073556016973,-6.459310609678391,21366U
2025-06-30T02:45:28.943130,-4880.773401448254,-4351.1225997582205,-3641.7742952214517,1.6511479680471475,3.354954504289967,-6.2619024465918915,21366U
2025-06-30T02:46:28.943130,-4773.414857678799,-4142.499698974012,-4011.031708391795,1.9264201182678353,3.5971353669498782,-6.043180557492385,21366U
2025-06-30T02:47:28.943130,-4649.739205730283,-3919.7163482283,-4366.545853919876,2.1948993222846864,3.8268396751763434,-5.803927054414229,21366U
2025-06-30T02:48:28.943130,-4510.181321025586,-3683.5442959308543,-4707.110002560782,2.4556800127448364,4.0433028029537565,-5.544991342270819,21366U
2025-06-30T02:49:28.943130,-4355.229536702077,-3434.799740608145,-5031.570315227996,2.7078861997299484,4.2458079837268965,-5.267286584831233,21366U
2025-06-30T02:50:28.943130,-4185.423787821883,-3174.3403994675655,-5338.829557959565,2.9506741701742993,4.433688302821981,-4.971786020174001,21366U
2025-06-30T02:51:28.943130,-4001.3535990497558,-2903.062464161824,-5627.850592264078,3.183235010408361,4.6063284681695436,-4.659519152207466,21366U
2025-06-30T02:52:28.943130,-3803.655926408349,-2621.8974568539447,-5897.659634200264,3.40479695071276,4.763166364411982,-4.3315678434071945,21366U
2025-06-30T02:53:28.943130,-3593.0128637204393,-2331.80899932469,-6147.3492769784725,3.614627532891651,4.903694397308796,-3.9890623320787926,21366U
2025-06-30T02:54:28.943130,-3370.149224222637,-2033.7895073991294,-6376.08127319417,3.812035603778051,5.027460636855536,-3.633177195257567,21366U
2025-06-30T02:55:28.943130,-3135.8300076140413,-1728.856822438054,-6583.089073975463,3.9963731392090334,5.134069768670584,-3.2651272758998524,21366U
2025-06-30T02:56:28.943130,-2890.8577624908125,-1418.0507910465733,-6767.680123353782,4.167036904339889,5.223183863973899,-2.8861635903625125,21366U
2025-06-30T02:57:28.943130,-2636.069853740623,-1102.429803530494,-6929.2379070290835,4.323469957169895,5.294522978871755,-2.497569229401943,21366U
2025-06-30T02:58:28.943130,-2372.3356440458315,-783.0673009983748,-7067.223755399999,4.465163002818966,5.347865593680411,-2.1006552631298763,21366U
2025-06-30T02:59:28.943130,-2100.5535981887274,-461.04826038222853,-7181.178401266707,4.591655606419934,5.383048902685104,-1.696756657618729,21366U
2025-06-30T03:00:28.943130,-1821.6483183934654,-137.46566606138157,-7270.723292991797,4.702537272476527,5.399968964061624,-1.2872282082438953,21366U
2025-06-30T03:01:28.943130,-1536.5675184871957,186.58302377132424,-7335.561664138415,4.79744839820194,5.398580718722923,-0.8734404924435352,21366U
2025-06-30T03:02:28.943130,-1246.2789442424066,509.99940833925785,-7375.47936070452,4.87608110771525,5.378897885630566,-0.4567758424453999,21366U
2025-06-30T03:03:28.943130,-951.7672468887437,831.6876658446217,-7390.345427057968,4.938179973064681,5.340992739679468,-0.038624336710424596,21366U
2025-06-30T03:04:28.943130,-654.0308164672105,1150.5580584129737,-7380.112451569352,4.983542626906238,5.284995776676353,0.3796201925810818,21366U
2025-06-30T03:05:28.943130,-354.07858145816425,1465.5304136834384,-7344.816672761423,5.012020270335069,5.211095268243024,0.7965641396813676,21366U
2025-06-30T03:06:28.943130,-52.92678095675642,1775.5375764215296,-7284.577846570668,5.023518077893887,5.119536707744339,1.210818097309183,21366U
2025-06-30T03:07:28.943130,248.40428440824107,2079.528823552904,-7199.59887507272,5.017995500219788,5.010622146622989,1.6210008249307035,21366U
2025-06-30T03:08:28.943130,548.8935165766765,2376.4732359143018,-7090.165196791476,4.995466463189767,4.884709418886984,2.025743217284797,21366U
2025-06-30T03:09:28.943130,847.5222928625025,2665.3630198751753,-6956.643938501971,4.9559994608429605,4.742211249973135,2.4236922764089135,21366U
2025-06-30T03:10:28.943130,1143.2777409006007,2945.2167716849435,-6799.482828302297,4.899717537845454,4.5835942448924465,2.8135150891649228,21366U
2025-06-30T03:11:28.943130,1435.156008915418,3215.082677103539,-6619.208869658931,4.826798155874959,4.409377749450569,3.193902810722546,21366U
2025-06-30T03:12:28.943130,1722.1655241096291,3474.041638469843,-6416.426776173627,4.7374729370854,4.220132577509407,3.563574652514367,21366U
2025-06-30T03:13:28.943130,2003.3302315443752,3721.21032094042,-6191.817166978898,4.632027276810112,4.016479596725322,3.921281870981485,21366U
2025-06-30T03:14:28.943130,2277.6928054015807,3955.744109183853,-5946.134522962915,4.510799816914364,3.7990881649969874,4.265811751014054,21366U
2025-06-30T03:15:28.943130,2544.317823999032,4176.839965363883,-5680.204904465798,4.3741817707461585,3.568674410000477,4.595991575427169,21366U
2025-06-30T03:16:28.943130,2802.2948993921036,4383.739178812249,-5394.923431682148,4.222616090482608,3.325999344685303,4.910692569181061,21366U
2025-06-30T03:17:28.943130,3050.741751861001,4575.729997399788,-5091.251529749509,4.056596467842093,3.0718668124493016,5.208833804433488,21366U
2025-06-30T03:18:28.943130,3288.807219061534,4752.150130276746,-4770.213941404338,3.8766661596409113,2.807121256896841,5.489386049971699,21366U
2025-06-30T03:19:28.943130,3515.6741891410616,4912.389111398402,-4432.895511127776,3.6834166305103,2.532645312583149,5.751375546202756,21366U
2025-06-30T03:20:28.943130,3730.562446696879,5055.890513088838,-4080.437745884447,3.4774860062507296,2.2493572149379566,5.993887684744098,21366U
2025-06-30T03:21:28.943130,3932.731420110493,5182.153998847576,-3714.035158851333,3.2595573327601697,1.9582080295959918,6.216070569832524,21366U
2025-06-30T03:22:28.943130,4121.4828185378665,5290.737204679189,-3334.9314039299156,3.0303566372074524,1.6601787036014708,6.417138437312036,21366U
2025-06-30T03:23:28.943130,4296.163146692008,5381.257438438526,-2944.4152103049273,2.790650790092813,1.3562769433424178,6.596374905927421,21366U
2025-06-30T03:24:28.943130,4456.166085531173,5453.3931870401,-2543.816127835954,2.541245169004029,1.0475339265545025,6.753136035079913,21366U
2025-06-30T03:25:28.943130,4600.934727076562,5506.885421885428,-2134.5000956089434,2.2829811271861185,0.7350008582478886,6.886853163128275,21366U
2025-06-30T03:26:28.943130,4729.96365183152,5541.538693515056,-1717.8648475132768,2.0167332724466744,0.419745382898912,6.997035500755578,21366U
2025-06-30T03:27:28.943130,4842.800837668423,5557.222007292091,-1295.3351702047519,1.7434065643543635,0.10284786764045088,7.083272454878363,21366U
2025-06-30T03:28:28.943130,4939.049389586295,5553.869472862583,-868.358030247012,1.4639332401032807,-0.2146024265715366,7.145235660035757,21366U
2025-06-30T03:29:28.943130,5018.369080423056,5531.480721206508,-438.3975885537859,1.1792695817455485,-0.5315112668078414,7.1826806961421275,21366U
2025-06-30T03:30:28.943130,5080.477693423022,5490.121084276694,-6.930121457011744,0.8903925396835529,-0.8467834422585434,7.195448473878285,21366U
2025-06-30T03:31:28.943130,5125.152158502687,5429.921533505634,424.5611312173537,0.598296229311692,-1.1593268083332067,7.183466271783652,21366U
2025-06-30T03:32:28.943130,5152.22947511645,5351.078374822589,854.5911698108101,0.30398831944647936,-1.4680563574262946,7.146748412235812,21366U
2025-06-30T03:33:28.943130,5161.60741577968,5253.852699244037,1281.6784682885718,0.008486332650890136,-1.771898292268541,7.08539656689204,21366U
2025-06-30T03:34:28.943130,5153.245005544226,5138.569589556641,1704.350215073268,-0.28718612129951465,-2.069794077446678,6.999599685742425,21366U
2025-06-30T03:35:28.943130,5127.162774019698,5005.617085079357,2121.147538579463,-0.5820031567672163,-2.3607044447367276,6.889633547602259,21366U
2025-06-30T03:36:28.943130,5083.44277787186,4855.444907945871,2530.630694736173,-0.8749404459512381,-2.6436133283589633,6.755859933565133,21366U
2025-06-30T03:37:28.943130,5022.228393084823,4688.56295576676,2931.3841939688596,-1.1649790524090988,-2.9175317071092888,6.598725428560741,21366U
2025-06-30T03:38:28.943130,4943.723877623998,4505.5395668892115,3322.021845512696,-1.4511092421911638,-3.1815013315276848,6.418759859628022,21366U
2025-06-30T03:39:28.943130,4848.193706459668,4306.99956574996,3701.1916975343497,-1.732334251044029,-3.4345983157938873,6.21657438274371,21366U
2025-06-30T03:40:28.943130,4735.961682186002,4093.622096996068,4067.580852331677,-2.00767398713497,-3.6759365758464044,5.992859232967582,21366U
2025-06-30T03:41:28.943130,4607.409825677687,3866.138258112131,4419.920136842195,-2.276168650040116,-3.904671097252824,5.748381155215089,21366U
2025-06-30T03:42:28.943130,4462.97705234869,3625.3285412277473,4756.988609799068,-2.536882248282692,-4.120001018558306,5.483980535093304,21366U
2025-06-30T03:43:28.943130,4303.157640601983,3372.02009557999,5077.6178880952075,-2.7889059994503973,-4.321172518138239,5.200568250903712,21366U
2025-06-30T03:44:28.943130,4128.499499971954,3107.083822762928,5380.696276232013,-3.031361598813771,-4.507481494920756,4.899122269097548,21366U
2025-06-30T03:45:28.943130,3939.6022472573563,2831.4313174130234,5665.172684101363,-3.2634043443451475,-4.678276035654096,4.580684006164018,21366U
2025-06-30T03:46:28.943130,3737.115099617143,2546.0116663575404,5930.060319751768,-3.48422610804283,-4.832958663612224,4.246354480146523,21366U
2025-06-30T03:47:28.943130,3521.734594151907,2251.8081194961424,6174.440145195577,-3.6930581454393723,-4.9709883657023255,3.897290274737479,21366U
2025-06-30T03:48:28.943130,3294.2021439287355,1949.8346458126443,6397.464084688594,-3.8891737370515407,-5.091882396801814,3.5346993382473153,21366U
2025-06-30T03:49:28.943130,3055.3014407272444,1641.132387927613,6598.357976241674,-4.07189065726813,-5.195217861772851,3.15983663871921,21366U
2025-06-30T03:50:28.943130,2805.8557150055076,1326.7660285284605,6776.4242583772375,-4.240573467716151,-5.280633076938793,2.773999695142394,21366U
2025-06-30T03:51:28.943130,2546.7248637149933,1007.820081863316,6931.04438531006,-4.39463563346167,-5.347828713839614,2.3785240031698054,21366U
2025-06-30T03:52:28.943130,2278.802456651424,685.3951232818405,7061.680964796732,-4.533541461456902,-5.396568728798327,1.9747783720553422,21366U
2025-06-30T03:53:28.943130,2003.0126320289633,360.6039695678611,7167.879613856277,-4.656807861422132,-5.42668108222949,1.564160187773315,21366U
2025-06-30T03:54:28.943130,1720.306891925125,34.56782255389884,7249.2705284137965,-4.764005929842219,-5.4380582517162495,1.1480906155512998,21366U
2025-06-30T03:55:28.943130,1431.6608081851427,-291.5876117404495,7305.56976366189,-4.854762357964635,-5.4306575426985395,0.7280097534250369,21366U
2025-06-30T03:56:28.943130,1138.0706493064197,-616.7360164391177,7336.580222582873,-4.928760664628009,-5.404501200187848,0.30537174697417474,21366U
2025-06-30T03:57:28.943130,840.5499387727349,-939.7543577964152,7342.192350636987,-4.985742254448156,-5.359676324297573,-0.11836012579581483,21366U
2025-06-30T03:58:28.943130,540.1259552794505,-1259.5267681815803,7322.384535119768,-5.025507301382129,-5.296334591605732,-0.5417183913548901,21366U
2025-06-30T03:59:28.943130,237.83618529876284,-1574.9484065054087,7277.2232081421525,-5.047915457022749,-5.214691783506575,-0.9632363318108456,21366U
2025-06-30T04:00:28.943130,-65.27526150903546,-1884.9292845774812,7206.862652613886,-5.052886382195767,-5.115027121821515,-1.3814529429803675,21366U
2025-06-30T04:01:28.943130,-368.1612634183231,-2188.398047865465,7111.544511040629,-5.040400099597915,-4.997682411094871,-1.7949178917909183,21366U
2025-06-30T04:02:28.943130,-669.7753135340337,-2484.305699086505,6991.596997393154,-5.010497164383719,-4.863060986245489,-2.202196464864402,21366U
2025-06-30T04:03:28.943130,-969.0751514613706,-2771.6292529283246,6847.433812812698,-4.96327864883958,-4.711626463663907,-2.6018744991374634,21366U
2025-06-30T04:04:28.943130,-1265.026388514732,-3049.3753100834956,6679.552766482059,-4.898905936636327,-4.543901293459313,-2.9925632841210383,21366U
2025-06-30T04:05:28.943130,-1556.6061149262434,-3316.583538614785,6488.534103652271,-4.81760032167569,-4.360465110440642,-3.3729044238318457,21366U
2025-06-30T04:06:28.943130,-1842.8064771997451,-3572.3300505186717,6275.038543575532,-4.719642406291301,-4.161952881582104,-3.7415746446716684,21366U
2025-06-30T04:07:28.943130,-2122.638213427731,-3815.730661217338,6039.805030971137,-4.605371293569697,-3.949052848205004,-4.097290533634802,21366U
2025-06-30T04:08:28.943130,-2395.134134070926,-4045.9440196139008,5783.648205645816,-4.475183568850292,-3.722504261913273,-4.43881318928222,21366U
2025-06-30T04:09:28.943130,-2659.352535405656,-4262.174596305829,5507.455596006814,-4.329532066066175,-3.483094914451953,-4.764952766012102,21366U
2025-06-30T04:10:28.943130,-2914.3805325999233,-4463.675517594371,5212.184543435358,-4.1689244155047716,-3.2316584630970833,-5.07457289037838,21366U
2025-06-30T04:11:28.943130,-3159.337299196553,-4649.751233064369,4898.858865824825,-3.9939213707974823,-2.969071554910893,-5.366594926638204,21366U
2025-06-30T04:12:28.943130,-3393.3771996867677,-4819.760004761761,4568.565270010946,-3.805134914471138,-2.69625075516504,-5.640002067435526,21366U
2025-06-30T04:13:28.943130,-3615.6928018634767,-4973.116206375423,4222.449524312781,-3.603226143185286,-2.4141492874009827,-5.893843224619883,21366U
2025-06-30T04:14:28.943130,-3825.5177557659567,-5109.292421346442,3861.712403938904,-3.388902935800105,-2.1237535949040574,-6.12723669471923,21366U
2025-06-30T04:15:28.943130,-4022.129526281473,-5227.821329489897,3487.6054235617257,-3.162917409620741,-1.8260797357499288,-6.339373573585489,21366U
2025-06-30T04:16:28.943130,-4204.851966861082,-5328.297372521689,3101.426372896813,-2.9260631724920967,-1.522169625973629,-6.529520895242058,21366U
2025-06-30T04:17:28.943130,-4373.057722344721,-5410.3781898359775,2704.514672607326,-2.679172380810295,-1.2130871477390661,-6.697024471004551,21366U
2025-06-30T04:18:28.943130,-4526.170449572955,-5473.785816968661,2298.246569259913,-2.42311261591251,-0.8999141415854571,-6.8413114065163,21366U
2025-06-30T04:19:28.943130,-4663.666845292039,-5518.307640401561,1884.0301893456551,-2.158783593633854,-0.5837463038219352,-6.9618922764281645,21366U
2025-06-30T04:20:28.943130,-4785.078471822965,-5543.797103692575,1463.3004735293828,-1.887113724020281,-0.2656890118793694,-7.058362939018287,21366U
2025-06-30T04:21:28.943130,-4889.993372059779,-5550.174161344042,1037.514013261618,-1.6090565401892527,0.053146898156612686,-7.130405976049442,21366U
2025-06-30T04:22:28.943130,-4978.057466566964,-5537.425478320669,608.1438126710345,-1.3255870170880784,0.3716493765494651,-7.177791746531085,21366U
2025-06-30T04:23:28.943130,-5048.975726849624,-5505.604374678716,176.67399921462365,-1.0376978023512402,0.688709401518917,-7.200379046721369,21366U
2025-06-30T04:24:28.943130,-5102.513120247451,-5454.830516342251,-255.4054931000477,-0.7463953825721474,1.003225191284299,-7.1981153725827385,21366U
2025-06-30T04:25:28.943130,-5138.495323336662,-5385.2893546348,-686.6042440165351,-0.45269620903833846,1.3141063605855023,-7.171036784906211,21366U
2025-06-30T04:26:28.943130,-5156.8092021859375,-5297.231318718877,-1115.4366470986906,-0.1576228073199257,1.6202779963631344,-7.119267381347043,21366U
2025-06-30T04:27:28.943130,-5157.403059280537,-5190.970766585248,-1540.4271662041385,0.13780010496836123,1.920684628346615,-7.043018383574717,21366U
2025-06-30T04:28:28.943130,-5140.286648377431,-5066.884701644316,-1960.1155256224574,0.4325494683849384,2.214294071762726,-6.942586851538828,21366U
2025-06-30T04:29:28.943130,-5105.530959959686,-4925.411263279757,-2373.0618119862006,0.7256076768825829,2.5001011212072353,-6.818354040400881,21366U
2025-06-30T04:30:28.943130,-5053.267781297434,-4767.048000911362,-2777.8514671063062,1.0159662962934186,2.7771310768660427,-6.67078341890088,21366U
2025-06-30T04:31:28.943130,-4983.689036374587,-4592.349942159879,-3173.1001521131034,1.3026296859171065,3.044443086685299,-6.500418370743008,21366U
2025-06-30T04:32:28.943130,-4897.0459120863225,-4401.927466601586,-3557.4584646592825,1.5846185049211334,3.3011332907020385,-6.307879602940466,21366U
2025-06-30T04:33:28.943130,-4793.647778136563,-4196.4439973316985,-3929.616492443106,1.8609730873802315,3.546337756500152,-6.0938622869069246,21366U
2025-06-30T04:34:28.943130,-4673.860908954601,-3976.6135231197954,-4288.308187901195,2.1307566720886832,3.7792351975791476,-5.8591329593906885,21366U
2025-06-30T04:35:28.943130,-4538.107016697197,-3743.1979643357686,-4632.3155505683135,2.3930584757158697,3.9990494692468324,-5.604526211101336,21366U
2025-06-30T04:36:28.943130,-4386.861605000186,-3497.0043960516673,-4960.472605277084,2.64699660038221,4.2050518394065675,-5.3309411910729825,21366U
2025-06-30T04:37:28.943130,-4220.652153592975,-3238.8821417946865,-5271.669166032717,2.8917207692409073,4.396563034235566,-5.0393379544624795,21366U
2025-06-30T04:38:28.943130,-4040.056144189328,-2969.7197513435785,-5564.854377025348,3.126414886106476,4.572955061189092,-4.7307336806157965,21366U
2025-06-30T04:39:28.943130,-3845.6989382269335,-2690.441875743651,-5839.040023797852,3.3502994175086234,4.733652813958167,-4.40619878689863,21366U
2025-06-30T04:40:28.943130,-3638.251517053317,-2402.006052376621,-6093.303609049643,3.5626335977196146,4.878135465912785,-4.0668529620260605,21366U
2025-06-30T04:41:28.943130,-3418.428095060594,-2105.399412482774,-6326.791188900406,3.762717459252847,5.005937660139841,-3.7138611405075608,21366U
2025-06-30T04:42:28.943130,-3186.9836160687278,-1801.6353230112434,-6538.719966646985,3.9498936930212705,5.116650505409376,-3.348429437415258,21366U
2025-06-30T04:43:28.943130,-2944.7111429671554,-1491.7499740966837,-6728.380642103062,4.123549343738597,5.209922388254852,-2.9718010600684055,21366U
2025-06-30T04:44:28.943130,-2692.4391502572057,-1176.7989228379165,-6895.139515514088,4.283117347226661,5.28545961183063,-2.585252210473307,21366U
2025-06-30T04:45:28.943130,-2431.028728726726,-857.8536034271917,-7038.44034577084,4.428077917030254,5.343026872308643,-2.190087989570378,21366U
2025-06-30T04:46:28.943130,-2161.3707110361674,-535.9978130465303,-7157.80596322017,4.557959788144498,5.382447583318758,-1.7876383115743597,21366U
2025-06-30T04:47:28.943130,-1884.3827265386858,-212.3241823516615,-7252.839637781969,4.672341325718917,5.403604058338919,-1.3792538340545848,21366U
2025-06-30T04:48:28.943130,-1601.0061931996424,112.06936119594967,-7323.226203347355,4.770851506339359,5.406437560038877,-0.9663019069416723,21366U
2025-06-30T04:49:28.943130,-1312.2032540572106,436.08312937731716,-7368.732939558943,4.853170778915213,5.390948224410861,-0.5501625414564496,21366U
2025-06-30T04:50:28.943130,-1018.9536652768579,758.6192012949757,-7389.210212084978,4.919031811352235,5.35719486613086,-0.13222439807333475,21366U
2025-06-30T04:51:28.943130,-722.2516425263015,1078.584936462564,-7384.591872409136,4.968220128099294,5.305294670034494,0.28611920887646863,21366U
2025-06-30T04:52:28.943130,-423.10267213866945,1394.8964661222446,-7354.895417993305,5.000574642367219,5.235422771918381,0.7034742934590087,21366U
2025-06-30T04:53:28.943130,-122.52029335336054,1706.482156144681,-7300.221913454881,5.015988085374001,5.147811730148514,1.1184501714110802,21366U
2025-06-30T04:54:28.943130,178.47714216528533,2012.2860349013808,-7220.755673159305,5.014407333424885,5.042750887831142,1.5296634288063802,21366U
2025-06-30T04:55:28.943130,478.86972733214753,2311.2711794385355,-7116.763705388977,4.995833632040882,4.92058562363585,1.9357418902472363,21366U
2025-06-30T04:56:28.943130,777.6392668728913,2602.4230531230633,-6988.594918037689,4.960322714759365,4.781716487813377,2.3353285900231495,21366U
2025-06-30T04:57:28.943130,1073.7725483039803,2884.752787691563,-6836.679085620104,4.907984812699771,4.626598218572907,2.727085748566146,21366U
2025-06-30T04:58:28.943130,1366.264609909176,3157.300402315383,-6661.525577303497,4.838984549568165,4.4557386328257245,3.1096987550259403,21366U
2025-06-30T04:59:28.943130,1654.121998612923,3419.1379519209863,-6463.721845683125,4.753540715515781,4.2696973844039485,3.4818801549390535,21366U
2025-06-30T05:00:28.943130,1936.366010231867,3669.3725965829544,-6243.931676155121,4.651925912214206,4.069084582262809,3.8423736398188417,21366U
2025-06-30T05:01:28.943130,2212.035904114685,3907.1495833618987,-6002.893197004135,4.534466060702739,3.8545592608974113,4.189958033119468,21366U
2025-06-30T05:02:28.943130,2480.1920836691543,4131.655131506867,-5741.416650730023,4.401539763035168,3.626827695269848,4.523451264490417,21366U
2025-06-30T05:03:28.943130,2739.9192337406967,4342.119211501961,-5460.381927696582,4.2535775085298955,3.3866415529600657,4.841714321613536,21366U
2025-06-30T05:04:28.943130,2990.3294052680303,4537.818208031562,-5160.735863898541,4.091060715526937,3.13479587702298,5.143655166281125,21366U
2025-06-30T05:05:28.943130,3230.565037118258,4718.077456587862,-4843.489305508225,3.9145205999864676,2.87212689414528,5.428232598809978,21366U
2025-06-30T05:06:28.943130,3459.801904513199,4882.273643166749,-4509.713943877089,3.7245368630278928,2.5995096441301544,5.69446005246866,21366U
2025-06-30T05:07:28.943130,3677.2519830232204,5029.83705631361,-4160.538925816176,3.52173619059562,2.3178554284665993,5.941409297401712,21366U
2025-06-30T05:08:28.943130,3882.166216739303,5160.253680703558,-3797.147245252684,3.306790559832333,2.028109077728262,6.168214031632009,21366U
2025-06-30T05:09:28.943130,4073.83717895986,5273.067121487578,-3420.771923734343,3.080415348413931,1.7312460397469402,6.374073335178494,21366U
2025-06-30T05:10:28.943130,4251.601613557862,5367.880348816378,-3032.6919887119325,2.8433672450210694,1.4282692928712883,6.558254962191955,21366U
2025-06-30T05:11:28.943130,4414.842845143775,5444.357252277878,-2634.2282600412495,2.596441961245278,1.1202060910906084,6.720098445336118,21366U
2025-06-30T05:12:28.943130,4562.993046217505,5502.223995455378,-2226.7389566894326,2.340471747509545,0.8081045503228481,6.859017986452678,21366U
2025-06-30T05:13:28.943130,4695.535349718939,5541.270161434042,-1811.615137172757,2.076322717969343,0.493030087669629,6.9745051078716855,21366U
2025-06-30T05:14:28.943130,4812.005795748124,5561.349680852436,-1390.2759887586085,1.8048919917903499,0.17606172786263163,7.066131039570752,21366U
2025-06-30T05:15:28.943130,4911.995101728738,5562.3815350044,-964.1639819182383,1.527104660625204,-0.14171170658469398,7.133548818735196,21366U
2025-06-30T05:16:28.943130,4995.15024593789,5544.350227538957,-534.7399078685212,1.2439105944616204,-0.4591955029226936,7.176495080114041,21366U
2025-06-30T05:17:28.943130,5061.175855110206,5507.306019466258,-103.47781827925576,0.9562811002411392,-0.7752930429744259,7.194791517862716,21366U
2025-06-30T05:18:28.943130,5109.835387738908,5451.364923441681,328.14011268821025,0.6652054496909722,-1.0889098432394448,7.188346002269246,21366U
2025-06-30T05:19:28.943130,5140.952105729139,5376.708454648613,758.62878292659,0.3716872946211754,-1.3989576271299347,7.157153337816891,21366U
2025-06-30T05:20:28.943130,5154.409828193135,5283.5831370122305,1186.5053916979957,0.07674098947232438,-1.7043584053530594,7.101295652373983,21366U
2025-06-30T05:21:28.943130,5150.153462396916,5172.299764929028,1610.2946813815724,-0.2186121578842866,-2.004048540023555,7.020942410844277,21366U
2025-06-30T05:22:28.943130,5128.18930815323,5043.232422166484,2028.5341690059652,-0.5133476852165946,-2.2969827680610733,6.916350050275788,21366U
2025-06-30T05:23:28.943130,5088.585133285874,4896.817261049771,2439.779344832603,-0.8064418024830029,-2.582138159800456,6.7878612371269975,21366U
2025-06-30T05:24:28.943130,5031.47001914256,4733.551046481815,2842.6088153955343,-1.0968752233392807,-2.8585179895089308,6.635903751036427,21366U
2025-06-30T05:25:28.943130,4957.033976486295,4553.989470721521,3235.629368749021,-1.3836369793005205,-3.1251554956283507,6.4609890029545864,21366U
2025-06-30T05:26:28.943130,4865.5273334246995,4358.745246142116,3617.480940244072,-1.6657281948525087,-3.3811175100288566,6.263710198786027,21366U
2025-06-30T05:27:28.943130,4757.259898324375,4148.485984399815,3986.8414578983725,-1.9421658027233335,-3.6255079373048953,6.0447401626906965,21366U
2025-06-30T05:28:28.943130,4632.599901879549,3923.931871532406,4342.431547359261,-2.2119861797588247,-3.857471067139518,5.804828836829498,21366U
2025-06-30T05:29:28.943130,4491.972723647434,3685.8531494771387,4683.019077530481,-2.474248685329732,-4.076194704928524,5.544800476567419,21366U
2025-06-30T05:30:28.943130,4335.8594094090495,3435.067415329008,5007.423529136999,-2.7280390859024553,-4.280913108144447,5.265550561919775,21366U
2025-06-30T05:31:28.943130,4164.794986652801,3172.4367503522494,5314.520169798935,-2.972472851266504,-4.470909718259759,4.968042447320961,21366U
2025-06-30T05:32:28.943130,3979.3665863002607,2898.8646913068865,5603.244020549511,-3.206698309874829,-4.645519680374793,4.653303772598872,21366U
2025-06-30T05:33:28.943130,3780.2113794953184,2615.2930570617227,5872.59360013098,-3.429899652755956,-4.804132144944149,4.322422658358939,21366U
2025-06-30T05:34:28.943130,3568.0143388565884,2322.6986437399705,6121.634434809764,-3.641299777440762,-4.9461923481066785,3.976543708839132,21366U
2025-06-30T05:35:28.943130,3343.5058340515993,2022.0898017931188,6349.502322839491,-3.840162965252866,-5.071203469044108,3.6168638447265136,21366U
2025-06-30T05:36:28.943130,3107.4590718979766,1714.5029084393195,6555.406344039423,-4.025797387083005,-5.178728264473532,3.244627987482282,21366U
2025-06-30T05:37:28.943130,2860.687391437976,1400.9987488451266,6738.631606230053,-4.197557434360056,-5.268390481785701,2.8611246154607666,21366U
2025-06-30T05:38:28.943130,2604.0414245823713,1082.658819294682,6898.541721455096,-4.35484587330079,-5.339876053445694,2.467681210604965,21366U
2025-06-30T05:39:28.943130,2338.4061329932647,760.5815653981183,7034.581006008238,-4.497115821635844,-5.39293407606137,2.0656596128357743,21366U
2025-06-30T05:40:28.943130,2064.6977318846493,435.8785681551921,7146.276399267428,-4.623872547851732,-5.427377577996585,1.6564512975010823,21366U
2025-06-30T05:41:28.943130,1783.860511391829,109.67069044271707,7233.239097211233,-4.73467509354201,-5.443084079568239,1.2414725895135619,21366U
2025-06-30T05:42:28.943130,1496.8635660985806,-216.91580376495958,7295.165897261785,-4.829137719734974,-5.439995949744379,0.8221598261416216,21366U
2025-06-30T05:43:28.943130,1204.6974432495583,-542.7531453653258,7331.840251764865,-4.906931178062962,-5.418120562883831,0.3999644789314501,21366U
2025-06-30T05:44:28.943130,908.3707201147718,-866.7159594205726,7343.133028000437,-4.967783807391681,-5.377530258472501,-0.023651756026300656,21366U
2025-06-30T05:45:28.943130,608.9065209393278,-1187.6851560703653,7329.002973126837,-5.01148245606465,-5.318362106066272,-0.44722189123655043,21366U
2025-06-30T05:46:28.943130,307.3389839135831,-1504.5518014730355,7289.496882921909,-5.037873229282749,-5.2408174768049225,-0.869278596723776,21366U
2025-06-30T05:47:28.943130,4.709688626146338,-1816.2209572599593,7224.749473612349,-5.046862060382255,-5.145161421970288,-1.2883591573989466,21366U
2025-06-30T05:48:28.943130,-297.935945372293,-2121.6154769173863,7134.982956521971,-5.038415103946159,-5.031721858220807,-1.703010431302663,21366U
2025-06-30T05:49:28.943130,-599.5522782923834,-2419.6797476393594,7020.506315678337,-5.012558947853853,-4.900888558303466,-2.111793800886397,21366U
2025-06-30T05:50:28.943130,-899.0970770399886,-2709.383365816671,6881.714289064641,-4.969380640580806,-4.753111945501098,-2.5132901082335573,21366U
2025-06-30T05:51:28.943130,-1195.5351383252569,-2989.724734492629,6719.086054690909,-4.909027529386514,-4.588901689547995,-2.906104564308322,21366U
2025-06-30T05:52:28.943130,-1487.8418964244233,-3259.734570758679,6533.183623342623,-4.83170690450807,-4.408825101628646,-3.2888716205447914,21366U
2025-06-30T05:53:28.943130,-1775.007003849367,-3518.4793109998313,6324.6499405800305,-4.7376854441695855,-4.213505326142932,-3.660259789494018,21366U
2025-06-30T05:54:28.943130,-2056.037872830667,-3765.0644017343798,6094.206701416022,-4.627288455160348,-4.003619327337578,-4.018976399344437,21366U
2025-06-30T05:55:28.943130,-2329.9631651995787,-3998.637463687007,5842.651882068961,-4.500898903961203,-3.779895669636625,-4.363772265195061,21366U
2025-06-30T05:56:28.943130,-2595.8362179568744,-4218.39131668345,5570.856994273808,-4.358956233928471,-3.543112091560956,-4.693446258042738,21366U
2025-06-30T05:57:28.943130,-2852.7383915572696,-4423.566852975356,5279.764068840864,-4.2019549648900405,-3.294092874500936,-5.006849750628106,21366U
2025-06-30T05:58:28.943130,-3099.782327741223,-4613.455746719019,4970.382376464503,-4.0304430726665625,-3.0337060092706074,-5.30289091766276,21366U
2025-06-30T05:59:28.943130,-3336.1151036307842,-4787.402987558007,4643.7848951876995,-3.845020147486961,-2.7628601652899296,-5.580538866615916,21366U
2025-06-30T06:00:28.943130,-3560.921268787662,-4944.809226609665,4301.104535405812,-3.6463353319981477,-2.482501469369312,-5.838827574243425,21366U
2025-06-30T06:01:28.943130,-3773.425752025195,-5085.132923639758,3943.5301348222715,-3.4350850415392564,-2.1936101033546413,-6.076859603460796,21366U
2025-06-30T06:02:28.943130,-3972.896624992235,-5207.892284841467,3572.3022373115514,-3.2120104715090623,-1.8971967322594625,-6.2938095750553815,21366U
2025-06-30T06:03:28.943130,-4158.64770990285,-5312.666981407563,3188.7086711886877,-2.977894898958531,-1.5942987769118493,-6.48892736912325,21366U
2025-06-30T06:04:28.943130,-4330.041019292161,-5399.099640007908,2794.0799438774875,-2.733560787917242,-1.2859765474898306,-6.661541032041767,21366U
2025-06-30T06:05:28.943130,-4486.489016326178,-5466.8970973441155,2389.7844713962822,-2.4798667103594427,-0.97330925655531,-6.811059366240561,21366U
2025-06-30T06:06:28.943130,-4627.456684989492,-5515.831412145752,1977.2236623942474,-2.217704097058421,-0.6573909322425158,-6.936974182007988,21366U
2025-06-30T06:07:28.943130,-4752.463400406391,-5545.74062927981,1557.8268776560976,-1.947993834809767,-0.33932625406073996,-7.038862193031109,21366U
2025-06-30T06:08:28.943130,-4861.084590617122,-5556.52929205377,1133.0462870003244,-1.6716827285499118,-0.020226335260100158,-7.116386540277332,21366U
2025-06-30T06:09:28.943130,-4952.9531823082625,-5548.168700277715,704.3516463281044,-1.389739848714117,0.2987955231445546,-7.169297932115573,21366U
2025-06-30T06:10:28.943130,-5027.760824278324,-5520.696913193435,273.22501818704075,-1.103152785697891,0.616628080853012,-7.197435392182818,21366U
2025-06-30T06:11:28.943130,-5085.258883780043,-5474.218497949978,-158.8445404015008,-0.812923834475059,0.932166383096371,-7.200726610338519,21366U
2025-06-30T06:12:28.943130,-5125.259212299383,-5408.904025881711,-590.3662989489702,-0.5200661332515094,1.2443159357274292,-7.17918789602841,21366U
2025-06-30T06:13:28.943130,-5147.634678788259,-5324.989320398016,-1019.8531595446212,-0.22559978045542195,1.55199680507424,-7.13292373740788,21366U
2025-06-30T06:14:28.943130,-5152.319469832434,-5222.774461799409,-1445.826924470638,0.06945204560421261,1.8541476180109981,-7.062125973555499,21366U
2025-06-30T06:15:28.943130,-5139.309157689797,-5102.622555765191,-1866.8235025015074,0.364066940467779,2.1497294390851676,-6.967072590947432,21366U
2025-06-30T06:16:28.943130,-5108.660538548235,-4964.958273591752,-2281.3980317949795,0.6572270774782516,2.4377295032879704,-6.848126158973027,21366U
2025-06-30T06:17:28.943130,-5060.491244706141,-4810.266173476978,-2688.1298982853023,0.9479229399476509,2.717164785135511,-6.705731922568331,21366U
2025-06-30T06:18:28.943130,-4994.979135649281,-4639.08881322524,-3085.6276296801016,1.2351569610301578,2.987085387087277,-6.540415572953234,21366U
2025-06-30T06:19:28.943130,-4912.361474167116,-4452.024665678609,-3472.533646504577,1.517947052598473,3.2465777329011827,-6.352780719919315,21366U
2025-06-30T06:20:28.943130,-4812.933894702365,-4249.725848948575,-3847.5288531144506,1.7953300064843654,3.4947675542547527,-6.143506091077546,21366U
2025-06-30T06:21:28.943130,-4697.049172047416,-4032.895684125548,-4209.337053170776,2.0663647537084153,3.7308226617752824,-5.913342484905165,21366U
2025-06-30T06:22:28.943130,-4565.115799279267,-3802.2860935762164,-4556.729175708604,2.33013546973325,3.9539554944538073,-5.66310950530747,21366U
2025-06-30T06:23:28.943130,-4417.596384455699,-3558.69485320405,-4888.527299601611,2.585754516265395,4.1634254441979035,-5.39369210572877,21366U
2025-06-30T06:24:28.943130,-4255.005876077241,-3302.9627121528965,-5203.608465891932,2.8323652126398073,4.358540954941164,-5.106036970619261,21366U
2025-06-30T06:25:28.943130,-4077.9096276521313,-3035.9703933835854,-5500.908269092183,3.0691444322897095,4.5386613982144475,-4.80114876131166,21366U
2025-06-30T06:26:28.943130,-3886.921311891228,-2758.6354883651875,-5779.424220139216,3.2953050221690443,4.703198729337152,-4.480086252125509,21366U
2025-06-30T06:27:28.943130,-3682.700695114541,-2471.90925881011,-6038.218875163051,3.510098045202016,4.851618930360233,-4.1439583808463,21366U
2025-06-30T06:28:28.943130,-3465.9512823824725,-2176.773357964358,-6276.4227256053055,3.712814847833527,4.983443247546938,-3.793920235682988,21366U
2025-06-30T06:29:28.943130,-3237.4178436841353,-1874.236483457675,-6493.236846462842,3.902788956504759,5.098249232484472,-3.4311689984559006,21366U
2025-06-30T06:30:28.943130,-2997.883831244999,-1565.330973152798,-6687.935300521328,4.079397808337554,5.195671596855705,-3.0569398611939507,21366U
2025-06-30T06:31:28.943130,-2748.1686976655587,-1251.1093548185495,-6859.867297380802,4.242064322462188,5.275402891462414,-2.6725019305913227,21366U
2025-06-30T06:32:28.943130,-2489.1251241994973,-932.6408598220709,-7008.4591068448735,4.3902583192381,5.337194020274706,-2.279154131985813,21366U
2025-06-30T06:33:28.943130,-2221.6361680375207,-611.0079104041954,-7133.215726853383,4.523497795094302,5.380854600101408,-1.8782211217465676,21366U
2025-06-30T06:34:28.943130,-1946.6123370052064,-287.302589494344,-7233.722306585183,4.641350060852368,5.406253175951611,-1.4710492142836704,21366U
2025-06-30T06:35:28.943130,-1664.9885996278201,37.3768985456483,-7309.645325653541,4.743432751201829,5.41331730131902,-1.059002327389892,21366U
2025-06-30T06:36:28.943130,-1377.7213380796586,361.9297683698249,-7360.733530473405,4.829414712493912,5.402033491506159,-0.6434579473640596,21366U
2025-06-30T06:37:28.943130,-1085.7852511430706,685.256187842188,-7386.818628912731,4.899016775229821,5.37244705675875,-0.22580311341664364,21366U
2025-06-30T06:38:28.943130,-790.1702139568811,1006.2607988866117,-7387.815744271933,4.9520124165827175,5.324661820453192,0.192569580742942,21366U
2025-06-30T06:39:28.943130,-491.87810106365873,1323.8562181565142,-7363.72362948436,4.988228317042907,5.258839725925511,0.6102659714267916,21366U
2025-06-30T06:40:28.943130,-191.9195790664936,1636.9665108508746,-7314.624642224371,5.007544813864852,5.175200333806561,1.025894299653509,21366U
2025-06-30T06:41:28.943130,108.68912490214588,1944.530631059297,-7240.684481372012,5.009896252468489,5.074020209994392,1.4380691803650831,21366U
2025-06-30T06:42:28.943130,408.9294727179131,2245.5058219795455,-7142.15168504074,4.995271235360762,4.9556322027084185,1.8454155704032382,21366U
2025-06-30T06:43:28.943130,707.7838765520711,2538.870969213038,-7019.35689015429,4.963712766549231,4.820424605489523,2.246572738879468,21366U
2025-06-30T06:44:28.943130,1004.2389654864472,2823.629900118783,-6872.711853385968,4.91531828787283,4.6688402015891,2.6401982425498365,21366U
2025-06-30T06:45:28.943130,1297.288850784046,3098.8146219085465,-6702.708233170432,4.850239602227332,4.5013751839755365,3.0249719073885495,21366U
2025-06-30T06:46:28.943130,1585.938382805429,3363.488490796138,-6509.916132491576,4.768682677366066,4.3185779442282195,3.399599815767891,21366U
2025-06-30T06:47:28.943130,1869.2063921627516,3616.7493041059965,-6294.982402252242,4.670907322854355,4.121047722915938,3.762818296573498,21366U
2025-06-30T06:48:28.943130,2146.1289072388163,3857.7323067998263,-6058.6287052666285,4.557226731891938,3.909433113705738,4.113397913248403,21366U
2025-06-30T06:49:28.943130,2415.7623396966783,4085.6131034279897,-5801.649341289483,4.428006879124256,3.6844304134344132,4.4501474422541545,21366U
2025-06-30T06:50:28.943130,2677.186629073367,4299.610466065839,-5524.908834022053,4.283665765270238,3.446781810713856,4.7719178318230755,21366U
2025-06-30T06:51:28.943130,2929.5083370134375,4498.989028380414,-5229.339281712162,4.12467249941922,3.1972734063320463,5.077606128238052,21366U
2025-06-30T06:52:28.943130,3171.8636811674096,4683.061855605535,-4915.937473800335,3.9515462102064243,2.936733059750228,5.366159354286128,21366U
2025-06-30T06:53:28.943130,3403.4214982833864,4851.192879908886,-4585.761777042601,3.764854777764021,2.666028057360647,5.636578322077458,21366U
2025-06-30T06:54:28.943130,3623.3861255671113,5002.799190424523,-4239.92879566511,3.565213379361562,2.386062599840334,5.88792136016605,21366U
2025-06-30T06:55:28.943130,3831.000189006262,5137.353167123726,-3879.6098113488692,3.3532828429735213,2.0977751078694284,6.1193079329384465,21366U
2025-06-30T06:56:28.943130,4025.5472870552876,5254.384447712541,-3506.0270102015324,3.1297678046258897,1.8021353476461597,6.3299221286026945,21366U
2025-06-30T06:57:28.943130,4206.354557883703,5353.481716895323,-3120.4495053123283,2.8954146672387533,1.5001413799645675,6.5190159908817105,21366U
2025-06-30T06:58:28.943130,4372.79511831009,5434.294307633679,-2724.1891649922286,2.6510093607636405,1.1928163390790552,6.685912668730964,21366U
2025-06-30T06:59:28.943130,4524.290362593171,5496.533604469268,-2318.5962583385917,2.397374905661885,0.8812050500954471,6.830009358101999,21366U
2025-06-30T07:00:28.943130,4660.312109434896,5539.9742395663125,-1905.0549313101367,2.1353687841364044,0.5663704961458891,6.95078000998032,21366U
2025-06-30T07:01:28.943130,4780.384585877884,5564.4550728663235,-1484.978528016919,1.8658801259539515,0.24939014905576593,7.047777779651769,21366U
2025-06-30T07:02:28.943130,4884.086237250186,5569.879948627037,-1059.8047733982337,1.5898267181252186,-0.06864782046091478,7.120637193389538,21366U
2025-06-30T07:03:28.943130,4971.051352926564,5556.218221632197,-630.9908348373235,1.3081518500797809,-0.38664843490390377,7.1690760104899,21366U
2025-06-30T07:04:28.943130,5040.971498428465,5523.505047495408,-200.00828153336383,1.0218210082343762,-0.7035138843093409,7.192896760783193,21366U
2025-06-30T07:05:28.943130,5093.596745271771,5471.84143272574,231.66203842831825,0.7318184359380231,-1.0181475611092636,7.191987940368294,21366U
2025-06-30T07:06:28.943130,5128.736690976812,5401.39404155585,662.5351824052588,0.4391435766446438,-1.3294581325664196,7.166324851303254,21366U
2025-06-30T07:07:28.943130,5146.261262767066,5312.394757935248,1091.1273372480905,0.14480741976306946,-1.6363636269106232,7.1159700742682706,21366U
2025-06-30T07:08:28.943130,5146.1012996846675,5205.140002539065,1515.9610608255884,-0.15017123007665775,-1.937795508783318,7.041073566723246,21366U
2025-06-30T07:09:28.943130,5128.248909121781,5079.989806112836,1935.5705184182166,-0.44476953864662006,-2.2327027194753377,6.941872382729195,21366U
2025-06-30T07:10:28.943130,5092.757595088131,4937.36664194273,2348.5066912374155,-0.7379644603452988,-2.520055657726526,6.818690014305434,21366U
2025-06-30T07:11:28.943130,5039.742156882963,4777.754021681988,2753.3425344166762,-1.0287365665117532,-2.798850077535414,6.671935357864099,21366U
2025-06-30T07:12:28.943130,4969.378358193379,4601.694860158301,3148.678062122518,-1.316073861463332,-3.0681108804754786,6.50210131281512,21366U
2025-06-30T07:13:28.943130,4881.902367977021,4409.789616107666,3533.1453379508857,-1.598975564400147,-3.3268957814082265,6.3097630227847326,21366U
2025-06-30T07:14:28.943130,4777.609975784282,4202.69421700976,3905.4133494875236,-1.8764558361695756,-3.5742988281767,6.095575772961444,21366U
2025-06-30T07:15:28.943130,4656.855585414141,3981.1177773226723,4264.1927467975065,-2.1475474310417293,-3.8094537578041194,5.860272559811662,21366U
2025-06-30T07:16:28.943130,4520.05099195797,3745.8201204106167,4608.240425660928,-2.411305255083049,-4.031537173863674,5.604661351728488,21366U
2025-06-30T07:17:28.943130,4367.6639483560675,3497.6091153273874,4936.363937540852,-2.6668098143668106,-4.239771531950462,5.329622061060145,21366U
2025-06-30T07:18:28.943130,4200.216528552477,3237.3378403382494,5247.42570955751,-2.913170538094975,-4.433427922529618,5.036103249362566,21366U
2025-06-30T07:19:28.943130,4018.283295184938,2965.9015856507003,5540.347059086443,-3.1495289636431965,-4.611828642767899,4.725118588641058,21366U
2025-06-30T07:20:28.943130,3822.4892804726487,2684.2347082606893,5814.111989000637,-3.3750617725441687,-4.774349551236061,4.397743101768416,21366U
2025-06-30T07:21:28.943130,3613.5077895727354,2393.3073521297247,6067.770750980428,-3.5889836684125687,-4.920422201517052,4.055109205229646,21366U
2025-06-30T07:22:28.943130,3392.0580361602915,2094.1220470834296,6300.443165712597,-3.7905500897441793,-5.049535752727678,3.6984025768626676,21366U
2025-06-30T07:23:28.943130,3158.9026203578483,1787.710199886148,6511.3216901525775,-3.9790597523267905,-5.161238656702308,3.3288578703987937,21366U
2025-06-30T07:24:28.943130,2914.8448594048964,1475.1284909107121,6699.674223313875,-4.153857017635279,-5.2551401230605395,2.9477542974116933,21366U
2025-06-30T07:25:28.943130,2660.7259816255423,1157.4551897010379,6864.846643259901,-4.3143340850069904,-5.33091136455865,2.5564110958245756,21366U
2025-06-30T07:26:28.943130,2397.42219434277,835.7864025455268,7006.265069084491,-4.45993300656693,-5.388286625986421,2.156182902490363,21366U
2025-06-30T07:27:28.943130,2125.8416364106306,511.2322649516321,7123.43784267688,-4.590147524777342,-5.427064000415458,1.7484550456201502,21366U
2025-06-30T07:28:28.943130,1846.9212260120898,184.91309166174509,7215.957225965719,-4.7045247331068065,-5.4471060368369315,1.334638771082489,21366U
2025-06-30T07:29:28.943130,1561.6234143182003,-142.04450340331445,7283.500810127732,-4.80266656064875,-5.44834014316638,0.9161664149133035,21366U
2025-06-30T07:30:28.943130,1270.9328555368063,-468.5115051324952,7325.832633937511,-4.884231081580665,-5.430758788271334,0.4944865328356345,21366U
2025-06-30T07:31:28.943130,975.853003819711,-793.3604012172186,7342.804009034159,-4.948933650160601,-5.394419506134429,0.07105899627217395,21366U
2025-06-30T07:32:28.943130,677.4026474561259,-1115.4690803966935,7334.354050406042,-4.996547861541285,-5.339444704550779,-0.3526499367044466,21366U
2025-06-30T07:33:28.943130,376.6123907735258,-1433.7247133280587,7300.5099108654695,-5.026906338083408,-5.266021279930088,-0.7751725677442981,21366U
2025-06-30T07:34:28.943130,74.52109416432162,-1747.027604562834,7241.386718714065,-5.039901340118557,-5.174400038880082,-1.1950447145709158,21366U
2025-06-30T07:35:28.943130,-227.82771712070505,-2054.2950039805646,7157.18721824752,-5.03548519928903,-5.064894926412655,-1.6108106697308264,21366U
2025-06-30T07:36:28.943130,-529.3894649300261,-2354.4648662997147,7048.201113139206,-5.013670571774618,-4.937882059729801,-2.02102815414722,21366U
2025-06-30T07:37:28.943130,-829.1221398633658,-2646.49954679606,6914.8041132820945,-4.97453050788988,-4.7937985659854405,-2.424273256545378,21366U
2025-06-30T07:38:28.943130,-1125.9899216555068,-2929.3894215801315,6757.456686148354,-4.918198333848871,-4.633141221844258,-2.8191453491379073,21366U
2025-06-30T07:39:28.943130,-1418.9667868686513,-3202.1564204465994,6576.702514375283,-4.844867340925865,-4.456464892467472,-3.2042719682653793,21366U
2025-06-30T07:40:28.943130,-1707.0400922275971,-3463.8574602194203,6373.166661986221,-4.754790276884429,-4.264380767567474,-3.57831364710352,21366U
2025-06-30T07:41:28.943130,-1989.2141215936645,-3713.587766355504,6147.553452482122,-4.648278634430489,-4.057554392515682,-3.9399686856864706,21366U
2025-06-30T07:42:28.943130,-2264.5135842527598,-3950.4840704561307,5900.644062978968,-4.525701731604209,-3.8367034931459143,-4.28797784157096,21366U
2025-06-30T07:43:28.943130,-2531.987051886427,-4173.727671267791,5633.29383962818,-4.387485579485291,-3.6025955938823917,-4.6211289225341075,21366U
2025-06-30T07:44:28.943130,-2790.7103213278574,-4382.547346759025,5346.429340734978,-4.234111533357991,-3.356045430124936,-4.938261260854842,21366U
2025-06-30T07:45:28.943130,-3039.789689991862,-4576.222104951355,5041.045115279559,-4.066114724568661,-3.0979121574266437,-5.238270047056216,21366U
2025-06-30T07:46:28.943130,-3278.3651307320156,-4754.083761382051,4718.2002259314,-3.88408227169753,-2.8290963618659988,-5.52011049957271,21366U
2025-06-30T07:47:28.943130,-3505.6133528388114,-4915.51933139953,4379.014527106675,-3.6886512713338795,-2.550536878099395,-5.782801845731183,21366U
2025-06-30T07:48:28.943130,-3720.7507359579786,-5059.973225944616,4024.6647101397384,-3.480506570660938,-2.263207423836762,-6.025431088753903,21366U
2025-06-30T07:49:28.943130,-3923.036123904241,-5186.949240070439,3656.3801291798745,-3.260378326172961,-1.968113061838399,-6.247156535277696,21366U
2025-06-30T07:50:28.943130,-4111.773465671387,-5296.012324195149,3275.4384229693264,-3.029039355117878,-1.6662865029316225,-6.447211058160414,21366U
2025-06-30T07:51:28.943130,-4286.31429140961,-5386.79012897132,2883.1609491673175,-2.7873022886218703,-1.3587842659137563,-6.62490507014961,21366U
2025-06-30T07:52:28.943130,-4446.060011758417,-5458.97431568788,2480.9080493230363,-2.536016537842909,-1.0466827124720643,-6.779629185325406,21366U
2025-06-30T07:53:28.943130,-4590.464029681826,-5512.321625283072,2070.074163947986,-2.276065086860508,-0.7310739773518353,-6.910856547085009,21366U
2025-06-30T07:54:28.943130,-4719.033654856057,-5546.654700332385,1652.082818346213,-2.0083611282630995,-0.41306181586265717,-7.018144803794639,21366U
2025-06-30T07:55:28.943130,-4831.33181169212,-5561.862655762513,1228.3815009166262,-1.7338445594879088,-0.093757392383561,-7.101137716044538,21366U
2025-06-30T07:56:28.943130,-4926.978533229678,-5557.901395514032,800.4364565070056,-1.4534783598344685,0.22572496524975985,-7.159566382654562,21366U
2025-06-30T07:57:28.943130,-5005.652234395068,-5534.793673907579,369.7274180608239,-1.1682448696630567,0.5442720197526189,-7.1932500761180265,21366U
2025-06-30T07:58:28.943130,-5067.090759458047,-5492.628902036823,-62.25769976336963,-0.8791419945567004,0.8607758606451461,-7.202096681962728,21366U
2025-06-30T07:59:28.943130,-5111.0921999290595,-5431.562701089924,-494.02812112654453,-0.5871793581260633,1.1741380966173083,-7.186102740462065,21366U
2025-06-30T08:00:28.943130,-5137.515480583817,-5351.816206063162,-924.0955198588937,-0.2933744276593636,1.483273978311952,-7.145353093151176,21366U
2025-06-30T08:01:28.943130,-5146.280712766233,-5253.675124849503,-1350.9792970748015,0.0012513630680459711,1.7871164267144446,-7.080020140601025,21366U
2025-06-30T08:02:28.943130,-5137.369315575718,-5137.488559135093,-1773.2118025259556,0.2956764698016368,2.084619943628386,-6.990362721779762,21366U
2025-06-30T08:03:28.943130,-5110.823906967262,-5003.667594895458,-2189.3434774113343,0.5888830492992891,2.3747643823865277,-6.876724628997215,21366U
2025-06-30T08:04:28.943130,-5066.7479681597115,-4852.6836715274985,-2597.9478973247583,0.8798607040463909,2.656558558959675,-6.739532775798374,21366U
2025-06-30T08:05:28.943130,-5005.305286036624,-4685.066739766782,-2997.626695165637,1.167610139355864,2.9290436859252478,-6.579295038172343,21366U
2025-06-30T08:06:28.943130,-4926.719179415383,-4501.403219503904,-3387.01434515514,1.4511467137552194,3.191296614292745,-6.396597792005541,21366U
2025-06-30T08:07:28.943130,-4831.271516137249,-4302.333769421468,-3764.7827905448057,1.729503865565743,3.4424328708821292,-6.192103171784731,21366U
2025-06-30T08:08:28.943130,-4719.301528879748,-4088.550881014159,-4129.6458991586505,2.0017364007996243,3.6816094817541343,-5.966546077105139,21366U
2025-06-30T08:09:28.943130,-4591.204438401392,-3860.796310024376,-4480.363732538106,2.2669236298801083,3.9080275750282407,-5.72073095453744,21366U
2025-06-30T08:10:28.943130,-4447.42989359344,-3619.8583586316076,-4815.746616119317,2.5241723431592735,4.120934759219818,-5.455528382852129,21366U
2025-06-30T08:11:28.943130,-4288.480238226327,-3366.5690218705217,-5134.658999547865,2.7726196177181572,4.319627275927971,-5.1718714894886535,21366U
2025-06-30T08:12:28.943130,-4114.908614644904,-3101.8010117390604,-5436.023097877862,3.011435450409097,4.503451928235874,-4.870752225520298,21366U
2025-06-30T08:13:28.943130,-3927.3169148878105,-2826.464672299287,-5718.822305991584,3.239825214489383,4.671807788497305,-4.553217525233967,21366U
2025-06-30T08:14:28.943130,-3726.3535897895213,-2541.504798786204,-5982.104380082808,3.457031939439766,4.824147691225376,-4.220365374863816,21366U
2025-06-30T08:15:28.943130,-3512.711326583172,-2247.8973733459648,-6224.984381441402,3.662338415605815,4.95997951852768,-3.8733408130546043,21366U
2025-06-30T08:16:28.943130,-3287.124605364025,-1946.6462295334334,-6446.647379050594,3.8550691271089446,5.078867286921818,-3.5133318833387586,21366U
2025-06-30T08:17:28.943130,-3050.367144525663,-1638.779657149382,-6646.350908627615,4.034592017995331,5.180432045383846,-3.141565556386788,21366U
2025-06-30T08:18:28.943130,-2803.2492449431224,-1325.346958385538,-6823.427186714944,4.2003200978154265,5.264352595132053,-2.759303637082904,21366U
2025-06-30T08:19:28.943130,-2546.615042291136,-1007.4149656260498,-6977.285079229615,4.351712893711264,5.3303660419127405,-2.3678386687068076,21366U
2025-06-30T08:20:28.943130,-2281.3396764434997,-686.0645306105691,-7107.411824528598,4.488277756647252,5.378268191458175,-1.968489843706396,21366U
2025-06-30T08:21:28.943130,-2008.3263864534993,-362.38699406105695,-7213.374511522881,4.609571029625424,5.4079137983333165,-1.562598927857154,21366U
2025-06-30T08:22:28.943130,-1728.5035391504837,-37.480644286093565,-7294.821313706955,4.715199085611281,5.419216677618979,-1.1515262020449997,21366U
2025-06-30T08:23:28.943130,-1442.8215989535072,287.55282724023937,-7351.482480152699,4.804819242456859,5.412149687819786,-0.7366464235994927,21366U
2025-06-30T08:24:28.943130,-1152.2500460961137,611.6118657842053,-7383.171084577235,4.878140561382608,5.386744592086116,-0.3193448070753708,21366U
2025-06-30T08:25:28.943130,-857.7742501028204,933.5985815733292,-7389.783533545808,4.934924534594757,5.343091803345807,0.09898697729745351,21366U
2025-06-30T08:26:28.943130,-560.39230506959,1252.4222594409857,-7371.299834736006,4.974985666411225,5.2813400173089775,0.5169547905597719,21366U
2025-06-30T08:27:28.943130,-261.1118330844795,1567.0028431877406,-7327.783625993568,4.998191950892041,5.201695735594135,0.9331660012935842,21366U
2025-06-30T08:28:28.943130,39.05323800032214,1876.2743880283977,-7259.381965676683,5.004465247466844,5.104422679485655,1.3462334555537712,21366U
2025-06-30T08:29:28.943130,339.0859162824335,2179.1884744837457,-7166.324884541008,4.993781554476752,4.989841093126709,1.7547794447688358,21366U
2025-06-30T08:30:28.943130,637.9694007763892,2474.7175769417922,-7048.924699192923,4.966171178951935,4.858326933345624,2.1574396754016316,21366U
2025-06-30T08:31:28.943130,934.690343277857,2761.858379930005,-6907.575086948262,4.921718799386603,4.710310941843443,2.552867243262341,21366U
2025-06-30T08:32:28.943130,1228.2421105149601,3039.6350348335664,-6742.74992181842,4.8605634168000895,4.546277594211447,2.9397366140016365,21366U
2025-06-30T08:33:28.943130,1517.628039676345,3307.102349457471,-6555.001871309979,4.782898188038307,4.366763919219548,3.3167476096282478,21366U
2025-06-30T08:34:28.943130,1801.8646800031229,3563.3489024122964,-6344.960753807858,4.6889701341232195,4.172358181083155,3.6826293988533605,21366U
2025-06-30T08:35:28.943130,2079.9850126982137,3807.5000738794656,-6113.331656507121,4.579079715534718,3.9636984169811167,4.036144486802158,21366U
2025-06-30T08:36:28.943130,2351.0416408942706,4038.7209838417884,-5860.892814211054,4.4535802656569645,3.7414708220165616,4.3760926971351966,21366U
2025-06-30T08:37:28.943130,2614.1099409111266,4256.21932842955,-5588.493249793566,4.312877273253979,3.5064079740615637,4.701315137045881,21366U
2025-06-30T08:38:28.943130,2868.291165481173,4459.2481045947225,-5297.050177778672,4.15742750479627,3.2592868915494604,5.010698132941431,21366U
2025-06-30T08:39:28.943130,3112.7154890995776,4647.108212955955,-4987.546173279499,3.987737957736424,3.00092691823221,5.3031771220214345,21366U
2025-06-30T08:40:28.943130,3346.54498513942,4819.150928334441,-4661.026109497156,3.804364636449452,2.7321874302238784,5.577740482461881,21366U
2025-06-30T08:41:28.943130,3568.9765239159615,4974.780227276698,-4318.59386806431,3.6079111434917537,2.453965362250729,5.833433282615904,21366U
2025-06-30T08:42:28.943130,3779.244580480039,5113.454961727778,-3961.408827744684,3.3990270800921896,2.1671925519154236,6.069360927593651,21366U
2025-06-30T08:43:28.943130,3976.623940606491,5234.690868010267,-3590.6821383279994,3.178406251334838,1.8728329028963207,6.284692679874524,21366U
2025-06-30T08:44:28.943130,4160.432293219368,5338.062400379883,-3207.672787992694,2.946784673308346,1.5718793703139535,6.478665029274559,21366U
2025-06-30T08:45:28.943130,4330.032697394318,5423.204378691023,-2813.683473892105,2.7049383815258676,1.2653507739274126,6.650584886711412,21366U
2025-06-30T08:46:28.943130,4484.835912091153,5489.813440107163,-2410.056287264481,2.4536810421388253,0.9542884473443733,6.799832575792644,21366U
2025-06-30T08:47:28.943130,4624.302576926361,5537.649285348444,-1998.1682259059914,2.1938613698049116,0.6397527339483574,6.925864596350826,21366U
2025-06-30T08:48:28.943130,4747.945232585896,5566.535710671212,-1579.426548382938,1.9263603584906974,0.32281934272904644,7.028216134654954,21366U
2025-06-30T08:49:28.943130,4855.330169919678,5576.361417624825,-1155.2639858326816,1.6520883339158354,0.004575579559448757,7.106503296156114,21366U
2025-06-30T08:50:28.943130,4946.07909733834,5567.080593616212,-727.1338286148091,1.37198183874035,-0.3138835283377734,7.160425038249421,21366U
2025-06-30T08:51:28.943130,5019.87061685811,5538.713257425804,-296.5049063606202,1.0870003638788743,-0.6314591950367286,7.1897647826371385,21366U
2025-06-30T08:52:28.943130,5076.441499994023,5491.345365041509,135.14351886413527,0.7981229414601718,-0.947052904281903,7.1943916894085715,21366U
2025-06-30T08:53:28.943130,5115.587755682188,5425.128672494199,566.3269255768942,0.5063446168646771,-1.2595704808514925,7.174261577864259,21366U
2025-06-30T08:54:28.943130,5137.165483498756,5340.280353769203,995.5607505425102,0.21267281894080814,-1.5679261811676746,7.129417482335888,21366U
2025-06-30T08:55:28.943130,5141.091506626535,5237.082373309283,1421.3656289420494,-0.0818763511429452,-1.8710467788059424,7.05998983471927,21366U
2025-06-30T08:56:28.943130,5127.343780275437,5115.880614095518,1842.2726344882456,-0.3762818909150706,-2.1678756203367615,6.966196269062958,21366U
2025-06-30T08:57:28.943130,5095.961572574177,4977.083763764434,2256.8284967521863,-0.6695217053211111,-2.4573766271322377,6.848341047254443,21366U
2025-06-30T08:58:28.943130,5047.0454162932,4821.161962673781,2663.600772994932,-0.9605764306670936,-2.738538219356034,6.706814108534064,21366U
2025-06-30T08:59:28.943130,4980.756831112675,4648.645219237451,3061.1829520588785,-1.2484332513725025,-3.0103771393278054,6.542089749153904,21366U
2025-06-30T09:00:28.943130,4897.317817489758,4460.1215991908775,3448.1994683439484,-1.532089687546735,-3.2719421527743124,6.354724941902725,21366U
2025-06-30T09:01:28.943130,4797.010124486805,4256.2351967034565,3823.310604561854,-1.810557332175378,-3.522317608109507,6.145357308360674,21366U
2025-06-30T09:02:28.943130,4680.174295174801,4037.683896403931,4185.217262814151,-2.082865517794508,-3.760626835780507,5.914702759559174,21366U
2025-06-30T09:03:28.943130,4547.2084944048365,3805.2169364115944,4532.665584558046,-2.3480648939075075,-3.986035371821482,5.663552823139242,21366U
2025-06-30T09:04:28.943130,4398.567124832627,3559.6322833681693,4864.4514011661795,-2.6052308980022643,-4.197753992001477,5.392771677089361,21366U
2025-06-30T09:05:28.943130,4234.759238064415,3301.773831215945,5179.4244980590975,-2.853467104829981,-4.395041545292197,5.103292911648386,21366U
2025-06-30T09:06:28.943130,4056.346748672809,3032.528436093646,5476.492676712418,-3.091908440516276,-4.577207577719758,4.7961160419956395,21366U
2025-06-30T09:07:28.943130,3863.94245958081,2752.822800184837,5754.625600245284,-3.3197242500765345,-4.743614739973286,4.472302794875422,21366U
2025-06-30T09:08:28.943130,3658.2079079488826,2463.6202176954043,6012.85840969642,-3.5361212088975233,-4.8936809743252905,4.132973192371504,21366U
2025-06-30T09:09:28.943130,3439.8510412118876,2165.9171963417166,6250.295099497532,-3.7403460706941427,-5.026881478439638,3.779301455662457,21366U
2025-06-30T09:10:28.943130,3209.623733306481,1860.7399678165036,6466.11164202176,-3.9316882462887275,-5.142750445444684,3.4125117508013796,21366U
2025-06-30T09:11:28.943130,2968.3191514176137,1549.140900685739,6659.558852390523,-4.109482209235668,-5.240882581187832,3.0338737974367036,21366U
2025-06-30T09:12:28.943130,2716.768983763182,1232.1948290688072,6829.964985951455,-4.273109725786459,-5.320934400835885,2.6446983599872023,21366U
2025-06-30T09:13:28.943130,2455.8405390381035,910.9953102802327,6976.738061979106,-4.422001907925508,-5.382625307923677,2.246332639174386,21366U
2025-06-30T09:14:28.943130,2186.4337281803832,586.6508243982954,7099.367908179847,-4.555641089170406,-5.425738459568785,1.8401555800982945,21366U
2025-06-30T09:15:28.943130,1909.4779391033403,260.28092847389246,7197.427921509714,-4.673562523518611,-5.45012142187412,1.4275731112789702,21366U
2025-06-30T09:16:28.943130,1625.928814991075,-66.98762216195244,7270.576541628308,-4.77535590832086,-5.455686619543259,1.0100133273793988,21366U
2025-06-30T09:17:28.943130,1336.764946693546,-394.0247732772164,7318.558434023605,-4.86066673198209,-5.442411583467582,0.5889216267528464,21366U
2025-06-30T09:18:28.943130,1042.9844896871614,-719.7010798218765,7341.205380464409,-4.929197447255698,-5.410338999547607,0.1657558135722272,21366U
2025-06-30T09:19:28.943130,745.6017160276318,-1042.8916109085662,7338.436874975572,-4.980708470525413,-5.3595765613299715,-0.25801882679606036,21366U
2025-06-30T09:20:28.943130,445.64351169612434,-1362.4798400326933,7310.260424013305,-5.015019006911362,-5.290296628232219,-0.6809344713108515,21366U
2025-06-30T09:21:28.943130,144.14582977160484,-1677.3615089485668,7256.771549958766,-5.032007700328584,-5.202735690251042,-1.1015257142208816,21366U
2025-06-30T09:22:28.943130,-157.84989007658504,-1986.4484536570794,7178.153497473567,-5.031613106829214,-5.09719363916566,-1.518334526091172,21366U
2025-06-30T09:23:28.943130,-459.3003251509078,-2288.6723809256814,7074.676642694803,-5.013833988722476,-4.974032845424426,-1.9299152091569676,21366U
2025-06-30T09:24:28.943130,-759.1638855466348,-2582.9885836907993,6946.697605712649,-4.97872942615447,-4.833677039196839,-2.3348393405622256,21366U
2025-06-30T09:25:28.943130,-1056.4043312088404,-2868.379583575424,6794.658067294495,-4.926418742096943,-4.67660999354432,-2.7317006939716637,21366U
2025-06-30T09:26:28.943130,-1349.9943789337328,-3143.8586886106596,6619.0832914167695,-4.857081236099264,-4.503374007361581,-3.119120128670805,21366U
2025-06-30T09:27:28.943130,-1638.9192877248613,-3408.473454097414,6420.580355854116,-4.770955721749727,-4.314568185705117,-3.49575043364708,21366U
2025-06-30T09:28:28.943130,-1922.18041058934,-3661.3090343899576,6199.836093875451,-4.6683398626187955,-4.110846515394123,-3.8602811123294853,21366U
2025-06-30T09:29:28.943130,-2198.7987005405075,-3901.4914132636413,5957.614751007056,-4.549589301549941,-3.8929157343521927,-4.211443091756924,21366U
2025-06-30T09:30:28.943130,-2467.8181582582833,-4128.190500445385,5694.755361859554,-4.415116578554443,-3.6615329940738466,-4.548013338002906,21366U
2025-06-30T09:31:28.943130,-2728.309208584543,-4340.623081875316,5412.168853165665,-4.265389833265095,-3.417503315832241,-4.868819357819288,21366U
2025-06-30T09:32:28.943130,-2979.371992804083,-4538.055611338111,5110.834880440709,-4.10093128891758,-3.1616768427827417,-5.172743564744204,21366U
2025-06-30T09:33:28.943130,-3220.1395635046056,-4719.806831274544,4791.798407045622,-3.9223155161500007,-2.8949458919313886,-5.458727486439356,21366U
2025-06-30T09:34:28.943130,-3449.78096875151,-4885.25021088237,4456.166035871959,-3.7301674765124844,-2.618241811973491,-5.725775788871403,21366U
2025-06-30T09:35:28.943130,-3667.504212351505,-5033.8161900362065,4105.10210537781,-3.525160347440387,-2.332531655232863,-5.972960092176689,21366U
2025-06-30T09:36:28.943130,-3872.559077141638,-5164.994218120865,3739.8245632464113,-3.308013132519068,-2.0388146742762663,-6.199422552723184,21366U
2025-06-30T09:37:28.943130,-4064.239798541593,-5278.334577586791,3361.6006324757013,-3.079488063100163,-1.7381186561679012,-6.404379186055924,21366U
2025-06-30T09:38:28.943130,-4241.887576038989,-5373.449982890044,2971.7422862318317,-2.840387799675667,-1.4314961097163883,-6.5871229060912775,21366U
2025-06-30T09:39:28.943130,-4404.892910861142,-5450.016946481244,2571.6015492555616,-2.59155244380221,-1.1200203233614199,-6.747026257144449,21366U
2025-06-30T09:40:28.943130,-4552.6977588151085,-5507.776904644422,2162.5656449740104,-2.3338563737326252,-0.8047813134867822,-6.883543817118068,21366U
2025-06-30T09:41:28.943130,-4684.797488143617,-5546.537097244401,1746.052008720114,-2.068204919196843,-0.4868816848730634,-6.996214252423578,21366U
2025-06-30T09:42:28.943130,-4800.742633251434,-5566.171196810289,1323.5031885427343,-1.7955308928987153,-0.16743242663604674,-7.084662007923876,21366U
2025-06-30T09:43:28.943130,-4900.140436278418,-5566.619683836271,896.381656009577,-1.5167909982204255,0.15245133168997985,-7.148598618307781,21366U
2025-06-30T09:44:28.943130,-4982.656169731062,-5547.889966703614,466.16455010619234,-1.2329621342754646,0.47165457834077906,-7.187823630781319,21366U
2025-06-30T09:45:28.943130,-5048.014234705394,-5510.056246190618,34.338377824274744,-0.9450376207927336,0.7890666656774874,-7.2022251327001525,21366U
2025-06-30T09:46:28.943130,-5095.999030625376,-5453.259126117039,-397.60630471464543,-0.6540233663012738,1.1035855185145762,-7.1917798816906595,21366U
2025-06-30T09:47:28.943130,-5126.455593858033,-5377.704973238087,-828.1802067440448,-0.36093400368955425,1.4141217785768374,-7.156553039820557,21366U
2025-06-30T09:48:28.943130,-5139.290004025153,-5283.665031035072,-1255.9005893180313,-0.06678901742137197,1.7196028600230933,-7.0966975173882565,21366U
2025-06-30T09:49:28.943130,-5134.469558288244,-5171.474293519025,-1679.296500600983,0.2273911135098811,2.0189768921758553,-7.012452935810253,21366U
2025-06-30T09:50:28.943130,-5112.022715312857,-5041.530146544602,-2096.913937526468,0.5205887334096662,2.3112165271882503,-6.904144222803383,21366U
2025-06-30T09:51:28.943130,-5072.03881199693,-4894.290785404861,-2507.320912280966,0.8117927659986979,2.595322592317321,-6.772179856500063,21366U
2025-06-30T09:52:28.943130,-5014.66755735429,-4730.273418623277,-2909.112403172978,1.1000023876656029,2.8703275687131327,-6.617049778222431,21366U
2025-06-30T09:53:28.943130,-4940.1183091565235,-4550.052268856148,-3300.9151707362353,1.3842305983792424,3.135298881127563,-6.4393229963019145,21366U
2025-06-30T09:54:28.943130,-4848.659140039533,-4354.2563826671185,-3681.392421321009,1.663507672719683,3.389341985606973,-6.239644905522113,21366U
2025-06-30T09:55:28.943130,-4740.615700756568,-4143.567261609874,-4049.2483019732294,1.9368844756692478,3.631603245029491,-6.0187343484265305,21366U
2025-06-30T09:56:28.943130,-4616.369889100568,-3918.716327568645,-4403.23221200289,2.203435630140838,3.8612725851759744,-5.777380445858837,21366U
2025-06-30T09:57:28.943130,-4476.358333713854,-3680.482235645789,-4742.142918305766,2.46226252567618,4.077585926841168,-5.516439224667972,21366U
2025-06-30T09:58:28.943130,-4321.070702549874,-3429.6880480610657,-5064.832463173938,2.712496160246537,4.279827392218352,-5.236830070522303,21366U
2025-06-30T09:59:28.943130,-4151.047846150256,-3167.1982825465047,-5370.209854982039,2.9532998095723713,4.467331286365688,-4.939532033254899,21366U
2025-06-30T10:00:28.943130,-3966.879786154292,-2893.915848595016,-5657.244533737125,3.183871520786372,4.639483856928592,-4.625580011138741,21366U
2025-06-30T10:01:28.943130,-3769.203559569194,-2610.7788846572707,-5924.969605011234,3.4034464295453213,4.795724837402855,-4.296060839001882,21366U
2025-06-30T10:02:28.943130,-3558.7009293186566,-2318.7575090143982,-6172.484837190385,3.611298901781439,4.935548781022629,-3.9521093032150536,21366U
2025-06-30T10:03:28.943130,-3336.095971453742,-2018.8504965807242,-6398.959418278651,3.8067445031483644,5.058506193828282,-3.5949041043581693,21366U
2025-06-30T10:04:28.943130,-3102.1525491781586,-1712.0818933478417,-6603.63446965257,3.989141800805215,5.164204476574281,-3.2256637858883193,21366U
2025-06-30T10:05:28.943130,-2857.6716835302896,-1399.4975795930238,-6785.825315160642,4.157894003465419,5.252308685865844,-2.8456426444731147,21366U
2025-06-30T10:06:28.943130,-2603.4888301760093,-1082.1617923383421,-6944.923504814556,4.312450446608329,5.3225421252704255,-2.456126634870246,21366U
2025-06-30T10:07:28.943130,-2340.4710713482727,-761.1536169232527,-7080.398592990102,4.4523079303722,5.374686777126714,-2.0584292794572248,21366U
2025-06-30T10:08:28.943130,-2069.514231514389,-437.5634569273241,-7191.799671576797,4.577011917938142,5.408583585402189,-1.6538875897819694,21366U
2025-06-30T10:09:28.943130,-1791.539924896374,-112.4894910937832,-7278.756658875161,4.686157602166417,5.424132599246303,-1.2438580049203187,21366U
2025-06-30T10:10:28.943130,-1507.4925425234067,212.96587463536156,-7340.981345257292,4.779390847880867,5.421292985888638,-0.8297123490492545,21366U
2025-06-30T10:11:28.943130,-1218.3361860884584,537.6995523253674,-7378.268196690103,4.856409016531916,5.400082920280165,-0.41283380855827373,21366U
2025-06-30T10:12:28.943130,-925.0515555068093,860.6113072496465,-7390.494917197089,4.916961679043279,5.3605793574203595,0.005387072750723238,21366U
2025-06-30T10:13:28.943130,-628.6327967784249,1180.60727613,-7377.622771214049,4.960851221487912,5.3029176917047245,0.42355638318834044,21366U
2025-06-30T10:14:28.943130,-330.08431652053923,1496.6034616701563,-7339.696666611042,4.9879333468995215,5.227291305924124,0.8402808212052193,21366U
2025-06-30T10:15:28.943130,-30.417569398896863,1807.5291967287963,-7276.844998927005,4.9981174750481765,5.133951010809892,1.2541716661998077,21366U
2025-06-30T10:16:28.943130,269.35217542835153,2112.3305715371744,-7189.279257107399,4.9913670404474395,5.023204374282212,1.6638487465193277,21366U
2025-06-30T10:17:28.943130,568.2090825496233,2409.9738171074882,-7077.293390836857,4.96769968726285,4.895414937971485,2.0679444084551357,21366U
2025-06-30T10:18:28.943130,865.1400070640387,2699.4486380715816,-6941.262939299537,4.927187358226375,4.751001316991197,2.4651074895736604,21366U
2025-06-30T10:19:28.943130,1159.1377531932608,2979.7714876049968,-6781.643921134857,4.869956273160941,4.590436177725542,2.8540072980542894,21366U
2025-06-30T10:20:28.943130,1449.2043279940374,3249.9887769868496,-6598.971485247441,4.796186791353479,4.414245087236483,3.2333375983927315,21366U
2025-06-30T10:21:28.943130,1734.3541829360013,3509.180011832877,-6393.858322212977,4.706113150822711,4.223005227128109,3.60182060171237,21366U
2025-06-30T10:22:28.943130,2013.6174357139605,3756.460846646846,-6166.992836182244,4.600023076551905,4.017343964189987,3.9582109567512216,21366U
2025-06-30T10:23:28.943130,2286.043064162637,3990.986048867723,-5919.137077503319,4.4782572490410875,3.7979372699807077,4.301299735132489,21366U
2025-06-30T10:24:28.943130,2550.7020636290063,4211.952363143268,-5651.124436734761,4.341208624100761,3.5655079816883872,4.629918401959509,21366U
2025-06-30T10:25:28.943130,2806.6905586156577,4418.601266123163,-5363.8571013356495,4.1893215946900915,3.32082389714212,4.942942760130705,21366U
2025-06-30T10:26:28.943130,3053.1328589729787,4610.221601672195,-5058.303277084035,4.023090985808909,3.064695697734888,5.239296854147651,21366U
2025-06-30T10:27:28.943130,3289.184450406862,4786.152086075228,-4735.494177187878,3.8430608739884615,2.797974694239201,5.517956816665671,21366U
2025-06-30T10:28:28.943130,3514.034908587009,4945.783672548655,-4396.520783121802,3.6498232237980486,2.521550392044548,5.7779546386729095,21366U
2025-06-30T10:29:28.943130,3726.9107257328305,5088.561764225654,-4042.530382408806,3.4440163349665474,2.236347874164988,6.018381842083783,21366U
2025-06-30T10:30:28.943130,3927.07803821167,5213.988264739612,-3674.7228898814565,3.2263230952046467,1.943325002441314,6.238393031733705,21366U
2025-06-30T10:31:28.943130,4113.845243440596,5321.623455618722,-3294.3469603662193,2.9974690355682143,1.6434694396346046,6.437209302344488,21366U
2025-06-30T10:32:28.943130,4286.565494252615,5411.087689933421,-2902.6959022095643,2.7582201871861445,1.3377954975204218,6.614121475044426,21366U
2025-06-30T10:33:28.943130,4444.639058871782,5482.062892007263,-2501.1034026023885,2.5093807403573205,1.0273408186061754,6.768493137501475,21366U
2025-06-30T10:34:28.943130,4587.515534768168,5534.2938535267285,-2090.9390771965327,2.251790509331049,0.7131629016189501,6.899763461712677,21366U
2025-06-30T10:35:28.943130,4714.6959049198695,5567.589317054152,-1673.603858054054,1.9863222084935128,0.3963354834164603,7.007449773981401,21366U
2025-06-30T10:36:28.943130,4825.734425416631,5581.822838767971,-1250.5252354608854,1.7138785481114798,0.07794479236908429,7.0911498526282815,21366U
2025-06-30T10:37:28.943130,4920.2403338887825,5576.933423211651,-823.1523705594566,1.4353891601860764,-0.2409143095000752,7.150543930499086,21366U
2025-06-30T10:38:28.943130,4997.879368934596,5552.9259239191815,-392.95109708167325,1.1518073672863045,-0.5591422763045105,7.185396381330281,21366U
2025-06-30T10:39:28.943130,5058.37509154641,5509.87120498695,38.60116834689822,0.86410680939906,-0.8756388989504078,7.1955570714758865,21366U
2025-06-30T10:40:28.943130,5101.510000487012,5447.9060599611485,470.020586823407,0.5732779458023426,-1.1893073741600912,7.18096236133157,21366U
2025-06-30T10:41:28.943130,5127.126434631458,5367.232885788295,899.822107330957,0.28032445069456835,-1.499058398275673,7.141635743954544,21366U
2025-06-30T10:42:28.943130,5135.127256451659,5268.119111010524,1326.5247044167086,-0.013740477258312726,-1.803814261557599,7.07768811179874,21366U
2025-06-30T10:43:28.943130,5125.476312060731,5150.896378855709,1748.6566208933652,-0.30789787018458553,-2.102512918385526,6.989317646083196,21366U
2025-06-30T10:44:28.943130,5098.198664533393,5015.959487349233,2164.760592838596,-0.6011267890470328,-2.394112008872229,6.876809327005033,21366U
2025-06-30T10:45:28.943130,5053.380598555561,4863.765090037211,2573.399034150768,-0.892408142036653,-2.6775928079020166,6.740534066709086,21366U
2025-06-30T10:46:28.943130,4991.169395808086,4694.830162332346,2973.1591581327516,-1.1807285008773944,-2.9519640784966668,6.5809474705450155,21366U
2025-06-30T10:47:28.943130,4911.772881834235,4509.730239855303,3362.6580139954926,-1.4650838929427108,-3.2162658076557324,6.3985882355975985,21366U
2025-06-30T10:48:28.943130,4815.458746456728,4309.097436423429,3740.5474167986495,-1.744483547780364,-3.469572804384835,6.194076198686573,21366U
2025-06-30T10:49:28.943130,4702.553641074717,4093.618250511904,4105.51875016647,-2.0179535776689055,-3.710998141472997,5.968110048922249,21366U
2025-06-30T10:50:28.943130,4573.44205736916,3864.0311700754173,4456.307622089213,-2.2845405731352018,-3.939696424638166,5.721464722420743,21366U
2025-06-30T10:51:28.943130,4428.564993054437,3621.1240865445893,4791.698355250797,-2.5433150959268587,-4.154866874890566,5.454988498865139,21366U
2025-06-30T10:52:28.943130,4268.418411325743,3365.73152960489,5110.528294557898,-2.7933750536859323,-4.355756212283393,5.169599821221924,21366U
2025-06-30T10:53:28.943130,4093.5515015518968,3098.73173501468,5411.691915871807,-3.0338489424674484,-4.541661331575491,4.866283861058107,21366U
2025-06-30T10:54:28.943130,3904.5647495450767,2821.043558224544,5694.14472132662,-3.263898945224903,-4.71193176265076,4.5460888525493655,21366U
2025-06-30T10:55:28.943130,3702.107826399019,2533.6232469262955,5956.906908026302,-3.4827238763847213,-4.865971910761584,4.2101222184350044,21366U
2025-06-30T10:56:28.943130,3486.87730542789,2237.461085897392,6199.066798316466,-3.689561964590129,-5.003243073727684,3.859546510891209,21366U
2025-06-30T10:57:28.943130,3259.614217155663,1933.5779276150113,6419.784021208752,-3.8836934675637487,-5.123265235081975,3.49557518958874,21366U
2025-06-30T10:58:28.943130,3021.101452620549,1623.02162212661,6618.292435853339,-4.064443114749626,-5.225618633756503,3.119468258150585,21366U
2025-06-30T10:59:28.943130,2772.16102546503,1306.863359573587,6793.902789209922,-4.231182374921367,-5.309945112223379,2.732527778868137,21366U
2025-06-30T11:00:28.943130,2513.651203408325,986.1939386125051,6946.005101223114,-4.3833315472290355,-5.375949246013892,2.3360932839717123,21366U
2025-06-30T11:01:28.943130,2246.463519746148,662.119973764886,7074.070771868467,-4.520361675187961,-5.423399258231341,1.9315371000412018,21366U
2025-06-30T11:02:28.943130,1971.5196755208883,335.76005448724106,7177.654405382899,-4.641796283860332,-5.452127723045679,1.5202596003882827,21366U
2025-06-30T11:03:28.943130,1689.7683429606343,8.240868493337471,7256.395347835438,-4.747212940946225,-5.462032062228947,1.1036843985101514,21366U
2025-06-30T11:04:28.943130,1402.1818807250363,-319.3066983888892,7310.01893492854,-4.836244642683375,-5.45307483858216,0.6832534941023236,21366U
2025-06-30T11:05:28.943130,1109.752971431833,-645.7514737733487,7338.337447560315,-4.908581025374348,-5.425283849656061,0.26042238169184523,21366U
2025-06-30T11:06:28.943130,813.4911918808652,-969.9659098337347,7341.25077323637,-4.963969403043051,-5.378752024523781,-0.1633448692280108,21366U
2025-06-30T11:07:28.943130,514.4195263727213,-1290.8299822762588,7318.746771911041,-5.002215631200571,-5.313637125577617,-0.5865805545361358,21366U
2025-06-30T11:08:28.943130,213.57083352938128,-1607.235065560746,7270.901345287772,-5.023184796025746,-5.230161256454577,-1.0078182887867426,21366U
2025-06-30T11:09:28.943130,-88.01572291856537,-1918.0877728073492,7197.8782090351015,-5.026801727484174,-5.12861017630684,-1.4255979641080276,21366U
2025-06-30T11:10:28.943130,-389.2982688012869,-2222.3137488102625,7099.928367804126,-5.013051334077901,-5.009332419789064,-1.8384707070736983,21366U
2025-06-30T11:11:28.943130,-689.2358288926088,-2518.8614045122804,6977.389293391314,-4.9819787560963835,-4.872738221397744,-2.2450038252894426,21366U
2025-06-30T11:12:28.943130,-986.7919400567439,-2806.7055811941805,6830.68380689511,-4.933689333484949,-4.719298242221286,-2.643785734457592,21366U
2025-06-30T11:13:28.943130,-1280.9382569423926,-3084.851132486308,6660.318666295033,-4.868348383816899,-4.549542096804391,-3.033430855364131,21366U
2025-06-30T11:14:28.943130,-1570.6581387212025,-3352.3364121631284,6466.882861547222,-4.78618078540161,-4.364056677729806,-3.4125844686691296,21366U
2025-06-30T11:15:28.943130,-1854.9502050443314,-3608.2366555224435,6251.045620065424,-4.687470360331653,-4.16348427572003,-3.779927513599938,21366U
2025-06-30T11:16:28.943130,-2132.831849074033,-3851.667242026034,6013.554126339355,-4.572559052300998,-3.9485204935702627,-4.134181314759524,21366U
2025-06-30T11:17:28.943130,-2403.3426951260853,-4081.786826781197,5755.230960452384,-4.441845894348348,-3.719911953067364,-4.474112219316244,21366U
2025-06-30T11:18:28.943130,-2665.5479881774836,-4297.80032841701,5476.971261383832,-4.295785762306185,-3.4784537952104557,-4.798536124956629,21366U
2025-06-30T11:19:28.943130,-2918.541902252951,-4498.961760957907,5179.739622222614,-4.1348879106782475,-3.2249869755229637,-5.106322877223249,21366U
2025-06-30T11:20:28.943130,-3161.4507545349147,-4684.576897449156,4864.566725759027,-3.9597142889165537,-2.960395357997409,-5.396400513327208,21366U
2025-06-30T11:21:28.943130,-3393.4361119522027,-4854.005753351504,4532.545730354676,-3.7708776376114015,-2.6856026132130446,-5.667759328285563,21366U
2025-06-30T11:22:28.943130,-3613.6977770260537,-5006.664878121421,4184.828417477178,-3.569039365906063,-2.4015689283477473,-5.919455738379868,21366U
2025-06-30T11:23:28.943130,-3821.476639880095,-5142.029443921207,3822.6211138287886,-3.3549072134778637,-2.109287539134594,-6.150615916496327,21366U
2025-06-30T11:24:28.943130,-4016.0573835934133,-5259.635121087077,3447.1804025331994,-3.129232702621595,-1.8097810961964935,-6.360439173970581,21366U
2025-06-30T11:25:28.943130,-4196.77103047296,-5359.079730803373,3059.8086393799854,-2.892808388296664,-1.5040978805930363,-6.548201064120145,21366U
2025-06-30T11:26:28.943130,-4362.997317375418,-5440.024666404756,2661.849291590556,-2.646464916372184,-1.1933078857292772,-6.713256183751421,21366U
2025-06-30T11:27:28.943130,-4514.166888898126,-5502.196075832506,2254.682117964369,-2.391067902680617,-0.8784987849649775,-6.855040650549653,21366U
2025-06-30T11:28:28.943130,-4649.763298096429,-5545.38579900602,1839.7182105344064,-2.1275146477906848,-0.5607718062382656,-6.973074236398183,21366U
2025-06-30T11:29:28.943130,-4769.324805357083,-5569.452055215824,1418.3949189844848,-1.856730704574749,-0.24123753672519999,-7.066962139285552,21366U
2025-06-30T11:30:28.943130,-4872.445967153792,-5574.319877082065,992.1706800341316,-1.5796663176149546,0.07898831805608608,-7.136396379495368,21366U
2025-06-30T11:31:28.943130,-4958.779007618523,-5559.98128913229,562.5197747527027,-1.2972927552084812,0.3987891952688357,-7.181156809173004,21366U
2025-06-30T11:32:28.943130,-5028.034967165389,-5526.495230609683,130.92703729629469,-1.0105985561404165,0.7170519298705643,-7.201111728050101,21366U
2025-06-30T11:33:28.943130,-5079.984623777385,-5473.987223701711,-301.11746112943075,-0.7205857144626916,1.032670977587059,-7.196218101994516,21366U
2025-06-30T11:34:28.943130,-5114.459183993093,-5402.648789953861,-732.1237292131927,-0.4282658262087712,1.3445525797709117,-7.1665213850527,21366U
2025-06-30T11:35:28.943130,-5131.35074208365,-5312.736619176123,-1160.6071496988425,-0.13465622227046725,1.65161884485522,-7.112154949666966,21366U
2025-06-30T11:36:28.943130,-5130.612507366991,-5204.571496636499,-1585.0937274893126,0.159223888444157,1.9528117222218662,-7.033339133687411,21366U
2025-06-30T11:37:28.943130,-5112.258801041483,-5078.536995739168,-2004.1252690724841,0.4523572419655389,2.247096845812438,-6.9303799165640365,21366U
2025-06-30T11:38:28.943130,-5076.364825310573,-4935.077944686393,-2416.2644715079064,0.743732285618868,2.5334672266713385,-6.803667240613601,21366U
2025-06-30T11:39:28.943130,-5023.0662088920335,-4774.698676796079,-2820.0999002901754,1.0323468663428397,2.8109467757982505,-6.653672996422942,21366U
2025-06-30T11:40:28.943130,-4952.558334238912,-4597.9610751854825,-3214.2508366317593,1.3172118211174553,3.078593641115446,-6.480948694215654,21366U
2025-06-30T11:41:28.943130,-4865.095452924909,-4405.482423407265,-3597.3719761134967,1.5973544515420315,3.335503345002455,-6.286122845300462,21366U
2025-06-30T11:42:28.943130,-4760.98959665199,-4197.933074345001,-3968.1579621481164,1.8718218667186854,3.5808117116103535,-6.069898079508268,21366U
2025-06-30T11:43:28.943130,-4640.609292207632,-3976.0339502219467,-4325.347739303887,2.1396841809059435,3.813697576003878,-5.833048025768071,21366U
2025-06-30T11:44:28.943130,-4504.37808942684,-3740.553886956949,-4667.728713182969,2.400037554834021,4.033385270004369,-5.576413983662524,21366U
2025-06-30T11:45:28.943130,-4352.77291179295,-3492.3068363127363,-4994.140705221935,2.6520070720649587,4.239146882361635,-5.300901413936476,21366U
2025-06-30T11:46:28.943130,-4186.32223974329,-3232.148939337059,-5303.479692436856,2.894749444267093,4.430304293496879,-5.007476275528387,21366U
2025-06-30T11:47:28.943130,-4005.6041370300545,-2960.975484500765,-5594.701323753045,3.127455541701833,4.606230987480148,-4.697161235776972,21366U
2025-06-30T11:48:28.943130,-3811.2441306297433,-2679.717763703939,-5866.824206105435,3.3493527475291667,4.766353646077488,-4.371031779067406,21366U
2025-06-30T11:49:28.943130,-3603.9129547112148,-2389.3398389772606,-6118.932954936122,3.5597071366669577,4.91015353157572,-4.030212237387492,21366U
2025-06-30T11:50:28.943130,-3384.324169063654,-2090.835232251432,-6350.18100504937,3.757825481856199,5.037167666642955,-3.675871764106669,21366U
2025-06-30T11:51:28.943130,-3153.231662177949,-1785.2235500424379,-6559.793178970252,3.9430570912313323,5.146989820669871,-3.309220269863773,21366U
2025-06-30T11:52:28.943130,-2911.427048877398,-1473.5470543141448,-6747.068010992909,4.11479548305073,5.23927131285393,-2.9315043368161064,21366U
2025-06-30T11:53:28.943130,-2659.7369720276693,-1156.867190159211,-6911.379825983343,4.2724799042784385,5.313721642726067,-2.544003124749744,21366U
2025-06-30T11:54:28.943130,-2399.0203174400576,-836.2610803057431,-7052.180572716523,4.41559670041056,5.370108958882574,-2.1480242797606985,21366U
2025-06-30T11:55:28.943130,-2130.1653506352973,-512.8179958306192,-7169.001412080545,4.543680544302891,5.408260376388388,-1.7448998534686,21366U
2025-06-30T11:56:28.943130,-1854.0867836795446,-187.63581186433217,-7261.454060874446,4.656315531782868,5.428062152685068,-1.335982238102117,21366U
2025-06-30T11:57:28.943130,-1571.7227798564493,138.1825434781277,-7329.231892173308,4.753136151532805,5.429459730900652,-0.9226401203686031,21366U
2025-06-30T11:58:28.943130,-1284.0319035189373,463.5326391923879,-7372.1107933473395,4.833828136133297,5.412457658259383,-0.5062544548588933,21366U
2025-06-30T11:59:28.943130,-991.9900220878593,787.3120831672156,-7389.949782817996,4.898129200284653,5.3771193858735575,-0.08821445590073021,21366U
2025-06-30T12:00:28.943130,-696.5871668459497,1108.4240486377673,-7382.691386534865,4.945829671116861,5.323566954619561,0.33008639469069306,21366U
2025-06-30T12:01:28.943130,-398.8243589259983,1425.7807785208167,-7350.361774984167,4.976773014196587,5.251980570110632,0.7472543275720179,21366U
2025-06-30T12:02:28.943130,-99.71040675453376,1738.3070609380018,-7293.070661324401,4.990856257388802,5.162598068048135,1.1618992577209781,21366U
2025-06-30T12:03:28.943130,199.74131898240398,2044.9436693787443,-7211.010960983377,4.988030313192252,5.0557142694703225,1.5726387526770267,21366U
2025-06-30T12:04:28.943130,498.51612652263657,2344.6507606167847,-7104.458212853294,4.96830019856189,4.931680223823899,1.9781020010326418,21366U
2025-06-30T12:05:28.943130,795.6012542642733,2636.411223680723,-6973.769761956772,4.931725149673938,4.790902336148925,2.376933784764966,21366U
2025-06-30T12:06:28.943130,1089.9891254666052,2919.233972613668,-6819.383703355386,4.878418627555936,4.6338413733886,2.767798457423496,21366U
2025-06-30T12:07:28.943130,1380.6805997173878,3192.157175609847,-6641.817586968241,4.808548209114027,4.461011343646511,3.1493839288789296,21366U
2025-06-30T12:08:28.943130,1666.688214049345,3454.2514126663154,-6441.666883007429,4.722335356852258,4.27297824135938,3.520405655362886,21366U
2025-06-30T12:09:28.943130,1947.0394061783811,3704.6227534739905,-6219.603207879643,4.620055059552919,4.070358650776871,3.8796106313699013,21366U
2025-06-30T12:10:28.943130,2220.779711857339,3942.4157468181434,-5976.372310683692,4.502035335409568,3.853818199896615,4.22578137758984,21366U
2025-06-30T12:11:28.943130,2486.9759278260594,4166.816312303082,-5712.791820856851,4.368656588606613,3.624069857102794,4.557739916486166,21366U
2025-06-30T12:12:28.943130,2744.719231301611,4377.054524773016,-5429.748758100597,4.220350810148328,3.3818720632135597,4.874351724499716,21366U
2025-06-30T12:13:28.943130,2993.128246414806,4572.407281396471,-5128.196806447879,4.057600613872074,3.1280266924518516,5.174529647222879,21366U
2025-06-30T12:14:28.943130,3231.352047480369,4752.2008410354365,-4809.1533552150895,3.8809380990413693,2.863376837003652,5.45723776133489,21366U
2025-06-30T12:15:28.943130,3458.5730884989193,4915.813225245386,-4473.696310616639,3.6909435317103205,2.5888044113057016,5.721495164682538,21366U
2025-06-30T12:16:28.943130,3674.0100478612753,5062.676470077035,-4122.960682983207,3.488243838164252,2.305227573970208,5.966379673722914,21366U
2025-06-30T12:17:28.943130,3876.920576866587,5192.27871778264,-3758.1349558144957,3.273510905161194,2.0135979672802464,6.191031405671811,21366U
2025-06-30T12:18:28.943130,4066.6039404014236,5304.166137589285,-3380.4572442837216,3.0474596833920313,1.714897776422032,6.39465622119604,21366U
2025-06-30T12:19:28.943130,4242.403537965724,5397.94466489533,-2991.2112522800344,2.810846092513995,1.4101366130148851,6.576529002397077,21366U
2025-06-30T12:20:28.943130,4403.709293191043,5473.281548585171,-2591.7220385972737,2.564464728248372,1.100348229995603,6.735996740204943,21366U
2025-06-30T12:21:28.943130,4549.959900086866,5529.906696646143,-2183.3516044244457,2.3091463743206933,0.7865870774508261,6.872481405166742,21366U
2025-06-30T12:22:28.943130,4680.644914480237,5567.613810910411,-1767.4943158333624,2.0457553244060094,0.46992471150418813,6.985482575993341,21366U
2025-06-30T12:23:28.943130,4795.306679482629,5586.261302530249,-1345.5721764753484,1.7751865216751541,0.15144607080221859,7.074579801121295,21366U
2025-06-30T12:24:28.943130,4893.542074338172,5585.772980725114,-919.0299671310588,1.4983625259433706,-0.1677543625809113,7.139434669957917,21366U
2025-06-30T12:25:28.943130,4975.004076661459,5566.13850839773,-489.3302701191042,1.2162303207687015,-0.4865764989096221,7.179792572368595,21366U
2025-06-30T12:26:28.943130,5039.403128872135,5527.413619396322,-57.94839778243557,0.929757975045654,-0.803918652501785,7.195484127316302,21366U
2025-06-30T12:27:28.943130,5086.508300554366,5469.7200934809935,373.632754644003,0.6399311756642679,-1.1186816071479975,7.186426264313697,21366U
2025-06-30T12:28:28.943130,5116.148239509976,5393.245486416295,803.9279105862943,0.3477496495814368,-1.4297727118281431,7.1526229444457075,21366U
2025-06-30T12:29:28.943130,5128.211905412794,5298.242614039101,1231.4546461878072,0.0542234951585309,-1.736109982518911,7.094165511091673,21366U
2025-06-30T12:30:28.943130,5122.649081195806,5185.028790614464,1654.7386344582542,-0.23963055620337878,-2.036626185497405,7.011232664044808,21366U
2025-06-30T12:31:28.943130,5099.470658588794,5053.984823273389,2072.3188768095765,-0.5327929262535935,-2.330272877548729,6.904090054408811,21366U
2025-06-30T12:32:28.943130,5058.748695553594,4905.553765795158,2482.7528992168577,-0.8242450015588345,-2.6160243789044455,6.773089501359816,21366U
2025-06-30T12:33:28.943130,5000.616244713629,4740.239436434409,2884.62189039596,-1.1129729481898425,-2.8928816555387877,6.618667835510464,21366U
2025-06-30T12:34:28.943130,4925.266953221321,4558.604705870056,3276.5357597732277,-1.3979715072383974,-3.159876088624639,6.441345377111832,21366U
2025-06-30T12:35:28.943130,4832.954435830943,4361.269562656919,3657.1380935966504,-1.6782477495877262,-3.416073110446153,6.241724060604932,21366U
2025-06-30T12:36:28.943130,4723.99142422122,4148.9089647601195,4025.1109883219124,-1.952824769316445,-3.660575687859567,6.020485220001711,21366U
2025-06-30T12:37:28.943130,4598.748696826142,3922.250486844101,4379.1797413450495,-2.2207452963596124,-3.8925276364107657,5.778387052183726,21366U
2025-06-30T12:38:28.943130,4457.653794562033,3682.071773946871,4718.117380253658,-2.4810752105610345,-4.111116750420335,5.516261777390953,21366U
2025-06-30T12:39:28.943130,4301.189528873788,3429.197812996887,5040.749012980317,-2.732906940962255,-4.315577736654297,5.235012517904177,21366U
2025-06-30T12:40:28.943130,4129.892289447209,3164.4980343102334,5345.955982555209,-2.9753627360449535,-4.505194941558304,4.935609917168561,21366U
2025-06-30T12:41:28.943130,3944.3501597448376,2888.883255747845,5632.679811523094,-3.207597792603639,-4.679304864367524,4.619088522365046,21366U
2025-06-30T12:42:28.943130,3745.2008492086547,2603.3024826081073,5899.925922500072,-3.4288032329272293,-4.837298450660598,4.286542953705043,21366U
2025-06-30T12:43:28.943130,3533.1294515396894,2308.739576595763,6146.767122753238,-3.6382089219395537,-4.978623163034208,3.939123883536923,21366U
2025-06-30T12:44:28.943130,3308.866038910203,2006.20980734624,6372.346842074953,-3.835086117840313,-5.102784827487697,3.57803384773878,21366U
2025-06-30T12:45:28.943130,3073.1831023013438,1696.7563000178238,6575.882114558246,-4.018749951538153,-5.209349255773494,3.204522910893553,21366U
2025-06-30T12:46:28.943130,2826.8928483870072,1381.4463923930657,6756.6662961536,-4.188561731739923,-5.297943645360457,2.8198842054446147,21366U
2025-06-30T12:47:28.943130,2570.844363527676,1061.3679147912276,6914.071511065676,-4.34393107390158,-5.368257759738872,2.4254493635061904,21366U
2025-06-30T12:48:28.943130,2305.920655505308,737.6254058956094,7047.5508211301185,-4.484317852334338,-5.420044892560952,2.022583858322396,21366U
2025-06-30T12:49:28.943130,2033.0355836332133,411.33627735729823,7156.640113288189,-4.6092339755756155,-5.453122619557709,1.6126822706078805,21366U
2025-06-30T12:50:28.943130,1753.1306878427451,83.62693978547871,7240.959701139701,-4.71824498566091,-5.46737334230947,1.1971634932652229,21366U
2025-06-30T12:51:28.943130,1467.171927287863,-244.3710975226724,7300.215637315245,-4.810971482180437,-5.462744627800491,0.7774658863233698,21366U
2025-06-30T12:52:28.943130,1176.1463389434375,-571.5251409958545,7334.200734068834,-4.887090371981778,-5.439249347290114,0.3550423924658977,21366U
2025-06-30T12:53:28.943130,881.0586266146723,-896.7052294375454,7342.795290067381,-4.946335945113921,-5.396965617427997,-0.06864437772177617,21366U
2025-06-30T12:54:28.943130,582.9276907461143,-1218.7880411587585,7325.967521858833,-4.988500777130276,-5.33603654578202,-0.49212708259019877,21366U
2025-06-30T12:55:28.943130,282.7831094169278,-1536.6607799596172,7283.77369895841,-5.013436457225982,-5.256669782091655,-0.9139386007557584,21366U
2025-06-30T12:56:28.943130,-18.338419041534678,-1849.2250283774101,7216.357981921593,-5.0210541409226925,-5.159136875669388,-1.3326169895507303,21366U
2025-06-30T12:57:28.943130,-319.39666126598803,-2155.400556612015,7123.9519632014735,-5.011324925190759,-5.043772438514578,-1.74671044305124,21366U
2025-06-30T12:58:28.943130,-619.3514512425343,-2454.1290755007444,7006.873911034123,-4.984280043071611,-4.910973112931698,-2.1547822416143014,21366U
2025-06-30T12:59:28.943130,-917.1662989520197,-2744.3779217975334,6865.527717092427,-4.940010874088691,-4.761196341833735,-2.5554156839197533,21366U
2025-06-30T13:00:28.943130,-1211.811994149083,-3025.143663895088,6700.401549205999,-4.878668766073975,-4.594958939495421,-2.9472189912951423,21366U
2025-06-30T13:01:28.943130,-1502.2701938493753,-3295.455615967669,6512.066211093037,-4.800464663540138,-4.412835460363897,-3.3288301725716205,21366U
2025-06-30T13:02:28.943130,-1787.536981791514,-3554.379248362025,6301.173211796415,-4.705668537444336,-4.215456363660339,-3.698921835991723,21366U
2025-06-30T13:03:28.943130,-2066.626387817604,-3801.019481926111,6068.452548375527,-4.594608611157838,-4.003505971945539,-4.056205932815989,21366U
2025-06-30T13:04:28.943130,-2338.5738547949118,-4034.523853860064,5814.710206387415,-4.467670377709394,-3.7777202225908524,-4.399438415336374,21366U
2025-06-30T13:05:28.943130,-2602.4396404142058,-4254.085542634362,5540.825383784765,-4.325295403924452,-3.5388842121835475,-4.727423790105437,21366U
2025-06-30T13:06:28.943130,-2857.312140943354,-4458.946239545494,5247.747445078302,-4.167979917953532,-3.2878295353058298,-5.0390195453890545,21366U
2025-06-30T13:07:28.943130,-3102.3111238330544,-4648.3988546112005,4936.4926139260315,-3.9962731778597202,-3.0254314208164,-5.333140430267407,21366U
2025-06-30T13:08:28.943130,-3336.5908559611858,-4821.790044742369,4608.140413726149,-3.8107756204110137,-2.752605670712474,-5.608762561496208,21366U
2025-06-30T13:09:28.943130,-3559.34311429866,-4978.52255249651,4263.829867267162,-3.6121367909641195,-2.470305408796928,-5.864927333295265,21366U
2025-06-30T13:10:28.943130,-3769.8000658838646,-5118.057344217097,3904.75546801895,-3.401053057303451,-2.1795176486762795,-6.100745104699319,21366U
2025-06-30T13:11:28.943130,-3967.2370042316043,-5239.915537012067,3532.1629371864283,-3.178265112456743,-1.8812596929928893,-6.315398639054836,21366U
2025-06-30T13:12:28.943130,-4150.974929668765,-5343.680104813756,3147.3447821868253,-2.944555273806644,-1.5765753782007088,-6.508146270691624,21366U
2025-06-30T13:13:28.943130,-4320.382961608617,-5428.997354704312,2751.6356736904127,-2.7007445881792,-1.2665311815332037,-6.678324774782468,21366U
2025-06-30T13:14:28.943130,-4474.880571431856,-5495.578165765975,2346.4076597792005,-2.447689754968334,-0.9522122090386315,-6.8253519179085025,21366U
2025-06-30T13:15:28.943130,-4613.939625447372,-5543.198983923879,1933.065237075018,-2.186279881672444,-0.6347180855854786,-6.948728668873786,21366U
2025-06-30T13:16:28.943130,-4737.086228345007,-5571.7025675709365,1513.0402998507288,-1.9174330884183177,-0.3151587695180298,-7.048041051819726,21366U
2025-06-30T13:17:28.943130,-4843.902358622458,-5580.99848018497,1087.786989125242,-1.642092980058672,0.005349683898101869,-7.122961626637479,21366U
2025-06-30T13:18:28.943130,-4934.027288648462,-5571.063327643784,658.7764645494092,-1.3612250062072033,0.3256893849906173,-7.173250584997118,21366U
2025-06-30T13:19:28.943130,-5007.158783306946,-5541.9407394944465,227.49162246698702,-1.0758127310502048,0.6447448722047138,-7.198756453941682,21366U
2025-06-30T13:20:28.943130,-5063.054072522719,-5493.741095009439,-204.57821610115178,-0.7868540359236161,0.961407348396618,-7.199416402840435,21366U
2025-06-30T13:21:28.943130,-5101.530594383715,-5426.640996441905,-635.9426236822703,-0.49535727842178884,1.2745788648084972,-7.175256153476379,21366U
2025-06-30T13:22:28.943130,-5122.466507022607,-5340.882493445161,-1065.1153670479648,-0.20233743218690728,1.583176427230848,-7.126389497060854,21366U
2025-06-30T13:23:28.943130,-5125.800968874666,-5236.772064123762,-1490.6196670014297,0.0911877684847814,1.8861359998710978,-7.053017425927884,21366U
2025-06-30T13:24:28.943130,-5111.534188368847,-5114.679359609315,-1910.993394476311,0.3842016555049866,2.182416383869322,-6.955426891471246,21366U
2025-06-30T13:25:28.943130,-5079.727245508556,-4975.035720379599,-2324.7941809889185,0.6756924024220047,2.4710029491931236,-6.833989203457174,21366U
2025-06-30T13:26:28.943130,-5030.5016891348005,-4818.3324737459125,-2730.6044225056335,0.9646567266951347,2.7509112007565233,-6.689158089095346,21366U
2025-06-30T13:27:28.943130,-4964.038914917117,-4645.119023000674,-3127.0361569955394,1.2501034986184938,3.0211901619972212,-6.521467433105759,21366U
2025-06-30T13:28:28.943130,-4880.579330267894,-4456.000739636186,-3512.7357972900945,1.531057238512521,3.2809255617404705,-6.331528722423594,21366U
2025-06-30T13:29:28.943130,-4780.421313405945,-4251.636670796664,-3886.3887023663574,1.8065614858781633,3.52924281293047,-6.120028221081355,21366U
2025-06-30T13:30:28.943130,-4663.919974696206,-4032.7370747175773,-4246.723571736919,2.0756820264651075,3.7653097746269983,-5.887723902178334,21366U
2025-06-30T13:31:28.943130,-4531.485729149101,-3800.060797318452,-4592.516649281183,2.3375099656155225,3.988339291507892,-5.635442164655278,21366U
2025-06-30T13:32:28.943130,-4383.5826895778555,-3554.412503370785,-4922.595724509733,2.5911646387136655,4.1975915078877915,-5.364074362854365,21366U
2025-06-30T13:33:28.943130,-4220.72689037311,-3296.6397757464356,-5235.843920925037,2.835796352068,4.392375955923274,-5.074573176552274,21366U
2025-06-30T13:34:28.943130,-4043.4843521729044,-3027.630096192128,-5531.203262762923,3.0705889499897,4.572053420140824,-4.767948848351553,21366U
2025-06-30T13:35:28.943130,-3852.468997879733,-2748.3077208717623,-5807.678012964041,3.294762206168521,4.73603758265831,-4.445265314028162,21366U
2025-06-30T13:36:28.943130,-3648.3404305205568,-2459.630463597256,-6064.337776690228,3.507574039616815,4.8837964554154665,-4.107636249724478,21366U
2025-06-30T13:37:28.943130,-3431.801583362473,-2162.5863992349346,-6300.320366061213,3.708322557419117,5.014853607356024,-3.7562210577925628,21366U
2025-06-30T13:38:28.943130,-3203.596252514775,-1858.1904992698348,-6514.834423000363,3.8963479282273963,5.128789195771618,-3.3922208107272382,21366U
2025-06-30T13:39:28.943130,-2964.5065219644134,-1547.4812109276459,-6707.16179815864,4.071034091869754,5.225240811923586,-3.016874170025882,21366U
2025-06-30T13:40:28.943130,-2715.3500906442723,-1231.5169906448964,-6876.659684794579,4.231810311543097,5.303904151578233,-2.6314532940863735,21366U
2025-06-30T13:41:28.943130,-2456.97751072816,-911.3728020447652,-7022.762507241098,4.378152575838219,5.364533521238342,-2.2372597464658526,21366U
2025-06-30T13:42:28.943130,-2190.269345902393,-588.1365879416607,-7144.983564179877,4.509584858286292,5.406942190636946,-1.8356204130546359,21366U
2025-06-30T13:43:28.943130,-1916.1332579138605,-262.90572529854256,-7242.9164273691695,4.625680242213721,5.431002601497022,-1.4278834340700768,21366U
2025-06-30T13:44:28.943130,-1635.501029241599,63.21652850477453,-7316.236096751396,4.726061918469401,5.4366464416897875,-1.0154141542953714,21366U
2025-06-30T13:45:28.943130,-1349.3255293133789,389.12459023448105,-7364.6999130071135,4.81040406305557,5.423864592778744,-0.5995910927652334,21366U
2025-06-30T13:46:28.943130,-1058.5776313001008,713.714098768912,-7388.148228643025,4.878432600882702,5.392706957563794,-0.18180193118394342,21366U
2025-06-30T13:47:28.943130,-764.243086192436,1035.8854493780866,-7386.504838620542,4.929925860811109,5.34328217269008,0.23656048118444548,21366U
2025-06-30T13:48:28.943130,-467.31936059830815,1354.5473074771521,-7359.777171374384,4.964715125882624,5.275757209715569,0.6541021095638778,21366U
2025-06-30T13:49:28.943130,-168.81244451272468,1668.6200951640374,-7308.056240857505,4.982685081226745,5.190356866295552,1.0694317067775732,21366U
2025-06-30T13:50:28.943130,130.26636478013998,1977.0394438903736,-7231.516360009378,4.983774160597576,5.087363147404107,1.4811647817999103,21366U
2025-06-30T13:51:28.943130,428.9036965274299,2278.7596065684565,-7130.414615803295,4.967974790917069,4.967114534826598,1.8879275679413736,21366U
2025-06-30T13:52:28.943130,726.0873518209256,2572.7568222680643,-7005.090105810029,4.93533353261434,4.830005141581786,2.2883609942166094,21366U
2025-06-30T13:53:28.943130,1020.8095539910826,2858.0326264139844,-6855.962936050791,4.885951112018821,4.676483746525808,2.681124662366131,21366U
2025-06-30T13:54:28.943130,1312.070197415752,3133.6170990917403,-6683.532979817554,4.819982340636651,4.507052703192384,3.0649008305474776,21366U
2025-06-30T13:55:28.943130,1598.8800877324584,3398.572043690202,-6488.378397142757,4.73763591486493,4.322266715987575,3.4383984028870254,21366U
2025-06-30T13:56:28.943130,1880.2641660336346,3651.9940876896007,-6271.1539147185595,4.63917408862325,4.122731476214285,3.800356921965324,21366U
2025-06-30T13:57:28.943130,2155.2647091598606,3893.017696955651,-6032.588866313441,4.524912210545625,3.9091021500803937,4.149550558953487,21366U
2025-06-30T13:58:28.943130,2422.944497695509,4120.81809443892,-5773.484994127927,4.3952181168146085,3.6820817108693755,4.484792093586138,21366U
2025-06-30T13:59:28.943130,2682.3899427444308,4334.61407373587,-5494.7140120694685,4.250511370455663,3.4424191078246613,4.804936873539476,21366U
2025-06-30T14:00:28.943130,2932.7141620181596,4533.67069754651,-5197.21493262857,4.091262337969729,3.1909072650351598,5.108886740132121,21366U
2025-06-30T14:01:28.943130,3173.0599952482885,4717.301870705001,-4881.991159883995,3.917991094566815,2.9283809046825553,5.395593904690962,21366U
2025-06-30T14:02:28.943130,3402.602948434173,4884.872777163617,-4550.107352169224,3.7312661499849242,2.655714190422043,5.664064757473516,21366U
2025-06-30T14:03:28.943130,3620.554055996723,5035.802170112884,-4202.686059066124,3.531702987919561,2.3738181883723213,5.913363588813105,21366U
2025-06-30T14:04:28.943130,3826.162649532062,5169.564504325813,-3840.9041386554136,3.3199624134404804,2.0836381451651316,6.142616200206408,21366U
2025-06-30T14:05:28.943130,4018.7190215690516,5285.691899841996,-3465.9889623253307,3.0967487044079425,1.7861505847021406,6.351013381466767,21366U
2025-06-30T14:06:28.943130,4197.556972552599,5383.775926272817,-3079.214415887491,2.862807564781255,1.4823602276289287,6.537814228882674,21366U
2025-06-30T14:07:28.943130,4362.056229202527,5463.469197312758,-2681.8967072674486,2.6189238798089285,1.1732967400223981,6.7023492785817975,21366U
2025-06-30T14:08:28.943130,4511.644722460015,5524.486765498502,-2275.3899925770693,2.3659192753428084,0.8600113203210885,6.844023429056423,21366U
2025-06-30T14:09:28.943130,4645.8007134268755,5566.607307861572,-1861.0818339298548,2.104649485889612,0.5435731360633341,6.962318627065666,21366U
2025-06-30T14:10:28.943130,4764.054756044442,5589.674093876643,-1440.3885038736432,1.8360015384316808,0.22506562445288403,7.05679629191392,21366U
2025-06-30T14:11:28.943130,4865.991485739446,5593.595728004936,-1014.7501527817479,1.5608907614715988,-0.09441732689713142,7.127099454397731,21366U
2025-06-30T14:12:28.943130,4951.251223891011,5578.3466601657665,-585.6258569156034,1.2802576311130325,-0.4137753005569212,7.172954588503593,21366U
2025-06-30T14:13:28.943130,5019.531388737392,5543.967458624638,-154.48856612724342,0.9950644682288425,-0.7319053508374698,7.1941731161909885,21366U
2025-06-30T14:14:28.943130,5070.587704235568,5490.56484104775,277.18002871909994,0.7062920028314513,-1.047706064350418,7.190652568263017,21366U
2025-06-30T14:15:28.943130,5104.235199399596,5418.31146082253,707.8946875802774,0.4149358236010406,-1.3600816563534177,7.162377387353913,21366U
2025-06-30T14:16:28.943130,5120.3489917619645,5327.4454471601375,1136.171850544698,0.12200273209222823,-1.6679460787852265,7.109419362381845,21366U
2025-06-30T14:17:28.943130,5118.86484980678,5218.269698956822,1560.534882288317,-0.1714929776001343,-1.970227115404672,7.031937687348861,21366U
2025-06-30T14:18:28.943130,5099.779530496962,5091.150933871511,1979.5193090120829,-0.464533292018427,-2.2658704393673093,6.930178641036342,21366U
2025-06-30T14:19:28.943130,5063.150889337961,4946.518495554558,2391.6780250798993,-0.7561002821036464,-2.553843608894468,6.80447488785731,21366U
2025-06-30T14:20:28.943130,5009.097761766599,4784.862923410436,2795.5864466890275,-1.0451799150939303,-2.8331399774102133,6.655244403798168,21366U
2025-06-30T14:21:28.943130,4937.799616002061,4606.734290672844,3189.847590234461,-1.3307658522943449,-3.1027824956140173,6.482989034924934,21366U
2025-06-30T14:22:28.943130,4849.495978826364,4412.740317895206,3573.097053561787,-1.611863210987448,-3.361827384385363,6.288292699264428,21366U
2025-06-30T14:23:28.943130,4744.485637049392,4203.54427018437,3944.0078790462817,-1.8874922696378424,-3.609367659153395,6.071819245914046,21366U
2025-06-30T14:24:28.943130,4623.125618643404,3979.8626476268983,4301.295278336202,-2.156692096720601,-3.8445364883354367,5.834309987932065,21366U
2025-06-30T14:25:28.943130,4485.829958680743,3742.4626793471966,4643.721199669688,-2.4185240849596514,-4.066510370620704,5.576580927843442,21366U
2025-06-30T14:26:28.943130,4333.068256264616,3492.1596324946836,4970.098719864726,-2.6720753744314245,-4.274512118168627,5.299519696431705,21366U
2025-06-30T14:27:28.943130,4165.3640295941805,3229.8139481756834,5279.2962443706865,-2.916462149824073,-4.46781363514557,5.004082226847049,21366U
2025-06-30T14:28:28.943130,3983.2928771375887,2956.3282169136473,5570.241500138294,-3.150832799093064,-4.645738483379247,4.6912891869221305,21366U
2025-06-30T14:29:28.943130,3787.4804536045763,2672.644006657048,5841.925307459687,-3.374370922742876,-4.807664229187195,4.362222192972241,21366U
2025-06-30T14:30:28.943130,3578.6002700004055,2379.7385566441817,6093.40511834879,-3.5862981849518016,-4.95302456759027,4.018019828263588,21366U
2025-06-30T14:31:28.943130,3357.3713275161035,2078.6213506019926,6323.808310425793,-3.7858769996680914,-5.081311222085289,3.659873488812794,21366U
2025-06-30T14:32:28.943130,3124.555595371741,1770.330582812828,6532.335226618655,-3.9724130465904115,-5.192075619879251,3.2890230782797243,21366U
2025-06-30T14:33:28.943130,2880.9553429769685,1455.9295305290302,6718.261952288388,-4.145257613564299,-5.28493034394845,2.9067525724768695,21366U
2025-06-30T14:34:28.943130,2627.410336941559,1136.5028460992273,6880.942822579245,-4.303809763315814,-5.359550364437363,2.5143854725498067,21366U
2025-06-30T14:35:28.943130,2364.7949135411345,813.1527819694653,7019.8126539096875,-4.4475183235992395,-5.415674052756186,2.1132801642130334,21366U
2025-06-30T14:36:28.943130,2094.014937269897,486.9953615018848,7134.388694512688,-4.575883700705789,-5.453103982250932,1.7048251986913636,21366U
2025-06-30T14:37:28.943130,1816.0046560777137,159.15650829088963,7224.272289829829,-4.688459516878991,-5.471707519529174,1.2904345092519751,21366U
2025-06-30T14:38:28.943130,1531.723463837868,-169.23185359495594,7289.150259343414,-4.784854072488997,-5.471417210437689,0.8715425755414351,21366U
2025-06-30T14:39:28.943130,1242.1525805253384,-497.03571626113114,7328.795982114031,-4.864731633856691,-5.452230964344232,0.4495995464184806,21366U
2025-06-30T14:40:28.943130,948.291660522695,-823.1229095589239,7343.070188885087,-4.92781354740604,-5.414212039813068,0.026066330672136543,21366U
2025-06-30T14:41:28.943130,651.1553394335925,-1146.3670157845268,7331.921459134849,-4.973879180390745,-5.35748883403399,-0.3975903359927516,21366U
2025-06-30T14:42:28.943130,351.76972977909793,-1465.6512658311997,7295.386421923701,-5.002766687832493,-5.2822544775253615,-0.8199028399959114,21366U
2025-06-30T14:43:28.943130,51.16887597215979,-1779.8724052056666,7233.589659816082,-5.014373604571573,-5.188766234738984,-1.2394076475745999,21366U
2025-06-30T14:44:28.943130,-249.60882088047902,-2087.9445182605778,7146.74331559567,-5.008657260514372,-5.077344710341589,-1.6546502635864753,21366U
2025-06-30T14:45:28.943130,-549.5241978393841,-2388.8027991389904,7035.146401896299,-4.985635016337669,-4.948372860096226,-2.064190183668272,21366U
2025-06-30T14:46:28.943130,-847.5409336519149,-2681.407257521117,6899.1838144210515,-4.945384316112266,-4.80229480470932,-2.466605830742263,21366U
2025-06-30T14:47:28.943130,-1142.62915003134,-2964.746347495486,6739.32504988587,-4.8880425526247135,-4.639614444433207,-2.8604994661731307,21366U
2025-06-30T14:48:28.943130,-1433.7689992642704,-3237.8405074639363,6556.122630509216,-4.813806740633533,-4.460893872077802,-3.2445020640652,21366U
2025-06-30T14:49:28.943130,-1719.954226526959,-3499.745598957761,6350.210237564952,-4.7229329929629875,-4.266751582105418,-3.6172781356655324,21366U
2025-06-30T14:50:28.943130,-2000.1956949409107,-3749.556232068863,6122.300557355416,-4.615735794244902,-4.057860473859581,-3.9775304889501784,21366U
2025-06-30T14:51:28.943130,-2273.524861079102,-3986.4089650889114,5873.182843914122,-4.492587067305461,-3.83494564767125,-4.32400490654518,21366U
2025-06-30T14:52:28.943130,-2538.997188335541,-4209.485365891292,5603.720203819392,-4.353915027679374,-3.5987819936050673,-4.6554947232162425,21366U
2025-06-30T14:53:28.943130,-2795.695485312641,-4418.014922605626,5314.846609685966,-4.20020282252904,-3.350191573942733,-4.970845282340243,21366U
2025-06-30T14:54:28.943130,-3042.7331561733017,-4611.277791234447,5007.563650202687,-4.031986951355994,-3.0900408021370414,-5.268958249124087,21366U
2025-06-30T14:55:28.943130,-3279.257349782613,-4788.607368077333,4682.937025972316,-3.8498554672970426,-2.819237422860835,-5.5487957569651005,21366U
2025-06-30T14:56:28.943130,-3504.4519944329877,-4949.392675163255,4342.092801875314,-3.6544459594792436,-2.5387272998846275,-5.809384362312301,21366U
2025-06-30T14:57:28.943130,-3717.540705025457,-5093.080547361416,3986.2134281985586,-3.4464433188314563,-2.2494910207890833,-6.049818782759932,21366U
2025-06-30T14:58:28.943130,-3917.78954978658,-5219.177610456192,3616.5335443092317,-3.2265772918686584,-1.9525403298868849,-6.269265392942188,21366U
2025-06-30T14:59:28.943130,-4104.509663939378,-5327.252040231356,3234.3355801901125,-2.995619829229417,-1.648914403131573,-6.466965453133203,21366U
2025-06-30T15:00:28.943130,-4277.059698226256,-5416.935093514285,2840.9451726545126,-2.7543822380999115,-1.3396759811589525,-6.642238046314466,21366U
2025-06-30T15:01:28.943130,-4434.848090811518,-5487.922403180963,2437.7264144806227,-2.5037121500279604,-1.0259073788580697,-6.7944827008660775,21366U
2025-06-30T15:02:28.943130,-4577.335151856579,-5539.975030299881,2026.0769560392714,-2.2444903179683506,-0.7087063919554393,-6.923181677943917,21366U
2025-06-30T15:03:28.943130,-4704.034950974145,-5572.920267894145,1607.4229801721308,-1.9776272586210368,-0.3891821229270187,-7.027901905011882,21366U
2025-06-30T15:04:28.943130,-4814.516998801727,-5586.652192199496,1183.2140721185115,-1.7040597581870713,-0.06845075009954116,-7.108296539845552,21366U
2025-06-30T15:05:28.943130,-4908.407715095023,-5581.131958779908,754.9180071213128,-1.4247472614889838,0.2523687350161878,-7.1641061525706675,21366U
2025-06-30T15:06:28.943130,-4985.391676995736,-5556.387842401809,324.0154789859959,-1.1406681659556623,0.5721587963107304,-7.195159516860697,21366U
2025-06-30T15:07:28.943130,-5045.212642470358,-5512.515021142932,-108.00520673176594,-0.8528160431893755,0.8898076013548776,-7.2013740052238875,21366U
2025-06-30T15:08:28.943130,-5087.674345315632,-5449.675106793248,-539.6534510551463,-0.5621958116978513,1.2042132231951617,-7.182755587265189,21366U
2025-06-30T15:09:28.943130,-5112.641059566595,-5368.095425167712,-969.4416676527732,-0.26981988484527464,1.5142877699861148,-7.1393984338242165,21366U
2025-06-30T15:10:28.943130,-5120.037932595112,-5268.068051467508,-1395.890553169498,0.023295681845884493,1.8189614176984268,-7.071484133868887,21366U
2025-06-30T15:11:28.943130,-5109.8510876298815,-5149.948607271876,-1817.5342988992093,0.3161350202420692,2.1171863224783367,-6.979280534873398,21366U
2025-06-30T15:12:28.943130,-5082.127497836584,-5014.154827093819,-2232.925721646126,0.6076862329167325,2.4079403909429242,-6.863140221038164,21366U
2025-06-30T15:13:28.943130,-5036.974635446974,-4861.164903667472,-2640.64129260355,0.8969451082632396,2.6902308887454125,-6.723498647033828,21366U
2025-06-30T15:14:28.943130,-4974.559900696888,-4691.5156222375435,-3039.286044238704,1.182918746868266,2.9630978700724953,-6.560871947900414,21366U
2025-06-30T15:15:28.943130,-4895.109836505373,-4505.800295071824,-3427.4983365047924,1.4646290803688977,3.225617413297734,-6.375854448237394,21366U
2025-06-30T15:16:28.943130,-4798.909135884029,-4304.666508210556,-3803.954465156895,1.7411162660286146,3.4769046507329686,-6.169115895835307,21366U
2025-06-30T15:17:28.943130,-4686.299449995305,-4088.8136930942364,-4167.373096504601,2.0114419424864542,3.7161165832318273,-5.94139844638776,21366U
