timestamp,x_km,y_km,z_km,vx_km_s,vy_km_s,vz_km_s,name
2025-06-29T14:14:34.692594,2888.059589064042,6465.482457729177,-0.009687741646497704,1.042636528215084,-0.5012579583280131,7.449721773734108,30947U
2025-06-29T14:15:34.692594,2944.7349855783727,6422.345516866521,446.6764796100475,0.8458032249543893,-0.936169635292275,7.434608123987897,30947U
2025-06-29T14:16:34.692594,2989.4892234834274,6353.208991568812,891.5495469301318,0.6454128834664957,-1.3675815503800157,7.389300008869079,30947U
2025-06-29T14:17:34.692594,3022.1339456908804,6258.337565391365,1332.801683045198,0.4423047417423388,-1.7936737389432864,7.313952872811544,30947U
2025-06-29T14:18:34.692594,3042.531599167768,6138.104572500536,1768.6384887394752,0.23733183883008116,-2.2126470808975705,7.208858752273898,30947U
2025-06-29T14:19:34.692594,3050.5961302748456,5992.99045887688,2197.287166837761,0.031356555106262216,-2.622732812229232,7.074445025400811,30947U
2025-06-29T14:20:34.692594,3046.2934094969264,5823.5806768006505,2617.0045888694694,-0.1747539131353568,-3.0222018340216077,6.911272238251233,30947U
2025-06-29T14:21:34.692594,3029.641382999032,5630.56302774334,3026.0852032080497,-0.3801320995754033,-3.4093737279180543,6.720031034286218,30947U
2025-06-29T14:22:34.692594,3000.7099512015657,5414.724474187848,3422.868731634149,-0.5839147894225408,-3.7826253927992792,6.501538227009502,30947U
2025-06-29T14:23:34.692594,2959.620577265025,5176.9474458380555,3805.7476041740765,-0.7852474732198435,-4.140399225139931,6.256732067622636,30947U
2025-06-29T14:24:34.692594,2906.5456309610086,4918.2056701633255,4173.174085509222,-0.9832886917519308,-4.4812107745469385,5.986666770075495,30947U
2025-06-29T14:25:34.692594,2841.707475804761,4639.559560978333,4523.667050511559,-1.1772142341024605,-4.803655816408838,5.69250636450246,30947U
2025-06-29T14:26:34.692594,2765.3773095125844,4342.151201953988,4855.8183709554905,-1.366221154698898,-5.106416794614977,5.375517956774196,30947U
2025-06-29T14:27:34.692594,2677.8737697653332,4027.1989643613806,5168.298880436277,-1.549531579600225,-5.388268598921717,5.037064476458942,30947U
2025-06-29T14:28:34.692594,2579.5613188903926,3695.9918000657503,5459.863889637009,-1.726396277060318,-5.648083653168852,4.678596997955596,30947U
2025-06-29T14:29:34.692594,2470.848422397232,3349.8832517815636,5729.358229277583,-1.896097972406976,-5.884836301900288,4.301646719943285,30947U
2025-06-29T14:30:34.692594,2352.1855373103604,2990.285222916087,5975.720803205713,-2.057954392335469,-6.097606493669807,3.9078166867228696,30947U
2025-06-29T14:31:34.692594,2224.0629269430483,2618.6615490207682,6197.988639037615,-2.211321028664926,-6.285582769128077,3.4987733316981418,30947U
2025-06-29T14:32:34.692594,2087.00831915918,2236.5214120057612,6395.30042842582,-2.3555936162991418,-6.44806457065559,3.076237918403374,30947U
2025-06-29T14:33:34.692594,1941.5844253028606,1845.4126369370904,6566.899553341435,-2.4902103244421783,-6.584463897650919,2.641977948420251,30947U
2025-06-29T14:34:34.692594,1788.3863368648563,1446.9149095160003,6712.13659864791,-2.614653663941044,-6.694306337493367,2.197798598552484,30947U
2025-06-29T14:35:34.692594,1628.038816637521,1042.6329503317777,6830.471354672239,-2.728452116886012,-6.777231506626011,1.7455342420679973,30947U
2025-06-29T14:36:34.692594,1461.1935006231931,634.1896797739581,6921.474316429418,-2.8311814972464227,-6.83299293916442,1.287040100994528,30947U
2025-06-29T14:37:34.692594,1288.5260263454513,223.21940517728046,6984.827688626865,-2.9224660533372386,-6.8614574620000255,0.824184068669269,30947U
2025-06-29T14:38:34.692594,1110.7331025065916,-188.6389405675151,7020.325907586447,-3.001979324306994,-6.862604095656553,0.3588387342671691,30947U
2025-06-29T14:39:34.692594,928.5295341760224,-599.7484820005781,7027.875692806178,-3.0694447636438524,-6.836522519334394,-0.10712636589958408,30947U
2025-06-29T14:40:34.692594,742.6452169158684,-1008.4809809369533,7007.495642086588,-3.124636142966806,-6.783411136831989,-0.5718522517212217,30947U
2025-06-29T14:41:34.692594,553.8221124816243,-1413.2232904771095,6959.315385023159,-3.167377749173939,-6.703574777574428,-1.0334977440157929,30947U
2025-06-29T14:42:34.692594,362.8112180001581,-1812.3836623677103,6883.5743102742945,-3.1975443874415777,-6.597422064023935,-1.49024644177324,30947U
2025-06-29T14:43:34.692594,170.3695398432233,-2204.397888577521,6780.619882416013,-3.2150612016967353,-6.465462473508467,-1.940313426452905,30947U
2025-06-29T14:44:34.692594,-22.74291720671861,-2587.735259437678,6650.90556444857,-3.219903323112827,-6.308303119184598,-2.3819516903007782,30947U
2025-06-29T14:45:34.692594,-215.76613545302473,-2960.904321989204,6494.988362183422,-3.212095355995808,-6.126645271631392,-2.8134582871682343,30947U
2025-06-29T14:46:34.692594,-407.9430348798578,-3322.458423301444,6313.52600686012,-3.1917107092193966,-5.921280639608205,-3.2331802050055893,30947U
2025-06-29T14:47:34.692594,-598.522379696231,-3671.001024496215,6107.273792464145,-3.158870780210312,-5.693087425927361,-3.6395199591889353,30947U
2025-06-29T14:48:34.692594,-786.7616320347436,-4005.1907720631034,5877.081084371526,-3.113743997442025,-5.443026172284968,-4.030940905255021,30947U
2025-06-29T14:49:34.692594,-971.9297443168398,-4323.746313814451,5623.887516157596,-3.0565447265203134,-5.1721354053194215,-4.40597226861656,30947U
2025-06-29T14:50:34.692594,-1153.3098820663047,-4625.450847537402,5348.718891690056,-2.9875320442739843,-4.8815270951536345,-4.763213887561852,30947U
2025-06-29T14:51:34.692594,-1330.2020691998334,-4909.156391087377,5052.6828099854265,-2.9070083848227375,-4.572381937220611,-5.101340664457495,30947U
2025-06-29T14:52:34.692594,-1501.9257480620604,-5173.787763363359,4736.964030740129,-2.815318061391603,-4.2459444682407,-5.419106718711746,30947U
2025-06-29T14:53:34.692594,-1667.822246715844,-5418.346266336276,4402.819598942673,-2.7128456676742783,-3.903518027759185,-5.715349233843185,30947U
2025-06-29T14:54:34.692594,-1827.2571462596534,-5641.913059090138,4051.573747514682,-2.6000143628017067,-3.5464595775907437,-5.9889919900428845,30947U
2025-06-29T14:55:34.692594,-1979.6225412325975,-5843.652215696646,3684.612597497222,-2.4772840444230924,-3.1761743927674067,-6.2390485730008605,30947U
2025-06-29T14:56:34.692594,-2124.339186493885,-6022.813459689877,3303.3786758684555,-2.3451494150217633,-2.7941106390512,-6.464625249554545,30947U
2025-06-29T14:57:34.692594,-2260.858524333039,-6178.734568942098,2909.3652716253964,-2.2041379473297917,-2.4017538536522602,-6.6649235009447665,30947U
2025-06-29T14:58:34.692594,-2388.6645859834034,-6310.84344586337,2504.1106512620045,-2.054807755531623,-2.0006213473898757,-6.839242205148244,30947U
2025-06-29T14:59:34.692594,-2507.2757621774194,-6418.659849051917,2089.1921551989267,-1.8977453798130008,-1.5922565480470505,-6.98697946089124,30947U
2025-06-29T15:00:34.692594,-2616.2464378946643,-6501.7967837959595,1666.220197050807,-1.7335634926751455,-1.1782233060168115,-7.107634047506227,30947U
2025-06-29T15:01:34.692594,-2715.1684870115273,-6559.961550158066,1236.832187827608,-1.562898536250763,-0.760100184434992,-7.2008065167323005,30947U
2025-06-29T15:02:34.692594,-2803.6726231575144,-6592.956448740041,802.6864072477335,-1.3864083005906918,-0.33947475678036915,-7.266199914817966,30947U
2025-06-29T15:03:34.692594,-2881.429603711319,-6600.679145610206,365.45584427656553,-1.2047694535016562,0.082062064657182,-7.303620135793573,30947U
2025-06-29T15:04:34.692594,-2948.151284521301,-6583.122699253302,-73.17797121280704,-1.0186750329763017,0.5029216460229301,-7.312975909459407,30947U
2025-06-29T15:05:34.692594,-3003.5915235996986,-6540.375253752662,-511.5311241308955,-0.8288319135432739,0.9215231718468133,-7.294278430398926,30947U
2025-06-29T15:06:34.692594,-3047.546932707557,-6472.619403712386,-947.923436213506,-0.6359582579592116,1.3362990855216592,-7.247640637086887,30947U
2025-06-29T15:07:34.692594,-3079.8574764071304,-6380.131237651432,-1380.6845340848095,-0.4407809655547303,1.7457004093952746,-7.173276152831164,30947U
2025-06-29T15:08:34.692594,-3100.406918799166,-6263.279067731339,-1808.1598438206615,-0.24403312822924078,2.148201925218966,-7.071497902778848,30947U
2025-06-29T15:09:34.692594,-3109.1231187733893,-6122.521854696036,-2228.7164934218913,-0.046451504566476474,2.542307197716316,-6.942716423451575,30947U
2025-06-29T15:10:34.692594,-3105.9781751715773,-5958.407337789614,-2640.7491056429203,0.15122597817736097,2.926553426373117,-6.787437883177943,30947U
2025-06-29T15:11:34.692594,-3090.988423784276,-5771.569880164115,-3042.6854647377195,0.34826268536157334,3.2995161131413,-6.606261833297816,30947U
2025-06-29T15:12:34.692594,-3064.2142885662734,-5562.728040882037,-3432.992041865787,0.5439256917374525,3.6598135365357085,-6.3998787110687365,30947U
2025-06-29T15:13:34.692594,-3025.7599898557432,-5332.681885057043,-3810.179365107474,0.7374881471204353,4.006111025496045,-6.169067115769322,30947U
2025-06-29T15:14:34.692594,-2975.773112711255,-5082.3100439502105,-4172.80722126316,0.9282315856697894,4.337125029325948,-5.914690879531321,30947U
2025-06-29T15:15:34.692594,-2914.444038737022,-4812.566536961968,-4519.4896778017655,1.1154481748555325,4.651626982899432,-5.63769595393542,30947U
2025-06-29T15:16:34.692594,-2842.0052449467794,-4524.47736742714,-4848.899914476462,1.2984429015966605,4.948446969078211,-5.33910713236384,30947U
2025-06-29T15:17:34.692594,-2758.7304733211495,-4219.136903948547,-5159.774855196858,1.4765356944484023,5.226477182812259,-5.0200246265348145,30947U
2025-06-29T15:18:34.692594,-2664.933774744473,-3897.7040587085335,-5450.919591714865,1.6490634820580332,5.484675203619681,-4.681620513578318,30947U
2025-06-29T15:19:34.692594,-2560.9684309682125,-3561.398273791269,-5721.211591525283,1.8153821893585136,5.722067084984786,-4.325135067488723,30947U
2025-06-29T15:20:34.692594,-2447.225758146405,-3211.495326059766,-5969.604683074074,1.974868674080481,5.937750270595622,-3.951872985872241,30947U
2025-06-29T15:21:34.692594,-2324.133795332233,-2849.322960583213,-6195.13281189202,2.1269226070962777,6.1308963482020316,-3.5631995196660147,30947U
2025-06-29T15:22:34.692594,-2192.1558811233235,-2476.256362030039,-6396.913561615165,2.2709683008257397,6.300753652157585,-3.1605365100271006,30947U
2025-06-29T15:23:34.692594,-2051.7891214108968,-2093.713472866344,-6574.151434002058,2.4064564903941132,6.446649725367398,-2.745358332978329,30947U
2025-06-29T15:24:34.692594,-1903.5627509370058,-1703.1501666571646,-6726.140882010112,2.532866072408513,6.567993650374023,-2.319187748761041,30947U
2025-06-29T15:25:34.692594,-1748.0363911112563,-1306.0552842963466,-6852.269089749129,2.6497058060839116,6.664278257661227,-1.8835916493040796,30947U
2025-06-29T15:26:34.692594,-1585.7982063014274,-903.9455406272626,-6952.018492695123,2.756515980983401,6.7350822169469735,-1.4401766939048812,30947U
2025-06-29T15:27:34.692594,-1417.4629606079334,-498.36030869201124,-7024.969030938856,2.852870054831259,6.780072014299817,-0.9905848202591128,30947U
2025-06-29T15:28:34.692594,-1243.6699769805364,-90.85628880022583,-7070.800127479674,2.938376263707977,6.799003814392772,-0.5364886155088822,30947U
2025-06-29T15:29:34.692594,-1065.081000454641,316.9979302323731,-7089.292382686604,3.012679205453883,6.79172520317644,-0.07958653013269018,30947U
2025-06-29T15:30:34.692594,-882.3779672930749,723.6274099312024,-7080.328975070303,3.075461395311638,6.758176801799311,0.3784020836011258,30947U
2025-06-29T15:31:34.692594,-696.2606819350053,1127.4564926983896,-7043.896757484372,3.1264447907590096,6.698393737841633,0.8357421271384609,30947U
2025-06-29T15:32:34.692594,-507.44440389098816,1526.9145147145887,-6980.087036852123,3.1653922801662584,6.612506954994545,1.2906881229132463,30947U
2025-06-29T15:33:34.692594,-316.6573470975602,1920.4415906741542,-6889.096024550142,3.1921091274112143,6.500744337360627,1.7414898094613154,30947U
2025-06-29T15:34:34.692594,-124.63809476419182,2306.494458329036,-6771.224943732345,3.2064443619679626,6.363431619745569,2.186397977625585,30947U
2025-06-29T15:35:34.692594,67.86706658239639,2683.552369050395,-6626.879779210546,3.2082921013280328,6.200993050833478,2.623670557184268,30947U
2025-06-29T15:36:34.692594,260.10688932449506,3050.123008595684,-6456.570655084415,3.197592790003197,6.0139517721796745,3.051578958227778,30947U
2025-06-29T15:37:34.692594,451.32797774137293,3404.748430028106,-6260.910825197562,3.174334336889374,5.802929872703315,3.468414665573853,30947U
2025-06-29T15:38:34.692594,640.7776651290003,3746.0109783110543,-6040.615261750103,3.138553130539776,5.568648076004761,3.8724960775286053,30947U
2025-06-29T15:39:34.692594,827.7069471747016,4072.5391835541614,-5796.49882807433,3.090334910001422,5.311925016539169,4.262175572514659,30947U
2025-06-29T15:40:34.692594,1011.3734623536094,4383.0135972759035,-5529.4740227304,3.0298154674104323,5.03367606060601,4.635846778659641,30947U
2025-06-29T15:41:34.692594,1191.0445086793459,4676.172543453509,-5240.548283736272,2.9571811576092473,4.734911629384541,4.99195201258962,30947U
2025-06-29T15:42:34.692594,1366.0000846568746,4950.817753627932,-4930.820843939125,2.8726691897255563,4.416734983954362,5.328989844638395,30947U
2025-06-29T15:43:34.692594,1535.5359407912504,5205.8198530134705,-4601.479131271049,2.7765676760064375,4.080339436433902,5.645522738743779,30947U
2025-06-29T15:44:34.692594,1698.9666265427625,5440.123662516487,-4253.794710903156,2.669215414282523,3.727004957052182,5.94018470674685,30947U
2025-06-29T15:45:34.692594,1855.628516231342,5652.7532798870725,-3889.1187700940554,2.5510013822756403,3.358094154090751,6.211688908943535,30947U
2025-06-29T15:46:34.692594,2004.8827961288173,5842.816902000524,-3508.8771507750666,2.4223639245641224,2.975047612088937,6.458835125865333,30947U
2025-06-29T15:47:34.692594,2146.1183938827935,6009.511349571952,-3114.564939561728,2.2837896163621925,2.5793785833382774,6.680517020678185,30947U
2025-06-29T15:48:34.692594,2278.7548305367172,6152.126255519248,-2707.7406298466444,2.1358117923041617,2.172667038289841,6.875729107554367,30947U
2025-06-29T15:49:34.692594,2402.244974789193,6270.047878763918,-2290.019875812788,1.9790087330743535,1.756553091800654,7.043573339121572,30947U
2025-06-29T15:50:34.692594,2516.0776788092585,6362.7625065363645,-1863.0688634946268,1.8140015078860705,1.3327298338515792,7.183265225809349,30947U
2025-06-29T15:51:34.692594,2619.7802749233665,6429.859410252531,-1428.5973292823392,1.641451476360105,0.9029356051455663,7.294139401717216,30947U
2025-06-29T15:52:34.692594,2712.920912835928,6471.033322751525,-988.3512613802676,1.4620574591376878,0.4689457694897579,7.375654555576292,30947U
2025-06-29T15:53:34.692594,2795.110717751666,6486.086408105451,-544.1053245569601,1.276552592419385,0.03256404571441187,7.427397651448487,30947U
2025-06-29T15:54:34.692594,2866.0057508345985,6474.929699284912,-97.65505293268009,1.0857008873789347,-0.4043865282623692,7.449087371906874,30947U
2025-06-29T15:55:34.692594,2925.3087548570493,6437.583983618363,349.19114058929966,0.8902935208809882,-0.8400729180880814,7.440576726396557,30947U
2025-06-29T15:56:34.692594,2972.770669639863,6374.180121128776,794.6200864349228,0.691144888964728,-1.272661614300173,7.401854779041691,30947U
2025-06-29T15:57:34.692594,3008.191903931539,6284.9587863593215,1236.8220577541424,0.48908845897747993,-1.7003282592300977,7.333047463032578,30947U
2025-06-29T15:58:34.692594,3031.4233526749276,6170.269630087626,1673.9989912097828,0.2849724599166367,-2.1212672833887454,7.234417462534145,30947U
2025-06-29T15:59:34.692594,3042.3671511167136,6030.569863242468,2104.3726725256256,0.07965545334270478,-2.533701454385172,7.106363157401576,30947U
2025-06-29T16:00:34.692594,3040.977159867617,5866.422271239259,2526.1928303078366,-0.12599817092166535,-2.9358912427630237,6.949416640445295,30947U
2025-06-29T16:01:34.692594,3027.2591777586654,5678.4926727041275,2937.745082694702,-0.3311227292455934,-3.326143912609174,6.76424083112565,30947U
2025-06-29T16:02:34.692594,3001.2708820958264,5467.546842025972,3337.3586832924375,-0.5348557639124016,-3.7028222502765087,6.551625722957845,30947U
2025-06-29T16:03:34.692594,2963.1214986272944,5234.446920243287,3723.4140155507225,-0.7363425043995663,-4.064352851862216,6.312483814185516,30947U
2025-06-29T16:04:34.692594,2912.971206142929,4980.147343325653,4094.3497881482704,-0.9347402286230218,-4.409233898945291,6.047844782091356,30947U
2025-06-29T16:05:34.692594,2851.030283067105,4705.690320866638,4448.669887979361,-1.1292224855166655,-4.7360423621881225,5.758849470380721,30947U
2025-06-29T16:06:34.692594,2777.558005634594,4412.200901493941,4784.949851848557,-1.3189831440140165,-5.043440583408292,5.446743266185551,30947U
2025-06-29T16:07:34.692594,2692.8613092137634,4100.881663886122,5101.842922854145,-1.503240237778951,-5.330182198248376,5.112868948265426,30947U
2025-06-29T16:08:34.692594,2597.293226031178,3773.0070741431578,5398.0856625409615,-1.6812395797393993,-5.595117373242273,4.758659090880821,30947U
2025-06-29T16:09:34.692594,2491.251113937491,3429.917551398993,5672.503095092917,-1.852258125441952,-5.8371973425278485,4.385628108616067,30947U
2025-06-29T16:10:34.692594,2375.1746919271845,3073.0132840164174,5924.0133649878135,-2.0156070692975168,-6.055478240350551,3.9953640262462624,30947U
2025-06-29T16:11:34.692594,2249.5438988867177,2703.747838518716,6151.6318945327885,-2.1706346627645985,-6.249124235541194,3.5895200547537334,30947U
2025-06-29T16:12:34.692594,2114.8765925095486,2323.621602655702,6354.475032434884,-2.3167287482666334,-6.417409983084949,3.169806050042967,30947U
2025-06-29T16:13:34.692594,1971.7261055027564,1934.1751027524529,6531.763188953324,-2.4533190070321456,-6.559722415539756,2.7379799250579286,30947U
2025-06-29T16:14:34.692594,1820.6786761481499,1536.982233838865,6682.823457160929,-2.5798789229713424,-6.675561903283288,2.2958390791850674,30947U
2025-06-29T16:15:34.692594,1662.3507700034224,1133.6434390963518,6807.091723369998,-2.695927468080067,-6.764542817309631,1.8452119013491886,30947U
2025-06-29T16:16:34.692594,1497.3863090757436,725.7788729834847,6904.114272826292,-2.8010305176360974,-6.826393531559859,1.3879493954058386,30947U
2025-06-29T16:17:34.692594,1326.4538242084006,315.02158009885954,6973.548899343955,-2.894802005600719,-6.86095590361762,0.9259169686036239,30947U
2025-06-29T16:18:34.692594,1150.24354573222,-96.98928050436834,7015.165529655967,-2.976904832160771,-6.868184273141594,0.46098641631919274,30947U
2025-06-29T16:19:34.692594,969.4644466834619,-508.6151381538744,7028.846374921889,-3.0470515362720083,-6.848144016796333,-0.004971870806574037,30947U
2025-06-29T16:20:34.692594,784.8412521138491,-918.2246153703232,7014.585623109846,-3.1050047464420216,-6.801009696866268,-0.4700964575810586,30947U
2025-06-29T16:21:34.692594,597.1114272467704,-1324.200011569134,6972.488686904799,-3.150577422887151,-6.727062838401586,-0.9325421586050381,30947U
2025-06-29T16:22:34.692594,407.0221564895692,-1724.9436444824535,6902.771022450038,-3.1836329036935274,-6.626689366864586,-1.3904870666340323,30947U
2025-06-29T16:23:34.692594,215.32732461715332,-2118.884029854603,6805.756534663213,-3.2040847667945824,-6.500376735036681,-1.8421393089520959,30947U
2025-06-29T16:24:34.692594,22.784510806799734,-2504.481881492883,6681.875585142757,-3.2118965185394632,-6.3487107646143235,-2.2857435283927927,30947U
2025-06-29T16:25:34.692594,-169.84799436110026,-2880.2359150876546,6531.662618852544,-3.2070811184585457,-6.172372224653586,-2.719587087344973,30947U
2025-06-29T16:26:34.692594,-361.8141393173641,-3244.6884403717745,6355.753425892749,-3.189700348620825,-5.9721331659794785,-3.142005993938779,30947U
2025-06-29T16:27:34.692594,-552.3630201411627,-3596.430727187839,6154.882054776907,-3.1598640348009805,-5.748853027990523,-3.551390549728172,30947U
2025-06-29T16:28:34.692594,-740.7517385936551,-3934.1081319038067,5929.877393774718,-3.117729125598809,-5.503474532060888,-3.946190717707678,30947U
2025-06-29T16:29:34.692594,-926.2482010357777,-4256.424971393127,5681.659437072138,-3.0634986347354225,-5.237019374039291,-4.324921208568616,30947U
2025-06-29T16:30:34.692594,-1108.1338499924495,-4562.149132509323,5411.235252762075,-2.997420451029637,-4.950583727198763,-4.686166281867431,30947U
2025-06-29T16:31:34.692594,-1285.7063203742036,-4850.116405669706,5119.6946700167155,-2.919786020061622,-4.645333566407774,-5.028584257397078,30947U
2025-06-29T16:32:34.692594,-1458.2820126040474,-5119.234531849716,4808.205703205256,-2.8309289012714247,-4.322499824244764,-5.35091173066391,30947U
2025-06-29T16:33:34.692594,-1625.1985751355976,-5368.486953004996,4478.009731200409,-2.7312232042179665,-3.9833733902167037,-5.651967485105607,30947U
2025-06-29T16:34:34.692594,-1785.8172891014935,-5596.936256707001,4130.4164506474835,-2.6210819079267274,-3.6292999650972853,-5.930656092652646,30947U
2025-06-29T16:35:34.692594,-1939.5253481098578,-5803.727306616608,3766.7986225319733,-2.5009550676600614,-3.261674783587768,-6.185971193525898,30947U
2025-06-29T16:36:34.692594,-2085.738026519753,-5988.090051340498,3388.5866319528673,-2.371327914022275,-2.881937219930726,-6.416998445843357,30947U
2025-06-29T16:37:34.692594,-2223.9007298824363,-6149.342005224516,2997.262881562161,-2.2327188500249133,-2.4915652926710066,-6.622918135724887,30947U
2025-06-29T16:38:34.692594,-2353.4909216365463,-6286.890395735069,2594.3560396440685,-2.085677352546269,-2.092070086363702,-6.80300743915388,30947U
2025-06-29T16:39:34.692594,-2474.019920596256,-6400.233973261479,2181.4351642501215,-1.9307817854775116,-1.6849901095724933,-6.956642327879872,30947U
2025-06-29T16:40:34.692594,-2585.03456426903,-6488.964480426202,1760.1037251621221,-1.7686371327146955,-1.271885609900234,-7.08329911310101,30947U
2025-06-29T16:41:34.692594,-2686.1187335836667,-6552.767779304834,1331.9935456958285,-1.5998726599856896,-0.854332867958785,-7.182555622513316,30947U
2025-06-29T16:42:34.692594,-2776.894735192759,-6591.424636314003,898.7586864734287,-1.4251395152560051,-0.4339184930540342,-7.25409200849614,30947U
2025-06-29T16:43:34.692594,-2857.024538131301,-6604.811165903689,462.069293265576,-1.2451082781001779,-0.012233743875915684,-7.297691187653581,30947U
2025-06-29T16:44:34.692594,-2926.2108622559335,-6592.8989355690055,23.605430826159793,-1.0604664689246708,0.4091311023976305,-7.313238914571791,30947U
2025-06-29T16:45:34.692594,-2984.198116547956,-6555.754736052087,-414.9490756883724,-0.8719160292592087,0.8285923094743161,-7.300723495397472,30947U
2025-06-29T16:46:34.692594,-3030.7731860275326,-6493.540021914228,-851.9127706084369,-0.6801707844762876,1.2445781474207855,-7.260235149606442,30947U
2025-06-29T16:47:34.692594,-3065.7660666855936,-6406.510028900317,-1285.6126484768697,-0.4859539002406397,1.655534243013222,-7.191965031024111,30947U
2025-06-29T16:48:34.692594,-3089.0503484829055,-6295.01257566944,-1714.3901659115086,-0.28999534372575436,2.0599287953043777,-7.096203921696093,30947U
2025-06-29T16:49:34.692594,-3100.543547081625,-6159.4865585095,-2136.607165803753,-0.09302936016432505,2.4562576386789443,-6.973340614504768,30947U
2025-06-29T16:50:34.692594,-3100.2072855535152,-6000.460148572557,-2550.651696059695,0.10420802536976563,2.843049137930386,-6.823860002411294,30947U
2025-06-29T16:51:34.692594,-3088.0473278407417,-5818.548701946256,-2954.9437061883264,0.3009814719057531,3.2188689024271335,-6.648340893804073,30947U
2025-06-29T16:52:34.692594,-3064.113466222293,-5614.452393513419,-3347.940606189426,0.49655874421840557,3.5823243091628063,-6.447453574604451,30947U
2025-06-29T16:53:34.692594,-3028.4992654513535,-5388.953586007206,-3728.1426734346983,0.6902130853213435,3.9320688273944633,-6.221957138442534,30947U
2025-06-29T16:54:34.692594,-2981.341666577915,-5142.9139460227825,-4094.0982943720073,0.8812255341985846,4.266806140426708,-5.972696606416359,30947U
2025-06-29T16:55:34.692594,-2922.820453739672,-4877.271318857536,-4444.409029179116,1.0688871845600938,4.585294063086589,-5.7005998575299435,30947U
2025-06-29T16:56:34.692594,-2853.157587405661,-4593.036374094975,-4777.734488573674,1.2525013817606512,4.886348256145429,-5.406674390028893,30947U
2025-06-29T16:57:34.692594,-2772.6164076780137,-4291.289033691405,-5092.797013112569,1.431385856433035,5.168845741562078,-5.0920039323892885,30947U
2025-06-29T16:58:34.692594,-2681.5007113062998,-3973.174694063004,-5388.386146293971,1.6048747947328212,5.431728224709512,-4.75774492076958,30947U
2025-06-29T16:59:34.692594,-2580.1537060474607,-3639.9002532919953,-5663.36289364644,1.772320846360962,5.674005231679511,-4.405122857317307,30947U
2025-06-29T17:00:34.692594,-2468.95684591795,-3292.729954101879,-5916.663760715411,1.9330970726721002,5.89475707125072,-4.035428560894022,30947U
2025-06-29T17:01:34.692594,-2348.328550742328,-2932.981052718555,-6147.304563419219,2.086598838149606,6.093137632086174,-3.650014318613637,30947U
2025-06-29T17:02:34.692594,-2218.7228132125742,-2562.019323162879,-6354.3840046307,2.2322456492936036,6.2683770261413665,-3.2502899431631196,30947U
2025-06-29T17:03:34.692594,-2080.6276964485282,-2181.2544059453307,-6537.087011032093,2.369482945487189,6.419784089063998,-2.837718737291638,30947U
2025-06-29T17:04:34.692594,-1934.5637248040975,-1792.1350095842477,-6694.687824287735,2.497783846647929,6.546748747523486,-2.413813363219199,30947U
2025-06-29T17:05:34.692594,-1781.0821704130562,-1396.143972883615,-6826.552840377675,2.6166508624078073,6.648744261902754,-1.9801316111511114,30947U
2025-06-29T17:06:34.692594,-1620.7632377285702,-994.7931955194199,-6932.143190542871,2.7256175671751652,6.725329350620844,-1.538272057716139,30947U
2025-06-29T17:07:34.692594,-1454.2141480999019,-589.6184442297337,-7011.017056721864,2.824250244704267,6.776150199553755,-1.0898696021043843,30947U
2025-06-29T17:08:34.692594,-1282.067126266777,-182.1740418177574,-7062.831713629191,2.9121495047283386,6.800942356624644,-0.6365908651000309,30947U
2025-06-29T17:09:34.692594,-1104.9772905558636,225.97255370698048,-7087.345288763431,2.988951872805734,6.799532507708119,-0.18012943421761088,30947U
2025-06-29T17:10:34.692594,-923.6204485529441,633.2462721798917,-7084.418230673438,3.054331352804736,6.771840125623442,0.27779906311808106,30947U
2025-06-29T17:11:34.692594,-738.6908001154137,1038.0700482597967,-7054.014474795481,3.108000959438671,6.717878979287087,0.735462076844159,30947U
2025-06-29T17:12:34.692594,-550.8985498014872,1438.8705231986157,-6996.202295149466,3.1497142159996394,6.637758485186105,1.1911154599762521,30947U
2025-06-29T17:13:34.692594,-360.9674311347095,1834.0838211188786,-6911.154829203549,3.1792666099802664,6.53168487836949,1.6430090192486646,30947U
2025-06-29T17:14:34.692594,-169.63214561094384,2222.1613880782957,-6799.1502623420965,3.1964969966810313,6.3999621753019875,2.0893923045656235,30947U
2025-06-29T17:15:34.692594,22.36428000811191,2601.5758804925044,-6660.571657663466,3.201288938252672,6.2429928963613275,2.528520647467909,30947U
2025-06-29T17:16:34.692594,214.27321377774908,2970.827087514904,-6495.906416356634,3.1935719630015917,6.061278511675006,2.958661454038543,30947U
2025-06-29T17:17:34.692594,405.3432107487863,3328.447869773743,-6305.745353722548,3.1733227272843205,5.855419570574973,3.3781007518465116,30947U
2025-06-29T17:18:34.692594,594.8228708724487,3673.010094476232,-6090.781376078916,3.140566060031054,5.626115472386473,3.7851499837360065,30947U
2025-06-29T17:19:34.692594,781.9637550422902,4003.1305443610513,-5851.807744373704,3.0953758679678236,5.374163834736594,4.178153033636246,30947U
2025-06-29T17:20:34.692594,966.0233503529552,4317.476775378385,-5589.715911380514,3.0378758780496025,5.10045941522593,4.555493461260143,30947U
2025-06-29T17:21:34.692594,1146.268074236318,4614.772895367409,-5305.492920901628,2.968240192566431,4.805992543289336,4.915601913775796,30947U
2025-06-29T17:22:34.692594,1321.9763056630825,4893.8052334733775,-5000.218359484417,2.8866936319248904,4.491847021473103,5.256963673520117,30947U
2025-06-29T17:23:34.692594,1492.4414301040993,5153.427867678734,-4675.0608537824555,2.793511840310727,4.159197459241374,5.578126291837311,30947U
2025-06-29T17:24:34.692594,1656.9748834758382,5392.567975713334,-4331.274109854325,2.689021130358421,3.809306007800405,5.8777072504648675,30947U
2025-06-29T17:25:34.692594,1814.9091788883227,5610.230972842014,-3970.192494375106,2.573598044625768,3.4435184712643006,6.154401583851055,30947U
2025-06-29T17:26:34.692594,1965.6008987227438,5805.505398700151,-3593.2261618900257,2.4476686141050163,3.063259777679484,6.406989388684273,30947U
2025-06-29T17:27:34.692594,2108.433633432182,5977.567514534938,-3201.8557368131465,2.311707297183184,2.670028802838362,6.634343141034076,30947U
2025-06-29T17:28:34.692594,2242.8208475319684,6125.685571991631,-2797.626563782567,2.166235586348773,2.2653925502379377,6.835434737126085,30947U
2025-06-29T17:29:34.692594,2368.208652567676,6249.223715016855,-2382.1425451325113,2.011820274459868,1.8509797017287115,7.009342171135834,30947U
2025-06-29T17:30:34.692594,2484.0784664570133,6347.645477580719,-1957.0595895220015,1.849071377442369,1.4284735650596085,7.155255762682516,30947U
2025-06-29T17:31:34.692594,2589.9495385293726,6420.516841770414,-1524.078701044323,1.678639715753864,0.999604456326902,7.272483848070012,30947U
2025-06-29T17:32:34.692594,2685.381319857364,6467.508823384742,-1084.938743300357,1.5012141626843503,0.5661415669281351,7.360457852828024,30947U
2025-06-29T17:33:34.692594,2769.975659101712,6488.399555440952,-641.4089178197584,1.3175185734104513,0.12988437564843705,7.418736668746752,30947U
2025-06-29T17:34:34.692594,2843.378805079802,6483.07584395175,-195.28100071848183,1.1283084145012199,-0.3073463233948683,7.447010266295475,30947U
2025-06-29T17:35:34.692594,2905.283198610083,6451.534174874868,251.63861453262203,0.9343671191173559,-0.7437176973842217,7.445102482909966,30947U
2025-06-29T17:36:34.692594,2955.4290378613005,6393.8811561943,697.5370170040021,0.7365021982772434,-1.1773943691706303,7.412972938896904,30947U
2025-06-29T17:37:34.692594,2993.605603417547,6310.333384555926,1140.6029670312187,0.535541143119356,-1.6065480370847338,7.350718045337449,30947U
2025-06-29T17:38:34.692594,3019.6523315164477,6201.216731630339,1579.0351181278297,0.33232715692655457,-2.0293671244515834,7.258571082024728,30947U
2025-06-29T17:39:34.692594,3033.459626380124,6066.965051280274,2011.0502155184145,0.12771475866930412,-2.444066361767426,7.136901337745304,30947U
2025-06-29T17:40:34.692594,3034.9694051797815,5908.1183145323885,2434.891214686064,-0.07743469811902423,-2.8488962053780735,6.986212319691018,30947U
2025-06-29T17:41:34.692594,3024.175371894093,5725.320185152986,2848.8352641912065,-0.2822575462629278,-3.2421519995394794,6.807139053032939,30947U
2025-06-29T17:42:34.692594,3001.1230190736787,5519.315054172545,3251.201498745035,-0.4858923207483028,-3.622182793826337,6.600444505282683,30947U
2025-06-29T17:43:34.692594,2965.909359245207,5290.944556866557,3640.3585910665856,-0.687484225462138,-3.9873997348110537,6.367015182609527,30947U
2025-06-29T17:44:34.692594,2918.682390315774,5041.143600373875,4014.732014325056,-0.8861895088396545,-4.336283959502845,6.107855956427105,30947U
2025-06-29T17:45:34.692594,2859.6403018136357,4770.935934222069,4372.810970880962,-1.0811797091807531,-4.667393927924298,5.824084188012474,30947U
2025-06-29T17:46:34.692594,2789.030431073777,4481.429299464044,4713.154947465224,-1.2716457339424048,-4.979372143058688,5.5169232264518815,30947U
2025-06-29T17:47:34.692594,2707.1479805037075,4173.810194864375,5034.399861748272,-1.4568017414745016,-5.270951217859523,5.18769536067515,30947U
2025-06-29T17:48:34.692594,2614.3345088131036,3849.3383005824394,5335.263770319731,-1.6358887982889398,-5.54095926069921,4.837814309677571,30947U
2025-06-29T17:49:34.692594,2510.9762105388995,3509.3406010879485,5614.552113282945,-1.8081782898656347,-5.788324562172666,4.468777336255695,30947U
2025-06-29T17:50:34.692594,2397.501999333939,3155.2052496349693,5871.16247584187,-1.9729750680373837,-6.012079577221995,4.082157068793903,30947U
2025-06-29T17:51:34.692594,2274.3814113123167,2788.3752165602887,6104.088852297201,-2.1296203229917086,-6.211364206799428,3.6795931130005104,30947U
2025-06-29T17:52:34.692594,2142.122345268601,2410.341763025232,6312.425402668022,-2.2774941727284763,-6.385428392477858,3.26278353123141,30947U
2025-06-29T17:53:34.692594,2001.2686568301579,2022.6377806630594,6495.369696625943,-2.416017967281787,-6.533634045350179,2.8334762614286295,30947U
2025-06-29T17:54:34.692594,1852.397623589019,1626.831036014893,6652.2254435008035,-2.544656309039551,-6.655456337090304,2.393460541045795,30947U
2025-06-29T17:55:34.692594,1696.1172980255267,1224.5173567301613,6782.404710740516,-2.6629187939860457,-6.7504843861050325,1.9445583939576152,30947U
2025-06-29T17:56:34.692594,1533.0637646162725,817.3137943631249,6885.429636357359,-2.7703614815935085,-6.818421375277986,1.4886162305755553,30947U
2025-06-29T17:57:34.692594,1363.8983169544506,406.8517963111342,6960.933643558894,-2.8665881033654865,-6.859084139941414,1.0274966035346282,30947U
2025-06-29T17:58:34.692594,1189.3045700388168,-5.229582908864507,7008.6621679577065,-2.9512510216860464,-6.872402265512342,0.5630701536558148,30947U
2025-06-29T17:59:34.692594,1009.9855221491787,-417.2904031779052,7028.472909505433,-3.0240519516748967,-6.858416733840696,0.09720777368534851,30947U
2025-06-29T18:00:34.692594,826.6605799530407,-827.6964674738359,7020.335622646207,-3.0847424592364736,-6.817278155919817,-0.3682269892380502,30947U
2025-06-29T18:01:34.692594,640.0625597145985,-1234.8258342593977,6984.331459182328,-3.133124248481868,-6.749244626406357,-0.831385277165077,30947U
2025-06-29T18:02:34.692594,450.9346767257486,-1637.0751920266387,6920.651879048354,-3.169049251275731,-6.6546792326021444,-1.2904400005536747,30947U
2025-06-29T18:03:34.692594,260.02753437388844,-2032.8660762301179,6829.597144660549,-3.1924195309006516,-6.534047247382128,-1.7435926465351552,30947U
2025-06-29T18:04:34.692594,68.09612361235644,-2420.65091041446,6711.574414805968,-3.203187010832291,-6.3879130322170035,-2.189079812488754,30947U
2025-06-29T18:05:34.692594,-124.10315697973847,-2798.9188547137396,6567.095454218618,-3.201353038469172,-6.216936673129054,-2.6251794630800913,30947U
2025-06-29T18:06:34.692594,-315.81545087073755,-3166.2014460911896,6396.773975111337,-3.1869677924504,-6.021870369302918,-3.0502169099467857,30947U
2025-06-29T18:07:34.692594,-506.2903537460721,-3521.078015718219,6201.3226270358955,-3.16012954100183,-5.803554591286967,-3.462570513481337,30947U
2025-06-29T18:08:34.692594,-694.7847753132547,-3862.180869783159,5981.549651569815,-3.120983757646453,-5.562914023376915,-3.860677105791155,30947U
2025-06-29T18:09:34.692594,-880.565744205213,-4188.200220813659,5738.355218500803,-3.0697220996552024,-5.30095330294009,-4.243037133064594,30947U
2025-06-29T18:10:34.692594,-1062.913147723957,-4497.888857314783,5472.727460421076,-3.00658125384437,-5.0187525681633325,-4.608219514380211,30947U
2025-06-29T18:11:34.692594,-1241.1223984184487,-4790.0665402105415,5185.73822295954,-2.931841653774849,-4.717462824993682,-4.9548662126268646,30947U
2025-06-29T18:12:34.692594,-1414.5070197253729,-5063.624115253835,4878.538548273798,-2.8458260720928403,-4.3983011438742885,-5.281696511791207,30947U
2025-06-29T18:13:34.692594,-1582.4011431369036,-5317.527331274255,4552.353909884557,-2.748898091673377,-4.062545697208217,-5.587510993556838,30947U
2025-06-29T18:14:34.692594,-1744.1619096035486,-5550.820354879972,4208.47921745589,-2.6414604593792106,-3.711530649252879,-5.871195205051129,30947U
2025-06-29T18:15:34.692594,-1899.1717681504754,-5762.628973049057,3848.273610677483,-2.5239533266059984,-3.346640911266001,-6.131723008778993,30947U
2025-06-29T18:16:34.692594,-2046.8406649861001,-5952.163475939694,3473.1550619766085,-2.396852381324143,-2.969306776108345,-6.368159605358095,30947U
2025-06-29T18:17:34.692594,-2186.608116724144,-6118.7212132332825,3084.5948083462504,-2.260666877010893,-2.5809984480522856,-6.579664219675505,30947U
2025-06-29T18:18:34.692594,-2317.945161727368,-6261.688818396661,2684.111633099786,-2.1159375646539416,-2.183220485152747,-6.765492441542076,30947U
2025-06-29T18:19:34.692594,-2440.3561840163957,-6380.544096407465,2273.266018825117,-1.9632345348570406,-1.7775061731080526,-6.924998212833916,30947U
2025-06-29T18:20:34.692594,-2553.380604670418,-6474.857571721215,1853.654193189349,-1.8031549779448064,-1.365411850981386,-7.057635454461197,30947U
2025-06-29T18:21:34.692594,-2656.5944361761212,-6544.293694556622,1426.902089515572,-1.6363208708048351,-0.9485112103839222,-7.162959328258726,30947U
2025-06-29T18:22:34.692594,-2749.611695751855,-6588.611704920053,994.6592442016815,-1.4633765999804955,-0.5283895906693843,-7.240627130995508,30947U
2025-06-29T18:23:34.692594,-2832.0856742804535,-6607.666155161704,558.5926530596968,-1.2849865311993711,-0.10663829329513005,-7.290398820088836,30947U
2025-06-29T18:24:34.692594,-2903.710058117626,-6601.407093233336,120.38060851619261,-1.1018325360588606,0.3151510612745172,-7.312137173204926,30947U
2025-06-29T18:25:34.692594,-2964.2199016951226,-6569.87991017757,-318.2934606793271,-0.914611486963506,0.7353921109439908,-7.3058075866509595,30947U
2025-06-29T18:26:34.692594,-3013.392449497683,-6513.224856698838,-755.747126034879,-0.7240327315999912,1.1525092410844076,-7.2714775202247,30947U
2025-06-29T18:27:34.692594,-3051.047806650864,-6431.676234923413,-1190.3050515796017,-0.5308155582281161,1.5649429638499002,-7.209315598900405,30947U
2025-06-29T18:28:34.692594,-3077.0494580011386,-6325.56127262945,-1620.3050219414813,-0.3356866628541156,1.9711551676702892,-7.119590384305354,30947U
2025-06-29T18:29:34.692594,-3091.3046361898855,-6195.298688297756,-2044.1038872350264,-0.13937762893529557,2.3696342187204253,-7.002668831298381,30947U
2025-06-29T18:30:34.692594,-3093.764539808729,-6041.3969562826105,-2460.0834067354003,0.057377570354136286,2.758899898350901,-6.859014447021648,30947U
2025-06-29T18:31:34.692594,-3084.4244032651754,-5864.452282215393,-2866.6559743862313,0.2538450380722737,3.137508162931751,-6.6891851714915544,30947U
2025-06-29T18:32:34.692594,-3063.323420475831,-5665.146299421063,-3262.2702103299994,0.44929337942644054,3.5040557152502263,-6.493831000064754,30947U
2025-06-29T18:33:34.692594,-3030.5445249325057,-5444.243497638782,-3645.416403841552,0.6429960805358992,3.8571843794479257,-6.273691368910242,30947U
2025-06-29T18:34:34.692594,-2986.2140290475545,-5202.58839569397,-4014.6317942497226,0.8342338341590735,4.1955852743933795,-6.029592324906628,30947U
2025-06-29T18:35:34.692594,-2930.5011259745775,-4941.102469964111,-4368.505677636049,1.0222968078343369,4.518002783295003,-5.762443501137149,30947U
2025-06-29T18:36:34.692594,-2863.6172573163144,-4660.780850523976,-4705.684328263125,1.2064868512610636,4.823238320169102,-5.47323491836942,30947U
2025-06-29T18:37:34.692594,-2785.8153502721116,-4362.688796753749,-5024.875724786877,1.3861196411366037,5.110153896408721,-5.163033631586776,30947U
2025-06-29T18:38:34.692594,-2697.3889278438005,-4047.9579639577914,-5324.854072319657,1.560526763023859,5.37767549306557,-4.8329802388039385,30947U
2025-06-29T18:39:34.692594,-2598.6710957144965,-3717.782472191728,-5604.464112306089,1.7290577311086022,5.624796246474631,-4.484285267090713,30947U
2025-06-29T18:40:34.692594,-2490.033409344616,-3373.414788048878,-5862.625212931876,1.8910819478753216,5.850579456445336,-4.118225447992554,30947U
2025-06-29T18:41:34.692594,-2371.8846247009337,-3016.1614296405046,-6098.335233383639,2.0459906067408293,6.054161427342328,-3.736139891445558,30947U
2025-06-29T18:42:34.692594,-2244.6693358568195,-2647.3785044430942,-6310.674155701626,2.1931985414973663,6.234754152924002,-3.339426163914145,30947U
2025-06-29T18:43:34.692594,-2108.86650248708,-2268.4670891141714,-6498.807478200944,2.332146026991769,6.391647855746977,-2.9295362729311334,30947U
2025-06-29T18:44:34.692594,-1964.9878700413026,-1880.868459823718,-6661.98936447798,2.462300535773338,6.524213391247199,-2.5079725565930167,30947U
2025-06-29T18:45:34.692594,-1813.5762851308612,-1486.0591811495967,-6799.565541860958,2.5831584554495235,6.63190452525064,-2.0762834729794086,30947U
2025-06-29T18:46:34.692594,-1655.2039084244036,-1085.5460611791825,-6910.975942812902,2.694246771173686,6.714260091647196,-1.636059281051225,30947U
2025-06-29T18:47:34.692594,-1490.470327129505,-680.8609801746542,-6995.75708226483,2.795124717040295,6.7709060342995135,-1.1889276014610275,30947U
2025-06-29T18:48:34.692594,-1320.0005689657335,-273.5556000389897,-7053.54416316099,2.8853853991713287,6.801557333988491,-0.736548843023358,30947U
2025-06-29T18:49:34.692594,-1144.4430194244376,134.8040381070887,-7084.072901664589,2.9646573919491503,6.806019817381456,-0.28061147847189793,30947U
2025-06-29T18:50:34.692594,-964.467244079503,542.6430206348792,-7087.181062533965,3.0326063072006226,6.784191840728582,0.17717284830356977,30947U
2025-06-29T18:51:34.692594,-780.7617177839738,948.3831642549397,-7062.80969417391,3.0889363341889853,6.736065836351664,0.6350744019634332,30947U
2025-06-29T18:52:34.692594,-594.0314627702007,1350.4487060445003,-7011.004051843438,3.1333917460643685,6.661729705113671,1.0913506404995286,30947U
2025-06-29T18:53:34.692594,-404.9955979861791,1747.2720706042248,-6931.914196510911,3.1657583660086823,6.561368033092396,1.5442517219254774,30947U
2025-06-29T18:54:34.692594,-214.38480245501927,2137.299702919398,-6825.795255948643,3.185864983749162,6.435263105790269,1.9920262473545982,30947U
2025-06-29T18:55:34.692594,-22.938696049576926,2518.997953844642,-6693.007333913409,3.1935847104785755,6.283795688572133,2.432927251489567,30947U
2025-06-29T18:56:34.692594,168.5968581686443,2890.8590032140905,-6534.015052730045,3.1888362575921554,6.107445537819472,2.865218447000178,30947U
2025-06-29T18:57:34.692594,359.4725249863148,3251.4068034218953,-6349.386714347841,3.171585122121393,5.906791603714383,3.287180723653715,30947U
2025-06-29T18:58:34.692594,548.9383353345952,3599.203023963415,-6139.79306503492,3.1418446594095113,5.682511882808067,3.697118896466566,30947U
2025-06-29T18:59:34.692594,736.2465845384214,3932.8529749231634,-5906.0056493726315,3.0996770215309675,5.435382876764999,4.0933686896791945,30947U
2025-06-29T19:00:34.692594,920.6547819045081,4251.01148479941,-5648.894740162734,3.045193938306924,5.166278613071057,4.4743039351725855,30947U
2025-06-29T19:01:34.692594,1101.4286416347275,4552.388705441797,-5369.426832305514,2.9785573166041455,4.876169184188043,4.838343955243061,30947U
2025-06-29T19:02:34.692594,1277.8451035898977,4835.755814324084,-5068.661690677486,2.8999796330131598,4.56611876373656,5.183961090662655,30947U
2025-06-29T19:03:34.692594,1449.1953709397608,5099.9505819650085,-4747.748944549966,2.809724095057034,4.237283061862778,5.509688325935981,30947U
2025-06-29T19:04:34.692594,1614.787950258098,5343.882770136331,-4407.924224144197,2.708104546843839,3.8909061870155557,5.814126954908347,30947U
2025-06-29T19:05:34.692594,1773.9516782025296,5566.539324652723,-4050.504838494794,2.5954850965817458,3.528316887898911,6.095954221687764,30947U
2025-06-29T19:06:34.692594,1926.0387175999163,5766.989325108717,-3676.8849978574376,2.4722794456427626,3.150924157293993,6.353930864516341,30947U
2025-06-29T19:07:34.692594,2070.427504589842,5944.388653002044,-3288.5305883901588,2.338949901878996,2.7602121886252067,6.586908484068292,30947U
2025-06-29T19:08:34.692594,2206.525627505582,6097.984339334728,-2886.973511685363,2.1960060636273817,2.3577346863876434,6.793836652940143,30947U
2025-06-29T19:09:34.692594,2333.7726174380095,6227.118553076633,-2473.805606839942,2.0440031652205026,1.9451085426168933,6.973769680082061,30947U
2025-06-29T19:10:34.692594,2451.642629972904,6331.232192859022,-2050.6721780148864,1.8835400797607804,1.5240069031820591,7.125872942801548,30947U
2025-06-29T19:11:34.692594,2559.6469974496517,6409.868045967964,-1619.2651557303323,1.7152569802946882,1.0961516594938594,7.249428699901954,30947U
2025-06-29T19:12:34.692594,2657.336631284086,6462.673481135452,-1181.3159253419656,1.5398326662052146,0.6633054128998198,7.343841302579786,30947U
2025-06-29T19:13:34.692594,2744.3042544483314,6489.402644768302,-738.5878611079918,1.3579815674644515,0.2272629702198411,7.408641724911932,30947U
2025-06-29T19:14:34.692594,2820.1864451096703,6489.918134070698,-292.86860885888086,1.1704504451886197,-0.21015756078993056,7.44349134304867,30947U
2025-06-29T19:15:34.692594,2884.6654736965934,6464.192124947778,154.03783561776294,0.9780148125344654,-0.6471239981249931,7.448184901453389,30947U
2025-06-29T19:16:34.692594,2937.470917264042,6412.306937540561,600.3192018714072,0.7814751052003338,-1.0817995488196146,7.422652615475632,30947U
2025-06-29T19:17:34.692594,2978.381036946181,6334.455027636306,1044.163120384528,0.5816526354769683,-1.5123524174253868,7.36696137192919,30947U
2025-06-29T19:18:34.692594,3007.223906474471,6230.938397904692,1483.7653431188787,0.37938536778519727,-1.9369654643961562,7.281315002827199,30947U
2025-06-29T19:19:34.692594,3023.878282154521,6102.167428799741,1917.3379525462963,0.17552355681163131,-2.353845817337756,7.16605362161436,30947U
2025-06-29T19:20:34.692594,3028.2742072824926,5948.659134902333,2343.1175024788727,-0.029074708391157583,-2.7612343385120197,7.021652025713722,30947U
2025-06-29T19:21:34.692594,3020.393346679623,5771.034858320828,2759.3730346900193,-0.23354800970133932,-3.1574148545848204,6.8487171835413,30947U
2025-06-29T19:22:34.692594,3000.2690497684994,5570.017416380027,3164.413916874568,-0.4370361097276483,-3.5407230592907566,6.647984837909404,30947U
2025-06-29T19:23:34.692594,2967.9861433417946,5346.427726085439,3556.597449877751,-0.6386844219720818,-3.9095550062793505,6.420315270536727,30947U
2025-06-29T19:24:34.692594,2923.6804578206793,5101.180932637298,3934.336195255936,-0.8376483989343271,-4.262375117674673,6.16668828384832,30947U
2025-06-29T19:25:34.692594,2867.5380933067527,4835.282073487342,4296.104978025082,-1.033097798347012,-4.597723643534001,5.888197466071881,30947U
2025-06-29T19:26:34.692594,2799.7944340457475,4549.821313010606,4640.447523782449,-1.2242207911185043,-4.914223518085977,5.5860438135830925,30947U
2025-06-29T19:27:34.692594,2720.732921998434,4245.96878574636,4965.982694137195,-1.410227878596997,-5.210586570009456,5.261528790353748,30947U
2025-06-29T19:28:34.692594,2630.6836020199157,3924.9690883250946,5271.410289411928,-1.5903555912974041,-5.485619055694554,4.916046908136802,30947U
2025-06-29T19:29:34.692594,2530.021452657719,3588.135461633679,5555.516392753279,-1.763869946090723,-5.738226496041973,4.55107791267687,30947U
2025-06-29T19:30:34.692594,2419.16451777917,3236.8437055027316,5817.178234976936,-1.9300696438715244,-5.967417808548085,4.168178660847987,30947U
2025-06-29T19:31:34.692594,2298.5718551269856,2872.5258682694325,6055.3685645507,-2.0882889947278547,-6.1723087368755944,3.7689747713436046,30947U
2025-06-29T19:32:34.692594,2168.7413184865427,2496.663753034563,6269.15951197954,-2.2379005624835324,-6.352124589552862,3.355152127589781,30947U
2025-06-29T19:33:34.692594,2030.2071904473596,2110.7822813727807,6457.725942401997,-2.3783175250240216,-6.506202307661348,2.928448306190835,30947U
2025-06-29T19:34:34.692594,1883.5376827791224,1716.4427537520612,6620.348294368433,-2.508995750937264,-6.6339918882103355,2.4906439977419845,30947U
2025-06-29T19:35:34.692594,1729.3323212523233,1315.2360440679904,6756.414906491363,-2.629435596605064,-6.735057195270075,2.0435544795813367,30947U
2025-06-29T19:36:34.692594,1568.219231349813,908.7757635908939,6865.423836907283,-2.739183430905253,-6.809076194817519,1.5890211923241895,30947U
2025-06-29T19:37:34.692594,1400.8523407795053,498.69142735694226,6946.984183254235,-2.8378328970902635,-6.855840651676865,1.1289034641480509,30947U
2025-06-29T19:38:34.692594,1227.9085140459301,86.62165368549417,7000.816913160035,-2.925025923188314,-6.875255328004944,0.6650704190603918,30947U
2025-06-29T19:39:34.692594,1050.0846336126845,-325.7925748361969,7026.755217073971,-3.000453493441818,-6.867336722612938,0.19939309805519576,30947U
2025-06-29T19:40:34.692594,868.094641419252,-736.9145628405759,7024.744396701697,-3.063856193898425,-6.8322113892078775,-0.2662631846490458,30947U
2025-06-29T19:41:34.692594,682.6665537410526,-1145.1184422345973,6994.841303365209,-3.1150245453592977,-6.77011386957692,-0.7300462340162845,30947U
2025-06-29T19:42:34.692594,494.5394616245272,-1548.7955789147559,6937.213341365606,-3.1537991365434657,-6.681384275039119,-1.1901241039872048,30947U
2025-06-29T19:43:34.692594,304.4605284128609,-1946.3608260468145,6852.137051935377,-3.1800705696305016,-6.566465546369953,-1.644691957445977,30947U
2025-06-29T19:44:34.692594,113.18199521814024,-2336.2586054275134,6739.99629369041,-3.19377922938667,-6.425900419074641,-2.0919786521981387,30947U
2025-06-29T19:45:34.692594,-78.54179539892853,-2716.9687998626405,6601.280035688412,-3.194914885954118,-6.260328117541874,-2.530253050894992,30947U
2025-06-29T19:46:34.692594,-269.95734780275694,-3087.012440721182,6436.579779324873,-3.1835161401763994,-6.0704807984258,-2.9578300540410867,30947U
2025-06-29T19:47:34.692594,-460.31492442619,-3444.957175888827,6246.586625395299,-3.159669719128817,-5.857179760723479,-3.3730763556403294,30947U
2025-06-29T19:48:34.692594,-648.871410786429,-3789.422504259315,6032.088002765108,-3.1235096283903263,-5.621331437556243,-3.7744159207844663,30947U
2025-06-29T19:49:34.692594,-834.8931258092985,-4119.084763710947,5793.964075243851,-3.075216166595743,-5.363923182704627,-4.160335183720956,30947U
2025-06-29T19:50:34.692594,-1017.6585691840443,-4432.681860244695,5533.183843479755,-3.0150148069891434,-5.086018863537674,-4.529387963799537,30947U
2025-06-29T19:51:34.692594,-1196.461097724757,-4729.017726644778,5250.800958985719,-2.943174950095097,-4.788754271134522,-4.880200095342374,30947U
2025-06-29T19:52:34.692594,-1370.6115229497543,-5006.9664996949405,4947.949267780769,-2.8600085512526783,-4.473332358106166,-5.211473766059061,30947U
2025-06-29T19:53:34.692594,-1539.4406223217402,-5265.476405674791,4625.838101574449,-2.7658686266228854,-4.141018314846559,-5.521991557272203,30947U
2025-06-29T19:54:34.692594,-1702.301556829571,-5503.573344590778,4285.74733492786,-2.661147641377992,-3.793134495618648,-5.810620178045507,30947U
2025-06-29T19:55:34.692594,-1858.5721878525103,-5720.364164392048,3929.022227371212,-2.5462757840921895,-3.4310552069293774,-6.0763138844212135,30947U
2025-06-29T19:56:34.692594,-2007.6572865381645,-5915.039617293818,3557.0680700242233,-2.4217191318506823,-3.056201371979522,-6.318117574451139,30947U
2025-06-29T19:57:34.692594,-2148.9906292528162,-6086.87699128754,3171.3446568314985,-2.2879777112460933,-2.6700350864955844,-6.535169549598042,30947U
2025-06-29T19:58:34.692594,-2282.036973037128,-6235.242410966415,2773.3606010558387,-2.1455834611951294,-2.274054082852634,-6.726703933429821,30947U
2025-06-29T19:59:34.692594,-2406.293905418897,-6359.592802927033,2364.6675181553323,-1.995098104346267,-1.8697861209920987,-6.892052739326972,30947U
2025-06-29T20:00:34.692594,-2521.2935634044707,-6459.477522222906,1946.8540965667964,-1.8371109347127592,-1.4587833261193976,-7.030647580170478,30947U
2025-06-29T20:01:34.692594,-2626.6042169843327,-6534.539637624742,1521.5400782202191,-1.6722365300157502,-1.0426164944608878,-7.142021014632889,30947U
2025-06-29T20:02:34.692594,-2721.831713046801,-6584.516874774483,1090.3701707863538,-1.5011123980146595,-0.6228693893818559,-7.225807526716674,30947U
2025-06-29T20:03:34.692594,-2806.620776188112,-6609.242217683278,655.0079137054057,-1.3243965668011126,-0.2011330508634739,-7.28174413750485,30947U
2025-06-29T20:04:34.692594,-2880.656163531096,-6608.644170398408,217.12951994439197,-1.142765129604006,0.2209998583445214,-7.309670650637722,30947U
2025-06-29T20:05:34.692594,-2943.663671309837,-6582.746682027466,-221.58228482385627,-0.9569097550675977,0.641940646671421,-7.309529535724603,30947U
2025-06-29T20:06:34.692594,-2995.4109916324974,-6531.668739637022,-659.4444043310082,-0.7675351742026518,1.0601101050644934,-7.28136545665377,30947U
2025-06-29T20:07:34.692594,-3035.708418490839,-6455.623634815073,-1094.7794743830107,-0.575356655252915,1.4739439139584496,-7.225324454490683,30947U
2025-06-29T20:08:34.692594,-3064.4094027298224,-6354.91791087986,-1525.9219060589821,-0.38109747755976764,1.88189792547545,-7.141652797265124,30947U
2025-06-29T20:09:34.692594,-3081.4109563147304,-6229.949998812182,-1951.2238502415469,-0.18548641514232683,2.2824533022070397,-7.030695511359214,30947U
2025-06-29T20:10:34.692594,-3086.6539068252714,-6081.208550966184,-2369.061065230484,0.010744759856888681,2.674121496030958,-6.892894611340914,30947U
2025-06-29T20:11:34.692594,-3080.1230036565653,-5909.270482459827,-2777.8386702376056,0.20686374446830436,3.055449052814896,-6.72878704687095,30947U
2025-06-29T20:12:34.692594,-3061.8468779065715,-5714.7987308483225,-3175.9967686846653,0.4021401344741896,3.425022231498188,-6.539002386683008,30947U
2025-06-29T20:13:34.692594,-3031.897858370863,-5498.53974523399,-3562.0159264003755,0.595847808895532,3.781471428847993,-6.324260260546474,30947U
2025-06-29T20:14:34.692594,-2990.391646441722,-5261.320716358484,-3934.422491014202,0.7872672632231664,4.123475404085629,-6.085367580529059,30947U
2025-06-29T20:15:34.692594,-2937.4868530148788,-5004.046559458339,-4291.7937400444,0.9756878865339589,4.449765300487578,-5.823215562757063,30947U
2025-06-29T20:16:34.692594,-2873.3844007403195,-4727.696661745525,-4632.762846347995,1.1604101789954562,4.759128463900105,-5.538776570213203,30947U
2025-06-29T20:17:34.692594,-2798.3267951117227,-4433.321406306263,-4956.02365071702,1.3407479076468436,5.050412060783435,-5.2331007959150995,30947U
2025-06-29T20:18:34.692594,-2712.5972679738156,-4122.0384840108345,-5260.335232432923,1.5160301997050314,5.322526500827976,-4.907312804105626,30947U
2025-06-29T20:19:34.692594,-2616.5187970392785,-3795.0290047025464,-5544.526269515179,1.6856035739459294,5.5744486712883585,-4.56260794488434,30947U
2025-06-29T20:20:34.692594,-2510.453004953648,-3453.5334185145025,-5807.499181184873,1.8488339119032873,5.805224991871677,-4.200248655075134,30947U
2025-06-29T20:21:34.692594,-2394.798941331761,-3098.8472576601016,-6048.2340457012215,2.0051083716753584,6.013974300233925,-3.8215606551108112,30947U
2025-06-29T20:22:34.692594,-2269.9917510252417,-2732.3167084979173,-6265.7922871876835,2.1538372479847356,6.199890578808329,-3.4279290484122593,30947U
2025-06-29T20:23:34.692594,-2136.5012316747902,-2355.3340231006287,-6459.3201253434145,2.2944557827674017,6.362245533770021,-3.020794326226605,30947U
2025-06-29T20:24:34.692594,-1994.830283368647,-1969.3327790019002,-6628.051782018337,2.4264259309341942,6.500391036387128,-2.6016482772783656,30947U
2025-06-29T20:25:34.692594,-1845.5132529837956,-1575.7829952864945,-6771.312438516361,2.549238086023035,6.61376143579811,-2.1720297979921046,30947U
2025-06-29T20:26:34.692594,-1689.1141755443746,-1176.1861127606167,-6888.520937184597,2.6624127702206053,6.701875750383244,-1.7335205955865685,30947U
2025-06-29T20:27:34.692594,-1526.224914711119,-772.0698456308235,-6979.1922203542845,2.7655022926596535,6.7643397423753395,-1.2877407731518045,30947U
2025-06-29T20:28:34.692594,-1357.4632043341069,-364.982911964156,-7042.939499040013,2.858092378985803,6.800847877215448,-0.8363442830345132,30947U
2025-06-29T20:29:34.692594,-1183.470592876904,43.51034976836054,-7079.476143000272,2.9398037739374328,6.811185165458243,-0.38101423260465295,30947U
2025-06-29T20:30:34.692594,-1004.9102924728593,451.8354705150849,-7088.617282845697,3.010293817105211,6.795228880845302,0.07654197510995593,30947U
2025-06-29T20:31:34.692594,-822.4649344222235,858.4134387926191,-7070.281113890186,3.0692579901581722,6.752950143592837,0.5345976842337824,30947U
2025-06-29T20:32:34.692594,-636.8342330960613,1261.6663783671095,-7024.489890419292,3.1164314316766686,6.684415353104625,0.9914122305215994,30947U
2025-06-29T20:33:34.692594,-448.7325604993556,1660.023305639122,-6951.370598051136,3.1515904133646275,6.589787449362649,1.44523640464716,30947U
2025-06-29T20:34:34.692594,-258.8864341681171,2051.925955589119,-6851.155290945095,3.174553768885292,6.469326977326745,1.894318149320255,30947U
2025-06-29T20:35:34.692594,-68.03192164715293,2435.8346635409234,-6724.1810798328925,3.185184263944832,6.323392923965742,2.336908502028592,30947U
2025-06-29T20:36:34.692594,123.08803448207176,2810.2342881365107,-6570.889756269224,3.183389893617708,6.152443293229682,2.771267790883962,30947U
2025-06-29T20:37:34.692594,313.72636617692746,3173.640158803904,-6391.827038189642,3.1691250903548522,5.957035380548662,3.1956720856592,30947U
2025-06-29T20:38:34.692594,503.1346982427021,3524.6040286836856,-6187.641421883874,3.1423918237356756,5.73782570549579,3.608419899707642,30947U
2025-06-29T20:39:34.692594,690.5662283442483,3861.7200114994866,-5959.082625903331,3.103240570915819,5.495569559264206,4.007839131160205,30947U
2025-06-29T20:40:34.692594,875.2786604073068,4183.630478274414,-5706.999613275733,3.051771134983378,5.231120122748273,4.392294223746963,30947U
2025-06-29T20:41:34.692594,1056.5371817184034,4489.031887179358,-5432.338179739337,2.9881332871623547,4.945427111429717,4.760193518980631,30947U
2025-06-29T20:42:34.692594,1233.6174725823075,4776.680517221284,-5136.138097572297,2.9125272080824485,4.639534905070557,5.109996762484833,30947U
2025-06-29T20:43:34.692594,1405.8087359140236,5045.398074034305,-4819.529806991092,2.8252037032452417,4.314580123475801,5.440222718218896,30947U
2025-06-29T20:44:34.692594,1572.4167326610107,5294.077133802684,-4483.730650037575,2.726464168422116,3.9717886143519596,5.749456835512286,30947U
2025-06-29T20:45:34.692594,1732.7668075187373,5521.6863894234,-4130.040645345531,2.616660282060912,3.6124718255286457,6.036358905485986,30947U
2025-06-29T20:46:34.692594,1886.2068880612826,5727.275661492065,-3759.8378061457797,2.496193403878178,3.2380225414646846,6.29967063590481,30947U
2025-06-29T20:47:34.692594,2032.1104392064158,5909.980635658036,-3374.573008280327,2.365513661667727,2.849909972900888,6.538223067078084,30947U
2025-06-29T20:48:34.692594,2169.87935391752,6069.027287419862,-2975.764419779931,2.225118711933448,2.449674198570757,6.750943746390854,30947U
2025-06-29T20:49:34.692594,2298.946760258025,6203.735955588351,-2564.991508624868,2.075552164195899,2.038919968804723,6.936863575661226,30947U
2025-06-29T20:50:34.692594,2418.7797243972004,6313.525026481863,-2143.888650551946,1.9174016636423243,1.619309892387642,7.095123243993867,30947U
2025-06-29T20:51:34.692594,2528.881828954674,6397.914192470694,-1714.1383640725912,1.7512966320769279,1.1925570398369976,7.224979159297788,30947U
2025-06-29T20:52:34.692594,2628.7956061922505,6456.527250767993,-1277.46420509706,1.577905672746459,0.7604170080154862,7.325808794256207,30947U
2025-06-29T20:53:34.692594,2718.1048060335665,6489.094411362924,-835.6233585870378,1.3979336504133173,0.32467950231984843,7.3971153673042265,30947U
2025-06-29T20:54:34.692594,2796.4364797234784,6495.454086675831,-390.3989693461154,1.2121184638562215,-0.11284049676464676,7.438531786038749,30947U
2025-06-29T20:55:34.692594,2863.462861127474,6475.5541398288005,56.40774172500002,1.0212275336230876,-0.5503119065347324,7.449823789328487,30947U
2025-06-29T20:56:34.692594,2918.903029202059,6429.452573289917,502.98552595363924,0.8260540331680641,-0.9858969701805425,7.430892235009153,30947U
2025-06-29T20:57:34.692594,2962.524337016244,6357.317644968068,947.5212669182785,0.6274128963050042,-1.4177608497054452,7.381774492169288,30947U
2025-06-29T20:58:34.692594,2994.143594834354,6259.427404492253,1388.2081971401556,0.42613663805273977,-1.8440812889138485,7.302644910323519,30947U
2025-06-29T20:59:34.692594,3013.6279971378285,6136.168648277212,1823.2541151212044,0.22307102929679332,-2.263058249522761,7.19381435185296,30947U
2025-06-29T21:00:34.692594,3020.8957860137557,5988.03529791972,2250.889545999585,0.019070668145064414,-2.67292342342765,7.055728788552363,30947U
2025-06-29T21:01:34.692594,3015.9166460119477,5815.62621234817,2669.3757895886256,-0.18500550766376792,-3.0719495263122925,6.8889669775312825,30947U
2025-06-29T21:02:34.692594,2998.711828306883,5619.642449824421,3077.0128009441987,-0.38829872246963454,-3.4584592820595508,6.694237245642224,30947U
2025-06-29T21:03:34.692594,2969.3540047313327,5400.884001241864,3472.1468508245785,-0.5899548342300225,-3.8308340136413563,6.472373424643393,30947U
2025-06-29T21:04:34.692594,2927.966854911271,5160.246021060975,3853.1779163938154,-0.7891287331170113,-4.187521764117497,6.224329991076396,30947U
2025-06-29T21:05:34.692594,2874.724392267319,4898.714586570926,4218.566756187894,-0.984988626825629,-4.5270448807763,5.951176475027563,30947U
2025-06-29T21:06:34.692594,2809.8500370017514,4617.362019884769,4566.841627594803,-1.176720175474134,-4.848007005971386,5.654091210293936,30947U
2025-06-29T21:07:34.692594,2733.615446316234,4317.341810107961,4896.604609775783,-1.3635304428804051,-5.1490994294905885,5.334354504809994,30947U
2025-06-29T21:08:34.692594,2646.339113967109,3999.883175434005,5206.5374999386495,-1.5446516354274566,-5.429106768956221,4.993341314411926,30947U
2025-06-29T21:09:34.692594,2548.3847528344622,3666.285306505196,5495.407256034117,-1.7193446045247898,-5.686911956429147,4.6325135051033985,30947U
2025-06-29T21:10:34.692594,2440.159475445366,3317.9113332539496,5762.070964141056,-1.8869020936575147,-5.921500520706298,4.253411789011601,30947U
2025-06-29T21:11:34.692594,2322.1117883423394,2956.1820576373893,6005.48031392341,-2.0466517160316404,-6.131964165447733,3.857647417311958,30947U
2025-06-29T21:12:34.692594,2194.7294168347703,2582.569494263204,6224.685570454111,-2.1979586537055686,-6.317503652950787,3.4468937097692636,30947U
2025-06-29T21:13:34.692594,2058.5369770277603,2198.5902599451383,6418.8390353209215,-2.34022807370576,-6.4774310118853675,3.022877495441931,30947U
2025-06-29T21:14:34.692594,1914.0935121121408,1805.7988518022405,6587.197994177314,-2.4729072608357936,-6.611171094449695,2.587370532814953,30947U
2025-06-29T21:15:34.692594,1761.9899097547357,1405.7808517277776,6729.127151715524,-2.5954874706007742,-6.718262514092275,2.1421809704932984,30947U
2025-06-29T21:16:34.692594,1602.8462170825303,1000.14609298857,6844.100558387092,-2.7075055088145756,-6.798357999142031,1.689144901919142,30947U
2025-06-29T21:17:34.692594,1437.3088692465483,590.5218224667914,6931.703036061933,-2.8085450469925917,-6.851224200416573,1.2301180596924464,30947U
2025-06-29T21:18:34.692594,1266.047846922669,178.54588971842804,6991.631112201551,-2.8982376845401125,-6.87674099221822,0.7669676872812778,30947U
2025-06-29T21:19:34.692594,1089.753777391384,-234.140008337479,7023.693474051049,-2.9762637700417316,-6.874900306209846,0.30156461845863597,30947U
2025-06-29T21:20:34.692594,909.1349930798785,-645.8970005798152,7027.810955858546,-3.04235299467054,-6.845804536651604,-0.16422441205648833,30947U
2025-06-29T21:21:34.692594,724.9145606727241,-1055.0956083720685,7004.016073261893,-3.0962847709282606,-6.78966455357334,-0.6285442093882156,30947U
2025-06-29T21:22:34.692594,537.8272931364878,-1460.1221834845824,6952.4521197927115,-3.1378884096660435,-6.706797357865013,-1.0895582985752736,30947U
2025-06-29T21:23:34.692594,348.61675627797865,-1859.3851968170536,6873.371840998341,-3.1670431077057706,-6.597623409207568,-1.5454558360339514,30947U
2025-06-29T21:24:34.692594,158.0322807833117,-2251.321359143987,6767.135702034472,-3.183677757471871,-6.462663654451956,-1.9944582477885926,30947U
2025-06-29T21:25:34.692594,-33.17400992238885,-2634.4015565627146,6634.209764793926,-3.1877705889453454,-6.302536280684603,-2.4348255921406214,30947U
2025-06-29T21:26:34.692594,-224.25014619301004,-3007.136584591089,6475.163190765883,-3.1793486530542556,-6.117953213971853,-2.8648626458344615,30947U
2025-06-29T21:27:34.692594,-414.44722372155644,-3368.0826659527797,6290.665385914634,-3.1584871544013318,-5.90971638180796,-3.2829247133476667,30947U
2025-06-29T21:28:34.692594,-603.0222712089584,-3715.8467380358675,6081.482803965765,-3.1253086400740804,-5.6787137547192215,-3.6874231588147004,30947U
2025-06-29T21:29:34.692594,-789.241065547562,-4049.0914968312927,5848.475424628005,-3.079982050248497,-5.425915180395999,-4.0768306594129395,30947U
2025-06-29T21:30:34.692594,-972.3808862215078,-4366.5401849027185,5592.592923475575,-3.022721635433774,-5.152368022181136,-4.449686177966985,30947U
2025-06-29T21:31:34.692594,-1151.7332008813269,-4666.981111621508,5314.870550492111,-2.953785744549286,-4.859192612772294,-4.8045996511921585,30947U
2025-06-29T21:32:34.692594,-1326.6062742890329,-4949.271894573821,5016.424734625233,-2.873475487596999,-4.547577533576319,-5.140256388573943,30947U
2025-06-29T21:33:34.692594,-1496.3276930552167,-5212.343411720813,4698.448432130428,-2.7821332765029587,-4.21877473026696,-5.455421175481018,30947U
2025-06-29T21:34:34.692594,-1660.2467988247438,-5455.203454611293,4362.206236970421,-2.6801412477446753,-3.874094475672955,-5.748942072879958,30947U
2025-06-29T21:35:34.692594,-1817.7370228177356,-5676.940073719059,4009.0292720744415,-2.5679195706429785,-3.514900192096426,-6.019753905049598,30947U
2025-06-29T21:36:34.692594,-1968.198114911474,-5876.724607824975,3640.309880825279,-2.4459246456526302,-3.14260314643994,-6.266881426071952,30947U
2025-06-29T21:37:34.692594,-2111.058260765246,-6053.814390298042,3257.4961387064627,-2.3146471976019343,-2.7586570330066498,-6.489442155664002,30947U
2025-06-29T21:38:34.692594,-2245.776080847682,-6207.555126149816,2862.0862055875778,-2.1746102695727565,-2.364552460437845,-6.686648875142617,30947U
2025-06-29T21:39:34.692594,-2371.8425056332358,-6337.382934848923,2455.622539615874,-2.0263671239325793,-1.9618113608548182,-6.857811775005036,30947U
2025-06-29T21:40:34.692594,-2488.7825216861092,-6442.82605507126,2039.685994108572,-1.8704990578922442,-1.5519813407981164,-7.0023402467407,30947U
2025-06-29T21:41:34.692594,-2596.1567838521905,-6523.506208825508,1615.8898191613914,-1.7076131418167495,-1.1366299949005296,-7.119744313050737,30947U
2025-06-29T21:42:34.692594,-2693.5630893226253,-6579.139623709232,1185.8735899027154,-1.538339889326487,-0.7173392043306638,-7.209635692583591,30947U
2025-06-29T21:43:34.692594,-2780.6377099157144,-6609.537713405785,751.297083401492,-1.3633308689496197,-0.2956994428248087,-7.271728497546864,30947U
2025-06-29T21:44:34.692594,-2857.056579538149,-6614.607417902941,313.83412617158507,-1.1832562676895981,0.12669588646203234,-7.30583956505199,30947U
2025-06-29T21:45:34.692594,-2922.5363344224816,-6594.351206278735,-124.83356599425939,-0.9988024173283259,0.5482560600385976,-7.311888425709664,30947U
2025-06-29T21:46:34.692594,-2976.8352043888735,-6548.866746237055,-563.0225344994232,-0.8106692945659726,0.9673985662618092,-7.289896915737786,30947U
2025-06-29T21:47:34.692594,-3019.753754031382,-6478.346245860365,-999.0536898801976,-0.6195680061924446,1.3825545386279976,-7.239988441578756,30947U
2025-06-29T21:48:34.692594,-3051.135473374918,-6383.075474259031,-1431.2583690237027,-0.426218270376008,1.7921740694388646,-7.16238690866423,30947U
2025-06-29T21:49:34.692594,-3070.86721817555,-6263.432468914505,-1857.9843182835186,-0.23134590484178333,2.194731384765907,-7.057415328426136,30947U
2025-06-29T21:50:34.692594,-3078.8795006344694,-6119.885938520557,-2277.6015840258347,-0.03568033219846125,2.588729863651759,-6.925494119854598,30947U
2025-06-29T21:51:34.692594,-3075.1466318549196,-5952.993371003118,-2688.5082931651777,0.16004788803974332,2.972706886820753,-6.767139123770544,30947U
2025-06-29T21:52:34.692594,-3059.686717881382,-5763.398857137948,-3089.136307344667,0.35510949207341563,3.3452385027468368,-6.582959349453106,30947U
2025-06-29T21:53:34.692594,-3032.5615116146196,-5551.830640771467,-3477.956735579659,0.5487789014649109,3.70494390169799,-6.373654474281676,30947U
2025-06-29T21:54:34.692594,-2993.8761232869647,-5319.098407081225,-3853.485291374672,0.7403365633728586,4.050489691252897,-6.140012117580138,30947U
2025-06-29T21:55:34.692594,-2943.7785925044227,-5066.090320585253,-4214.287481521887,0.9290712362140823,4.380593969694468,-5.882904909856154,30947U
2025-06-29T21:56:34.692594,-2882.4593251125875,-4793.769824729199,-4558.983614962356,1.114282216937108,4.694030196536345,-5.603287378098432,30947U
2025-06-29T21:57:34.692594,-2810.150398319161,-4503.172214846595,-4886.253621220538,1.2952815074686495,4.989630862156644,-5.302192666723407,30947U
2025-06-29T21:58:34.692594,-2727.1247376082515,-4195.400996120696,-5194.841668966929,1.4713959192567334,5.266290960997932,-4.980729112171908,30947U
2025-06-29T21:59:34.692594,-2633.695169011572,-3871.6240378815864,-5483.560576211124,1.641969116147352,5.522971274973748,-4.640076687067421,30947U
2025-06-29T22:00:34.692594,-2530.2133502644974,-3533.0695351762974,-5751.296004442566,1.8063635970467768,5.758701475509338,-4.28148332731263,30947U
2025-06-29T22:01:34.692594,-2417.0685842755242,-3181.0217880682544,-5997.010429705855,1.9639626209012286,5.972583053972052,-3.9062611525733675,30947U
2025-06-29T22:02:34.692594,-2294.6865181862677,-2816.81680858862,-6219.746884095771,2.1141720774241,6.163792091043093,-3.5157825873608632,30947U
2025-06-29T22:03:34.692594,-2163.5277311039486,-2441.837764697659,-6418.632461476986,2.2564223076831453,6.3315818757986335,-3.111476386454951,30947U
2025-06-29T22:04:34.692594,-2024.0862133633054,-2057.5102700566154,-6592.8815813595,2.390169879087533,6.475285384857542,-2.694823564819982,30947U
2025-06-29T22:05:34.692594,-1876.8877399350097,-1665.2975278952197,-6741.7990047894245,2.5148993194562292,6.59431763088912,-2.267353228566295,30947U
2025-06-29T22:06:34.692594,-1722.4881403543243,-1266.69533680957,-6864.7825958536805,2.630124814684163,6.688177888051088,-1.8306383000113415,30947U
2025-06-29T22:07:34.692594,-1561.471467321654,-863.2269659977856,-6961.32582194282,2.735391874024626,6.756451799545114,-1.3862911266494993,30947U
2025-06-29T22:08:34.692594,-1394.4480659349135,-456.4379072459958,-7031.01998529613,2.8302789661747165,6.798813369472788,-0.9359589609530103,30947U
2025-06-29T22:09:34.692594,-1222.0525453786665,-47.890510970819804,-7073.556177579636,2.9143991281770587,6.815026837590874,-0.4813192955561213,30947U
2025-06-29T22:10:34.692594,-1044.9416548305971,360.8414861757834,-7088.7269483555,2.9874015476496067,6.804948431478108,-0.024075036636510273,30947U
2025-06-29T22:11:34.692594,-863.792065372536,768.1785341943495,-7076.42767732559,3.0489731170454255,6.7685279861295315,0.4340505026679459,30947U
2025-06-29T22:12:34.692594,-679.2980598264655,1172.5409344765847,-7036.65763921644,3.09883995655861,6.705810416205326,0.8913188070757817,30947U
2025-06-29T22:13:34.692594,-492.16913269344457,1572.3545867772557,-6969.520749167552,3.136768899975112,6.616937021217009,1.3459815796174806,30947U
2025-06-29T22:14:34.692594,-303.1275027660991,1966.0568075437816,-6875.225975546417,3.162568935275126,6.502146598991643,1.796286393234879,30947U
2025-06-29T22:15:34.692594,-112.9055415223493,2352.10220719009,-6754.08740630103,3.1760925891945457,6.361776337984682,2.240482586046044,30947U
2025-06-29T22:16:34.692594,77.75687890141744,2728.968612087021,-6606.523954337888,3.177237242323966,6.19626245459965,2.676827408707694,30947U
2025-06-29T22:17:34.692594,268.11511351754586,3095.163014980163,-6433.058687044863,3.1659463587529135,6.006140537807258,3.103592427139546,30947U
2025-06-29T22:18:34.692594,457.42254244394366,3449.227535268483,-6234.317765026606,3.1422106118469775,5.792045560227999,3.519070177684434,30947U
2025-06-29T22:19:34.692594,644.9334322488118,3789.7453681248744,-6011.028975446487,3.1060688855747,5.554711512637163,3.921581064659523,30947U
2025-06-29T22:20:34.692594,829.9058526660685,4115.3466988713635,-5764.019846128811,3.057609128978079,5.294970617740996,4.309480482348998,30947U
2025-06-29T22:21:34.692594,1011.6046393078215,4424.7145564061075,-5494.215327811141,2.996969040001683,5.013752079205293,4.6811661349802725,30947U
2025-06-29T22:22:34.692594,1189.3043915653636,4716.59057688461,-5202.63503369011,2.9243365540514143,4.712080323420417,5.035085519321693,30947U
2025-06-29T22:23:34.692594,1362.2924934143432,4989.780646375288,-4890.390027692777,2.839950112424369,4.39107269444049,5.369743525500003,30947U
2025-06-29T22:24:34.692594,1529.87214335849,5243.160388924099,-4558.679155737973,2.7440986862021606,4.051936566984825,5.683710102733481,30947U
2025-06-29T22:25:34.692594,1691.3653783018995,5475.6804644670165,-4208.784917618315,2.637121532379012,3.695965848330627,5.975627928208376,30947U
2025-06-29T22:26:34.692594,1846.1160747771467,5686.371639413221,-3842.068881004915,2.519407660929437,3.3245368473006223,6.244220009598538,30947U
2025-06-29T22:27:34.692594,1993.4929097240324,5874.34959157721,-3459.9666434004444,2.391394994208552,2.9391034972392145,6.4882971450482305,30947U
2025-06-29T22:28:34.692594,2132.892261953581,6038.819410537282,-3063.9823525852717,2.2535692034991754,2.541191929718539,6.706765159087385,30947U
2025-06-29T22:29:34.692594,2263.741034595755,6179.079754520803,-2655.682801114013,2.1064622116166074,2.132394406484721,6.898631829203526,30947U
2025-06-29T22:30:34.692594,2385.4993782513625,6294.526625607565,-2236.691115641163,1.950650355179377,1.7143626285929408,7.0630134158652895,30947U
2025-06-29T22:31:34.692594,2497.663294290681,6384.656726447043,-1808.68006715376,1.7867522053416238,1.288800453465065,7.19914070886345,30947U
2025-06-29T22:32:34.692594,2599.767097789205,6449.070363816076,-1373.3650334475099,1.615426051332404,0.857456062403998,7.306364505012181,30947U
2025-06-29T22:33:34.692594,2691.385719986147,6487.47386719737,-932.4966502647549,1.4373670569088128,0.4221136325550503,7.38416043658066,30947U
2025-06-29T22:34:34.692594,2772.1368309043546,6499.681494108031,-487.8531922825979,1.2533041056387253,-0.015415421945692447,7.43213307627076,30947U
2025-06-29T22:35:34.692594,2841.6827638811005,6485.616798099869,-41.23272946508204,1.0639963566117945,-0.45330156520528486,7.450019253010528,30947U
2025-06-29T22:36:34.692594,2899.732225215825,6445.313440115549,405.55489194708315,0.8702295375601614,-0.8897065284524484,7.437690523108991,30947U
2025-06-29T22:37:34.692594,2946.0417739208865,6378.915429122825,850.6961914532994,0.672812007282966,-1.3227928831879003,7.395154753159224,30947U
2025-06-29T22:38:34.692594,2980.417058631246,6286.676783551298,1292.3822646483716,0.4725706235539055,-1.7507337045059563,7.32255678416267,30947U
2025-06-29T22:39:34.692594,3002.713801045104,6168.960610896629,1728.8170057731056,0.2703464562126756,-2.1717222278329773,7.220178160307249,30947U
2025-06-29T22:40:34.692594,3012.8385177783825,6026.237608800715,2158.225285728558,0.06699038778529814,-2.5839814018505423,7.088435920255784,30947U
2025-06-29T22:41:34.692594,3010.7489751630146,5859.083996825409,2578.861029128374,-0.13664135433145413,-2.985773242079844,6.927880463263145,30947U
2025-06-29T22:42:34.692594,2996.454374240604,5668.178893870233,2989.015135170462,-0.3396916894041254,-3.375407893454467,6.739192516505335,30947U
2025-06-29T22:43:34.692594,2970.0152659334217,5454.301161614673,3387.0231891546914,-0.5413071542222971,-3.7512523160415276,6.523179243262421,30947U
2025-06-29T22:44:34.692594,2931.5431990515904,5218.325739367347,3771.2729143165525,-0.7406423102060448,-4.111738515699377,6.280769543662086,30947U
2025-06-29T22:45:34.692594,2881.20010635681,4961.21950017761,4140.211317181455,-0.9368640459168012,-4.455371250595443,6.013008610234827,30947U
2025-06-29T22:46:34.692594,2819.197436294327,4684.036661921904,4492.351483774573,-1.1291557371896657,-4.780735154839984,5.721051809282661,30947U
2025-06-29T22:47:34.692594,2745.7950401779494,4387.913790258515,4826.278988617054,-1.316721230868955,-5.086501231657647,5.406157965828487,30947U
2025-06-29T22:48:34.692594,2661.2998265285464,4074.0644328084763,5140.657883375777,-1.4987886224523503,-5.371432680149639,5.069682134573433,30947U
2025-06-29T22:49:34.692594,2566.064195896329,3743.773425657946,5434.236237168565,-1.6746138026686823,-5.634390031412002,4.713067941815663,30947U
2025-06-29T22:50:34.692594,2460.484270823104,3398.390914296688,5705.851205730266,-1.8434837529649313,-5.874335581210588,4.33783958372134,30947U
2025-06-29T22:51:34.692594,2344.997936615569,3039.326131441597,5954.433611788701,-2.0047195748909297,-6.090337117235211,3.9455935648105602,30947U
2025-06-29T22:52:34.692594,2220.0827093091107,2668.0409738997564,6179.012023964814,-2.1576792432835648,-6.281570948869801,3.5379902572218094,30947U
2025-06-29T22:53:34.692594,2086.2534476158094,2286.043419766623,6378.716326202492,-2.3017600778217755,-6.447324256186304,3.1167453564882,30947U
2025-06-29T22:54:34.692594,1944.0599257945767,1894.8808259212028,6552.780774062218,-2.436400931818092,-6.586996782312524,2.6836213034929806,30947U
2025-06-29T22:55:34.692594,1794.0842842817747,1496.1331440516312,6700.546538123817,-2.5610841009326673,-6.700101899328792,2.2404187352740252,30947U
2025-06-29T22:56:34.692594,1636.938374615835,1091.4060914284821,6821.4637381883995,-2.675336957758858,-6.786267082357283,1.7889680197561646,30947U
2025-06-29T22:57:34.692594,1473.2610147123708,682.3243104187214,6915.092974936406,-2.7787333208923735,-6.8452338295402795,1.3311209216127207,30947U
2025-06-29T22:58:34.692594,1303.7151699406288,270.52454840277574,6981.106368180154,-2.870894569132563,-6.876857067223041,0.868742438611577,30947U
2025-06-29T22:59:34.692594,1128.985074753268,-142.3511126077205,7019.288112868333,-2.9514905128847224,-6.881104079986513,0.40370284025003783,30947U
2025-06-29T23:00:34.692594,949.7733088698753,-554.6619496723091,7029.534565586215,-3.0202400356633707,-6.85805300437248,-0.06213006652679927,30947U
2025-06-29T23:01:34.692594,766.7978412388802,-964.7751911903706,7011.853875496548,-3.0769115188933376,-6.807890923400663,-0.5268984260218638,30947U
2025-06-29T23:02:34.692594,580.7890542383487,-1371.0724850529814,6966.365174533844,-3.1213230630324253,-6.7309115965011825,-0.988761563811674,30947U
2025-06-29T23:03:34.692594,392.4867598413273,-1771.9562218938913,6893.297342260215,-3.1533425174806107,-6.62751285649567,-1.4459029494889117,30947U
2025-06-29T23:04:34.692594,202.63721878699045,-2165.855694358306,6792.987361173938,-3.172887330882204,-6.498193701969275,-1.8965368869904375,30947U
2025-06-29T23:05:34.692594,11.990173178805122,-2551.2330748058675,6665.878278493641,-3.1799242323605825,-6.343551109989406,-2.338914929875981,30947U
2025-06-29T23:06:34.692594,-178.704097622065,-2926.589195172751,6512.5167905771905,-3.17446875304058,-6.164276590827485,-2.7713320204985386,30947U
2025-06-29T23:07:34.692594,-368.69768841992,-3290.4691138430544,6333.55046622617,-3.156584595995062,-5.961152503287951,-3.1921323527393337,30947U
2025-06-29T23:08:34.692594,-557.2479379498117,-3641.4674553530713,6129.724625216457,-3.126382861576419,-5.735048146570903,-3.5997149579932173,30947U
2025-06-29T23:09:34.692594,-743.6202483616604,-3978.233509595941,5901.8788885180575,-3.0840211340259316,-5.486915642390175,-3.992539013513691,30947U
2025-06-29T23:10:34.692594,-927.0908461028351,-4299.476077949367,5650.943416845129,-3.029702434346388,-5.217785619395535,-4.3691288712182725,30947U
2025-06-29T23:11:34.692594,-1106.949476139321,-4603.968054437089,5377.934854430499,-2.963674043716263,-4.928762710843441,-4.728078803754097,30947U
2025-06-29T23:12:34.692594,-1282.5020216947644,-4890.550730703112,5083.951995247498,-2.8862262012407425,-4.621020875916034,-5.068057463196785,30947U
2025-06-29T23:13:34.692594,-1453.0730419114295,-5158.137814244449,4770.171189309982,-2.797690679588986,-4.295798555082863,-5.387812046329669,30947U
2025-06-29T23:14:34.692594,-1618.0082200661745,-5405.719150049568,4437.841507154574,-2.6984392420556316,-3.954393670375648,-5.686172159162417,30947U
2025-06-29T23:15:34.692594,-1776.6767152165075,-5632.364136542243,4088.2796811363955,-2.5888819847962234,-3.598158482338154,-5.962053372300109,30947U
2025-06-29T23:16:34.692594,-1928.4734104214142,-5837.22482755707,3722.86484272601,-2.4694655683968736,-3.228494316629309,-6.214460458059537,30947U
2025-06-29T23:17:34.692594,-2072.8210509843925,-6019.5387129800565,3343.0330755625414,-2.3406713435188635,-2.8468461747091527,-6.442490299908545,30947U
2025-06-29T23:18:34.692594,-2209.1722665103102,-6178.631171683162,2950.2718045699557,-2.2030133760724424,-2.4546972446230346,-6.645334464920692,30947U
2025-06-29T23:19:34.692594,-2337.011470960319,-6313.917591469771,2546.1140419472804,-2.0570363781771235,-2.0535633295119027,-6.822281430514319,30947U
2025-06-29T23:20:34.692594,-2455.85663532624,-6424.905151914656,2132.1325112872264,-1.9033135520199471,-1.6449872130325351,-6.9727184577692745,30947U
2025-06-29T23:21:34.692594,-2565.260928031559,-6511.194267224574,1709.933671430436,-1.7424443545826367,-1.2305329822730098,-7.096133105070644,30947U
2025-06-29T23:22:34.692594,-2664.8142186982373,-6572.479687549026,1281.1516618981718,-1.5750521920290523,-0.8117803299103461,-7.192114377675438,30947U
2025-06-29T23:23:34.692594,-2754.144441487364,-6608.551258512624,847.4421918639102,-1.4017820532920462,-0.3903188582266034,-7.260353510972296,30947U
2025-06-29T23:24:34.692594,-2832.9188148254925,-6619.294340106777,410.4763945972876,-1.2232980930338233,0.03225759189096976,-7.300644387644502,30947U
2025-06-29T23:25:34.692594,-2900.844914957348,-6604.6898874436265,-28.065330864113996,-1.0402811746458618,0.45435656372849675,-7.312883591571851,30947U
2025-06-29T23:26:34.692594,-2957.6716014090125,-6564.814197217634,-466.4994693836443,-0.8534263842820684,0.8743925363672853,-7.297070104032196,30947U
2025-06-29T23:27:34.692594,-3003.18979309579,-6499.838325017308,-903.1455097851641,-0.6634405270587032,1.2907923829496815,-7.253304650504078,30947U
2025-06-29T23:28:34.692594,-3037.233094453639,-6410.027179858744,-1336.3320149790984,-0.47103961649739073,1.7020007145467757,-7.181788709037779,30947U
2025-06-29T23:29:34.692594,-3059.678271602013,-6295.738303453007,-1764.4026225943576,-0.27694636802636996,2.106485090146443,-7.082823193668214,30947U
2025-06-29T23:30:34.692594,-3070.4455791484434,-6157.420342752884,-2185.7219574405417,-0.08188770689228285,2.5027410752083807,-6.956806828608961,30947U
2025-06-29T23:31:34.692594,-3069.498938811752,-5995.611225232512,-2598.681438122082,0.11340769982596921,2.889297133490297,-6.804234230915232,30947U
2025-06-29T23:32:34.692594,-3056.8459715609006,-5810.936047125592,-3001.704961201949,0.3082118782491156,3.2647193393674754,-6.625693720871819,30947U
2025-06-29T23:33:34.692594,-3032.537885433003,-5604.1046854709375,-3393.254447458503,0.5017999419277795,3.6276159005941095,-6.4218648804901814,30947U
2025-06-29T23:34:34.692594,-2996.66922159877,-5375.909145281887,-3771.8352359621513,0.6934524385663972,3.9766414843086375,-6.193515881143212,30947U
2025-06-29T23:35:34.692594,-2949.377461582058,-5127.220653470863,-4136.001312886589,0.8824576437839483,4.310501341982275,-5.941500601498848,30947U
2025-06-29T23:36:34.692594,-2890.842498806541,-4858.986511311719,-4484.360363156158,1.0681137977851078,4.627955231886195,-5.666755556504821,30947U
2025-06-29T23:37:34.692594,-2821.2859778369293,-4572.226717232834,-4815.578634156749,1.2497312821756668,4.927821140393294,-5.370296657238882,30947U
2025-06-29T23:38:34.692594,-2740.97050480118,-4268.030371593931,-5128.385601809176,1.4266347355235602,5.208978805980307,-5.053215819963594,30947U
2025-06-29T23:39:34.692594,-2650.198732528452,-3947.551874840723,-5421.57843026537,1.5981651075853172,5.470373052043565,-4.716677440755906,30947U
2025-06-29T23:40:34.692594,-2549.312323916106,-3612.0069300571495,-5694.026217336214,1.7636816533558644,5.711016936526062,-4.361914749645834,30947U
2025-06-29T23:41:34.692594,-2438.690796956106,-3262.6683604785785,-5944.67401845773,1.9225638692068665,5.9299947277853855,-3.990226055364378,30947U
2025-06-29T23:42:34.692594,-2318.75025471155,-2900.8617520046173,-6172.546642542936,2.0742133743202844,6.126464717055043,-3.6029708886274032,30947U
2025-06-29T23:43:34.692594,-2189.942003351707,-2527.960930199402,-6376.752213421866,2.218055741352686,6.299661878197442,-3.2015660484700876,30947U
2025-06-29T23:44:34.692594,-2052.751061135969,-2145.3832807057433,-6556.485490744788,2.3535422807536825,6.448900385181342,-2.7874815525769616,30947U
2025-06-29T23:45:34.692594,-1907.6945610021307,-1754.5849214772682,-6711.0309441948275,2.4801517833684708,6.573575996798499,-2.3622364889539704,30947U
2025-06-29T23:46:34.692594,-1755.32004917393,-1357.0557347709084,-6839.765574636927,2.597392225859772,6.6731683165573665,-1.9273947627664003,30947U
2025-06-29T23:47:34.692594,-1596.2036819751136,-954.3142664838477,-6942.161475420002,2.7048024430649464,6.747242933455051,-1.4845607288560396,30947U
2025-06-29T23:48:34.692594,-1430.9483228418424,-547.9025002014856,-7017.788126463578,2.801953770647628,6.795453446456774,-1.0353746974865297,30947U
2025-06-29T23:49:34.692594,-1260.181541376241,-139.3805132709459,-7066.314413021622,2.888451660310261,6.817543372052421,-0.5815082983716126,30947U
2025-06-29T23:50:34.692594,-1084.5535162061421,269.6789776251231,-7087.510360148567,2.963937268406773,6.813347930275812,-0.12465968616469329,30947U
2025-06-29T23:51:34.692594,-904.7348434201839,677.6961735378757,-7081.248572935138,3.028089017056929,6.782795700157936,0.3334514305654341,30947U
2025-06-29T23:52:34.692594,-721.4142524604314,1083.0898444578954,-7047.505371572758,3.0806241248398702,6.72591013084942,0.7910889551383963,30947U
2025-06-29T23:53:34.692594,-535.2962315808331,1484.2830652417947,-6986.361609297287,3.121300101881305,6.642810889725537,1.246505780970529,30947U
2025-06-29T23:54:34.692594,-347.0985653449958,1879.7090256392519,-6898.0031603077405,3.14991620169523,6.533715023830884,1.6979493981302496,30947U
2025-06-29T23:55:34.692594,-157.54978714058575,2267.816902321609,-6782.721063914554,3.166314819566302,6.398937906199592,2.14366774143426,30947U
2025-06-29T23:56:34.692594,32.61344965657589,2647.077779055815,-6640.911310506222,3.170382824636269,6.238893934082216,2.5819152894241326,30947U
2025-06-29T23:57:34.692594,222.64907742660924,3015.990599152804,-6473.074254498502,3.1620528102729337,6.054096942112701,3.0109594186175666,30947U
2025-06-29T23:58:34.692594,411.81239155905877,3373.08813208454,-6279.813639309122,3.141304244845545,5.84516029014771,3.429087011449139,30947U
2025-06-29T23:59:34.692594,599.3588927160914,3716.942933741055,-6061.835219646091,3.108164502802699,5.612796583096062,3.834611309379887,30947U
2025-06-30T00:00:34.692594,784.5471863793023,4046.1732772513924,-5819.94496706338,3.0627097540469275,5.357816978700022,4.225878994905196,30947U
2025-06-30T00:01:34.692594,966.641930618441,4359.449028676711,-5555.046845873699,3.0050656881210696,5.081130039091541,4.601277477788547,30947U
2025-06-30T00:02:34.692594,1144.916821602836,4655.497439277678,-5268.140148152964,2.9354080487575294,4.7837400831538295,4.9592423520081335,30947U
2025-06-30T00:03:34.692594,1318.6576049092248,4933.108823544006,-4960.316378748442,2.853962953974744,4.4667449993647725,5.298264980869313,30947U
2025-06-30T00:04:34.692594,1487.1650991989823,5191.142089838639,-4632.755683923675,2.761006977204734,4.131333482937379,5.616900158779363,30947U
2025-06-30T00:05:34.692594,1649.7582173845815,5428.530088443931,-4286.722820531702,2.656866965953496,3.778781666708878,5.913773789596105,30947U
2025-06-30T00:06:34.692594,1805.776969023403,5644.284740093171,-3923.5626663797298,2.5419195762634876,3.410449122318731,6.187590513552783,30947U
2025-06-30T00:07:34.692594,1954.5854264152358,5837.501906820688,-3544.6952766850577,2.416590503770501,3.02777421665036,6.437141207838135,30947U
2025-06-30T00:08:34.692594,2095.5746357815574,6007.365966243771,-3151.6104961653064,2.281353395408178,2.6322688181409464,6.661310280261117,30947U
2025-06-30T00:09:34.692594,2228.165454017425,6153.154050276408,-2745.862141270773,2.13672842976501,2.2255123581738414,6.859082671328484,30947U
2025-06-30T00:10:34.692594,2351.811290872937,6274.2399098254555,-2329.061772252351,1.983280558665957,1.8091452640983978,7.029550477743973,30947U
2025-06-30T00:11:34.692594,2466.0007360762875,6370.097368273947,-1902.8720800552262,1.8216174076346705,1.3848617921748814,7.17191910998217,30947U
2025-06-30T00:12:34.692594,2570.2600508867827,6440.303328537883,-1468.999918308498,1.6523868383661944,0.9544023005800356,7.285512898326618,30947U
2025-06-30T00:13:34.692594,2664.1555038859246,6484.540301190903,-1029.1890158092883,1.4762741820578584,0.5195450141750185,7.369780065647472,30947U
2025-06-30T00:14:34.692594,2747.2955314886503,6502.598424561546,-585.2124097510799,1.293999158249519,0.08209734367824503,7.4242969912099825,30947U
2025-06-30T00:15:34.692594,2819.332704690869,6494.3769517767005,-138.86464437026183,1.106312499535733,-0.3561131681707933,7.448771697862216,30947U
2025-06-30T00:16:34.692594,2879.96548495012,6459.885184379548,308.0462164235917,0.9139923079646405,-0.7932481922383279,7.443046504872887,30947U
2025-06-30T00:17:34.692594,2928.9397538068324,6399.242837303685,753.7067106407756,0.7178401739532384,-1.227468162188927,7.4070998002388535,30947U
2025-06-30T00:18:34.692594,2966.050102860662,6312.679825526244,1196.306179754881,0.5186770929715426,-1.656941933872426,7.34104689914608,30947U
2025-06-30T00:19:34.692594,2991.1408729792574,6200.535468530637,1634.04499427082,0.3173392189350849,-2.0798564584359376,7.245139969086696,30947U
2025-06-30T00:20:34.692594,3004.1069340861377,6063.257114648023,2065.142746620347,0.11467349607692363,-2.494426371760067,7.119767016504657,30947U
2025-06-30T00:21:34.692594,3004.894199491643,5901.398193279294,2487.8463548099776,-0.08846678703572564,-2.898903404077469,6.965449944338538,30947U
2025-06-30T00:22:34.692594,2993.4998714361845,5715.61570878529,2900.438021268954,-0.29122647677808294,-3.2915855170499655,6.782841704018921,30947U
2025-06-30T00:23:34.692594,2969.9724172440147,5506.667195347658,3301.2429932123014,-0.4927530225817198,-3.6708256810130444,6.572722578948262,30947U
2025-06-30T00:24:34.692594,2934.4112781703575,5275.4071571772565,3688.637073579124,-0.692200890565865,-4.035040212436517,6.335995648807677,30947U
2025-06-30T00:25:34.692594,2886.96631561553,5022.783023103036,4061.053834882811,-0.8887358813451613,-4.38271660038853,6.07368149498355,30947U
2025-06-30T00:26:34.692594,2827.837001799119,4749.8306484895775,4416.991492490165,-1.0815393136434241,-4.712420761066937,5.786912216472062,30947U
2025-06-30T00:27:34.692594,2757.271364210762,4457.66940082136,4755.019398230659,-1.2698120388983616,-5.022803670376069,5.476924832871095,30947U
2025-06-30T00:28:34.692594,2675.5646951200706,4147.496867877765,5073.784120180079,-1.4527782562831402,-5.312607336166148,5.145054156140052,30947U
2025-06-30T00:29:34.692594,2583.058039117107,3820.5832293189574,5372.015079554114,-1.6296891022031497,-5.580670083477015,4.792725215780085,30947U
2025-06-30T00:30:34.692594,2480.1364730432406,3478.265333669441,5648.529720850401,-1.7998259932323826,-5.825931137663033,4.421445322946672,30947U
2025-06-30T00:31:34.692594,2367.227193749732,3121.9405231556225,5902.238196547908,-1.96250370645883,-6.047434501265766,4.032795857865219,30947U
2025-06-30T00:32:34.692594,2244.7974298929935,2753.0602486859384,6132.147552683055,-2.117073186144291,-6.244332130634898,3.6284238619667306,30947U
2025-06-30T00:33:34.692594,2113.352194447669,2373.1235165071707,6337.365406382513,-2.2629240703297486,-6.415886427337172,3.2100335116134713,30947U
2025-06-30T00:34:34.692594,1973.4318948183527,1983.670206829184,6517.1031108401385,-2.39948693539065,-6.561472067129478,2.779377544445676,30947U
2025-06-30T00:35:34.692594,1825.609817379155,1586.2743030506747,6670.678407229768,-2.5262352604683915,-6.680577195591018,2.338248702538006,30947U
2025-06-30T00:36:34.692594,1670.4895030055409,1182.537068249303,6797.517566589843,-2.6426871170846895,-6.772804024335875,1.8884712490485451,30947U
2025-06-30T00:37:34.692594,1508.702029720468,774.0802034096463,6897.1570277804585,-2.748406592032317,-6.837868865065112,1.431892607192147,30947U
2025-06-30T00:38:34.692594,1340.9032179943554,362.53901953870877,6969.244540195434,-2.8430049538030886,-6.875601640624595,0.9703751624782988,30947U
2025-06-30T00:39:34.692594,1167.7707735586257,-50.44434654508301,7013.539822021287,-2.9261415743588626,-6.885944912818484,0.5057882615146747,30947U
2025-06-30T00:40:34.692594,990.0013818479505,-463.22764530647595,7029.914746506983,-2.9975246190035287,-6.868952466143803,0.04000043352126846,30947U
2025-06-30T00:41:34.692594,808.3077674156675,-874.1751312772649,7018.35306998096,-3.0569115175166273,-6.824787485040881,-0.4251281457603546,30947U
2025-06-30T00:42:34.692594,623.4157308983472,-1281.6640604462825,6978.949716281056,-3.1041092296293695,-6.753720359905914,-0.8877529336983789,30947U
2025-06-30T00:43:34.692594,436.06117536266953,-1684.0910471141087,6911.909632905483,-3.138974317439534,-6.656126154200603,-1.3460520345626974,30947U
2025-06-30T00:44:34.692594,246.9871331741934,-2079.878260813773,6817.546234610345,-3.1614128365583745,-6.532481761737267,-1.7982329417883645,30947U
2025-06-30T00:45:34.692594,56.94080389139468,-2467.479445446371,6696.279450431696,-3.1713800567523913,-6.383362779821564,-2.242539005732716,30947U
2025-06-30T00:46:34.692594,-133.3293868753951,-2845.3857441223017,6548.633390257034,-3.1688800216746036,-6.20944012059048,-2.6772556257071707,30947U
2025-06-30T00:47:34.692594,-323.07669819766323,-3212.1313143661473,6375.233647161327,-3.153964956060695,-6.011476379751813,-3.1007161659724,30947U
2025-06-30T00:48:34.692594,-511.5589451372735,-3566.298719342084,6176.804251804,-3.1267345275721974,-5.790321979151971,-3.5113075955343676,30947U
2025-06-30T00:49:34.692594,-698.0413219750374,-3906.524081624154,5954.164295290641,-3.087334969370245,-5.546911097273889,-3.9074758511119403,30947U
2025-06-30T00:50:34.692594,-881.7991690151375,-4231.501986803871,5708.224237061827,-3.035958068554495,-5.282257399964797,-4.287730921711468,30947U
2025-06-30T00:51:34.692594,-1062.1206748881887,-4539.990124923895,5439.981914602474,-2.972840024844858,-4.99744958245513,-4.650651651984996,30947U
2025-06-30T00:52:34.692594,-1238.3095065155633,-4830.813658390936,5150.518272073329,-2.89826018334679,-4.693646733058223,-4.994890260126252,30947U
2025-06-30T00:53:34.692594,-1409.6873591229523,-5102.869305682433,4840.992825352287,-2.812539644938431,-4.37207352881324,-5.319176564612007,30947U
2025-06-30T00:54:34.692594,-1575.5964189139163,-5355.129130845635,4512.638881431902,-2.7160397577519864,-4.034015273707579,-5.62232191275432,30947U
2025-06-30T00:55:34.692594,-1735.4017312507517,-5586.644029524185,4166.758530631931,-2.609160493381282,-3.6808127909172894,-5.903222802910816,30947U
2025-06-30T00:56:34.692594,-1888.4934674481005,-5796.546903048833,3804.71743063777,-2.492338711812875,-3.3138571816573754,-6.160864191391658,30947U
2025-06-30T00:57:34.692594,-2034.2890835765763,-5984.055513012749,3427.939401940564,-2.366046319619902,-2.9345844646413193,-6.394322474678542,30947U
2025-06-30T00:58:34.692594,-2172.235365004597,-6148.47500972231,3037.9008548115617,-2.230788326641497,-2.5444701117152864,-6.602768137576305,30947U
2025-06-30T00:59:34.692594,-2301.810350783448,-6289.200128975487,2636.1250684620895,-2.087100807155025,-2.145023496852497,-6.785468058378618,30947U
2025-06-30T01:00:34.692594,-2422.5251324039987,-6405.717052765045,2224.176343500419,-1.935548772392535,-1.7377822772742637,-6.94178746304435,30947U
2025-06-30T01:01:34.692594,-2533.925521924832,-6497.6049307262165,1803.654049171868,-1.7767239621126005,-1.3243067269113882,-7.07119152173356,30947U
2025-06-30T01:02:34.692594,-2635.5935849884686,-6564.537060434064,1376.186587136609,-1.6112425637714425,-0.906174043650326,-7.173246582804323,30947U
2025-06-30T01:03:34.692594,-2727.1490347992517,-6606.281725987029,943.4252936884282,-1.4397428686048561,-0.48497265275652923,-7.247621041468637,30947U
2025-06-30T01:04:34.692594,-2808.2504837295137,-6622.702695672554,507.0383023255168,-1.262882874595851,-0.06229652946762765,-7.294085842684821,30947U
2025-06-30T01:05:34.692594,-2878.59654983989,-6613.75938087468,68.70438844681611,-1.081337846832098,0.3602604360364304,-7.312514620446342,30947U
2025-06-30T01:06:34.692594,-2937.9268162368217,-6579.5066597305395,-369.8931823383872,-0.8957978461271099,0.7811100082767833,-7.302883478330937,30947U
2025-06-30T01:07:34.692594,-2986.0226418362445,-6520.094370350475,-807.0727812416611,-0.7069652369663497,1.1986750883522772,-7.26527041891389,30947U
2025-06-30T01:08:34.692594,-3022.7078227461957,-6435.766479661309,-1241.1604982118488,-0.5155521858315092,1.6113950867244582,-7.199854432335197,30947U
2025-06-30T01:09:34.692594,-3047.8491041108414,-6326.859935094202,-1670.4961590047003,-0.32227816074877025,2.0177311670442917,-7.106914256857394,30947U
2025-06-30T01:10:34.692594,-3061.3565428658944,-6193.803207397261,-2093.439258531488,-0.1278674424935811,2.4161713429977265,-6.986826826575931,30947U
2025-06-30T01:11:34.692594,-3063.183722428289,-6037.114533792019,-2508.374792576663,0.06695334272404319,2.8052354123225207,-6.840065423470596,30947U
2025-06-30T01:12:34.692594,-3053.327820872878,-5857.399871497408,-2913.7189710313896,0.26145766006388704,3.183479714607199,-6.667197552646341,30947U
2025-06-30T01:13:34.692594,-3031.829534626796,-5655.350572303728,-3307.9247969165217,0.4549214642815694,3.549501702160458,-6.4688825608455325,30947U
2025-06-30T01:14:34.692594,-2998.7728601309354,-5431.740789387695,-3689.4874966341354,0.6466255524113695,3.901944316058377,-6.245869019076703,30947U
2025-06-30T01:15:34.692594,-2954.284736270963,-5187.424627905463,-4056.9497880841864,0.8358578651665888,4.239500162377008,-5.998991890453255,30947U
2025-06-30T01:16:34.692594,-2898.5345506641233,-4923.333051099646,-4408.906974451196,1.021915732617439,4.56091548648554,-5.729169504062434,30947U
2025-06-30T01:17:34.692594,-2831.7335130987194,-4640.470553694138,-4744.011852617306,1.2041080610629546,4.864993946061876,-5.437400354864843,30947U
2025-06-30T01:18:34.692594,-2754.133899560612,-4339.911614251694,-5060.979426232276,1.3817574593720725,5.150600186081382,-5.124759748279144,30947U
2025-06-30T01:19:34.692594,-2666.028170346497,-4022.796937938267,-5358.5914144585395,1.5542023043973034,5.416663221351512,-4.792396306251499,30947U
2025-06-30T01:20:34.692594,-2567.7479657591116,-3690.329500791862,-5635.700548282928,1.72079874631925,5.662179634135951,-4.44152834928045,30947U
2025-06-30T01:21:34.692594,-2459.6629828118657,-3343.770406157998,-5891.234647017255,1.8809226559156216,5.886216595948985,-4.07344016612495,30947U
2025-06-30T01:22:34.692594,-2342.179736245406,-2984.4345634479632,-6124.200468184404,2.03397151672635,6.087914723641419,-3.689478179827975,30947U
2025-06-30T01:23:34.692594,-2215.740206986591,-2613.686198830027,-6333.687324385471,2.1793662658649344,6.266490780379512,-3.291047015325736,30947U
2025-06-30T01:24:34.692594,-2080.82038097286,-2232.9342069099916,-6518.870460953828,2.3165530877673133,6.421240231990168,-2.8796054703805316,30947U
2025-06-30T01:25:34.692594,-1937.9286810340773,-1843.6273519239294,-6679.0141882209955,2.445005165442753,6.551539668376762,-2.456662387976235,30947U
2025-06-30T01:26:34.692594,-1787.604294286514,-1447.2493264943953,-6813.474762040132,2.5642243937648694,6.656849098278706,-2.0237724247752857,30947U
2025-06-30T01:27:34.692594,-1630.4153972642064,-1045.3136756208178,-6921.703005845932,2.6737430589967834,6.736714123556733,-1.58253170687387,30947U
2025-06-30T01:28:34.692594,-1466.9572808109715,-639.3585933267389,-7003.246666982709,2.7731254880660106,6.790767996452072,-1.1345733610462345,30947U
2025-06-30T01:29:34.692594,-1297.8503765975665,-230.9415992987138,-7057.752499327497,2.8619696700895014,6.818733559933075,-0.6815629070660802,30947U
2025-06-30T01:30:34.692594,-1123.7381870352317,178.36589703389004,-7084.9680633947955,2.9399088512991485,6.82042506736768,-0.22519349467608943,30947U
2025-06-30T01:31:34.692594,-945.2851203439917,586.9841371921907,-7084.743234171022,3.006613102851437,6.795749873431942,0.23281903253681754,30947U
2025-06-30T01:32:34.692594,-763.1742326211579,993.3306507394188,-7057.031405928564,3.0617908590474063,6.744709983489371,0.6907412645901195,30947U
2025-06-30T01:33:34.692594,-578.1048789582157,1395.8259795377946,-7001.890382259396,3.1051904212798593,6.667403443782503,1.1468275616672314,30947U
2025-06-30T01:34:34.692594,-390.7902759876526,1792.8994787962517,-6919.482938600563,3.136601420614789,6.564025549816705,1.5993256161271785,30947U
2025-06-30T01:35:34.692594,-201.95497871339307,2182.9951831139742,-6810.077043656109,3.155856229366673,6.4348698454512,2.046482253779802,30947U
2025-06-30T01:36:34.692594,-12.33227510157739,2564.577724021095,-6674.045725414987,3.1628313094145097,6.280328880624831,2.48654948462098,30947U
2025-06-30T01:37:34.692594,177.33849731701326,2936.138283555133,-6511.866566986848,3.1574484824116427,6.100894691522837,2.917790808506212,30947U
2025-06-30T01:38:34.692594,366.31470765951207,3296.200566222102,-6324.120817288302,3.139676104557748,5.897158963524485,3.338487775477536,30947U
2025-06-30T01:39:34.692594,553.8532544732135,3643.3267692968493,-6111.492101780268,3.1095301263214075,5.669812834656325,3.7469467937084993,30947U
2025-06-30T01:40:34.692594,739.2134476468656,3976.123528895906,-5874.764719029883,3.067075015525929,5.419646295680001,4.141506170447639,30947U
2025-06-30T01:41:34.692594,921.6599406962022,4293.247816642939,-5614.821509908391,3.012424520636478,5.14754714253948,4.520543363053922,30947U
2025-06-30T01:42:34.692594,1100.465703270324,4593.4127591329925,-5332.641287773778,2.9457422500069383,4.854499437807998,4.8824824084516605,30947U
2025-06-30T01:43:34.692594,1274.9150222698097,4875.393349861138,-5029.295820051777,2.8672420423442118,4.541581440113604,5.225801490318022,30947U
2025-06-30T01:44:34.692594,1444.3065184870072,5138.0320208959165,-4705.946354241574,2.7771881037995074,4.209962964352223,5.549040594314382,30947U
2025-06-30T01:45:34.692594,1607.956164220956,5380.244039450778,-4363.839684519717,2.67589488795458,3.860902140823761,5.850809192988045,30947U
2025-06-30T01:46:34.692594,1765.2002859207269,5601.0226927181675,-4004.303758785543,2.563726696573065,3.4957415482240703,6.129793893893305,30947U
2025-06-30T01:47:34.692594,1915.398534621483,5799.444222977287,-3628.742830139074,2.4410969813447965,3.1159037035984123,6.384765977325145,30947U
2025-06-30T01:48:34.692594,2057.936805803313,5974.672474150732,-3238.632161347564,2.3084673299506577,2.722885901764413,6.61458874412177,30947U
2025-06-30T01:49:34.692594,2192.230089367978,6125.963210739432,-2835.5122957658855,2.1663461235778305,2.3182544071488964,6.8182245895472,30947U
2025-06-30T01:50:34.692594,2317.7252297395503,6252.668070475452,-2420.9829133237577,2.0152868574492913,1.9036380121944165,6.994741716560485,30947U
2025-06-30T01:51:34.692594,2433.9035756849075,6354.238113137273,-1996.6962954821886,1.8558861209062858,1.4807209881974057,7.143320401001364,30947U
2025-06-30T01:52:34.692594,2540.2834993570013,6430.226929804929,-1564.3504283531008,1.6887812389730406,1.051235466295942,7.263258722521978,30947U
2025-06-30T01:53:34.692594,2636.422764307274,6480.29327939209,-1125.6817783525066,1.5146475830022292,0.6169532979925828,7.353977678534295,30947U
2025-06-30T01:54:34.692594,2721.920722811104,6504.2032225633875,-682.4577796746436,1.3341955637863852,0.17967745570502489,7.4150256040281635,30947U
2025-06-30T01:55:34.692594,2796.4203238052123,6501.831727085564,-236.4690774015868,1.1481673262557743,-0.2587669559709655,7.446081827764358,30947U
2025-06-30T01:56:34.692594,2859.6099140413667,6473.163723205136,210.47842592467862,0.9573331703945392,-0.6965419986627316,7.446959504906952,30947U
2025-06-30T01:57:34.692594,2911.224816700526,6418.294592708363,656.5716690697745,0.7624877281173377,-1.131806421292044,7.417607577401382,30947U
2025-06-30T01:58:34.692594,2951.048673653654,6337.43008079461,1099.9986223701285,0.564445930402701,-1.5627253112631088,7.358111826031214,30947U
2025-06-30T01:59:34.692594,2978.9145397641582,6230.885625662232,1538.9565138254377,0.3640388028230934,-1.9874797796820325,7.26869499174692,30947U
2025-06-30T02:00:34.692594,2994.7057200505524,6099.085106634825,1971.6600343909636,0.1621091306304374,-2.4042765831279533,7.149715958157962,30947U
2025-06-30T02:01:34.692594,2998.3563431142616,5942.559017605717,2396.349465784498,-0.04049296335242633,-2.811357585309429,7.0016680015915425,30947U
2025-06-30T02:02:34.692594,2989.851666923021,5761.94207841237,2811.298674957683,-0.24291448367272137,-3.2070089649164375,6.825176129416562,30947U
2025-06-30T02:03:34.692594,2969.228115763474,5557.970302331548,3214.8229210954833,-0.4443040255611292,-3.5895700810276803,6.620993540982466,30947U
2025-06-30T02:04:34.692594,2936.5730498717608,5331.477543089596,3605.286423529778,-0.643816193052422,-3.957441914357474,6.389997258136716,30947U
2025-06-30T02:05:34.692594,2892.024271857166,5083.391549491722,3981.1096422236824,-0.8406159301971343,-4.309095011197779,6.13318298350071,30947U
2025-06-30T02:06:34.692594,2835.769276492832,4814.729559903177,4340.776226383031,-1.0338827263601518,-4.643076866807601,5.851659254211751,30947U
2025-06-30T02:07:34.692594,2768.04425270846,4526.593472287069,4682.839591177344,-1.222814660072048,-4.958018695893491,5.54664096644684,30947U
2025-06-30T02:08:34.692594,2689.132848639591,4220.16462827046,5005.929087371036,-1.406632249988361,-5.252641549336441,5.219442351583318,30947U
2025-06-30T02:09:34.692594,2599.364712334354,3896.698251753024,5308.755733737831,-1.5845820860645878,-5.5257617480694075,4.871469488258908,30947U
2025-06-30T02:10:34.692594,2499.113822167431,3557.517583884222,5590.117487330954,-1.755940218910634,-5.776295616632744,4.504212435876397,30947U
2025-06-30T02:11:34.692594,2388.7966221529987,3204.0077568489573,5848.9040318669495,-1.9200152902739747,-6.0032635100729985,4.119237074358671,30947U
2025-06-30T02:12:34.692594,2268.8699781806868,2837.609448854904,6084.101069539875,-2.076151392557278,-6.205793138200632,3.7181767323534975,30947U
2025-06-30T02:13:34.692594,2139.8289717330817,2459.8123620789047,6294.79410639987,-2.2237306500461522,-6.383122200513492,3.3027236818478807,30947U
2025-06-30T02:14:34.692594,2002.2045478959392,2072.148564173766,6480.171725922492,-2.3621755189749094,-6.53460035312628,2.874620571542064,30947U
2025-06-30T02:15:34.692594,1856.5610344718673,1676.1857323561412,6639.528349485928,-2.49095080757443,-6.659690535672251,2.435651864666827,30947U
2025-06-30T02:16:34.692594,1703.493548785478,1273.5203371793812,6772.266486115897,-2.609565420740936,-6.757969691288614,1.9876353395228255,30947U
2025-06-30T02:17:34.692594,1543.6253083598615,865.7708009376714,6877.8984770239595,-2.717573836875553,-6.829128916445575,1.5324137032028,30947U
2025-06-30T02:18:34.692594,1377.6048610892246,454.5706633421135,6956.047743144295,-2.814577326739488,-6.872973079577093,1.0718463610413165,30947U
2025-06-30T02:19:34.692594,1206.103249870406,41.561784741648495,7006.449546078646,-2.900224925842722,-6.889419948318746,0.6078013766110145,30947U
2025-06-30T02:20:34.692594,1029.8111259231125,-371.61238519494367,7028.9512746159035,-2.9742141729565637,-6.878498864799013,0.14214764979944788,30947U
2025-06-30T02:21:34.692594,849.4358242623412,-783.313447695238,7023.512270341548,-3.0362916278532897,-6.84034900704343,-0.32325266612767345,30947U
2025-06-30T02:22:34.692594,665.6984140149493,-1191.9145805063572,6990.203206844616,-3.086253181392447,-6.775217272339358,-0.7865514933888463,30947U
2025-06-30T02:23:34.692594,479.33073552377397,-1595.8069274148386,6929.205037722249,-3.123944170667053,-6.683455815587519,-1.2459218942787595,30947U
2025-06-30T02:24:34.692594,291.07243547842745,-1993.4058319400688,6840.807529036487,-3.1492593111794225,-6.565519272453323,-1.6995648652002222,30947U
2025-06-30T02:25:34.692594,101.66801066328581,-2383.1568970691037,6725.407392154761,-3.1621424570265333,-6.421961693735134,-2.14571585676655,30947U
2025-06-30T02:26:34.692594,-88.13612966619982,-2763.541854287073,6583.506033063653,-3.162586198927524,-6.25343321398248,-2.5826510185630074,30947U
2025-06-30T02:27:34.692594,-277.59457327711675,-3133.0842263576224,6415.706934338089,-3.150631308709206,-6.060676474194965,-3.0086931682331066,30947U
2025-06-30T02:28:34.692594,-465.9657772595429,-3490.3547693392543,6222.712686022133,-3.1263660376586717,-5.844522815555385,-3.422217484853115,30947U
2025-06-30T02:29:34.692594,-652.5148944458665,-3833.976680215984,6005.321681770126,-3.0899252750255934,-5.605888258707785,-3.821656926208527,30947U
2025-06-30T02:30:34.692594,-836.5165455799037,-4162.630557303312,5764.424496737361,-3.041489571968267,-5.345769281161247,-4.205507368731077,30947U
2025-06-30T02:31:34.692594,-1017.2575291394978,-4475.059101294297,5500.999963919582,-2.9812840354328705,-5.065238404029682,-4.572332467643265,30947U
2025-06-30T02:32:34.692594,-1194.0394609605205,-4770.071545477949,5216.110965925379,-2.909577095864822,-4.765439598513622,-4.920768233451972,30947U
2025-06-30T02:33:34.692594,-1366.1813360333515,-5046.547804313508,4910.899959532863,-2.8266791522932095,-4.447583522283112,-5.2495273194656225,30947U
2025-06-30T02:34:34.692594,-1533.0220050631399,-5303.4423302173755,4586.584250822131,-2.732941098207779,-4.11294259618466,-5.557403013624273,30947U
2025-06-30T02:35:34.692594,-1693.9225586156074,-5539.787669138393,4244.451039172625,-2.6287527317547403,-3.762845932405043,-5.84327292674578,30947U
2025-06-30T02:36:34.692594,-1848.2686119174189,-5754.697706274393,3885.852248961157,-2.51454105409657,-3.3986741263106235,-6.106102368391775,30947U
2025-06-30T02:37:34.692594,-1995.4724836619623,-5947.370594144688,3512.1991683565843,-2.3907684602821346,-3.02185392553799,-6.344947401035071,30947U
2025-06-30T02:38:34.692594,-2134.9752624888956,-6117.091356177667,3124.956915168255,-2.2579308276255,-2.6338527914535224,-6.558957563104103,30947U
2025-06-30T02:39:34.692594,-2266.2487551677054,-6263.234160007662,2725.638750236136,-2.1165555073547613,-2.2361733697208064,-6.747378251826471,30947U
2025-06-30T02:40:34.692594,-2388.7973109250365,-6385.264255797996,2315.800259325252,-1.9671992261238809,-1.8303478883152149,-6.909552757597972,30947U
2025-06-30T02:41:34.692594,-2502.1595168115887,-6482.739576107717,1897.0334248860427,-1.8104459048391799,-1.4179325028166923,-7.044923942849182,30947U
2025-06-30T02:42:34.692594,-2605.9097595074586,-6555.3119950878945,1470.9606093373868,-1.6469044030933273,-1.0005016101030324,-7.1530355600386555,30947U
2025-06-30T02:43:34.692594,-2699.659649508547,-6602.728246111747,1039.2284717100572,-1.4772061982853748,-0.5796421525914487,-7.233533205416835,30947U
2025-06-30T02:44:34.692594,-2783.0593042184205,-6624.830498294175,603.501839531053,-1.3020030091956871,-0.15694793586566405,-7.286164907518776,30947U
2025-06-30T02:45:34.692594,-2855.7984870795526,-6621.556593717784,165.45755773086512,-1.1219643743487997,0.26598601715949177,-7.310781351879202,30947U
2025-06-30T02:46:34.692594,-2917.607600508041,-6592.939948532955,-273.2216638923008,-0.9377751959077911,0.6875690524783505,-7.307335746141337,30947U
2025-06-30T02:47:34.692594,-2968.2585310374584,-6539.109122416077,-710.8533835213555,-0.7501332600763396,1.1062203891060758,-7.275883332464874,30947U
2025-06-30T02:48:34.692594,-3007.5653457184476,-6460.287062129714,-1145.761519899471,-0.5597467450283069,1.520374519474179,-7.2165805568397605,30947U
2025-06-30T02:49:34.692594,-3035.384839452223,-6356.790026109875,-1576.2823847510074,-0.3673317272258892,1.9284864858873205,-7.12968390749541,30947U
2025-06-30T02:50:34.692594,-3051.6169335464215,-6229.02619808959,-2000.7706359745787,-0.17360969662823225,2.32903701456537,-7.015548436975337,30947U
2025-06-30T02:51:34.692594,-3056.204926361232,-6077.493998735036,-2417.605133478091,0.020694909267528455,2.7205374908936606,-6.8746259845467295,30947U
2025-06-30T02:52:34.692594,-3049.1355974521357,-5902.780105108536,-2825.1946805540993,0.2148571433556019,3.1015347618920868,-6.707463117363893,30947U
2025-06-30T02:53:34.692594,-3030.4391671050944,-5705.55718846918,-3221.983634798198,0.40815395054067877,3.470615754537058,-6.5146988101435666,30947U
2025-06-30T02:54:34.692594,-3000.1891135906403,-5486.581381454325,-3606.45737375276,0.5998665258446595,3.826411901380719,-6.297061883973242,30947U
2025-06-30T02:55:34.692594,-2958.5018508334215,-5246.689486098607,-3977.147601586101,0.7892826229628548,4.167603367738825,-6.055368225271947,30947U
2025-06-30T02:56:34.692594,-2905.5362694909477,-4986.795934346074,-4332.637484367196,0.9756988085469611,4.4929230776674,-5.790517805738496,30947U
2025-06-30T02:57:34.692594,-2841.493144665302,-4707.889512817769,-4671.566602586036,1.1584226588011524,4.801160538696978,-5.5034915234596085,30947U
2025-06-30T02:58:34.692594,-2766.614413625178,-4411.029863515914,-4992.635710692592,1.336774896348418,5.09116546796074,-5.195347884112789,30947U
2025-06-30T02:59:34.692594,-2681.1823269991346,-4097.343771953576,-5294.611294421945,1.5100914666511656,5.361851224728331,-4.867219539467965,30947U
2025-06-30T03:00:34.692594,-2585.518476912907,-3768.021253877931,-5576.329917575139,1.6777255545416399,5.612198056414933,-4.520309698170109,30947U
2025-06-30T03:01:34.692594,-2479.98270549188,-3424.3114513439605,-5836.702350685116,1.8390495425775826,5.841256166772004,-4.155888421138544,30947U
2025-06-30T03:02:34.692594,-2364.971897039243,-3067.518348406497,-6074.717474607274,1.9934569139521825,6.048148616123123,-3.7752888109024725,30947U
2025-06-30T03:03:34.692594,-2240.9186570400216,-2698.9963161629717,-6289.445952512305,2.140364103511024,6.232074064118029,-3.3799031008889076,30947U
2025-06-30T03:04:34.692594,-2108.289880943829,-2320.145496330532,-6480.043664010273,2.2792123010235885,6.3923093654875,-2.971178647185342,30947U
2025-06-30T03:05:34.692594,-1967.5852154537463,-1932.40703200129,-6645.754895198644,2.409469211192892,6.528212028659621,-2.550613821709738,30947U
2025-06-30T03:06:34.692594,-1819.335414815266,-1537.258153738972,-6785.91527828957,2.5306307749281682,6.63922254581276,-2.119753802167633,30947U
2025-06-30T03:07:34.692594,-1664.1005943686466,-1136.2071287789777,-6899.954474147837,2.6422228561355943,6.724866600996428,-1.6801862507688896,30947U
2025-06-30T03:08:34.692594,-1502.4683834197842,-730.7880808147669,-6987.398590564096,2.7438028976816486,6.784757160357684,-1.2335368705534986,30947U
2025-06-30T03:09:34.692594,-1335.051979319496,-322.5556877378878,-7047.872328415337,2.8349615492443734,6.8185964453030135,-0.7814648254776453,30947U
2025-06-30T03:10:34.692594,-1162.4881045309014,86.92023523785907,-7081.100847056415,2.9153242684973275,6.826177785665426,-0.3256580082523681,30947U
2025-06-30T03:11:34.692594,-985.4348684362003,496.0602593427357,-7086.911339366661,2.9845528954755935,6.807387345708625,0.1321718615385712,30947U
2025-06-30T03:12:34.692594,-804.5695356981407,903.2809646503072,-7065.234305890548,3.04234719808334,6.762205711191559,0.5902943271894712,30947U
2025-06-30T03:13:34.692594,-620.586203168795,1307.0006520495594,-7016.104516502521,3.088446384550424,6.690709320859529,1.0469654904026715,30947U
2025-06-30T03:14:34.692594,-434.1933876422802,1705.6451346484837,-6939.661647047824,3.12263057628148,6.593071720768552,1.5004335292761664,30947U
2025-06-30T03:15:34.692594,-246.11152718916878,2097.653597104585,-6836.150577520342,3.1447222320244186,6.469564614949928,1.948944453138546,30947U
2025-06-30T03:16:34.692594,-57.070399400196784,2481.4845097307416,-6705.921337596759,3.1545875116869517,6.320558681260438,2.3907481052320803,30947U
2025-06-30T03:17:34.692594,132.19353939392482,2855.6215823167668,-6549.428684817497,3.1521375655312074,6.146524117025938,2.8241044197614555,30947U
2025-06-30T03:18:34.692594,320.9398889683391,3218.5797404566206,-6367.231300453552,3.1373297319662417,5.9480308754664035,3.247289934273062,30947U
2025-06-30T03:19:34.692594,508.42710812124517,3568.9111048199497,-6159.990588186885,3.110168624831583,5.725748551077582,3.658604551784795,30947U
2025-06-30T03:20:34.692594,693.9153784979525,3905.2109513017617,-5928.46906121958,3.0707070890198733,5.480445870321233,4.0563785396603365,30947U
2025-06-30T03:21:34.692594,876.6695208711096,4226.123627386554,-5673.528304364129,3.019047001621382,5.212989743306855,4.438979744070674,30947U
2025-06-30T03:22:34.692594,1055.961954044132,4530.348397438038,-5396.126499101764,2.9553398945824534,4.924343832779778,4.804820990196746,30947U
2025-06-30T03:23:34.692594,1231.0756851045703,4816.645187066948,-5097.31550154663,2.8797873742390117,4.615566598760993,5.152367629349314,30947U
2025-06-30T03:24:34.692594,1401.3073182749345,5083.840194296456,-4778.237465758133,2.792641313093528,4.287808780706341,5.480145185145672,30947U
2025-06-30T03:25:34.692594,1565.9700681477448,5330.831333059783,-4440.12100787903,2.6942037899049547,3.942310284067259,5.7867470421118865,30947U
2025-06-30T03:26:34.692594,1724.3967616781642,5556.593472695042,-4084.276910143181,2.5848267555992885,3.5803964446369605,6.070842111846443,30947U
2025-06-30T03:27:34.692594,1875.9428119927238,5760.183435649256,-3712.0933678523793,2.464911404700707,3.203473651969295,6.331182404506561,30947U
2025-06-30T03:28:34.692594,2019.9891459045668,5940.744714654443,-3325.0307869061576,2.3349072349203177,2.8130243223240705,6.56661042716523,30947U
2025-06-30T03:29:34.692594,2155.945066045811,6097.511870263762,-2924.6161443152064,2.195310781189326,2.4106012218415946,6.7760663258095,30947U
2025-06-30T03:30:34.692594,2283.2510277834067,6229.8145699048655,-2512.4369292399238,2.046664014721939,1.9978211517339886,6.958594684665955,30947U
2025-06-30T03:31:34.692594,2401.3813106142075,6337.081230567733,-2090.1346873635393,1.8895524025512327,1.5763580189171529,7.113350895351813,30947U
2025-06-30T03:32:34.692594,2509.8465635710386,6418.8422289248465,-1659.3981967165582,1.7246026282854379,1.1479353273754842,7.239607009210747,30947U
2025-06-30T03:33:34.692594,2608.196204342254,6474.732645094436,-1221.9563082780592,1.5524799804421265,0.7143181372948527,7.336756989190863,30947U
2025-06-30T03:34:34.692594,2696.0206523263523,6504.494509385432,-779.5704896666789,1.3738854204837458,0.2773045502678071,7.404321282769041,30947U
2025-06-30T03:35:34.692594,2772.9533767210296,6507.978525172997,-334.0271148516713,1.1895523484265684,-0.1612832107065562,7.441950644663664,30947U
2025-06-30T03:36:34.692594,2838.6727419756076,6485.145245482478,112.8704530582248,1.0002430894567091,-0.5996080484733698,7.449429147263835,30947U
2025-06-30T03:37:34.692594,2892.9036345020077,6436.065685827281,559.3099353712167,0.8067451301886981,-1.035827480536299,7.426676327624592,30947U
2025-06-30T03:38:34.692594,2935.418856417212,6360.9213612507965,1003.4783143394377,0.6098671378757493,-1.4681032777943295,7.373748432252744,30947U
2025-06-30T03:39:34.692594,2966.0402742408664,6260.003741245038,1443.570057282186,0.4104347998792208,-1.8946111575894442,7.290838734391956,30947U
2025-06-30T03:40:34.692594,2984.6397128488593,6133.713122131102,1877.7953317856845,0.2092865239021532,-2.313550433605464,7.178276912723375,30947U
2025-06-30T03:41:34.692594,2991.1395875352337,5982.556922448261,2304.388155220463,0.007269041780032509,-2.72315352551842,7.036527494908074,30947U
2025-06-30T03:42:34.692594,2985.513269698513,5807.147412775956,2721.6144224614613,-0.1947670390537007,-3.121695233827286,6.866187383782114,30947U
2025-06-30T03:43:34.692594,2967.785184382024,5608.198897039316,3127.7797572818413,-0.3959716920205929,-3.5075016899774774,6.667982497818776,30947U
2025-06-30T03:44:34.692594,2938.0306406028953,5386.524367718361,3521.237135091334,-0.5954998919675644,-3.8789588982957492,6.442763570409562,30947U
2025-06-30T03:45:34.692594,2896.3753980194197,5143.031662056134,3900.394228143283,-0.7925159578632731,-4.234520794829606,6.191501163904712,30947U
2025-06-30T03:46:34.692594,2842.994975987346,4878.719150807856,4263.720427704116,-0.9861977779596818,-4.572716757451988,5.915279964439778,30947U
2025-06-30T03:47:34.692594,2778.113713347811,4594.670994537067,4609.753502341264,-1.1757408812340515,-4.892158512635651,5.615292431447364,30947U
2025-06-30T03:48:34.692594,2702.0035893639465,4292.052005459847,4937.105856067691,-1.3603623228063109,-5.191546395567879,5.292831881805419,30947U
2025-06-30T03:49:34.692594,2614.982818023643,3972.1021550086234,5244.47035516582,-1.5393043555107626,-5.469674932069008,4.949285092398734,30947U
2025-06-30T03:50:34.692594,2517.4142294363883,3636.1307687536787,5530.625697692135,-1.7118378645930785,-5.725437722462498,4.586124506589494,30947U
2025-06-30T03:51:34.692594,2409.703453256522,3285.510451075294,5794.4413048654,-1.877265547465847,-5.957831618823951,4.204900129756429,30947U
2025-06-30T03:52:34.692594,2292.2969199601025,2921.6707820620472,6034.881718639292,-2.0349248254229284,-6.1659601975869345,3.8072311968188006,30947U
2025-06-30T03:53:34.692594,2165.6796963981315,2546.0918285920866,6251.010494634906,-2.184190479023422,-6.349036539022724,3.3947976907357713,30947U
2025-06-30T03:54:34.692594,2030.3731723571923,2160.297510492761,6441.993584179159,-2.3244770033789823,-6.5063853334318305,2.9693317856100965,30947U
2025-06-30T03:55:34.692594,1886.932614909475,1765.848861173471,6607.102203372307,-2.4552406836861262,-6.637444340818444,2.5326092815458865,30947U
2025-06-30T03:56:34.692594,1735.9446071554332,1364.337220267197,6745.71519084795,-2.575981394950088,-6.741765236282029,2.0864410911210767,30947U
2025-06-30T03:57:34.692594,1578.0243875898798,957.3773936954036,6857.320859155027,-2.686244132880457,-6.819013877322565,1.6326648295649526,30947U
2025-06-30T03:58:34.692594,1413.8131057964586,546.6008142864507,6941.518347469751,-2.785620285360525,-6.868970031750336,1.1731365528018989,30947U
2025-06-30T03:59:34.692594,1243.9750095331353,133.64873371091076,6998.01848564569,-2.8737486556936678,-6.891526606009016,0.7097226797234095,30947U
2025-06-30T04:00:34.692594,1069.1945775510483,-279.83452587254993,7026.644181455156,-2.9503162500249362,-6.886688413596494,0.24429212764331898,30947U
2025-06-30T04:01:34.692594,890.1736117284185,-692.2082343668426,7027.330344301279,-3.0150588419614146,-6.854570522073771,-0.2212913168974275,30947U
2025-06-30T04:02:34.692594,707.6283013283762,-1101.8418065733297,7000.123359738932,-3.067761327530356,-6.795396215087962,-0.6851763758200934,30947U
2025-06-30T04:03:34.692594,522.2862714370899,-1507.1212234246743,6945.180129888341,-3.1082578832895007,-6.70949460311412,-1.1455313946302905,30947U
2025-06-30T04:04:34.692594,334.8836269211433,-1906.4553015612198,6862.766695319247,-3.1364319397255387,-6.597297913459961,-1.6005511880417447,30947U
2025-06-30T04:05:34.692594,146.16200258609823,-2298.2817928248064,6753.256454287501,-3.1522159811299155,-6.459338486691831,-2.048463612292423,30947U
2025-06-30T04:06:34.692594,-43.13437037833159,-2681.0732966795836,6617.127995378359,-3.1555911820201032,-6.296245503224237,-2.4875358625093007,30947U
2025-06-30T04:07:34.692594,-232.26157210280084,-3053.3429698040477,6454.962559707116,-3.1465868889638213,-6.108741460548607,-2.9160804947304064,30947U
2025-06-30T04:08:34.692594,-420.4788667820165,-3413.650018164202,6267.441148896063,-3.12527995544694,-5.8976384186062925,-3.3324611726458495,30947U
2025-06-30T04:09:34.692594,-607.051531733911,-3760.6049577954836,6055.3412951263,-3.0917939362741507,-5.663834028254463,-3.7350981388924387,30947U
2025-06-30T04:10:34.692594,-791.2536343782856,-4092.8746313198226,5819.533509686469,-3.0462981469662833,-5.408307355718087,-4.122473409968871,30947U
2025-06-30T04:11:34.692594,-972.3707490202171,-4409.186967941149,5560.977426627969,-2.9890065927671374,-5.132114514416071,-4.493135692686039,30947U
2025-06-30T04:12:34.692594,-1149.7026055699755,-4708.335475329345,5280.7176584000745,-2.920176771229969,-4.8363841146151385,-4.845705018679914,30947U
2025-06-30T04:13:34.692594,-1322.565662555066,-4989.183452449626,4979.879380684737,-2.8401083519405574,-4.522312540993374,-5.178877092037835,30947U
2025-06-30T04:14:34.692594,-1490.295596998701,-5250.667913057785,4659.663664070187,-2.749141736756081,-4.191159068344575,-5.491427343667302,30947U
2025-06-30T04:15:34.692594,-1652.249703960705,-5491.803210279291,4321.3425706898815,-2.6476565039936855,-3.844240826273765,-5.782214684780952,30947U
2025-06-30T04:16:34.692594,-1807.8091987794137,-5711.684353452384,3966.2540344838853,-2.536069740271397,-3.482927624737532,-6.050184950895353,30947U
2025-06-30T04:17:34.692594,-1956.3814153198714,-5909.490009246811,3595.7965443038142,-2.4148342641653047,-3.108636653594635,-6.294374027112323,30947U
2025-06-30T04:18:34.692594,-2097.401893842239,-6084.485179994791,3211.4236496381723,-2.2844367464632205,-2.7228270708363627,-6.513910645243913,30947U
2025-06-30T04:19:34.692594,-2230.336352449075,-6236.023553175783,2814.638309281606,-2.1453957325356927,-2.326994495788062,-6.708018843569482,30947U
2025-06-30T04:20:34.692594,-2354.6825364671413,-6363.549517098196,2406.9871037570424,-1.9982595731613035,-1.9226654251859006,-6.876020080708494,30947U
2025-06-30T04:21:34.692594,-2469.9719405597566,-6466.59983899881,1990.0543327210883,-1.8436042709982323,-1.5113915915640532,-7.017334996229321,30947U
2025-06-30T04:22:34.692594,-2575.771398854623,-6544.8050030306595,1565.4560189052006,-1.6820312507415525,-1.0947442847364302,-7.131484812172958,30947U
2025-06-30T04:23:34.692594,-2671.684538902547,-6597.890206914591,1134.8338403571638,-1.5141650618074716,-0.6743086582563156,-7.218092371600434,30947U
2025-06-30T04:24:34.692594,-2757.3530958526153,-6625.676017371879,699.8490128233398,-1.3406510231001776,-0.2516780435125641,-7.276882812517647,30947U
2025-06-30T04:25:34.692594,-2832.4580838287134,-6628.078685812833,262.1761440526966,-1.1621528200147169,0.17155170546570242,-7.307683878015003,30947U
2025-06-30T04:26:34.692594,-2896.720822114871,-6605.110127108567,-176.50291840704895,-0.9793500642786659,0.5937878134160526,-7.3104258661062165,30947U
2025-06-30T04:27:34.692594,-2949.903814393102,-6556.877565597467,-614.5052247147066,-0.7929358275132752,1.0134461087985667,-7.285141225473607,30947U
2025-06-30T04:28:34.692594,-2991.8114799157884,-6483.582853750336,-1050.1528248462653,-0.6036141594864173,1.4289564504797336,-7.23196380603914,30947U
2025-06-30T04:29:34.692594,-3022.2907361261314,-6385.521470118891,-1481.778815269388,-0.41209760192301526,1.8387680355844696,-7.151127775894313,30947U
2025-06-30T04:30:34.692594,-3041.2314328536463,-6263.081204298913,-1907.7333109302565,-0.21910470842907498,2.2413545696138826,-7.042966218553076,30947U
2025-06-30T04:31:34.692594,-3048.566638796313,-6116.740537635705,-2326.3893242040176,-0.025357580579058788,2.6352192819356386,-6.907909426661014,30947U
2025-06-30T04:32:34.692594,-3044.272781547877,-5947.066729267812,-2736.1485334697795,0.1684205704829793,3.0188997720776563,-6.746482910128371,30947U
2025-06-30T04:33:34.692594,-3028.369642928275,-5754.71361783473,-3135.446925054946,0.36150782845045554,3.390972674823655,-6.559305138091015,30947U
2025-06-30T04:34:34.692594,-3000.9202118193825,-5540.419149754538,-3522.760293436585,0.5531859348197067,3.750058134861202,-6.347085035089033,30947U
2025-06-30T04:35:34.692594,-2962.030397090886,-5305.002645403482,-3896.609585761096,0.742742604121449,4.094824084590611,-6.110619252345442,30947U
2025-06-30T04:36:34.692594,-2911.848603516497,-5049.3618148000105,-4255.566077919208,0.9294737863811487,4.4239903215847995,-5.850789235000692,30947U
2025-06-30T04:37:34.692594,-2850.565173825323,-4774.469534511746,-4598.256370568564,1.1126858730926175,4.736332385015329,-5.568558105595225,30947U
2025-06-30T04:38:34.692594,-2778.411700205664,-4481.370397473916,-4923.36719459742,1.2916978443364657,5.030685233037414,-5.264967382995524,30947U
2025-06-30T04:39:34.692594,-2695.660208678544,-4171.177047241806,-5229.650016547582,1.4658433560102573,5.305946725574038,-4.941133554341821,30947U
2025-06-30T04:40:34.692594,-2602.622219787716,-3845.066307910518,-5515.925435436492,1.63447276741913,5.5610809190727695,-4.59824451548755,30947U
2025-06-30T04:41:34.692594,-2499.6476890173167,-3504.275120548261,-5781.087363208163,1.796955110658646,5.79512118154353,-4.237555892853218,30947U
2025-06-30T04:42:34.692594,-2387.1238302514607,-3150.096296516636,-6024.106981689153,1.9526800042693633,6.007173137457397,-3.8603872566816135,30947U
2025-06-30T04:43:34.692594,-2265.4738254437593,-2783.874097532757,-6244.036469398094,2.101059514506845,6.1964174528189515,-3.468118232446831,30947U
2025-06-30T04:44:34.692594,-2135.1554234757064,-2406.999651778991,-6440.012491854368,2.241529968220231,6.362112470875174,-3.0621845137120256,30947U
2025-06-30T04:45:34.692594,-1996.6594309666013,-2020.9062148307012,-6611.259449133414,2.3735537217258247,6.503596708441863,-2.6440737761654898,30947U
2025-06-30T04:46:34.692594,-1850.5080975659353,-1627.0642836753343,-6757.092474326708,2.4966208901733262,6.620291221694478,-2.21532148899554,30947U
2025-06-30T04:47:34.692594,-1697.2533980301487,-1226.9765716820814,-6876.9201762796,2.6102510417029645,6.711701848470466,-1.7775066163254263,30947U
2025-06-30T04:48:34.692594,-1537.4752131728815,-822.1728520743302,-6970.247119515245,2.71399486016856,6.777421331679436,-1.3322471982368012,30947U
2025-06-30T04:49:34.692594,-1371.7794116031507,-414.20467730500883,-7036.67603361639,2.8074357793408953,6.817131325341741,-0.8811957981122897,30947U
2025-06-30T04:50:34.692594,-1200.7958340459395,-4.639981764778092,-7075.909743557012,2.8901915903104003,6.830604281131225,-0.4260348007508782,30947U
2025-06-30T04:51:34.692594,-1025.1761819904968,404.94242450934684,-7087.752811581469,2.961916022289593,6.81770520915871,0.03152845592059461,30947U
2025-06-30T04:52:34.692594,-845.5918124585676,812.9584629673964,-7072.1128802557405,3.0223002951915037,6.778393302195189,0.4897667335585742,30947U
2025-06-30T04:53:34.692594,-662.7314408337384,1217.8244856269487,-7029.0017053115225,3.0710746402701523,6.712723407720527,0.946938148528089,30947U
2025-06-30T04:54:34.692594,-477.2987539710877,1617.963056177373,-6958.5358659170915,3.108009782792116,6.620847327233546,1.4012916464129042,30947U
2025-06-30T04:55:34.692594,-290.0099362158177,2011.808801882157,-6860.937139097875,3.132918378226912,6.503014917333284,1.8510727108234428,30947U
2025-06-30T04:56:34.692594,-101.59111151607077,2397.8143234647737,-6736.532524253927,3.145656390863567,6.359574962353374,2.294529318261467,30947U
2025-06-30T04:57:34.692594,87.2242944787388,2774.456148306924,-6585.753903145338,3.1461244011617944,6.190975783988209,2.7299181465466704,30947U
2025-06-30T04:58:34.692594,275.69826758544497,3140.2407101853023,-6409.137320404029,3.134268825615274,5.997765549582083,3.15551103897973,30947U
2025-06-30T04:59:34.692594,463.090987768107,3493.7103364594154,-6207.32186964505,3.110083030535729,5.780592237753196,3.569601720072886,30947U
2025-06-30T05:00:34.692594,648.6636744395341,3833.4492211443962,-5981.048170651762,3.0736083190573424,5.54020321797771,3.970512751427145,30947U
2025-06-30T05:01:34.692594,831.6814862295953,4158.089359717644,-5731.156423951132,3.024934768909804,5.277444399834565,4.356602708320778,30947U
2025-06-30T05:02:34.692594,1011.4164657066128,4466.31641888349,-5458.5840304228805,2.9642018972104456,4.993258907958695,4.726273548982205,30947U
2025-06-30T05:03:34.692594,1187.1505181076975,4756.875511934585,-5164.36276543286,2.8915991277701325,4.68868524048498,5.077978139576033,30947U
2025-06-30T05:04:34.692594,1358.178411665655,5028.576847885984,-4849.61549936737,2.807366036271874,4.36485487196952,5.410227888889259,30947U
2025-06-30T05:05:34.692594,1523.8107856533718,5280.301220309998,-4515.5524593738255,2.7117923492284333,4.022989266482367,5.721600437849663,30947U
2025-06-30T05:06:34.692594,1683.377150841324,5511.0052998545825,-4163.467030574602,2.6052176739008743,3.664396272767604,6.010747340635718,30947U
2025-06-30T05:07:34.692594,1836.2288657282766,5719.726692882961,-3794.731098977304,2.488030938385806,3.2904658809895624,6.276401666561025,30947U
2025-06-30T05:08:34.692594,1981.7420707027975,5905.588727608573,-3410.7899427096017,2.360669523853812,2.9026653295104916,6.517385445434008,30947U
2025-06-30T05:09:34.692594,2119.320561271923,6067.804928600145,-3013.1566829862318,2.223618074416169,2.5025335601941503,6.73261687399635,30947U
2025-06-30T05:10:34.692594,2248.398580696649,6205.683140662421,-2603.4063112815875,2.077406974255065,2.091675031671939,6.9211171975890435,30947U
2025-06-30T05:11:34.692594,2368.443511842399,6318.629263911815,-2183.1693144296437,1.9226104863911748,1.6717529115672394,7.082017179599068,30947U
2025-06-30T05:12:34.692594,2478.958447821976,6406.150563398147,-1754.124924680955,1.7598445526708335,1.2444816805293255,7.214563071669422,30947U
2025-06-30T05:13:34.692594,2579.484621104438,6467.858518885257,-1317.9940269928666,1.589764260103173,0.8116191927428753,7.31812200020716,30947U
2025-06-30T05:14:34.692594,2669.6036712076984,6503.47118338932,-876.5317608694031,1.4130609844106976,0.3749582489816107,7.392186689433707,30947U
2025-06-30T05:15:34.692594,2748.93973189101,6512.815022748429,-431.5198587776996,1.2304592274137949,-0.06368225108674491,7.436379448038058,30947U
2025-06-30T05:16:34.692594,2817.1613199171306,6495.826212808284,15.241232594124723,1.0427131704738497,-0.5024665011241525,7.450455355297324,30947U
2025-06-30T05:17:34.692594,2873.9830089469774,6452.55137567659,461.94039831740946,0.8506029715019295,-0.939551240578516,7.434304593118399,30947U
2025-06-30T05:18:34.692594,2919.166873940347,6383.14774182671,906.7640155690705,0.6549308378284482,-1.3730953767305139,7.387953882561299,30947U
2025-06-30T05:19:34.692594,2952.5236935272624,6287.882730503294,1347.904173295738,0.45651691137620426,-1.8012696812840998,7.311566996696959,30947U
2025-06-30T05:20:34.692594,2973.913900143487,6167.132946771648,1783.5668948284285,0.25619500594706457,-2.222266464160726,7.205444335750672,30947U
2025-06-30T05:21:34.692594,2983.2482702371235,6021.382599521463,2211.9803066484665,0.05480823891762326,-2.6343091270535504,7.070021564972478,30947U
2025-06-30T05:22:34.692594,2980.488349492767,5851.221350644187,2631.4026969775177,-0.14679539883500634,-3.0356615013926027,6.905867330125911,30947U
2025-06-30T05:23:34.692594,2965.6466107227566,5657.341611314223,3040.130409222545,-0.3477674904290523,-3.424636879588505,6.713680079466898,30947U
2025-06-30T05:24:34.692594,2938.7863447780987,5440.5353066864345,3436.5055175077878,-0.5472636140232318,-3.7996066546110225,6.494284034183722,30947U
2025-06-30T05:25:34.692594,2900.021287471286,5201.6901352576915,3818.923234502239,-0.7444476949852159,-4.159008490898534,6.248624361112003,30947U
2025-06-30T05:26:34.692594,2849.5149880200793,4941.785353525993,4185.839005409995,-0.9384962491066313,-4.501353959003554,5.977761611802437,30947U
2025-06-30T05:27:34.692594,2787.4799268614956,4661.8871203380795,4535.775246218953,-1.128602479938575,-4.825235576925218,5.6828655004482185,30947U
2025-06-30T05:28:34.692594,2714.1763928024384,4363.143438384216,4867.327688980778,-1.3139801971507472,-5.129333212405494,5.365208099589047,30947U
2025-06-30T05:29:34.692594,2629.9111313301396,4046.7787326438097,5179.171301886153,-1.4938675271765687,-5.412419812190521,5.0261565367978545,30947U
2025-06-30T05:30:34.692594,2535.0357774757804,3714.088107201444,5470.065757065292,-1.6675303921341202,-5.673366436002519,4.667165277709412,30947U
2025-06-30T05:31:34.692594,2429.9450878909024,3366.4313227487373,5738.860424257817,-1.8342657379454586,-5.911146584375995,4.289768080821875,30947U
2025-06-30T05:32:34.692594,2315.0749877551007,3005.2265373078453,5984.498873623414,-1.9934044975440801,-6.124839820247136,3.89556970763756,30947U
2025-06-30T05:33:34.692594,2190.900448788324,2631.94385230632,6206.022875899809,-2.1443142799091914,-6.313634693969374,3.4862374681007906,30947U
2025-06-30T05:34:34.692594,2057.933215008027,2248.098705177228,6402.575892753939,-2.2864017802497063,-6.476830990024893,3.063492676198058,30947U
2025-06-30T05:35:34.692594,1916.7193929746875,1855.2451482407073,6573.406054436322,-2.4191149108567753,-6.613841320940697,2.6291020843064286,30947U
2025-06-30T05:36:34.692594,1767.8369231337035,1454.9690518196999,6717.8686256871215,-2.5419446558576047,-6.724192099700916,2.184869357710987,30947U
2025-06-30T05:37:34.692594,1611.8929485301437,1048.8812674725095,6835.427964203872,-2.6544266562531735,-6.8075239262208695,1.7326266430139627,30947U
2025-06-30T05:38:34.692594,1449.5210966748446,638.6107849571893,6925.658978862726,-2.7561425341734265,-6.863591426247564,1.2742262762203693,30947U
2025-06-30T05:39:34.692594,1281.3786897203909,225.79791418264668,6988.248097280982,-2.846720967212084,-6.8922625824448955,0.8115326684259522,30947U
2025-06-30T05:40:34.692594,1108.1438974008715,-187.9124789743876,7022.993754242564,-2.925838525021,-6.89351759754045,0.34641439951839204,30947U
2025-06-30T05:41:34.692594,930.5128464326842,-600.8776564375848,7029.806414016489,-2.99322028108614,-6.867447328420024,-0.11926345664849583,30947U
2025-06-30T05:42:34.692594,749.1966993054381,-1011.4635869435858,7008.708140724129,-3.048640212822519,-6.814251328148597,-0.5836467583314977,30947U
2025-06-30T05:43:34.692594,564.9187146296476,-1418.0513980270498,6959.831731714031,-3.09192140288913,-6.734235530285497,-1.0448994612638778,30947U
2025-06-30T05:44:34.692594,378.41130048674745,-1819.0436805763234,6883.419429439092,-3.1229360540121904,-6.627809606764404,-1.501210515679408,30947U
2025-06-30T05:45:34.692594,190.41307155432688,-2212.870627237235,6779.821227664933,-3.141605328708578,-6.495484027241208,-1.950800490708566,30947U
2025-06-30T05:46:34.692594,1.6659201702366007,-2597.995987419165,6649.492788027088,-3.1478990242088476,-6.337866844373629,-2.391927924227213,30947U
2025-06-30T05:47:34.692594,-187.087889035389,-2972.9228229285504,6492.992983058039,-3.141835091679278,-6.1556602261727535,-2.822895397671565,30947U
2025-06-30T05:48:34.692594,-375.1085917805979,-3336.199049359951,6310.981081868036,-3.1234790076192303,-5.949656753506572,-3.24205533595222,30947U
2025-06-30T05:49:34.692594,-561.6617552814088,-3686.422749314113,6104.21359473399,-3.092943004136564,-5.72073549817181,-3.647815532496216,30947U
2025-06-30T05:50:34.692594,-746.0210594886995,-4022.2472443367587,5873.540792954333,-3.050385163744116,-5.469857894767395,-4.038644398782643,30947U
2025-06-30T05:51:34.692594,-927.4710202757233,-4342.385913194616,5619.9029204975495,-2.9960083834251985,-5.1980634179687,-4.413075936640952,30947U
2025-06-30T05:52:34.692594,-1105.309646693019,-4645.616744780259,5344.326114211868,-2.9300592120221154,-4.906465075732263,-4.769714430228171,30947U
2025-06-30T05:53:34.692594,-1278.8510246316541,-4930.786614578887,5047.918049688752,-2.8528265645335833,-4.596244728462576,-5.107238853119216,30947U
2025-06-30T05:54:34.692594,-1447.4278194516291,-5196.815274282338,4731.863330274346,-2.764640316673999,-4.268648244207784,-5.424406984488562,30947U
2025-06-30T05:55:34.692594,-1610.3936903511724,-5442.699044821315,4397.4186371907035,-2.665869783047107,-3.924980500466067,-5.720059227052039,30947U
2025-06-30T05:56:34.692594,-1767.1256094835144,-5667.514203822375,4045.9076592547044,-2.556922082507443,-3.5666002441143534,-5.993122118374407,30947U
2025-06-30T05:57:34.692594,-1917.0260790886136,-5870.420059311888,3678.715821232751,-2.438240394698392,-3.194914822215111,-6.242611526432153,30947U
2025-06-30T05:58:34.692594,-2059.525240198833,-6050.661702381331,3297.284830435853,-2.3103021123392113,-2.811374797935894,-6.467635519997392,30947U
2025-06-30T05:59:34.692594,-2194.0828668129943,-6207.572432514455,2903.1070617042215,-2.1736168945446472,-2.417468467416759,-6.66739690453119,30947U
2025-06-30T06:00:34.692594,-2320.1902398126535,-6340.575850349404,2497.7198014362225,-2.0287246272622497,-2.014716295051519,-6.841195414851225,30947U
2025-06-30T06:01:34.692594,-2437.371895321629,-6449.187613805885,2082.699371754538,-1.8761932977600198,-1.6046652862098718,-6.9884295568684225,30947U
2025-06-30T06:02:34.692594,-2545.187242683189,-6533.016854737448,1659.655156252827,-1.71661679094943,-1.1888833178324552,-7.108598092143791,30947U
2025-06-30T06:03:34.692594,-2643.232047748226,-6591.767254559531,1230.2235490016951,-1.5506126161417955,-0.7689534484939023,-7.2013011608602655,30947U
2025-06-30T06:04:34.692594,-2731.1397777234465,-6625.237778633692,796.0618486095595,-1.3788195735756066,-0.3464682303953878,-7.266241040972926,30947U
2025-06-30T06:05:34.692594,-2808.582804418304,-6633.3230705418455,358.84211911053137,-1.2018953706810125,0.07697595374419863,-7.303222543730511,30947U
2025-06-30T06:06:34.692594,-2875.273463345285,-6616.0135087376375,-79.7549607305113,-1.0205141985309698,0.4997845058286146,-7.312153048373083,30947U
2025-06-30T06:07:34.692594,-2930.9649667553613,-6573.39492939102,-518.0462384137716,-0.8353642792564738,0.9203701567815005,-7.293042181515565,30947U
2025-06-30T06:08:34.692594,-2975.4521693287015,-6505.648020527701,-954.352198208881,-0.6471453953356364,1.3371584181790546,-7.2460011494463945,30947U
2025-06-30T06:09:34.692594,-3008.572185869011,-6413.047393782709,-1387.0030209772526,-0.4565664116163495,1.748592920240131,-7.171241734209575,30947U
2025-06-30T06:10:34.692594,-3030.204860967451,-6295.960341215584,-1814.344573891299,-0.2643428006683847,2.153140616870878,-7.069074966815405,30947U
2025-06-30T06:11:34.692594,-3040.2730911899826,-6154.845285659778,-2234.744311487365,-0.07119418161117863,2.5492968403710474,-6.939909493160397,30947U
2025-06-30T06:12:34.692594,-3038.7430008976494,-5990.24993397539,-2646.5970704858564,0.12215811809280436,2.935590190672364,-6.784249650150946,30947U
2025-06-30T06:13:34.692594,-3025.6239733176203,-5802.809143340716,-3048.330741862348,0.31499346921093324,3.310587246476917,-6.602693271060366,30947U
2025-06-30T06:14:34.692594,-3000.968538939772,-5593.24251133286,-3438.4118047879497,0.5065943080024111,3.6728970883806236,-6.3959292402416805,30947U
2025-06-30T06:15:34.692594,-2964.872123709621,-5362.351701011137,-3815.350708219243,0.6962484576147193,4.021175626899108,-6.164734817928606,30947U
2025-06-30T06:16:34.692594,-2917.4726598195557,-5111.017512528137,-4177.707087086102,0.8832513982858224,4.354129731186438,-5.90997275595668,30947U
2025-06-30T06:17:34.692594,-2858.9500621611646,-4840.19671294285,-4524.094801191531,1.0669084823297597,4.6705211570849,-5.632588224795764,30947U
2025-06-30T06:18:34.692594,-2789.5255736914423,-4550.9186359209025,-4853.186786040855,1.2465370912167613,4.969170275850045,-5.333605571318441,30947U
2025-06-30T06:19:34.692594,-2709.460983082494,-4244.28156286956,-5163.719705865512,1.4214687333979332,5.248959607405066,-5.014124925228409,30947U
2025-06-30T06:20:34.692594,-2619.057718071461,-3921.4488968001388,-5454.498400044995,1.5910510828133269,5.5088371641817995,-4.675318670082575,30947U
2025-06-30T06:21:34.692594,-2518.655817907736,-3583.64513984629,-5724.4001149516935,1.7546499592272946,5.747819613436596,-4.318427792392765,30947U
2025-06-30T06:22:34.692594,-2408.6327882124715,-3232.1516849141267,-5972.378513922492,1.911651252613028,5.964995267310139,-3.944758119444364,30947U
2025-06-30T06:23:34.692594,-2289.4023414325598,-2868.3024314369372,-6197.467458569115,2.0614627947120034,6.159526910754957,-3.555676453305136,30947U
2025-06-30T06:24:34.692594,-2161.413025891855,-2493.4792346619233,-6398.784554979299,2.203516181594763,6.330654477741943,-3.152606605083885,30947U
2025-06-30T06:25:34.692594,-2025.1467462355006,-2109.1071973652934,-6575.53445850215,2.337268551498861,6.47769758581495,-2.737025329961283,30947U
2025-06-30T06:26:34.692594,-1881.1171778353466,-1716.6498123847691,-6727.0119307668965,2.462204322397672,6.60005793807773,-2.310458159941246,30947U
2025-06-30T06:27:34.692594,-1729.8680774941565,-1317.6039639222276,-6852.604642344322,2.577836893627512,6.697221600046439,-1.8744751277937164,30947U
2025-06-30T06:28:34.692594,-1571.971492575022,-913.4947952511809,-6951.795714029854,2.683710315448243,6.768761156488727,-1.4306863724209358,30947U
2025-06-30T06:29:34.692594,-1408.0258704967086,-505.8704502688,-7024.165989133521,2.7794009296334634,6.814337750433787,-0.980737612979153,30947U
2025-06-30T06:30:34.692594,-1238.654070403599,-96.29669632239694,-7069.396028412042,2.864518983067919,6.8337030030117845,-0.5263054766905663,30947U
2025-06-30T06:31:34.692594,-1064.5012787586195,313.6485640561545,-7087.267818406509,2.9387102148833066,6.826700808742417,-0.06909266351521536,30947U
2025-06-30T06:32:34.692594,-886.232830627372,722.3808844531267,-7077.66618299559,3.0016574159131695,6.7932689964351765,0.38917707018213693,30947U
2025-06-30T06:33:34.692594,-704.5319385535282,1128.3149601593882,-7040.579886973701,3.053081957215487,6.7334408410991085,0.8467641269854141,30947U
2025-06-30T06:34:34.692594,-520.0973311698469,1529.8703983318212,-6976.102419472684,3.0927452821485173,6.647346407327736,1.3019185000261446,30947U
2025-06-30T06:35:34.692594,-333.64080407457834,1925.4775617631017,-6884.432444116928,3.1204503540394932,6.535213699681294,1.7528854362060804,30947U
2025-06-30T06:36:34.692594,-145.88468602022857,2313.5834737778778,-6765.873901994194,3.1360430489295643,6.397369590801377,2.1979113435188857,30947U
2025-06-30T06:37:34.692594,42.4407758592444,2692.657769955964,-6620.835752904979,3.139413480281381,6.234240493554469,2.6352499509082223,30947U
2025-06-30T06:38:34.692594,230.60010723768175,3061.198680339159,-6449.831339981673,3.1304972399900155,6.04635273959336,3.063168724004387,30947U
2025-06-30T06:39:34.692594,417.8553686850012,3417.7390235012986,-6253.4773627115055,3.109276537631231,5.834332623547517,3.4799555339413253,30947U
2025-06-30T06:40:34.692594,603.4689820256511,3760.852191409506,-6032.492443716509,3.0757812177128643,5.59890606979181,3.8839255693818195,30947U
2025-06-30T06:41:34.692594,786.7066131055155,4089.1581014380304,-5787.695275390448,3.030089632862957,5.340897877568393,4.2734284740135395,30947U
2025-06-30T06:42:34.692594,966.8401017678536,4401.329089273185,-5520.0023337162975,2.9723293494877763,5.061230500304156,4.6468556832914105,30947U
2025-06-30T06:43:34.692594,1143.1504284215434,4696.095713842101,-5230.425148328399,2.902677661556053,4.760922316405878,5.002647925306067,30947U
2025-06-30T06:44:34.692594,1314.9307051268415,4972.252442905366,-4920.06712015552,2.8213618878911864,4.441085351705915,5.339302841618233,30947U
2025-06-30T06:45:34.692594,1481.4891776555492,5228.6631856504555,-4590.119880799151,2.7286594287485553,4.102922418127306,5.655382674978127,30947U
2025-06-30T06:46:34.692594,1642.152223546005,5464.266636603608,-4241.859191158519,2.6248975585704977,3.7477236390374227,5.949521962346539,30947U
2025-06-30T06:47:34.692594,1796.2673298200584,5678.081393545375,-3876.640380667638,2.510452933670877,3.376862339094427,6.220435163871212,30947U
2025-06-30T06:48:34.692594,1943.2060327937268,5869.210810939164,-3495.893332833949,2.3857507962134226,2.9917902850709295,6.466924151731179,30947U
2025-06-30T06:49:34.692594,2082.366801354599,6036.847549763701,-3101.1170274714273,2.2512638591838185,2.5940322739730086,6.687885477359576,30947U
2025-06-30T06:50:34.692594,2213.1778442288955,6180.277784630319,-2693.8736550453523,2.1075108610724578,2.1851800755678563,6.882317331733718,30947U
2025-06-30T06:51:34.692594,2335.0998211738315,6298.885029739291,-2275.7823237608354,1.9550547835967147,1.7668857478921507,7.049326111430311,30947U
2025-06-30T06:52:34.692594,2447.628437732628,6392.153546609478,-1848.5123853373643,1.7945007309006658,1.3408543561484407,7.1881325031415475,30947U
2025-06-30T06:53:34.692594,2550.296903213766,6459.671298627685,-1413.7764106830334,1.6264934741472288,0.9088361372599781,7.298077001457461,30947U
2025-06-30T06:54:34.692594,2642.678231923865,6501.132420304059,-973.3228517797023,1.4517146711142597,0.47261816388554095,7.3786247789865484,30947U
2025-06-30T06:55:34.692594,2724.3873684059245,6516.339172659531,-528.928430875472,1.270879776158866,0.03401557252704334,7.429369834279903,30947U
2025-06-30T06:56:34.692594,2795.083118509181,6505.203360358579,-82.39030243541748,1.0847346615569893,-0.4051375698462059,7.4500383514332675,30947U
2025-06-30T06:57:34.692594,2854.4698695378156,6467.747190965558,364.4819629195725,0.8940519765770627,-0.8429976778328676,7.440491215488477,30947U
2025-06-30T06:58:34.692594,2902.299084466522,6404.10356194837,809.8745201450312,0.699627275545388,-1.2777212487341254,7.400725639579118,30947U
2025-06-30T06:59:34.692594,2938.370557241802,6314.515766669516,1251.9774624951158,0.5022749504468845,-1.707474558401285,7.330875872849459,30947U
2025-06-30T07:00:34.692594,2962.533418465627,6199.33661646479,1688.99304905458,0.3028240071403398,-2.1304433546686705,7.231212972147088,30947U
2025-06-30T07:01:34.692594,2974.6868832312657,6059.026981878312,2119.1438902834966,0.10211372694187144,-2.5448424506828258,7.102143634940579,30947U
2025-06-30T07:02:34.692594,2974.7807354932265,5894.153762061243,2540.681035062437,-0.09901074293826925,-2.9489251220814743,6.944208105414551,30947U
2025-06-30T07:03:34.692594,2962.8155460424637,5705.387297108645,2951.891903907603,-0.2997028258825199,-3.340992215769533,6.758077179812519,30947U
2025-06-30T07:04:34.692594,2938.842623860293,5493.498243574845,3351.1080150574435,-0.4991189353167843,-3.719400883840173,6.544548350417287,30947U
2025-06-30T07:05:34.692594,2902.963703276669,5259.353938446858,3736.712452960836,-0.6964228344096621,-4.082572863798875,6.304541139692689,30947U
2025-06-30T07:06:34.692594,2855.3303719006553,5003.91428136901,4107.147032219483,-0.8907898954621896,-4.429002235382818,6.039091686730682,30947U
2025-06-30T07:07:34.692594,2796.143246667119,4728.227168804782,4460.919114167151,-1.0814112214180427,-4.757262594625242,5.7493466569727945,30947U
2025-06-30T07:08:34.692594,2725.6509075067493,4433.423517039951,4796.608037861736,-1.2674975956114403,-5.066013597017587,5.436556553016547,30947U
2025-06-30T07:09:34.692594,2644.1486000570553,4120.711913429681,5112.8711322067975,-1.448283230121241,-5.354006833309067,5.1020685090495785,30947U
2025-06-30T07:10:34.692594,2551.9767204599416,3791.372937055613,5408.4492810662805,-1.6230292877556767,-5.620091013270415,4.7473186540415115,30947U
2025-06-30T07:11:34.692594,2449.519096621281,3446.753191007614,5682.1720184470705,-1.791027157581726,-5.863216444262134,4.373824129320147,30947U
2025-06-30T07:12:34.692594,2337.201081327432,3088.25908885264,5932.962135989026,-1.95160146888114,-6.082438802367052,3.98317484466777,30947U
2025-06-30T07:13:34.692594,2215.4874733320753,2717.350437577053,6159.839789980553,-2.104112833287723,-6.276922203854684,3.5770250538083967,30947U
2025-06-30T07:14:34.692594,2084.8802829504634,2335.533858433142,6361.926099831773,-2.2479603095055873,-6.4459415936188185,3.1570848253364496,30947U
2025-06-30T07:15:34.692594,1945.9163588541262,1944.3560857882185,6538.446234284852,-2.382583589286724,-6.588884474769445,2.7251114790700344,30947U
2025-06-30T07:16:34.692594,1799.1648926729392,1545.3971823449715,6688.731985569594,-2.5074649071604136,-6.705252009655921,2.282901050800268,30947U
2025-06-30T07:17:34.692594,1645.22481771599,1140.2637070680107,6812.223835178944,-2.622130679677808,-6.794659527194435,1.8322798407757228,30947U
2025-06-30T07:18:34.692594,1484.722117659064,730.5818699185626,6908.472517916886,-2.726152882608352,-6.856836474474072,1.3750960933431267,30947U
2025-06-30T07:19:34.692594,1318.3070604496545,317.9907051463802,6977.140093366765,-2.8191501765821174,-6.891625852294342,0.9132118472550694,30947U
2025-06-30T07:20:34.692594,1146.651371989776,-95.86470749944048,7018.000535954303,-2.90078879311604,-6.898983174657257,0.44849498853322284,30947U
2025-06-30T07:21:34.692594,970.4453634124183,-509.3399466198483,7030.939856368457,-2.97078319381858,-6.878974991456977,-0.017188469310942544,30947U
2025-06-30T07:22:34.692594,790.3950249959469,-920.7978533066716,7015.9557683028615,-3.028896515890656,-6.831777011871393,-0.48198185927382625,30947U
2025-06-30T07:23:34.692594,607.219098999966,-1328.6150129004343,6973.156915340385,-3.074940816891095,-6.757671863468784,-0.9440450761533247,30947U
2025-06-30T07:24:34.692594,421.6461429737296,-1731.1880936116297,6902.76167338664,-3.108777131195787,-6.657046519019852,-1.4015615247693465,30947U
2025-06-30T07:25:34.692594,234.41159440293472,-2126.9400229782077,6805.096544423055,-3.1303153497359957,-6.530389419663817,-1.8527447963045303,30947U
2025-06-30T07:26:34.692594,46.254846943436675,-2514.325984640747,6680.594157560585,-3.1395139335412834,-6.378287319626709,-2.2958450705177897,30947U
2025-06-30T07:27:34.692594,-142.08365206521938,-2891.839219243209,6529.790893484441,-3.1363794704286407,-6.201421874311905,-2.7291552432232793,30947U
2025-06-30T07:28:34.692594,-329.8652735918709,-3258.016614396402,6353.324148443185,-3.1209660829523065,-6.000565990443361,-3.1510167791992854,30947U
2025-06-30T07:29:34.692594,-516.3560396088245,-3611.4440696154097,6151.929253994124,-3.0933746945370286,-5.776579954170922,-3.559825290731696,30947U
2025-06-30T07:30:34.692594,-700.8294080366767,-3950.761622983192,5926.436068807222,-3.053752159626249,-5.530407350744306,-3.9540358414321046,30947U
2025-06-30T07:31:34.692594,-882.5690017829799,-4274.668327035668,5677.765258975561,-3.0022902627389194,-5.2630707875932705,-4.3321679739528305,30947U
2025-06-30T07:32:34.692594,-1060.8712739738992,-4581.92686203764,5406.924283501682,-2.9392245905854972,-4.97566743145215,-4.692810458896945,30947U
2025-06-30T07:33:34.692594,-1235.0481017058444,-4871.367875461946,5115.003101930921,-2.864833280871266,-4.6693643695384175,-5.034625760746947,30947U
2025-06-30T07:34:34.692594,-1404.4293008595125,-5141.894037128956,4803.16962148227,-2.779435651125913,-4.3453938047093335,-5.356354215154764,30947U
2025-06-30T07:35:34.692594,-1568.3650547295845,-5392.4838001283015,4472.664901484509,-2.6833907108451585,-4.0050480949383545,-5.656817910565894,30947U
2025-06-30T07:36:34.692594,-1726.2282494526157,-5622.194858370771,4124.79813342942,-2.5770955603976793,-3.6496746482872497,-5.934924266023226,30947U
2025-06-30T07:37:34.692594,-1877.416709461261,-5830.167292401766,3760.9414155066506,-2.4609836805234475,-3.280670685739984,-6.189669296176243,30947U
2025-06-30T07:38:34.692594,-2021.3553264755863,-6015.626395980239,3382.524341045626,-2.335523116794301,-2.899477885697082,-6.4201405540988175,30947U
2025-06-30T07:39:34.692594,-2157.4980758638794,-6177.885176886665,2991.028420840977,-2.201214564090415,-2.507576925513232,-6.625519742528186,30947U
2025-06-30T07:40:34.692594,-2285.329914569766,-6316.34652647035,2587.981359857103,-2.0585893569290845,-2.106481937099254,-6.805084984599675,30947U
2025-06-30T07:41:34.692594,-2404.3685552158167,-6430.505053581402,2174.9512092618434,-1.9082073723203237,-1.6977348951967919,-6.958212746072223,30947U
2025-06-30T07:42:34.692594,-2514.1661114520525,-6519.948579741642,1753.5404151151358,-1.7506548526780015,-1.2828999583893266,-7.084379402392204,30947U
2025-06-30T07:43:34.692594,-2614.310610123086,-6584.359293683346,1325.3797853028875,-1.5865421571393958,-0.863557784142343,-7.183162445695121,30947U
2025-06-30T07:44:34.692594,-2704.4273663709787,-6623.514564703007,892.1223964554846,-1.4165014504060947,-0.4412998401126902,-7.254241328936651,30947U
2025-06-30T07:45:34.692594,-2784.180218370456,-6637.287415624239,455.437462598627,-1.241184338874838,-0.0177227345633714,-7.297397946714317,30947U
2025-06-30T07:46:34.692594,-2853.272618997598,-6625.646657515299,17.00418715351137,-1.0612594643516562,0.40557741106556805,-7.312516754910129,30947U
2025-06-30T07:47:34.692594,-2911.4485823580403,-6588.656689641898,-421.4943803879269,-0.8774100660040202,0.8270105245906305,-7.299584533972325,30947U
2025-06-30T07:48:34.692594,-2958.493483730236,-6526.476969431077,-858.3774622108549,-0.690331521395428,1.2449980583045577,-7.2586898033711895,30947U
2025-06-30T07:49:34.692594,-2994.234712111044,-6439.361158454994,-1291.9726240404493,-0.5007288774345698,1.6579783558320258,-7.190021897425883,30947U
2025-06-30T07:50:34.692594,-3018.542175165667,-6327.655951594848,-1720.621781516089,-0.3093143818708814,2.064411890919947,-7.093869715217902,30947U
2025-06-30T07:51:34.692594,-3031.3286569794814,-6191.79959759303,-2142.6871223266076,-0.11680502555813317,2.4627863603087965,-6.970620159601073,30947U
2025-06-30T07:52:34.692594,-3032.5500295694665,-6032.320120131029,-2556.5569263043526,0.07607989489037446,2.8516216149977978,-6.820756282311649,30947U
2025-06-30T07:53:34.692594,-3022.2053196315746,-5849.833249368079,-2960.651266715174,0.2686211852120396,3.2294744166632903,-6.6448551538091145,30947U
2025-06-30T07:54:34.692594,-3000.336632468539,-5645.040074526809,-3353.427577094489,0.46010212447533694,3.5949430086564065,-6.443585477676873,30947U
2025-06-30T07:55:34.692594,-2967.028935451979,-5418.724428613447,-3733.3860691290774,0.6498107921209915,3.9466714938091934,-6.217704970138912,30947U
2025-06-30T07:56:34.692594,-2922.409703718915,-5171.750016707975,-4099.074988250905,0.8370423454535671,4.283354014145465,-5.968057525468642,30947U
2025-06-30T07:57:34.692594,-2866.6484310797623,-4905.0572994485165,-4449.095694772556,1.0211012432564612,4.603738730447637,-5.6955701877536775,30947U
2025-06-30T07:58:34.692594,-2799.9560093217565,-4619.66014337928,-4782.107559508987,1.201303412526902,4.906631602371178,-5.401249948637313,30947U
2025-06-30T07:59:34.692594,-2722.583979226146,-4316.64224973051,-5096.832663889174,1.376978356661935,5.190899972356166,-5.086180389282413,30947U
2025-06-30T08:00:34.692594,-2634.823656681654,-3997.1533729733487,-5392.060295522879,1.5474712047240222,5.455475958861521,-4.7515181829272946,30947U
2025-06-30T08:01:34.692594,-2537.0051372726043,-3662.405340152205,-5666.6512310374765,1.7121447026388874,5.6993596663692765,-4.398489472057439,30947U
2025-06-30T08:02:34.692594,-2429.4961826549625,-3313.6678815728237,-5919.541798704327,1.8703811482805817,5.921622221087174,-4.028386131466142,30947U
2025-06-30T08:03:34.692594,-2312.7009919121874,-2952.2642829282086,-6149.747713926535,2.02158427334513,6.121408642260112,-3.6425619253776897,30947U
2025-06-30T08:04:34.692594,-2187.0588609166894,-2579.5668684159423,-6356.367681032967,2.1651810756582224,6.297940559414984,-3.242428563453928,30947U
2025-06-30T08:05:34.692594,-2053.042732521481,-2196.9923238614288,-6538.586755013179,2.3006236060721994,6.450518785668158,-2.8294516569870423,30947U
2025-06-30T08:06:34.692594,-1911.157640186865,-1805.9968683569134,-6695.679456820984,2.427390714345143,6.578525756381256,-2.4051465730196697,30947U
2025-06-30T08:07:34.692594,-1761.9390474176746,-1408.0712824726204,-6827.012635680325,2.544989758340405,6.6814278409503665,-1.9710741806284036,30947U
2025-06-30T08:08:34.692594,-1605.9510851710525,-1004.7358007503993,-6932.048071439661,2.6529582805086287,6.758777533347575,-1.5288364803078198,30947U
2025-06-30T08:09:34.692594,-1443.7846892049529,-597.5348759713655,-7010.344809461978,2.750865654910072,6.810215524230994,-1.0800721044150725,30947U
2025-06-30T08:10:34.692594,-1276.0556391960122,-188.0318226440014,-7061.561219820951,2.8383147069938968,6.835472654038615,-0.6264516741275374,30947U
2025-06-30T08:11:34.692594,-1103.4025013751855,222.1966526944527,-7085.456771731099,2.914943306983344,6.834371742550696,-0.16967299644496764,30947U
2025-06-30T08:12:34.692594,-926.4844764366952,631.5660263830212,-7081.893513200424,2.9804259360320753,6.806829286029511,0.28854391641726557,30947U
2025-06-30T08:13:34.692594,-745.979154578962,1038.4896291382415,-7050.837244904566,3.0344752223517086,6.752857008338913,0.7464620232544302,30947U
2025-06-30T08:14:34.692594,-562.5801797578181,1441.3844046341712,-6992.35837628656,3.0768434422991287,6.672563247538181,1.2023326431386891,30947U
2025-06-30T08:15:34.692594,-376.994825585335,1838.6767444513978,-6906.632450943187,3.1073239790082625,6.5661541544908255,1.6544010735308945,30947U
2025-06-30T08:16:34.692594,-189.94148579447705,2228.8083872240527,-6793.940327523048,3.125752728619798,6.433934675193625,2.100912450368781,30947U
2025-06-30T08:17:34.692594,-2.1470828343860218,2610.242368054455,-6654.668001700335,3.132009441573537,6.276309284003174,2.5401178594610454,30947U
2025-06-30T08:18:34.692594,185.6556010533673,2981.4690022697646,-6489.306054360827,3.126018983870776,6.093782430899811,2.9702807036471235,30947U
2025-06-30T08:19:34.692594,372.730664985803,3341.011885356303,-6298.448711013051,3.1077525007750135,5.886958662582529,3.389683324248836,30947U
2025-06-30T08:20:34.692594,558.3418964491291,3687.4338884959166,-6082.792497671592,3.0772284631968185,5.656542374714554,3.7966338684634064,30947U
2025-06-30T08:21:34.692594,741.7556365911964,4019.3431265720164,-5843.134479117914,3.0345135751000565,5.403337151224848,4.189473386625703,30947U
2025-06-30T08:22:34.692594,922.2436949051697,4335.398872898038,-5580.370066565403,2.979723518769183,5.128244646365423,4.5665831348981625,30947U
2025-06-30T08:23:34.692594,1099.086303014243,4634.317392304737,-5295.490383386557,2.9130235137824747,4.832262966366937,4.926392050117539,30947U
2025-06-30T08:24:34.692594,1271.5750958173905,4914.877661696871,-4989.579179722304,2.834628665126954,4.516484510118693,5.267384354494122,30947U
2025-06-30T08:25:34.692594,1439.0161067884048,5175.926944836609,-4663.809289501589,2.74480407613758,4.182093232383245,5.588107238886239,30947U
2025-06-30T08:26:34.692594,1600.732762778576,5416.386186027401,-4319.438626644172,2.643864702898451,3.830361298645044,5.88717856476162,30947U
2025-06-30T08:27:34.692594,1756.068862298896,5635.255185647032,-3957.8057209790004,2.532174928440079,3.4626451077444873,6.163294517009218,30947U
2025-06-30T08:28:34.692594,1904.3915199979724,5831.617519203568,-3580.324798638363,2.4101478375125973,3.0803806668617546,6.415237132790628,30947U
2025-06-30T08:29:34.692594,2045.0940589503707,6004.64516084213,-3188.48041632828,2.278244175894853,2.6850783130399907,6.641881625910025,30947U
2025-06-30T08:30:34.692594,2177.5988314773604,6153.602772094463,-2783.821663833778,2.1369709820658715,2.278316786052614,6.842203422018539,30947U
2025-06-30T08:31:34.692594,2301.3599485729246,6277.851617186268,-2367.9559543127693,1.9868798835517314,1.8617366687835488,7.015284817575656,30947U
2025-06-30T08:32:34.692594,2415.8658976490697,6376.853067453514,-1942.5424272253838,1.8285650552609545,1.4370332230745502,7.160321175070766,30947U
2025-06-30T08:33:34.692594,2520.642028264114,6450.171659376367,-1509.2849940492188,1.6626608425250755,1.0059486609029984,7.27662656866992,30947U
2025-06-30T08:34:34.692594,2615.25288579466,6497.477673436526,-1069.9250620612054,1.4898390572072904,0.5702639023786344,7.363638798282389,30947U
2025-06-30T08:35:34.692594,2699.3043736521936,6518.549204400287,-626.233976346351,1.3108059609916494,0.13178988308173512,7.420923695997536,30947U
2025-06-30T08:36:34.692594,2772.4457256469136,6513.273697694617,-180.00522463303872,1.1262989556290135,-0.3076415167057557,7.44817865685717,30947U
2025-06-30T08:37:34.692594,2834.3712714442404,6481.648931198043,266.9535465240692,0.9370830053380251,-0.7461868395893797,7.4452353358159815,30947U
2025-06-30T08:38:34.692594,2884.821979733208,6423.783426927932,712.8286524468668,0.7439468215532427,-1.18200062708695,7.412061464272307,30947U
2025-06-30T08:39:34.692594,2923.5867656918495,6339.896282660192,1155.8085736362104,0.5476988446375862,-1.6132451104477714,7.348761752409345,30947U
2025-06-30T08:40:34.692594,2950.503551561308,6230.316419341688,1594.0921857267397,0.34916306086707777,-2.0380999194537237,7.255577857414387,30947U
2025-06-30T08:41:34.692594,2965.4600715691095,6095.481246120799,2025.8969593271986,0.14917469586347745,-2.4547717113527523,7.132887412037797,30947U
2025-06-30T08:42:34.692594,2968.3944150258635,5935.934750779745,2449.4670730976663,-0.05142417242491587,-2.8615036232832862,6.98120212248488,30947U
2025-06-30T08:43:34.692594,2959.295304090621,5752.325029174215,2863.081384400406,-0.2517890371385944,-3.2565844548940546,6.801164958873836,30947U
2025-06-30T08:44:34.692594,2938.2021053995895,5545.401272826597,3265.0612037332776,-0.4510773783185546,-3.638357493278901,6.5935464750141675,30947U
2025-06-30T08:45:34.692594,2905.204577414826,5316.010238962707,3653.777821820341,-0.6484530281494235,-4.005228899602902,6.359240306675103,30947U
2025-06-30T08:46:34.692594,2860.4423579140157,5065.0922319128895,4027.6597416308214,-0.8430904446387354,-4.3556755856556775,6.099257908472037,30947U
2025-06-30T08:47:34.692594,2804.1041984527515,4793.676628830952,4385.199571608545,-1.034178855549786,-4.688252518705973,5.814722598718917,30947U
2025-06-30T08:48:34.692594,2736.4269548376983,4502.876986048412,4724.960540906876,-1.2209262379492245,-5.001599404103964,5.506862988859228,30947U
2025-06-30T08:49:34.692594,2657.6943446111036,4193.885765031233,5045.5826023080335,-1.4025631028673577,-5.294446706709989,5.177005879261205,30947U
2025-06-30T08:50:34.692594,2568.235484233356,3867.9687188245643,5345.788093621655,-1.5783460591423146,-5.565620984036553,4.826568706192749,30947U
2025-06-30T08:51:34.692594,2468.4232200405763,3526.4589810637917,5624.386933570568,-1.7475611353645397,-5.814049515604702,4.457051625708521,30947U
2025-06-30T08:52:34.692594,2358.6722681374804,3170.750900120611,5880.281333356754,-1.909526843792038,-6.0387642240955595,4.070029319086272,30947U
2025-06-30T08:53:34.692594,2239.4371791647955,2802.293660797603,6112.470010129795,-2.0635969750034255,-6.238904894109689,3.6671426015261854,30947U
2025-06-30T08:54:34.692594,2111.210144363985,2422.5847352413975,6320.0518933573885,-2.2091631167508354,-6.413721703483438,3.2500899113002886,30947U
2025-06-30T08:55:34.692594,1974.5186595719526,2033.1632035013986,6502.229319527573,-2.34565689483201,-6.562577089948901,2.820618750697667,30947U
2025-06-30T08:56:34.692594,1829.9230637401608,1635.6029825015728,6658.3107146334605,-2.4725519377138805,-6.684946982334711,2.380517143258383,30947U
2025-06-30T08:57:34.692594,1678.0139683184825,1231.5060002101902,6787.712767455671,-2.5893655700249036,-6.78042143041888,1.9316051642487524,30947U
2025-06-30T08:58:34.692594,1519.409593414363,822.4953495921271,6889.9620997361535,-2.6956602428300735,-6.8487046709558745,1.475726593439,30947U
2025-06-30T08:59:34.692594,1354.7530260651697,410.2084545845935,6964.69644193266,-2.7910447107887455,-6.889614669368957,1.0147407312931405,30947U
2025-06-30T09:00:34.692594,1184.7094152887144,-3.709722052414071,7011.66532536145,-2.875174967864283,-6.9030821772271596,0.5505144119684986,30947U
2025-06-30T09:01:34.692594,1009.9631178438351,-417.61340151538786,7030.730303209564,-2.9477549542294823,-6.88914934506742,0.08491423930117643,30947U
2025-06-30T09:02:34.692594,831.2148078618803,-829.8626171583039,7021.864714172546,-3.0085370474442015,-6.847967928561713,-0.38020093460478904,30947U
2025-06-30T09:03:34.692594,649.1785627494045,-1238.8297250319297,6985.1530033939725,-3.0573223509233403,-6.779797123668359,-0.8429872742592326,30947U
2025-06-30T09:04:34.692594,464.5789370201626,-1642.9057756473974,6920.789616015494,-3.0939607922513956,-6.6850010634673165,-1.3016229599857225,30947U
2025-06-30T09:05:34.692594,278.1480350208774,-2040.5067276153975,6829.0774790462965,-3.1183510431121415,-6.564046006075535,-1.7543149160582667,30947U
2025-06-30T09:06:34.692594,90.62259288160224,-2430.079485372561,6710.4260874925485,-3.130440271580553,-6.417497239581122,-2.1993052651702834,30947U
2025-06-30T09:07:34.692594,-97.25892054440612,-2810.1077445660267,6565.3492108086875,-3.1302237363581487,-6.246015726514729,-2.6348775084554217,30947U
2025-06-30T09:08:34.692594,-284.75917448104815,-3179.1176298383566,6394.46223579511,-3.117744231307374,-6.05035450716097,-3.0593624312292587,30947U
2025-06-30T09:09:34.692594,-471.1448099262398,-3535.6831107619328,6198.479162115525,-3.093091387433419,-5.831354878138126,-3.4711437348073533,30947U
2025-06-30T09:10:34.692594,-655.6892277583329,-3878.4311825288382,5978.2092666849185,-3.05640083834152,-5.589942360255892,-3.868663394294351,30947U
2025-06-30T09:11:34.692594,-837.6753230750569,-4206.046798767794,5734.553453303343,-3.0078532542202048,-5.327122467758461,-4.250426741307236,30947U
2025-06-30T09:12:34.692594,-1016.3981578461622,-4517.277544536168,5468.5003041121645,-2.9476732486096413,-5.043976289730155,-4.615007269310032,30947U
2025-06-30T09:13:34.692594,-1191.1675641942525,-4810.93803818274,5181.121849726142,-2.876128161638143,-4.741655893678131,-4.961051157779204,30947U
2025-06-30T09:14:34.692594,-1361.310670830066,-5085.914051408888,4873.569075257301,-2.79352672306601,-4.421379561103779,-5.28728150991154,30947U
2025-06-30T09:15:34.692594,-1526.1743453791205,-5341.166337513039,4547.06717988104,-2.7002175983666747,-4.084426865178827,-5.592502297175789,30947U
2025-06-30T09:16:34.692594,-1685.127545555365,-5575.734158504786,4202.910608091651,-2.596587821192468,-3.732133601393149,-5.875602002803967,30947U
2025-06-30T09:17:34.692594,-1837.5635723775415,-5788.738502542021,3842.4578713332385,-2.4830611158972067,-3.3658865831559956,-6.13555695541575,30947U
2025-06-30T09:18:34.692594,-1982.902218893679,-5979.384983990009,3467.126179252373,-2.3600961142935124,-2.9871183157206307,-6.371434343441327,30947U
2025-06-30T09:19:34.692594,-2120.5918081858845,-6146.966419332899,3078.3859003790444,-2.228184471476468,-2.597301563368766,-6.582394900903619,30947U
2025-06-30T09:20:34.692594,-2250.1111147820448,-6290.865073195443,2677.7548725627425,-2.087848886303647,-2.1979438264204836,-6.767695255476195,30947U
2025-06-30T09:21:34.692594,-2370.9711639957154,-6410.554569838502,2266.792583971349,-1.9396410329514262,-1.790581746255632,-6.926689930534919,30947U
2025-06-30T09:22:34.692594,-2482.7169041620778,-6505.601466683677,1847.0942458515071,-1.7841394108181148,-1.376775458024443,-7.058832994173532,30947U
2025-06-30T09:23:34.692594,-2584.928747227525,-6575.666487677525,1420.2847785457527,-1.6219471208790435,-0.9581029120212723,-7.163679349808154,30947U
2025-06-30T09:24:34.692594,-2677.223973681512,-6620.505415612221,988.0127324422292,-1.453689577376858,-0.536154185719846,-7.24088566500746,30947U
2025-06-30T09:25:34.692594,-2759.2579983885007,-6639.969643858963,551.9441655710178,-1.2800121644108338,-0.11252580914981043,-7.290210937492208,30947U
2025-06-30T09:26:34.692594,-2830.7254944708125,-6634.006389317992,113.75649947864609,-1.1015778475521423,0.31118487338170137,-7.311516699768772,30947U
2025-06-30T09:27:34.692594,-2891.3613730135535,-6602.658569729463,-324.8676252523229,-0.9190647510095187,0.733385282338278,-7.304766866526669,30947U
2025-06-30T09:28:34.692594,-2940.9416169860892,-6546.064349791942,-762.2464728494856,-0.7331637111076503,1.1524931003947168,-7.2700272316403,30947U
2025-06-30T09:29:34.692594,-2979.283968404457,-6464.456361784144,-1196.7052951287808,-0.5445758168777701,1.5669416668555691,-7.207464624294574,30947U
2025-06-30T09:30:34.692594,-3006.2484683754933,-6358.16060755599,-1626.5823534458414,-0.35400994840756767,1.9751852489931778,-7.117345736309122,30947U
2025-06-30T09:31:34.692594,-3021.737850261541,-6227.595049827822,-2050.23486087665,-0.16218032324081416,2.3757041719978353,-7.000035635086085,30947U
2025-06-30T09:32:34.692594,-3025.6977867711835,-6073.267901695683,-2466.0448266031,0.030195939431195175,2.7670097913196394,-6.855995978674988,30947U
2025-06-30T09:33:34.692594,-3018.116992308984,-5895.7756240687195,-2872.424785500034,0.22240122778055202,3.1476492935673446,-6.6857829511629365,30947U
2025-06-30T09:34:34.692594,-2999.027182395735,-5695.800641453081,-3267.8233970068295,0.41371981145156844,3.516210314738642,-6.490044937902086,30947U
2025-06-30T09:35:34.692594,-2968.502892393429,-5474.108787033943,-3650.730898508797,0.6034401737142262,3.8713253673317687,-6.269519960925387,30947U
2025-06-30T09:36:34.692594,-2926.661158129578,-5231.546488392511,-4019.684399612429,0.790857295776853,4.211676070740621,-6.025032895242846,30947U
2025-06-30T09:37:34.692594,-2873.661061308664,-4969.037705422856,-4373.273004860286,0.9752748886325021,4.535997182194932,-5.757492486524354,30947U
2025-06-30T09:38:34.692594,-2809.703142822027,-4687.58063209465,-4710.142753554175,1.1560075691234737,4.843080428275103,-5.467888189958287,30947U
2025-06-30T09:39:34.692594,-2735.0286872188285,-4388.244173640697,-5029.001366428348,1.3323829782387533,5.131778139636524,-5.157286848822594,30947U
2025-06-30T09:40:34.692594,-2649.918881682262,-4072.164210555438,-5328.622789893597,1.5037438409608819,5.401006693918916,-4.826829229547662,30947U
2025-06-30T09:41:34.692594,-2554.6938528675746,-3740.5396604777347,-5607.8515294488925,1.6694499682184274,5.649749773823608,-4.477726427812093,30947U
2025-06-30T09:42:34.692594,-2449.7115849087722,-3394.6283486288235,-5865.606764592901,1.8288802026284576,5.877061448925287,-4.111256157555307,30947U
2025-06-30T09:43:34.692594,-2335.366721792731,-3035.742696995837,-6100.886238156139,1.981434310695899,6.082069090885015,-3.7287589317675307,30947U
2025-06-30T09:44:34.692594,-2212.089257146305,-2665.2452419363544,-6312.769913383645,2.126534824924318,6.2639761322727,-3.331634140625878,30947U
2025-06-30T09:45:34.692594,-2080.343114289189,-2284.543989341121,-6500.423392332105,2.2636288398580025,6.42206467915416,-2.921336029059302,30947U
2025-06-30T09:46:34.692594,-1940.6246191907676,-1895.0876159806617,-6663.101089181792,2.3921897663752527,6.555697986900019,-2.4993695722700626,30947U
2025-06-30T09:47:34.692594,-1793.4608687440093,-1498.3605252000752,-6800.149151910126,2.5117190485650323,6.664322807319102,-2.0672862442207185,30947U
2025-06-30T09:48:34.692594,-1639.4079965519818,-1095.877764757646,-6911.008125429525,2.621747847217326,6.74747161319998,-1.6266796707471622,30947U
2025-06-30T09:49:34.692594,-1479.04933822686,-689.1798143540087,-6995.215348772163,2.721838693330277,6.804764703680942,-1.179181155902235,30947U
2025-06-30T09:50:34.692594,-1312.9934980501464,-279.82725031766455,-7052.407078220971,2.8115871140731445,6.835912190594453,-0.7264550675202522,30947U
2025-06-30T09:51:34.692594,-1141.8723187510302,130.60470497797164,-7082.320327470523,2.8906232323511136,6.840715862112138,-0.27019406594271794,30947U
2025-06-30T09:52:34.692594,-966.3387561436186,540.5317410653913,-7084.794414984313,2.958613339509425,6.8190709157310465,0.18788584151637916,30947U
2025-06-30T09:53:34.692594,-787.06466045159,948.3661162081136,-7059.772207733384,3.015261438810633,6.770967547997011,0.6460504383124762,30947U
2025-06-30T09:54:34.692594,-604.7384663375404,1352.522403773644,-7007.301049508121,3.0603107551669324,6.69649238348624,1.1025526462022368,30947U
2025-06-30T09:55:34.692594,-420.0627939831035,1751.4233176825956,-6927.533361037935,3.093545204246867,6.595829720609103,1.5556380987421803,30947U
2025-06-30T09:56:34.692594,-233.75196402073425,2143.505605061777,-6820.726898294257,3.114790811574609,6.469262566926042,2.0035509544902737,30947U
2025-06-30T09:57:34.692594,-46.529429726093056,2527.2259925330363,-6687.2446546502515,3.123917069663838,6.317173432055015,2.4445399600876145,30947U
2025-06-30T09:58:34.692594,140.87486936276198,2901.067170613684,-6527.554392093386,3.120838218662686,6.140044842094356,2.8768647687429403,30947U
2025-06-30T09:59:34.692594,327.7272273303086,3263.5437985211197,-6342.22778649451,3.1055144335204297,5.938459535973713,3.2988025139376456,30947U
2025-06-30T10:00:34.692594,513.2929591547509,3613.2085092879374,-6131.939172095418,3.0779528984142055,5.713100301473678,3.7086546314747446,30947U
2025-06-30T10:01:34.692594,696.8392480682693,3948.6578925638673,-5897.463870943632,3.0382087471943633,5.4647494070026115,4.104753915441421,30947U
2025-06-30T10:02:34.692594,877.6380444201128,4268.53842987326,-5639.676094024617,2.9863858470163724,5.194287584745949,4.485471785407606,30947U
2025-06-30T10:03:34.692594,1054.969006072923,4571.552354467882,-5359.546402368769,2.92263740121994,4.902692521657772,4.849225733424755,30947U
2025-06-30T10:04:34.692594,1228.122468926943,4856.463405367871,-5058.138718458105,2.8471663469751363,4.59103681703712,5.194486910383281,30947U
2025-06-30T10:05:34.692594,1396.4024346999474,5122.102442780857,-4736.606880856693,2.7602255233165636,4.260485369205035,5.519787802271379,30947U
2025-06-30T10:06:34.692594,1559.1295616431128,5367.372889942031,-4396.1907381247065,2.662117585984866,3.9122921590782958,5.823729938167167,30947U
2025-06-30T10:07:34.692594,1715.6441424853563,5591.2559646130185,-4038.211781728351,2.5531946470263502,3.5477964051886492,6.104991563687407,30947U
2025-06-30T10:08:34.692594,1865.3090526083513,5792.815662093646,-3664.0683218035756,2.4338576193851105,3.168418072852119,6.362335206404568,30947U
2025-06-30T10:09:34.692594,2007.5126503223908,5971.203450745572,-3275.2302141842906,2.3045552497391713,2.7756527295785562,6.59461505375627,30947U
2025-06-30T10:10:34.692594,2141.6716101708253,6125.6626407536905,-2873.2331520137955,2.165782826551378,2.3710657492558194,6.8007840594595095,30947U
2025-06-30T10:11:34.692594,2267.233669489124,6255.532387235732,-2459.6725404108165,2.018080554657379,1.9562858788806126,6.979900691667551,30947U
2025-06-30T10:12:34.692594,2383.6802680205046,6360.251289895643,-2036.1969779500491,1.8620315926046092,1.5329981933467396,7.131135235264673,30947U
2025-06-30T10:13:34.692594,2490.529060273555,6439.360553226667,-1604.5013740243935,1.6982597542722566,1.1029364757183704,7.2537755619219615,30947U
2025-06-30T10:14:34.692594,2587.3362805260685,6492.506673814724,-1166.3197363425563,1.5274268819010204,0.667875072148377,7.34723228491553,30947U
2025-06-30T10:15:34.692594,2673.6989409461735,6519.44362455167,-723.4176677523898,1.3502299033890894,0.2296202817920122,7.4110432212357935,30947U
2025-06-30T10:16:34.692594,2749.256844223706,6520.034509501766,-277.58461612792235,1.1673975923977282,-0.20999864765267456,7.444877091118673,30947U
2025-06-30T10:17:34.692594,2813.6943933741936,6494.252667707834,169.37407490813484,0.9796870552846737,-0.6491388391130692,7.448536394653405,30947U
2025-06-30T10:18:34.692594,2866.742182978779,6442.182209291444,615.6452632534422,0.7878799739747495,-1.085953332880641,7.421959416339893,30947U
2025-06-30T10:19:34.692594,2908.17835802722,6364.01797268841,1059.4161997447877,0.592778638423105,-1.5186007681280527,7.365221321086761,30947U
2025-06-30T10:20:34.692594,2937.829728700502,6260.064897645139,1498.8827580357304,0.3952018061785761,-1.9452551027881833,7.278534318806488,30947U
2025-06-30T10:21:34.692594,2955.5726318147517,6130.736814553416,1932.2576462492013,0.1959804295981707,-2.3641152738948588,7.162246889082085,30947U
2025-06-30T10:22:34.692594,2961.333532198439,5976.554656678651,2357.7785436435247,-0.004046706608848995,-2.773414701227318,7.016842071925987,30947U
2025-06-30T10:23:34.692594,2955.0893599266656,5798.144107699354,2773.716106348677,-0.20403739367153775,-3.1714305400227034,6.842934844990298,30947U
2025-06-30T10:24:34.692594,2936.8675820294256,5596.232702604354,3178.381787890819,-0.4031504088724928,-3.556492593494316,6.641268621310029,30947U
2025-06-30T10:25:34.692594,2906.74600995765,5371.646405190496,3570.1354228287432,-0.6005498843529267,-3.9269918028867763,6.412710914297396,30947U
2025-06-30T10:26:34.692594,2864.852346679983,5125.30569023592,3947.3925249005033,-0.7954095931585672,-4.281388241187274,6.158248228076174,30947U
2025-06-30T10:27:34.692594,2811.3634797188597,4858.2211624876945,4308.631255196238,-0.9869171138224745,-4.618218546735593,5.878980240746222,30947U
2025-06-30T10:28:34.692594,2746.5045286882237,4571.4887481930255,4652.3990201197485,-1.174277838087918,-4.936102743729129,5.576113355932723,30947U
2025-06-30T10:29:34.692594,2670.547657904804,4266.2844976641,4977.318663810277,-1.3567187904326374,-5.233750408263183,5.250953703546697,30947U
2025-06-30T10:30:34.692594,2583.8106663889153,3943.8590394512653,5282.094224750477,-1.533492232527164,-5.509966150336718,4.904899674169191,30947U
2025-06-30T10:31:34.692594,2486.6553690206492,3605.531728036333,5565.516231499829,-1.7038790305552756,-5.763654393957323,4.53943407281194,30947U
2025-06-30T10:32:34.692594,2379.485783764093,3252.68452759324,5826.466517692261,-1.8671917682570045,-5.993823448705315,4.156115977115805,30947U
2025-06-30T10:33:34.692594,2262.7461407120077,2886.7556743318473,6063.922541513059,-2.022777593468493,-6.199588876562828,3.7565723824767794,30947U
2025-06-30T10:34:34.692594,2136.9187292477845,2509.233159314643,6276.96119970581,-2.170020790671066,-6.380176167203636,3.3424897123703676,30947U
2025-06-30T10:35:34.692594,2002.5215998853137,2121.6480724833687,6464.762130672344,-2.308345076493592,-6.534922743071662,2.9156052665403207,30947U
2025-06-30T10:36:34.692594,1860.1061373596035,1725.5678470507798,6626.6105053379915,-2.437215619118475,-6.663279322296769,2.4776986730418056,30947U
2025-06-30T10:37:34.692594,1710.2545213292815,1322.5894414847967,6761.899308117301,-2.5561407860380454,-6.764810672730424,2.030583402694186,30947U
2025-06-30T10:38:34.692594,1553.5770906568773,914.3324941453249,6870.131113495206,-2.6646736275273515,-6.839195794108,1.5760983966434379,30947U
2025-06-30T10:39:34.692594,1390.709626687691,502.43248330881534,6950.919366432791,-2.7624131055118273,-6.886227567607577,1.1160998497607817,30947U
2025-06-30T10:40:34.692594,1222.310570294559,88.53392292566475,7003.989177020654,-2.8490050792038053,-6.905811912970482,0.6524531848107582,30947U
2025-06-30T10:41:34.692594,1049.0581867313779,-325.71637792174135,7029.17764156399,-2.9241430599785607,-6.897966493019951,0.18702524496467524,30947U
2025-06-30T10:42:34.692594,871.647691577345,-738.6759661936316,7026.43370363263,-2.9875687485003035,-6.862819004040287,-0.27832327447522404,30947U
2025-06-30T10:43:34.692594,690.7883502855411,-1148.7132832094126,6995.817569596958,-3.0390723671500655,-6.800605088260393,-0.7417451401796477,30947U
2025-06-30T10:44:34.692594,507.2005631052992,-1554.2140686155944,6937.499693852182,-3.0784928004225507,-6.7116659018392415,-1.2014136307336114,30947U
2025-06-30T10:45:34.692594,321.6129464421867,-1953.5876103291673,6851.759349372802,-3.1057175552335523,-6.596445368494485,-1.655529316417656,30947U
2025-06-30T10:46:34.692594,134.75942107411754,-2345.2728223830627,6738.9827994958305,-3.12068255209983,-6.455487145461899,-2.1023265658167514,30947U
2025-06-30T10:47:34.692594,-52.62368293964475,-2727.7441340062674,6599.66108696483,-3.123371757010399,-6.289431325015961,-2.5400797782715365,30947U
2025-06-30T10:48:34.692594,-239.80049532742396,-3099.5171744772597,6434.387456331732,-3.1138166625870083,-6.099010891496896,-2.967109342309646,30947U
2025-06-30T10:49:34.692594,-426.0384397602355,-3459.154239323767,6243.854425858119,-3.092095625912944,-5.885047950821802,-3.381787320526193,30947U
2025-06-30T10:50:34.692594,-610.6110245775111,-3805.269524338933,6028.850525115371,-3.0583330692626096,-5.648449746915274,-3.7825428610583876,30947U
2025-06-30T10:51:34.692594,-792.8005818769151,-4136.534114646292,5790.256714596922,-3.012698548949457,-5.390204477474151,-4.167867334930243,30947U
2025-06-30T10:52:34.692594,-971.9009470369103,-4451.680716751722,5529.042503826409,-2.9554056966712454,-5.111376920006245,-4.536319197332055,30947U
2025-06-30T10:53:34.692594,-1147.2200709680976,-4749.508122151967,5246.261784709956,-2.8867110371045186,-4.813103878199518,-4.886528569438965,30947U
2025-06-30T10:54:34.692594,-1318.082557609648,-5028.885391710747,4943.04839721213,-2.806912685099694,-4.496589458340137,-5.217201535869697,30947U
2025-06-30T10:55:34.692594,-1483.8321193889121,-5288.755750647819,4620.611444858453,-2.716348925665006,-4.163100185698698,-5.527124151421738,30947U
2025-06-30T10:56:34.692594,-1643.8339435780324,-5528.140184675782,4280.230378045917,-2.615396679991778,-3.8139599714566987,-5.815166149453991,30947U
2025-06-30T10:57:34.692594,-1797.476962712512,-5746.14072856438,3923.249863671827,-2.5044698610504263,-3.450544941785564,-6.080284343299273,30947U
2025-06-30T10:58:34.692594,-1944.1760224936581,-5941.943439230709,3551.0744601524693,-2.3840176227525105,-3.0742781420317242,-6.32152571145739,30947U
2025-06-30T10:59:34.692594,-2083.3739408948663,-6114.821046365549,3165.16311745705,-2.2545225072924286,-2.68662413049011,-6.5380301571127175,30947U
2025-06-30T11:00:34.692594,-2214.543452527088,-6264.135274600593,2767.023522323795,-2.1164984960208173,-2.2890834778854776,-6.729032932752964,30947U
2025-06-30T11:01:34.692594,-2337.189032704044,-6389.338832309941,2358.2063093089773,-1.9704889700141455,-1.8831871903070068,-6.893866721363913,30947U
2025-06-30T11:02:34.692594,-2450.848596076181,-6489.97706330426,1940.2991587411277,-1.8170645873549605,-1.4704910748818087,-7.031963366813547,30947U
2025-06-30T11:03:34.692594,-2555.095065179712,-6565.689258915536,1514.9208029711747,-1.656821084976937,-1.0525700688230315,-7.1428552475997,30947U
2025-06-30T11:04:34.692594,-2649.5378047651648,-6616.209629262144,1083.7149625195425,-1.4903770137224013,-0.6310125535860094,-7.226176290062321,30947U
2025-06-30T11:05:34.692594,-2733.823918325577,-6641.367933813277,648.3442338015719,-1.3183714159682858,-0.20741467664249255,-7.281662619398525,30947U
2025-06-30T11:06:34.692594,-2807.639403830997,-6641.089772717673,210.4839500527277,-1.1414614557666665,0.21662529620986964,-7.309152849292632,30947U
2025-06-30T11:07:34.692594,-2870.710166284576,-6615.396541701568,-228.18396313265848,-0.9603200118897338,0.6395125750825447,-7.3085880136050525,30947U
2025-06-30T11:08:34.692594,-2922.802885337278,-6564.405054652685,-665.977116591627,-0.775633244444642,1.059661364273927,-7.280011146267655,30947U
2025-06-30T11:09:34.692594,-2963.7257368231494,-6488.3268392685795,-1101.2187501593687,-0.5880981458136346,1.4755002829344817,-7.223566518222469,30947U
2025-06-30T11:10:34.692594,-2993.3289676950017,-6387.467112336114,-1532.2437691076782,-0.398420086569164,1.8854776677272622,-7.139498542827926,30947U
2025-06-30T11:11:34.692594,-3011.5053244400224,-6262.223442306354,-1957.4047053233585,-0.20731036671152647,2.2880667387418914,-7.028150363559327,30947U
2025-06-30T11:12:34.692594,-3018.190335627985,-6113.084107814945,-2375.07758499217,-0.015483782074904159,2.681770611931633,-6.889962139967691,30947U
2025-06-30T11:13:34.692594,-3013.3624497794717,-5940.626161658536,-2783.667685544594,0.1763437849386802,3.065127143654572,-6.725469049662742,30947U
2025-06-30T11:14:34.692594,-2997.043030230537,-5745.513210459097,-3181.615165691026,0.36745774199791886,3.4367135954594104,-6.535299025487634,30947U
2025-06-30T11:15:34.692594,-2969.2962091056224,-5528.492920826756,-3567.400553490437,0.5571471235607783,3.795151109984149,-6.320170248008484,30947U
2025-06-30T11:16:34.692594,-2930.228602884319,-5290.394263244161,-3939.5500785703293,0.7447068815273379,4.139108991691402,-6.080888413892075,30947U
2025-06-30T11:17:34.692594,-2879.9888923572557,-5032.124505175477,-4296.6408357454875,0.9294401249018281,4.46730878899638,-5.818343800697552,30947U
2025-06-30T11:18:34.692594,-2818.7672700052462,-4754.665965007805,-4637.305768438674,1.1106603048459305,4.7785281771590755,-5.533508148004006,30947U
2025-06-30T11:19:34.692594,-2746.7947580053665,-4459.072538410793,-4960.238461372178,1.2876933428195347,5.0716046439417015,-5.22743137367795,30947U
2025-06-30T11:20:34.692594,-2664.34240016516,-4146.466008533365,-5264.1977330071895,1.4598797008150806,5.3454389824451125,-4.901238142439647,30947U
2025-06-30T11:21:34.692594,-2571.720331115939,-3818.032151175576,-5548.012019102179,1.6265763939413964,5.598998597620968,-4.556124301762951,30947U
2025-06-30T11:22:34.692594,-2469.276726061787,-3475.0166456939114,-5810.583539528376,1.7871589467651516,5.831320634640086,-4.19335319758233,30947U
2025-06-30T11:23:34.692594,-2357.39663428714,-3118.7208019359514,-6050.892241103315,1.9410232958338496,6.041514938511962,-3.814251879338835,30947U
2025-06-30T11:24:34.692594,-2236.500699484278,-2750.497112996141,-6267.99950965085,2.0875876416351202,6.228766855019458,-3.4202072006661246,30947U
2025-06-30T11:25:34.692594,-2107.043769780057,-2371.7446430535756,-6461.051644769563,2.226294253863293,6.392339883115732,-3.012661818574183,30947U
2025-06-30T11:26:34.692594,-1969.513400131917,-1983.9042590343242,-6629.283090873181,2.356611234226149,6.531578188379918,-2.5931100904440303,30947U
2025-06-30T11:27:34.692594,-1824.4282495434727,-1588.453714374467,-6772.019417953032,2.478034241101639,6.6459089859182505,-2.1630938646219082,30947U
2025-06-30T11:28:34.692594,-1672.33637532886,-1186.902592763265,-6888.680045214732,2.590088180128273,6.73484479922893,-1.7241981570020535,30947U
2025-06-30T11:29:34.692594,-1513.8134264591745,-780.7871194825333,-6978.780700255236,2.6923288642571053,6.797985599022016,-1.2780467028739464,30947U
2025-06-30T11:30:34.692594,-1349.4607378611113,-371.6648478326787,-7041.935605802923,2.7843446459102257,6.8350208228459675,-0.8262973705843514,30947U
2025-06-30T11:31:34.692594,-1179.9033274332935,38.89077179498661,-7077.859385255089,2.8657580226728916,6.84573127266548,-0.3706374213861717,30947U
2025-06-30T11:32:34.692594,-1005.7877975164467,449.2959323527841,-7086.368677350507,2.936227216409052,6.829990883344097,0.08722140166194658,30947U
2025-06-30T11:33:34.692594,-827.7801426132847,857.962111707915,-7067.38344934858,2.9954477238569472,6.787768350410708,0.545547973606919,30947U
2025-06-30T11:34:34.692594,-646.5634653249267,1263.3018061863436,-7020.92799709328,3.0431538346640945,6.719128600652661,1.0025970940044118,30947U
2025-06-30T11:35:34.692594,-462.8356027651127,1663.7343458533114,-6947.131619374478,3.0791201105078914,6.62423408412669,1.456615016324828,30947U
2025-06-30T11:36:34.692594,-277.30666614104143,2057.6917799439957,-6846.228953117156,3.103162816477825,6.503345861273074,1.9058452146526321,30947U
2025-06-30T11:37:34.692594,-90.69649676407268,2443.6248192208855,-6718.559955191667,3.1151412933356184,6.35682445413688,2.348534398647265,30947U
2025-06-30T11:38:34.692594,96.26795752399313,2820.008820133515,-6564.569516110436,3.1149592567017024,6.185130426431405,2.782938783313159,30947U
2025-06-30T11:39:34.692594,282.8553406520307,3185.349793514627,-6384.806690622005,3.102566006727066,5.988824653515194,3.2073306146356413,30947U
2025-06-30T11:40:34.692594,468.3326554747606,3538.1904181985237,-6179.923530295442,3.077957529493021,5.768568240489365,3.620004945645692,30947U
2025-06-30T11:41:34.692594,651.9680927592203,3877.1160374435412,-5950.673503666335,3.0411774693351856,5.525122044739196,4.019286650093861,30947U
2025-06-30T11:42:34.692594,833.0339137143176,4200.760613440951,-5697.909490440707,2.9923179496093053,5.259345758511006,4.4035376527948715,30947U
2025-06-30T11:43:34.692594,1010.8093764126284,4507.812612560792,-5422.581337673391,2.9315202182003652,4.9721965076813746,4.771164347035142,30947U
2025-06-30T11:44:34.692594,1184.5836950287546,4797.02079141219,-5125.732967777567,2.8589750934091445,4.664726924846672,5.120625160458855,30947U
2025-06-30T11:45:34.692594,1353.6590193593088,5067.19985135615,-4808.499030705549,2.7749231858079284,4.3380826583171945,5.450438221813309,30947U
2025-06-30T11:46:34.692594,1517.3534206362635,5317.235926897768,-4472.1010956691225,2.679654872300868,3.9934992835709116,5.75918907213188,30947U
2025-06-30T11:47:34.692594,1675.0038682439867,5546.0918715001235,-4117.84338131685,2.573509999994109,3.6322985901772142,6.045538355672898,30947U
2025-06-30T11:48:34.692594,1825.9691806379706,5752.812302882973,-3747.1080273344037,2.456877299598888,3.2558842250796265,6.308229418508801,30947U
2025-06-30T11:49:34.692594,1969.6329325961392,5936.528368897609,-3361.349914908989,2.330193490947306,2.865736682276797,6.546095736393898,30947U
2025-06-30T11:50:34.692594,2105.4062999478897,6096.462194668116,-2962.091048343942,2.193942066767373,2.463407639194039,6.758068088697373,30947U
2025-06-30T11:51:34.692594,2232.730822171614,6231.930971934066,-2550.9145152206074,2.0486517450787036,2.050513651141236,6.943181392036709,30947U
2025-06-30T11:52:34.692594,2351.0810627666365,6342.350652467969,-2129.4580477738546,1.8948945853448154,1.6287292269211615,7.100581105991106,30947U
2025-06-30T11:53:34.692594,2459.9671471185425,6427.239209097753,-1699.4072134713751,1.7332837687470715,1.1997793205796197,7.229529124062698,30947U
2025-06-30T11:54:34.692594,2558.9371577260467,6486.219430264154,-1262.4882679988796,1.5644710484809659,0.7654312860879587,7.3294090659916815,30947U
2025-06-30T11:55:34.692594,2647.5793671452234,6519.02121715497,-820.4607088624106,1.389143881680738,0.3274863531002914,7.3997308926158585,30947U
2025-06-30T11:56:34.692594,2725.5242898514257,6525.483356261133,-375.10957246137013,1.208022260277907,-0.11222930756132546,7.440134771653312,30947U
2025-06-30T11:57:34.692594,2792.446535415718,6505.554744627496,71.76247837643811,1.0218552636173894,-0.5518738507259489,7.450394131936567,30947U
2025-06-30T11:58:34.692594,2848.0664469178723,6459.2950500409,518.3432258471494,0.8314173608380602,-0.9895992701837073,7.430417854518865,30947U
2025-06-30T11:59:34.692594,2892.1515103593897,6386.874793813552,962.8190742487865,0.6375044956832988,-1.4235610666342853,7.380251561437856,30947U
2025-06-30T12:00:34.692594,2924.5175229498263,6288.574849557295,1403.3832772878654,0.44092999041408665,-1.851927974347953,7.300077976407076,30947U
2025-06-30T12:01:34.692594,2945.029510479097,6164.785357278239,1838.2441590504952,0.2425203087126928,-2.272891648682507,7.190216345930076,30947U
2025-06-30T12:02:34.692594,2953.6023865027555,6016.004058109538,2265.6332718067874,0.043110719788386,-2.684676216880265,7.051120923872716,30947U
2025-06-30T12:03:34.692594,2950.201348696593,5842.834060905386,2683.8134344468244,-0.15645909273643221,-3.0855475970425448,6.883378536954333,30947U
2025-06-30T12:04:34.692594,2934.842010420385,5645.981057600977,3091.086596864583,-0.3553494332111512,-3.4738224947696175,6.687705262497489,30947U
2025-06-30T12:05:34.692594,2907.590268203867,5426.2500095756,3485.8014779525533,-0.5527249642837968,-3.8478769934858277,6.464942262704205,30947U
2025-06-30T12:06:34.692594,2868.5619084693594,5184.5413321173855,3866.3609279849943,-0.7477590034180586,-4.206154662722393,6.216050831332276,30947U
2025-06-30T12:07:34.692594,2817.921959276553,4921.846608386884,4231.228969938661,-0.9396377063038579,-4.547174118296026,5.942106718621968,30947U
2025-06-30T12:08:34.692594,2755.8837951630853,4639.243867927653,4578.937478630025,-1.1275641011027362,-4.869535979078528,5.64429380841913,30947U
2025-06-30T12:09:34.692594,2682.7080052156903,4337.892467726624,4908.092461297063,-1.3107619413550657,-5.17192917652129,5.3238972274922896,30947U
2025-06-30T12:10:34.692594,2598.7010363041863,4019.027616049378,5217.379908298313,-1.4884793497670918,-5.453136584908435,4.982295970954848,30947U
2025-06-30T12:11:34.692594,2504.213624921972,3683.9545807708155,5505.571187791798,-1.6599922298242502,-5.712039952072983,4.620955129485036,30947U
2025-06-30T12:12:34.692594,2399.63903228344,3334.042624691827,5771.52796347921,-1.8246074270884471,-5.947624121682831,4.241417803742841,30947U
2025-06-30T12:13:34.692594,2285.411098233249,2970.718710442342,6014.206619605013,-1.981665626952901,-6.158980548838741,3.8452967891887027,30947U
2025-06-30T12:14:34.692594,2162.00213012407,2595.4610170512883,6232.6621823041005,-2.130543980410637,-6.345310120373431,3.434266110594039,30947U
2025-06-30T12:15:34.692594,2029.9206431418756,2209.7923092182373,6426.05173097206,-2.2706584538870085,-6.505925299652341,3.0100524801921944,30947U
2025-06-30T12:16:34.692594,1889.708968619175,1815.2731988138833,6593.6372975342965,-2.4014659032854837,-6.640251622710382,2.574426746925595,30947U
2025-06-30T12:17:34.692594,1741.9407467096482,1413.4953362695767,6734.788255248212,-2.522465875999258,-6.7478285781107745,2.1291953969319084,30947U
2025-06-30T12:18:34.692594,1587.218319439376,1006.0745673895991,6848.983201952752,-2.6332021476802288,-6.828309906951793,1.6761921576105447,30947U
2025-06-30T12:19:34.692594,1426.17003963166,594.6440888098307,6935.811345475958,-2.7332640029969277,-6.881463362011579,1.2172697496199436,30947U
2025-06-30T12:20:34.692594,1259.447510572111,180.84763294617565,6994.973401218453,-2.8222872714331113,-6.907169966188197,0.7542918233004435,30947U
2025-06-30T12:21:34.692594,1087.7227705682342,-233.66728911684444,7026.282013782818,-2.8999551303987547,-6.90542281030349,0.2891251085367817,30947U
2025-06-30T12:22:34.692594,911.6854358007247,-647.2560606774284,7029.661715947029,-2.965998688578149,-6.876325429161818,-0.17636819980159849,30947U
2025-06-30T12:23:34.692594,732.0398140996824,-1058.283524487283,7005.14843933335,-3.0201973625785783,-6.820089792687552,-0.6403378047856164,30947U
2025-06-30T12:24:34.692594,549.5020015239978,-1465.1304179751173,6952.888591861783,-3.062379059643871,-6.73703394622288,-1.100952407853485,30947U
2025-06-30T12:25:34.692594,364.79697291213324,-1866.1996586033154,6873.137717556289,-3.0924201785348977,-6.627579330868823,-1.5564065400715452,30947U
2025-06-30T12:26:34.692594,178.65567691077462,-2259.922460995595,6766.258754557061,-3.1102454397468433,-6.492247811310298,-2.0049271207709385,30947U
2025-06-30T12:27:34.692594,-8.187854604947798,-2644.7642689162462,6632.719907340741,-3.1158275551163497,-6.331658435081605,-2.4447797423235236,30947U
2025-06-30T12:28:34.692594,-194.99937332833514,-3019.230486428194,6473.092149220647,-3.1091867456593647,-6.146523943881167,-2.874274681127354,30947U
2025-06-30T12:29:34.692594,-381.04724859756544,-3381.8719936306557,6288.04637123636,-3.0903901152536224,-5.937647054482769,-3.2917726353664647,30947U
2025-06-30T12:30:34.692594,-565.6052601966604,-3731.290433288851,6078.350193591869,-3.059550886610055,-5.705916524141307,-3.695690189898325,30947U
2025-06-30T12:31:34.692594,-747.9553416535358,-4066.1432554666117,5844.864455890356,-3.016827504926916,-5.452303013235085,-4.084505007866137,30947U
2025-06-30T12:32:34.692594,-927.3902660803184,-4385.148507970472,5588.539402572197,-2.962422613737956,-5.177854756289462,-4.456760747459292,30947U
2025-06-30T12:33:34.692594,-1103.216266842315,-4687.089361066666,5310.410580194989,-2.896581906786711,-4.883693051498949,-4.811071700831272,30947U
2025-06-30T12:34:34.692594,-1274.7555855562453,-4970.81835555644,5011.594463511627,-2.8195928593047195,-4.571007578408631,-5.146127150659087,30947U
2025-06-30T12:35:34.692594,-1441.3489401212228,-5235.261363924992,4693.283827702834,-2.7317833418528386,-4.241051553497891,-5.460695438335091,30947U
2025-06-30T12:36:34.692594,-1602.3579056966937,-5479.421254952534,4356.742884582455,-2.6335201198953024,-3.895136733962438,-5.753627736455987,30947U
2025-06-30T12:37:34.692594,-1757.16720176274,-5702.381252897323,4003.302201115105,-2.5252072425049645,-3.5346282809552996,-6.023861517199945,30947U
2025-06-30T12:38:34.692594,-1905.1868786463804,-5903.307983158115,3634.3534191394783,-2.4072843240209654,-3.160939494828926,-6.270423707456883,30947U
2025-06-30T12:39:34.692594,-2045.8543971834538,-6081.454197210148,3251.3437957444316,-2.280224723062951,-2.775526436414666,-6.492433521262693,30947U
2025-06-30T12:40:34.692594,-2178.6365955058054,-6236.161170575218,2855.770584298133,-2.144533624020036,-2.3798824500068907,-6.689104960204854,30947U
2025-06-30T12:41:34.692594,-2303.0315373159683,-6366.860768653043,2449.175276624769,-2.000746026928047,-1.9755326053544808,-6.859748973054943,30947U
2025-06-30T12:42:34.692594,-2418.5702364252093,-6473.077176383039,2033.1377272645643,-1.8494246524924778,-1.5640280775370434,-7.003775266912733,30947U
2025-06-30T12:43:34.692594,-2524.8182527933795,-6554.4282889253645,1609.270181098043,-1.6911577698588465,-1.1469404850088618,-7.120693763606487,30947U
2025-06-30T12:44:34.692594,-2621.377155813928,-6610.626761827003,1179.211225855461,-1.5265569555394145,-0.7258562072620633,-7.210115696933885,30947U
2025-06-30T12:45:34.692594,-2707.885851131317,-6641.480720457969,744.6196911458168,-1.3562547926359731,-0.302370704421449,-7.271754348493014,30947U
2025-06-30T12:46:34.692594,-2784.0217678545423,-6646.894129843459,307.16851561523157,-1.1809025201188268,0.12191713841525147,-7.305425422272681,30947U
2025-06-30T12:47:34.692594,-2849.501903630367,-6626.8668273578805,-131.4613963230155,-1.001167642404183,0.5454106191704137,-7.311047060767495,30947U
2025-06-30T12:48:34.692594,-2904.083725656178,-6581.494222065381,-569.5873070628958,-0.817731509790382,0.966520756505261,-7.288639508072932,30947U
2025-06-30T12:49:34.692594,-2947.5659263341327,-6510.96666576412,-1005.5307470295124,-0.6312868804497516,1.3836717353994337,-7.238324428111315,30947U
2025-06-30T12:50:34.692594,-2979.7890328850235,-6415.56850199823,-1437.6235645035874,-0.44253547461874004,1.795306239883381,-7.160323888754096,30947U
2025-06-30T12:51:34.692594,-3000.6358708428124,-6295.676800420425,-1864.2139047416774,-0.25218553137554406,2.1998906537752974,-7.054959025055477,30947U
2025-06-30T12:52:34.692594,-3010.0318819281024,-6151.75978490093,-2283.672099952131,-0.06094937794366523,2.5959201121987627,-6.922648397015152,30947U
2025-06-30T12:53:34.692594,-3007.9452973410985,-5984.374964669817,-2694.3964526498853,0.1304589791777891,2.9819233888946313,-6.763906059172092,30947U
2025-06-30T12:54:34.692594,-2994.3871680135267,-5794.166978537627,-3094.8188959591375,0.3213262327694901,3.356467606838395,-6.57933936083265,30947U
2025-06-30T12:55:34.692594,-2969.411253805346,-5581.865162841278,-3483.4105155601965,0.5109421156252493,3.7181627623856315,-6.3696464967882225,30947U
2025-06-30T12:56:34.692594,-2933.113774021058,-5348.280854239274,-3858.6869190816233,0.6986016970405959,4.065666055945165,-6.135613828971847,30947U
2025-06-30T12:57:34.692594,-2885.633021943359,-5094.304438762978,-4219.213439942985,0.8836076298648144,4.397686025081248,-5.878112999545361,30947U
2025-06-30T12:58:34.692594,-2827.148846338484,-4820.902158701937,-4563.610163747948,1.0652723441829077,4.712986478717835,-5.598097855459276,30947U
2025-06-30T12:59:34.692594,-2757.882003073034,-4529.112688898764,-4890.556766438341,1.2429201850155873,5.0103902338175255,-5.296601203518956,30947U
2025-06-30T13:00:34.692594,-2678.093380097141,-4220.043493901171,-5198.797154431645,1.4158894927297059,5.288782658365839,-4.974731413472469,30947U
2025-06-30T13:01:34.692594,-2588.083099094956,-3894.8669771656378,-5487.143897884759,1.583534626113427,5.5471150266543034,-4.633668884621359,30947U
2025-06-30T13:02:34.692594,-2488.189497085274,-3554.8164331528415,-5754.48244902084,1.7452279292428525,5.784407694632993,-4.274662388996154,30947U
2025-06-30T13:03:34.692594,-2378.7879911752984,-3201.1818127110155,-5999.775138113012,1.9003616443138711,5.9997531044293595,-3.8990253012805347,30947U
2025-06-30T13:04:34.692594,-2260.2898295429045,-2835.305311655665,-6222.064940201139,2.0483497734831504,6.192318627921554,-3.5081317225074624,30947U
2025-06-30T13:05:34.692594,-2133.140731549099,-2458.576791923962,-6420.479005935869,2.188629893430682,6.361349259477189,-3.1034125011464484,30947U
2025-06-30T13:06:34.692594,-1997.81941968245,-2072.429044168453,-6594.231950063997,2.3206649267738353,6.50617016755723,-2.686351151683299,30947U
2025-06-30T13:07:34.692594,-1854.8360458202717,-1678.332900175377,-6742.628891001307,2.4439448746068386,6.626189113825262,-2.2584796672588356,30947U
2025-06-30T13:08:34.692594,-1704.7305140717838,-1277.7922030821155,-6865.068234682221,2.5579885142836063,6.720898746679805,-1.8213742195022884,30947U
2025-06-30T13:09:34.692594,-1548.0707022680367,-872.3386430766841,-6961.04419543076,2.6623450660820205,6.789878773744404,-1.3766507355144222,30947U
2025-06-30T13:10:34.692594,-1385.4505839930407,-463.52646610577864,-7030.1490459888555,2.756595831581112,6.832798014842742,-0.9259603391382519,30947U
2025-06-30T13:11:34.692594,-1217.4882529351985,-52.92706314956087,-7072.075088080404,2.8403558054409173,6.849416333398131,-0.47098464135649937,30947U
2025-06-30T13:12:34.692594,-1044.8238512896924,357.876552145071,-7086.616334017644,2.9132752608130583,6.839586440106079,-0.013430862987829126,30947U
2025-06-30T13:13:34.692594,-868.117403984525,767.2953692027331,-7073.6698889030995,2.9750413068436563,6.803255558227937,0.44497322804085415,30947U
2025-06-30T13:14:34.692594,-688.0465606489204,1173.7401006235307,-7033.237021992753,3.025379414693784,6.7404669350646405,0.9024845825892376,30947U
2025-06-30T13:15:34.692594,-505.3042475083882,1575.6269866364385,-6965.423914813023,3.064054906239393,6.6513611792304665,1.3573503561584577,30947U
2025-06-30T13:16:34.692594,-320.59623179028034,1971.3836725888634,-6870.442072722555,3.090874397177403,6.536177398418021,1.8078136295009553,30947U
2025-06-30T13:17:34.692594,-134.6386017630764,2359.4551465857035,-6748.60838583933,3.105687183725706,6.3952541076006515,2.252119375698835,30947U
2025-06-30T13:18:34.692594,51.8448337753204,2738.3097225373112,-6600.3448246800135,3.1083865595376317,6.2290298732473905,2.6885206812282325,30947U
2025-06-30T13:19:34.692594,238.12522191047458,3106.4450517887967,-6426.177755542185,3.0989110469444574,6.03804365531528,3.115285223266935,30947U
2025-06-30T13:20:34.692594,423.4714122878853,3462.3941441854245,-6226.736860671226,3.077245524282878,5.822934805737024,3.530701999203411,30947U
2025-06-30T13:21:34.692594,607.1527672996583,3804.731376960515,-6002.753648643333,3.043422228956764,5.584442680013879,3.933088297108298,30947U
2025-06-30T13:22:34.692594,788.442027783851,4132.078467237336,-5755.059541229883,2.9975216141208123,5.32340581754013,4.320796887940659,30947U
2025-06-30T13:23:34.692594,966.6182249021485,4443.110381312727,-5484.583524319466,2.9396730355530196,5.040760646563753,4.692223411699492,30947U
2025-06-30T13:24:34.692594,1140.96962744663,4736.5611512899395,-5192.349352309247,2.8700552444928857,4.737539671361923,5.045813920789805,30947U
2025-06-30T13:25:34.692594,1310.7967123767394,5011.229567156782,-4879.472297745422,2.7888966620399906,4.414869102350114,5.3800725348316325,30947U
2025-06-30T13:26:34.692594,1475.4151449308674,5265.984710134665,-4547.1554409118135,2.6964754111992115,4.073965894502957,5.693569152260675,30947U
2025-06-30T13:27:34.692594,1634.1587532439864,5499.771291163923,-4196.6854975100205,2.5931190838680145,3.7161341656188114,5.984947155671177,30947U
2025-06-30T13:28:34.692594,1786.3824810710278,5711.6147568201395,-3829.4281865227676,2.479204222013942,3.3427609735540913,6.252931040229047,30947U
2025-06-30T13:29:34.692594,1931.4653010146617,5900.626123869631,-3446.8231447483063,2.3551554949858304,2.955311440461934,6.496333887949001,30947U
2025-06-30T13:30:34.692594,2068.8130696304843,6066.006503147255,-3050.3783992692884,2.221444558314252,2.555323222118042,6.714064605470875,30947U
2025-06-30T13:31:34.692594,2197.8613049772453,6207.051273546462,-2641.6644141843008,2.078588583430469,2.1444003313730224,6.905134839449593,30947U
2025-06-30T13:32:34.692594,2318.0778666334054,6323.153867700996,-2222.3077331831823,1.9271484523894755,1.724206336362355,7.068665482007943,30947U
2025-06-30T13:33:34.692594,2428.9655179527203,6413.8091324496945,-1793.9842448594252,1.7677266168106247,1.2964569660046745,7.203892679063403,30947U
2025-06-30T13:34:34.692594,2530.064350401245,6478.616229417135,-1358.4121029181867,1.6009646257269259,0.8629121672030832,7.310173256823234,30947U
2025-06-30T13:35:34.692594,2620.954050236668,6517.281044017654,-917.3443384861877,1.4275403326998786,0.42536766963352324,7.386989486395108,30947U
2025-06-30T13:36:34.692594,2701.2559885551805,6529.618074853973,-472.56120646685736,1.2481647982623634,-0.014353875264058647,7.433953113221807,30947U
2025-06-30T13:37:34.692594,2770.635116850552,6515.551779790537,-25.86231214013472,1.0635789093133348,-0.45441210487420514,7.4508085868129195,30947U
2025-06-30T13:38:34.692594,2828.8016516855673,6475.117359851119,420.94143211365144,0.8745497423423485,-0.8929584211830175,7.437435436805562,30947U
2025-06-30T13:39:34.692594,2875.512533847188,6408.460967426715,866.0359671043876,0.6818667021387679,-1.3281456409051573,7.393849753477466,30947U
2025-06-30T13:40:34.692594,2910.5726494092196,6315.839330966228,1307.6123090776803,0.4863374717878028,-1.758137724625602,7.320204744127017,30947U
2025-06-30T13:41:34.692594,2933.8358024161384,6197.6187942312035,1743.8747775087238,0.2887838131403334,-2.181119487238555,7.216790350846118,30947U
2025-06-30T13:42:34.692594,2945.2054313775225,6054.273774190369,2173.0491715789935,0.09003725946027602,-2.595306191781332,7.084031929729204,30947U
2025-06-30T13:43:34.692594,2944.6350643672454,5886.3846475696355,2593.390838916519,-0.10906525647568988,-2.9989529307872824,6.92248800605442,30947U
2025-06-30T13:44:34.692594,2932.128510192001,5694.635081801437,3003.192581554626,-0.3076857949865247,-3.3903637034826146,6.732847133988834,30947U
2025-06-30T13:45:34.692594,2907.7397857706183,5479.808831594406,3400.7923461130517,-0.5049897793103594,-3.7679001031776234,6.515923902588456,30947U
2025-06-30T13:46:34.692594,2871.572782476974,5242.786027197731,3784.580648443536,-0.7001503006570332,-4.129989537390699,6.272654141658543,30947U
2025-06-30T13:47:34.692594,2823.780676702479,4984.5389850101565,4153.0076862836295,-0.8923523186098264,-4.475132912322579,6.004089391525338,30947U
2025-06-30T13:48:34.692594,2764.565092215187,4706.127574854759,4504.590097969651,-1.0807967202062716,-4.80191172413813,5.71139070915417,30947U
2025-06-30T13:49:34.692594,2694.1750240023334,4408.694181406066,4837.9173297938,-1.2647042047122024,-5.1089945107417805,5.395821889593449,30947U
2025-06-30T13:50:34.692594,2612.905535134794,4093.458299617563,5151.657579625846,-1.4433189654091692,-5.395142629552545,5.058742186067667,30947U
2025-06-30T13:51:34.692594,2521.0962397607727,3761.7108056403144,5444.563289594437,-1.6159121443771693,-5.65921533859978,4.701598614256221,30947U
2025-06-30T13:52:34.692594,2419.1295866063756,3414.8079456467303,5715.476165845054,-1.7817850411271026,-5.900174169747982,4.325917926423678,30947U
2025-06-30T13:53:34.692594,2307.428958324832,3054.165085207882,5963.331708538876,-1.9402720608591915,-6.117086593690061,3.9332983392386813,30947U
2025-06-30T13:54:34.692594,2186.4566027014453,2681.2502614834502,6187.163240205574,-2.0907433929328865,-6.309128986225851,3.5254010955422106,30947U
2025-06-30T13:55:34.692594,2056.711412098695,2297.577579532634,6386.105425223651,-2.2326074146933497,-6.475588914040063,3.103941935244138,30947U
2025-06-30T13:56:34.692594,1918.7265676390314,1904.7004926302368,6559.3972774886215,-2.3653128199831883,-6.6158667655320595,2.670682544236862,30947U
2025-06-30T13:57:34.692594,1773.0670645037676,1504.2050046756528,6706.384657179164,-2.4883504753730326,-6.7294767581170225,2.227422043043859,30947U
2025-06-30T13:58:34.692594,1620.3271344033044,1097.7028306901598,6826.522260916959,-2.6012550103047527,-6.816047357780173,1.7759885691758053,30947U
2025-06-30T13:59:34.692594,1461.127580788465,686.8245491187143,6919.375112509221,-2.7036061499037283,-6.87532114953138,1.3182309991846577,30947U
2025-06-30T14:00:34.692594,1296.113041763826,273.21277727598,6984.619563869261,-2.7950298011643255,-6.9071541988561735,0.8560108484892603,30947U
2025-06-30T14:01:34.692594,1125.9491949653102,-141.48460112817338,7022.043817653453,-2.875198904556594,-6.9115149444174975,0.39119437945283336,30947U
2025-06-30T14:02:34.692594,951.3199179172195,-555.6211297951063,7031.547984661386,-2.94383406386832,-6.888482661291191,-0.0743550588286331,30947U
2025-06-30T14:03:34.692594,772.9244166160234,-967.5583706311094,7013.143690170587,-3.0007039673402476,-6.838245532112687,-0.5387844418470972,30947U
2025-06-30T14:04:34.692594,591.4743343368448,-1375.6723692581709,6966.953244170551,-3.045625612936363,-6.761098360885173,-1.0002582203095363,30947U
2025-06-30T14:05:34.692594,407.69085192978235,-1778.3599748867393,6893.208390985284,-3.0784643500022426,-6.65743996106651,-1.4569652027064404,30947U
2025-06-30T14:06:34.692594,222.3017902090991,-2174.0449958761055,6792.248654088044,-3.0991337486789434,-6.527770246133649,-1.9071251658570751,30947U
2025-06-30T14:07:34.692594,36.03872442521603,-2561.184173810213,6664.51929207895,-3.1075953073564695,-6.372687047317322,-2.3489951919110115,30947U
2025-06-30T14:08:34.692594,-150.36587972237015,-2938.272960193153,6510.56888187366,-3.10385800725012,-6.192882679798671,-2.7808757317676758,30947U
2025-06-30T14:09:34.692594,-336.18149954492316,-3303.8510809860077,6331.0465451839655,-3.0879777219521185,-5.989140275509586,-3.2011163955430635,30947U
2025-06-30T14:10:34.692594,-520.6823497033771,-3656.50787514147,6126.698834410693,-3.060056488620868,-5.762329897921749,-3.6081214706287414,30947U
2025-06-30T14:11:34.692594,-703.1501291699866,-3994.8873941105294,5898.366294142916,-3.020241646387569,-5.513404451931124,-4.00035516723161,30947U
2025-06-30T14:12:34.692594,-882.876712841225,-4317.693250014415,5646.979714590923,-2.968724846634252,-5.24339540020959,-4.376346590185185,30947U
2025-06-30T14:13:34.692594,-1059.1667800719042,-4623.693200823541,5373.556093494561,-2.9057409390684423,-4.953408296239058,-4.734694434431495,30947U
