timestamp,x_km,y_km,z_km,vx_km_s,vy_km_s,vz_km_s,name
2025-06-05T08:02:31.260187,-3630.0300858549003,6184.391115199418,-0.003510203305785752,0.9795003441834588,0.5590052351610919,7.422978335507629,33701U
2025-06-05T08:03:31.260187,-3564.2249113766293,6205.865996641097,445.09239548819096,1.2131962036278727,0.15652392148649616,7.408483412181767,33701U
2025-06-05T08:04:31.260187,-3484.5334977971424,6203.162753454583,888.4497540196484,1.442199151666896,-0.2466257815846666,7.36505005738377,33701U
2025-06-05T08:05:31.260187,-3391.2657478841056,6176.2908324414875,1328.3366961229685,1.6655709069004414,-0.6487928846038975,7.292853919678259,33701U
2025-06-05T08:06:31.260187,-3284.7871335233854,6125.35866637976,1763.0357940359825,1.8823988760601726,-1.0483315110472227,7.192200017448546,33701U
2025-06-05T08:07:31.260187,-3165.517004541352,6050.573099281713,2190.851779552902,2.0918009924240164,-1.4436097083879142,7.0635208358559955,33701U
2025-06-05T08:08:31.260187,-3033.9266136560536,5952.238285422936,2610.1191194038147,2.2929303062683206,-1.8330181044246738,6.907373527184125,33701U
2025-06-05T08:09:31.260187,-2890.53687403171,5830.754074402877,3019.209395053667,2.4849792828071395,-2.214978320545012,6.724436256140045,33701U
2025-06-05T08:10:31.260187,-2735.9158684894196,5686.613899735294,3416.5384368376554,2.667183768575911,-2.587951059222288,6.515503744287473,33701U
2025-06-05T08:11:31.260187,-2570.676131585119,5520.402193271163,3800.573166120013,2.838826593561411,-2.950443790563695,6.281482078799811,33701U
2025-06-05T08:12:31.260187,-2395.4717275190046,5332.791352039305,4169.838103497263,2.999240783216356,-3.301017971630986,6.0233828599047925,33701U
2025-06-05T08:13:31.260187,-2210.995148152318,5124.538287769032,4522.92150589824,3.1478123616368614,-3.6382957422876987,5.742316768531258,33701U
2025-06-05T08:14:31.260187,-2017.9740562704176,4896.48059237962,4858.481100617835,3.2839827343978434,-3.9609660521374415,5.439486640641959,33701U
2025-06-05T08:15:31.260187,-1817.1678996494402,4649.532355048335,5175.249389720967,3.4072506466207866,-4.267790184354293,5.116180137501436,33701U
2025-06-05T08:16:31.260187,-1609.3644214772094,4384.679668093385,5472.038503726488,3.517173718589117,-4.557606653513347,4.773762101726798,33701U
2025-06-05T08:17:31.260187,-1395.376092277015,4102.9758598422595,5747.744588896335,3.6133695674517985,-4.829335465572023,4.413666687516097,33701U
2025-06-05T08:18:31.260187,-1176.0364877266713,3805.5364929321804,6001.351717691853,3.695516529118191,-5.0819817386240524,4.037389350125531,33701U
2025-06-05T08:19:31.260187,-952.1966357021795,3493.5341661582565,6231.935316910666,3.7633539992314486,-5.314638692682717,3.646478774708513,33701U
2025-06-05T08:20:31.260187,-724.7213545606583,3168.1931571125983,6438.665112594574,3.816682416035268,-5.526490025329932,3.2425288183153174,33701U
2025-06-05T08:21:31.260187,-494.4856031653485,2830.78394151757,6620.8075949353515,3.855362910978255,-5.7168116974326555,2.827170531481993,33701U
2025-06-05T08:22:31.260187,-262.3708615054023,2482.61762343403,6777.7280100505195,3.879316655023264,-5.8849731591696965,2.4020643177307606,33701U
2025-06-05T08:23:31.260187,-29.261559028892357,2125.040308504696,6908.8918886293795,3.8885239298731857,-6.030438051281884,1.968892280772361,33701U
2025-06-05T08:24:31.260187,203.95843395885856,1759.4274501602574,7013.866124051849,3.88302295374336,-6.152764419759859,1.5293508005446679,33701U
2025-06-05T08:25:31.260187,436.40923823155657,1387.1781963532665,7092.3196146680275,3.86290849098262,-6.251604484167588,1.0851433707152751,33701U
2025-06-05T08:26:31.260187,667.2183090101126,1009.7097619679274,7144.023486519988,3.828330273866984,-6.326704000559186,0.6379737221595893,33701U
2025-06-05T08:27:31.260187,895.5236804697695,628.451849650322,7168.850913925135,3.779491263370947,-6.377901259607588,0.1895392494012957,33701U
2025-06-05T08:28:31.260187,1120.477102590453,244.84113946943762,7166.776556070022,3.7166457737773317,-6.405125759277146,-0.25847524977539815,33701U
2025-06-05T08:29:31.260187,1341.247062918723,-139.68413439470143,7137.875628136476,3.6400974837358318,-6.4083965893040435,-0.7044035172456267,33701U
2025-06-05T08:30:31.260187,1557.0216870337165,-523.6895038040024,7082.322625556151,3.550197353936006,-6.387820562074427,-1.1466034606880675,33701U
2025-06-05T08:31:31.260187,1767.0115125841837,-905.7494694075017,7000.389719821502,3.4473414690305573,-6.343590121382878,-1.5834624676739981,33701U
2025-06-05T08:32:31.260187,1970.452132694366,-1284.45257342261,6892.444843927868,3.3319688189245045,-6.2759810571814745,-2.0134024155080525,33701U
2025-06-05T08:33:31.260187,2166.6067053263846,-1658.4063313889908,6758.949485035074,3.204559032119353,-6.185350050946588,-2.434884386810165,33701U
2025-06-05T08:34:31.260187,2354.7683258475727,-2026.2420131297042,6600.456201366206,3.065630071536445,-6.072132072834747,-2.8464131021800827,33701U
2025-06-05T08:35:31.260187,2534.262260595133,-2386.619264265891,6417.605879748143,2.915735901194334,-5.936837648487661,-3.246541081896195,33701U
2025-06-05T08:36:31.260187,2704.4480396720837,-2738.2305605705956,6211.124749578274,2.755464130318834,-5.780050010276823,-3.6338725485735504,33701U
2025-06-05T08:37:31.260187,2864.7214075640045,-3079.8054882334527,5981.821168404201,2.5854336399450104,-5.602422145023017,-4.007067082155557,33701U
2025-06-05T08:38:31.260187,3014.516130451723,-3410.114843761767,5730.582193748734,2.406292195837421,-5.40467374783679,-4.364843037656553,33701U
2025-06-05T08:39:31.260187,3153.305659325543,-3727.974547785746,5458.369955317706,2.2187140506062626,-5.187588089733924,-4.705980734820861,33701U
2025-06-05T08:40:31.260187,3280.604648197583,-4032.2493674897514,5166.217841301615,2.023397537220442,-4.952008805095339,-5.029325427428702,33701U
2025-06-05T08:41:31.260187,3395.970326872857,-4321.85644277826,4855.226512127763,1.8210626556923568,-4.69883660385825,-5.333790058459695,33701U
2025-06-05T08:42:31.260187,3499.0037278885516,-4595.768611624358,4526.559754737015,1.612448654506515,-4.429025912524631,-5.618357805808885,33701U
2025-06-05T08:43:31.260187,3589.3507673740864,-4853.0175303576825,4181.440190244383,1.3983116083528173,-4.143581447622058,-5.8820844218145,33701U
2025-06-05T08:44:31.260187,3666.703179730029,-5092.69658494396,3821.144847686712,1.1794219938697104,-3.8435547251091466,-6.124100368563552,33701U
2025-06-05T08:45:31.260187,3730.7993061768707,-5313.963589600914,3447.0006164564998,0.9565622653671801,-3.5300405093367657,-6.3436127498376855,33701U
2025-06-05T08:46:31.260187,3781.4247373899057,-5516.04326939645,3060.3795899552247,0.7305244328475379,-3.2041732055039462,-6.539907039682648,33701U
2025-06-05T08:47:31.260187,3818.4128106150583,-5698.229523791095,2662.694312962745,0.5021076450388149,-2.867123200032171,-6.712348606950618,33701U
2025-06-05T08:48:31.260187,3841.6449618540837,-5859.887468422566,2255.3929451986087,0.2721157805681514,-2.520093153869084,-6.860384034783978,33701U
2025-06-05T08:49:31.260187,3851.0509339150535,-6000.455252787949,1839.9543535368043,0.04135505080215154,-2.164314254372822,-6.983542233879043,33701U
2025-06-05T08:50:31.260187,3846.6088413432863,-6119.445651859073,1417.88314531406,-0.18936838176042298,-1.8010424320705325,-7.081435348477488,33701U
2025-06-05T08:51:31.260187,3828.345093476917,-6216.447430065682,990.7046551402858,-0.4192507653591371,-1.4315545491900599,-7.153759454358088,33701U
2025-06-05T08:52:31.260187,3796.3341771059972,-6291.126476498058,559.9598975616026,-0.6474930967043132,-1.0571445673869997,-7.200295048617612,33701U
2025-06-05T08:53:31.260187,3750.6983004508975,-6343.226710608384,127.20049784432251,-0.8733034300439605,-0.6791197025042793,-7.220907331699787,33701U
2025-06-05T08:54:31.260187,3691.6069004106557,-6372.5707581242805,-306.0163869676845,-1.095899153014112,-0.29879657447744135,-7.215546282919884,33701U
2025-06-05T08:55:31.260187,3619.2760152600536,-6379.060397321814,-738.1331447219882,-1.3145092248048589,0.08250263938436166,-7.184246531597048,33701U
2025-06-05T08:56:31.260187,3533.9675251920544,-6362.676776231278,-1167.5967707384773,-1.5283763723631176,0.4634540395641649,-7.127127026804412,33701U
2025-06-05T08:57:31.260187,3435.988263305183,-6323.480401760795,-1592.8639047103006,-1.7367592406457484,0.8427358200046189,-7.0443905096344785,33701U
2025-06-05T08:58:31.260187,3325.6889998198826,-6261.610902112769,-2012.4058305881013,-1.9389344933245303,1.2190320567423871,-6.93632279271017,33701U
2025-06-05T08:59:31.260187,3203.46330247081,-6177.286564229859,-2424.7134283929313,-2.1341988608157663,1.591036462556289,-6.803291852408696,33701U
2025-06-05T09:00:31.260187,3069.746276160542,-6070.80364833378,-2828.302067209535,-2.321871133048785,1.9574561014177363,-6.645746739864569,33701U
2025-06-05T09:01:31.260187,2925.013185072333,-5942.535481906762,-3221.7164289317116,-2.5012940949799916,2.3170150574124215,-6.464216317243563,33701U
2025-06-05T09:02:31.260187,2769.777960524065,-5792.931335707091,-3603.5352526586626,-2.6718364034827573,2.668458053797976,-6.2593078259973725,33701U
2025-06-05T09:03:31.260187,2604.591597902487,-5622.515084602964,-3972.3759899650313,-2.8328944048749154,3.0105540189418014,-6.031705293790516,33701U
2025-06-05T09:04:31.260187,2430.040446046199,-5431.883656151374,-4326.8993615764375,-2.983893892959491,3.342099597010295,-5.782167786514836,33701U
2025-06-05T09:05:31.260187,2246.744392450082,-5221.70526994002,-4665.813806265578,-3.1242918080240023,3.6619226024145832,-5.511527511256045,33701U
2025-06-05T09:06:31.260187,2055.3549476456765,-4992.71747075167,-4987.879813028149,-3.253577877740635,3.9688854181125444,-5.220687775243849,33701U
2025-06-05T09:07:31.260187,1856.5532320748077,-4745.724958604754,-5291.91412779203,-3.3712762013060567,4.26188833887542,-4.910620804701109,33701U
2025-06-05T09:08:31.260187,1651.0478687245186,-4481.597218677697,-5576.793826041825,-3.476946778425724,4.539872861495108,-4.582365426120231,33701U
2025-06-05T09:09:31.260187,1439.57278473506,-4201.265954044157,-5841.46024279479,-3.5701869848568166,4.801824924585376,-4.237024610854504,33701U
2025-06-05T09:10:31.260187,1222.884925138567,-3905.7223240430344,-6084.922751329742,-3.6506329961496458,5.0467781010612685,-3.8757628820509593,33701U
2025-06-05T09:11:31.260187,1001.7618818425981,-3596.0139909928325,-6306.26238193956,-3.717961160946924,5.2738167465148695,-3.4998035809108186,33701U
2025-06-05T09:12:31.260187,776.9994409520854,-3273.2419778525377,-6504.635271739422,-3.7718893246932246,5.48207910649122,-3.1104259871015176,33701U
2025-06-05T09:13:31.260187,549.4090515327309,-2938.5573393426607,-6679.275936217229,-3.8121781038607385,5.670760385065794,-2.7089622859192155,33701U
2025-06-05T09:14:31.260187,319.8152189781987,-2593.157649000729,-6829.50035274882,-3.8386321098012703,5.839115776089373,-2.296794372602929,33701U
2025-06-05T09:15:31.260187,89.05282625657993,-2238.2833046661967,-6954.708845730166,-3.8511011200894885,5.986463456978528,-1.8753504821045677,33701U
2025-06-05T09:16:31.260187,-142.0356135003512,-1875.2136550043986,-7054.388762299288,-3.8494811937349454,6.1121875429660255,-1.4461016307335806,33701U
2025-06-05T09:17:31.260187,-372.6027693310743,-1505.262949907335,-7128.116926849578,-3.8337157249276967,6.215740997287568,-1.0105578545170717,33701U
2025-06-05T09:18:31.260187,-601.7993655992732,-1129.7761179792349,-7175.561861686953,-3.8037964280717675,6.2966484898810915,-0.5702642279606247,33701U
2025-06-05T09:19:31.260187,-828.7771113925648,-750.124374851118,-7196.485760280992,-3.7597642447909694,6.354509193845338,-0.12679664626996415,33701U
2025-06-05T09:20:31.260187,-1052.691680995826,-367.7006667961143,-7190.74619863365,-3.7017101614117367,6.3889995051970105,0.3182426458898925,33701U
2025-06-05T09:21:31.260187,-1272.7057395556963,16.085044943799797,-7158.297569374245,-3.6297759231995084,6.399875667454249,0.7632297952627385,33701U
2025-06-05T09:22:31.260187,-1487.9920072124082,399.81065253957684,-7099.192222328731,-3.5441546294198383,6.386976278352579,1.2065243650680106,33701U
2025-06-05T09:23:31.260187,-1697.736354010228,782.0469146739665,-7013.581294552422,-3.4450911911943827,6.3502246516840835,1.6464746563369728,33701U
2025-06-05T09:24:31.260187,-1901.1409168144803,1161.3626047073951,-6901.7152122107045,-3.3328826322139107,6.289631002977337,2.0814233341291666,33701U
2025-06-05T09:25:31.260187,-2097.4272282710863,1536.3297823544003,-6763.943846299074,-3.2078782107505956,6.205294423657212,2.5097133627941424,33701U
2025-06-05T09:26:31.260187,-2285.839346562361,1905.5291751742527,-6600.716304069099,-3.0704793401765547,6.097404604608086,2.929694249022819,33701U
2025-06-05T09:27:31.260187,-2465.646973361475,2267.5556538242877,-6412.580338230376,-2.9211392844413653,5.966243266887218,3.33972858507827,33701U
2025-06-05T09:28:31.260187,-2636.148545997526,2621.0237824881974,-6200.18135658538,-2.7603626047791274,5.812185254877004,3.738198877393754,33701U
2025-06-05T09:29:31.260187,-2796.674288446721,2964.5734232152463,-5964.261015777042,-2.5887043343876273,5.635699245602425,4.123514637799419,33701U
2025-06-05T09:30:31.260187,-2946.5892044041675,3296.8753701469227,-5705.655384330859,-2.4067688590155685,5.437348027437493,4.494119706158604,33701U
2025-06-05T09:31:31.260187,-3085.2959944073204,3616.6369868265188,-5425.292662190383,-2.2152084833594685,5.217788302129671,4.848499764363539,33701U
2025-06-05T09:32:31.260187,-3212.237877826247,3922.607817063395,-5124.190446495447,-2.0147216659344163,4.977769966100122,5.185189992707376,33701U
2025-06-05T09:33:31.260187,-3326.901299554268,4213.585137233512,-4803.452536446834,-1.8060509086464018,4.718134830415755,5.5027828108823345,33701U
2025-06-05T09:34:31.260187,-3428.8185004775164,4488.41941553572,-4464.265273722512,-1.5899802916252113,4.439814743712834,5.799935637556287,33701U
2025-06-05T09:35:31.260187,-3517.5699303190654,4746.019641673276,-4107.893419033879,-1.3673326489202435,4.143829088674472,6.075378594953667,33701U
2025-06-05T09:36:31.260187,-3592.7864812879398,4985.358488785775,-3735.675569982136,-1.1389663863229647,3.8312816303605426,6.327922078424579,33701U
2025-06-05T09:37:31.260187,-3654.1515211535852,5205.47726830344,-3349.0191303248766,-0.9057719487366169,3.503356703638051,6.556464105923357,33701U
2025-06-05T09:38:31.260187,-3701.4027049407546,5405.490637808408,-2949.394846004783,-0.668667951017738,3.161314736990478,6.759997358901863,33701U
2025-06-05T09:39:31.260187,-3734.3335454208504,5584.59102203616,-2538.330928714767,-0.42859699288724834,2.8064871208626356,6.937615824586776,33701U
2025-06-05T09:40:31.260187,-3752.79472396933,5742.05270788193,-2117.406793259919,-0.1865211851602149,2.4402704401518407,7.088520950127049,33701U
2025-06-05T09:41:31.260187,-3756.695125162962,5877.235575725811,-1688.2464403917681,0.056582579032994886,2.0641201021689004,7.212027221781824,33701U
2025-06-05T09:42:31.260187,-3746.002580685913,5989.5884315674375,-1252.5115219949346,0.29972756837512615,1.67954340302118,7.307567087209684,33701U
2025-06-05T09:43:31.260187,-3720.74431066958,6078.651907353801,-811.8941303642664,0.541922327832542,1.2880920865602952,7.374695145975961,33701U
2025-06-05T09:44:31.260187,-3681.0070534627334,6144.060900458837,-368.1093576795334,0.78217591394261,0.8913544604265458,7.413091542497154,33701U
2025-06-05T09:45:31.260187,-3626.9368779591646,6185.5465274706685,77.11232445556844,1.0195031978682865,0.4909471429742691,7.422564506587736,33701U
2025-06-05T09:46:31.260187,-3558.73867593297,6202.937572182915,522.0328125109096,1.2529301807773885,0.0885065226600077,7.403051999291626,33701U
2025-06-05T09:47:31.260187,-3476.675335271271,6196.161412869084,964.9141904479602,1.4814992649383123,-0.3143199824447408,7.354622435427678,33701U
2025-06-05T09:48:31.260187,-3381.066598473464,6165.244419429417,1404.0265645985344,1.7042744240343068,-0.7158827731914013,7.277474468868031,33701U
2025-06-05T09:49:31.260187,-3272.2876142077953,6110.311816705559,1837.6558571839018,1.9203462176285098,-1.1145389320768544,7.171935841562278,33701U
2025-06-05T09:50:31.260187,-3150.7671930372517,6031.587016033732,2264.1115020978705,2.1288365973257304,-1.5086610062580281,7.038461312302452,33701U
2025-06-05T09:51:31.260187,-3016.9857815013665,5929.390422799538,2681.733988147282,2.3289034560635558,-1.896645619252585,6.877629695701774,33701U
2025-06-05T09:52:31.260187,-2871.4731715796593,5804.137733251246,3088.9021971875572,2.519744876791351,-2.2769218238621742,6.690140055467567,33701U
2025-06-05T09:53:31.260187,-2714.8059650374003,5656.337738983032,3484.040487774236,2.7006030425720575,-2.6479591150005546,6.476807108352579,33701U
2025-06-05T09:54:31.260187,-2547.604814253255,5486.589662211657,3865.625478788647,2.870767776580211,-3.0082750288607856,6.238555905862626,33701U
2025-06-05T09:55:31.260187,-2370.531462803883,5295.580049141718,4232.1924919389085,3.0295796873946523,-3.356442263995532,5.976415869608374,33701U
2025-06-05T09:56:31.260187,-2184.285610310898,5084.079252271015,4582.341616947737,3.176432902169066,-3.691095270084613,5.691514262925273,33701U
2025-06-05T09:57:31.260187,-1989.6016268375445,4852.93753537789,4914.743368473967,3.3107773774837264,-4.010936261074581,5.38506918594247,33701U
2025-06-05T09:58:31.260187,-1787.2451424604862,4603.080837125226,5228.143909239981,3.4321207847267634,-4.314740620645792,5.058382183630808,33701U
2025-06-05T09:59:31.260187,-1578.0095375601604,4335.5062307089565,5521.369819308118,3.5400299735227194,-4.6013616792370176,4.712830556560703,33701U
2025-06-05T10:00:31.260187,-1362.7123589008054,4051.2771177848003,5793.33239684162,3.6341320228514205,-4.869734852810559,4.349859462276285,33701U
2025-06-05T10:01:31.260187,-1142.1916857529889,3751.518195064419,6043.031480875496,3.7141148949359484,-5.118881143868214,3.9709738915395416,33701U
2025-06-05T10:02:31.260187,-917.3024691961086,3437.4102315345267,6269.558791509319,3.779727711617941,-5.347910014674952,3.577730598460413,33701U
2025-06-05T10:03:31.260187,-688.9128663795381,3110.184693285537,6472.10078743343,3.830780676709377,-5.5560216510070655,3.171730056987867,33701U
2025-06-05T10:04:31.260187,-457.90058997687714,2771.1182515185324,6649.941044745858,3.867144670676696,-5.742508641861018,2.754608508701195,33701U
2025-06-05T10:05:31.260187,-225.1492913950883,2421.5272075152297,6802.462164566008,3.8887505459746587,-5.906757106343304,2.328030158627208,33701U
2025-06-05T10:06:31.260187,8.45500544795056,2062.761866287785,6929.147219980261,3.8955881524361464,-6.048247303372462,1.893679567225668,33701U
2025-06-05T10:07:31.260187,242.02740473328183,1696.2008883641267,7029.580755356223,3.8877051223983625,-6.166553762871397,1.4532542780344253,33701U
2025-06-05T10:08:31.260187,474.6875604430997,1323.2456467850304,7103.449353052469,3.865205444788776,-6.261344978874642,1.0084577120081266,33701U
2025-06-05T10:09:31.260187,705.5630075461493,945.3146139715395,7150.541784052524,3.8282478563048428,-6.332382705517095,0.5609923515617844,33701U
2025-06-05T10:10:31.260187,933.7923926516797,563.8378007256218,7170.7487601076855,3.777044076210703,-6.3795208963421555,0.11255322992822261,33701U
2025-06-05T10:11:31.260187,1158.528595592871,180.2512673139148,7164.062305628295,3.7118569092594407,-6.4027043259197285,-0.33517826518748206,33701U
2025-06-05T10:12:31.260187,1378.941734743029,-204.00827560549953,7130.574767873016,3.6329982389476956,-6.40196693056869,-0.7805402704243917,33701U
2025-06-05T10:13:31.260187,1594.2220500651986,-587.5087604830234,7070.477484006319,3.540826930834399,-6.377429902207466,-1.2218960096322005,33701U
2025-06-05T10:14:31.260187,1803.582658946212,-968.8279369231424,6984.059123383729,3.4357466631122335,-6.329299566184474,-1.6576390462228567,33701U
2025-06-05T10:15:31.260187,2006.2621807704177,-1346.5584140476196,6871.703723038204,3.318203699103641,-6.257865070531758,-2.0861982333563236,33701U
2025-06-05T10:16:31.260187,2201.527226954789,-1719.3125604044903,6733.888433831181,3.188684613942793,-6.163495910592663,-2.5060423723340506,33701U
2025-06-05T10:17:31.260187,2388.6747538046475,-2085.727251910465,6571.180994146015,3.047713985468465,-6.046639309531532,-2.9156845907785014,33701U
2025-06-05T10:18:31.260187,2567.034276073004,-2444.4684593915845,6384.236947380013,2.8958520573389133,-5.907817471954718,-3.3136864526600767,33701U
2025-06-05T10:19:31.260187,2735.969939529775,-2794.2356681930237,6173.796618869726,2.7336923806261653,-5.747624724849523,-3.6986618120959016,33701U
2025-06-05T10:20:31.260187,2894.882451187572,-3133.7661230868894,5940.681867288332,2.5618594386727764,-5.566724557350103,-4.069280422206887,33701U
2025-06-05T10:21:31.260187,3043.210866102529,-3461.8388923332423,5685.792625007036,2.381006258808415,-5.365846568516132,-4.424271309291053,33701U
2025-06-05T10:22:31.260187,3180.4342298894444,-3777.278745271636,5410.103241425502,2.191812013620486,-5.14578333038555,-4.762425921272114,33701U
2025-06-05T10:23:31.260187,3306.0730762725116,-4078.9598382547824,5114.658642861248,1.9949796138407279,-4.907387172047942,-5.082601057913706,33701U
2025-06-05T10:24:31.260187,3419.69077915109,-4365.809204108487,4800.570322244458,1.7912332945236749,-4.651566889369114,-5.383721588755331,33701U
2025-06-05T10:25:31.260187,3520.8947588041356,-4636.810040628964,4469.012171594246,1.5813161960263782,-4.379284384259357,-5.664782963208166,33701U
2025-06-05T10:26:31.260187,3609.3375419973813,-4891.00479392902,4121.2161700473935,1.3659879413181315,-4.091551236983144,-5.924853515824164,33701U
2025-06-05T10:27:31.260187,3684.7176759006647,-5127.498032732288,3758.4679400665545,1.1460222113195222,-3.7894252149154575,-6.163076568477095,33701U
2025-06-05T10:28:31.260187,3746.780495875594,-5345.459110003692,3382.1021843577237,0.9222043202540615,-3.4740067213088817,-6.378672330118337,33701U
2025-06-05T10:29:31.260187,3795.318747358165,-5544.124608600851,2993.4980159707443,0.6953287933591857,-3.146435187998157,-6.57093959392126,33701U
2025-06-05T10:30:31.260187,3830.1730622405244,-5722.800567946206,2594.0741940244156,0.46619694970874515,-2.8078854164767093,-6.739257231028865,33701U
2025-06-05T10:31:31.260187,3851.2322903498,-5880.864489053071,2185.284277483838,0.23561449331741366,-2.4595638723852917,-6.8830854797724115,33701U
2025-06-05T10:32:31.260187,3858.4336868302585,-6017.767115596482,1768.611709404842,0.00438911609604359,-2.1027049391002945,-7.001967029133717,33701U
2025-06-05T10:33:31.260187,3851.762956454791,-6133.033989097777,1345.5648440443626,-0.2266718834162112,-1.7385671367558697,-7.095527895363142,33701U
2025-06-05T10:34:31.260187,3831.2541561211633,-6226.266776691192,917.671929202261,-0.45676396132652264,-1.3684293136327221,-7.163478091019785,33701U
2025-06-05T10:35:31.260187,3796.9894570232022,-6297.144370355419,486.47605610615597,-0.6850876652435581,-0.9935868173629048,-7.2056120862389035,33701U
2025-06-05T10:36:31.260187,3749.098768223825,-6345.423756919886,53.5300890669958,-0.9108509421726411,-0.6153476537996473,-7.2218090627210225,33701U
2025-06-05T10:37:31.260187,3687.7592235909715,-6370.940658587274,-379.608412983001,-1.1332714128986254,-0.2350286416601347,-7.2120329617382,33701U
2025-06-05T10:38:31.260187,3613.1945342848367,-6373.609944144657,-811.382271108954,-1.3515786083991936,0.1460484288517182,-7.176332328324238,33701U
2025-06-05T10:39:31.260187,3525.6742092012705,-6353.425811458758,-1240.2397453745389,-1.5650161640330593,0.5265606253097422,-7.114839954714177,33701U
2025-06-05T10:40:31.260187,3425.512645977325,-6310.461742258329,-1664.6395666751894,-1.7728439675524683,0.9051876823384797,-7.027772326979722,33701U
2025-06-05T10:41:31.260187,3313.068095348057,-6244.870230592337,-2083.0559301030626,-1.9743402573858757,1.2806157834433016,-6.9154288796288945,33701U
2025-06-05T10:42:31.260187,3188.7415018037327,-6156.882286709012,-2493.9834388294357,-2.1688036681194194,1.651541308550971,-6.778191063656169,33701U
2025-06-05T10:43:31.260187,3052.9752236334753,-6046.8067184224265,-2895.941987789016,-2.3555552206514534,2.016674541167384,-6.616521234106166,33701U
2025-06-05T10:44:31.260187,2906.251635550968,-5915.029192313922,-3287.4815767700507,-2.533940255092075,2.3747433299547764,-6.430961363610526,33701U
2025-06-05T10:45:31.260187,2749.091617180203,-5762.011077351342,-3667.1870428354314,-2.703330305103439,2.724496700533699,-6.222131588542973,33701U
2025-06-05T10:46:31.260187,2582.05293073401,-5588.288073696178,-4033.6827023177034,-2.863124913005283,3.064708414397821,-5.990728594383188,33701U
2025-06-05T10:47:31.260187,2405.7284912460796,-5394.468629605922,-4385.636892931703,-3.012753385576902,3.3941804729531446,-5.7375238465652485,33701U
2025-06-05T10:48:31.260187,2220.744532720068,-5181.232149424702,-4721.766406822958,-3.151676491045833,3.711746565818014,-5.463361672495077,33701U
2025-06-05T10:49:31.260187,2027.7586735401615,-4949.3269956923405,-5040.840805603694,-3.279388098235095,4.016275463598637,-5.1691571995473,33701U
2025-06-05T10:50:31.260187,1827.457884451607,-4699.568288393909,-5341.6866086079335,-3.395416759216568,4.306674356336874,-4.85589415269784,33701U
2025-06-05T10:51:31.260187,1620.556362370619,-4432.835504322426,-5623.191345713825,-3.4993272370606507,4.581892139664314,-4.524622514023252,33701U
2025-06-05T10:52:31.260187,1407.7933132299595,-4150.069879447703,-5884.307466118203,-3.590721980351894,4.840922651331306,-4.17645604462598,33701U
2025-06-05T10:53:31.260187,1189.9306470164838,-3852.27161708308,-6124.056094396885,-3.6692425460329807,5.0828078611614735,-3.812569667658376,33701U
2025-06-05T10:54:31.260187,967.7505881186795,-3540.496904531253,-6341.53062503601,-3.7345709718224733,5.306641017559535,-3.4341967090595995,33701U
2025-06-05T10:55:31.260187,742.0532040892233,-3215.854740790872,-6535.900146361987,-3.7864310989044605,5.511569753420969,-3.0426259904511044,33701U
2025-06-05T10:56:31.260187,513.6538559470949,-2879.5035778279766,-6706.41268443304,-3.824589844800149,5.696799153618597,-2.6391987664173655,33701U
2025-06-05T10:57:31.260187,283.3805732141112,-2532.647777890844,-6852.398256973562,-3.84885842529212,5.8615947851304115,-2.225305496220122,33701U
2025-06-05T10:58:31.260187,52.07135700779508,-2176.533889385284,-6973.27172684475,-3.8590935229844514,6.005285689306465,-1.802382437933332,33701U
2025-06-05T10:59:31.260187,-179.42858528273703,-1812.446743965843,-7068.535443850179,-3.855198398553107,6.127267333728324,-1.3719080511555648,33701U
2025-06-05T11:00:31.260187,-410.26966992274765,-1441.705377752111,-7137.781662891804,-3.8371239389911733,6.227004518599186,-0.9353991929505842,33701U
2025-06-05T11:01:31.260187,-639.6008271565956,-1065.6587799799486,-7180.694725634649,-3.804869635211017,6.304034229629391,-0.49440709060235055,33701U
2025-06-05T11:02:31.260187,-866.572447229698,-685.6814729701848,-7197.052991932593,-3.7584844792713388,6.357968425986482,-0.05051307425910601,33701U
2025-06-05T11:03:31.260187,-1090.3393767920438,-303.1689280617369,-7186.730506344353,-3.6980677693027513,6.388496748118987,0.3946759473143057,33701U
2025-06-05T11:04:31.260187,-1310.0639596282329,80.46717686235856,-7149.698384164333,-3.6237698079744574,6.395389126212978,0.8395322837497633,33701U
2025-06-05T11:05:31.260187,-1524.9191147942965,463.80385141459783,-7086.0259005507005,-3.5357924781502303,6.378498265800516,1.2824125469742031,33701U
2025-06-05T11:06:31.260187,-1734.0914442529208,845.4118300109369,-6995.8812656025475,-3.434389677307205,6.337761982728253,1.7216630334392702,33701U
2025-06-05T11:07:31.260187,-1936.7843609921795,1223.8607424448744,-6879.532067671426,-3.319867590426558,6.273205355451915,2.15562541248836,33701U
2025-06-05T11:08:31.260187,-2132.2212274021745,1597.7244057782575,-6737.345366847603,-3.192584779506024,6.1849426586042675,2.5826427240437204,33701U
2025-06-05T11:09:31.260187,-2319.6484923838193,1965.5862234171739,-6569.78742049659,-3.052952066688744,6.073179038160012,3.0010656831978344,33701U
2025-06-05T11:10:31.260187,-2498.338814302486,2326.044674854485,-6377.423022994039,-2.9014321873454776,5.938211885467713,3.4092592827795913,33701U
2025-06-05T11:11:31.260187,-2667.594155501459,2677.7188769946024,-6160.914442474593,-2.7385391893798525,5.780431865117389,3.8056096776184103,33701U
2025-06-05T11:12:31.260187,-2826.748832696159,3019.254195285167,-5921.019938520411,-2.564837555626015,5.600323550236088,4.188531326191904,33701U
2025-06-05T11:13:31.260187,-2975.172506216898,3349.327880112191,-5658.591846313555,-2.3809410275434693,5.398465618516603,4.556474356780609,33701U
2025-06-05T11:14:31.260187,-3112.2730898026202,3666.654701142722,-5374.574214892832,-2.1875111105276526,5.17553056322734,4.907932116387537,33701U
2025-06-05T11:15:31.260187,-3237.4995615187963,3969.9925495960642,-5069.999989809631,-1.9852552440711555,4.932283875736002,5.241448851759044,33701U
2025-06-05T11:16:31.260187,-3350.344655427631,4258.147975873331,-4745.987733671793,-1.7749246237244078,4.669582659782852,5.5556274631444005,33701U
2025-06-05T11:17:31.260187,-3450.34741292887,4529.981627665239,-4403.737881784955,-1.5573116662818158,4.388373642890586,5.849137263255475,33701U
2025-06-05T11:18:31.260187,-3537.0955722618887,4784.413551680563,-4044.5285343118103,-1.3332471147928961,4.089690556877947,6.120721666545181,33701U
2025-06-05T11:19:31.260187,-3610.227774557031,5020.428320579222,-3669.7107910200198,-1.1035967857727047,3.7746508673803567,6.369205727718818,33701U
2025-06-05T11:20:31.260187,-3669.43556508398,5237.079945642978,-3280.703639700518,-0.8692579672297653,3.4444518414404777,6.593503443622214,33701U
2025-06-05T11:21:31.260187,-3714.4651689947864,5433.49653524394,-2878.988414623633,-0.6311554826920072,3.100365952433,6.792624729572719,33701U
2025-06-05T11:22:31.260187,-3745.119021917932,5608.884659344335,-2466.102846844097,-0.3902374431079275,2.74373563258896,6.96568198003927,33701U
2025-06-05T11:23:31.260187,-3761.257037233255,5762.533381125505,-2043.6347336483932,-0.14747071513743307,2.3759673949038427,7.11189612449776,33701U
2025-06-05T11:24:31.260187,-3762.7975937389706,5893.817918427585,-1613.215259824734,0.09616385928204528,1.9985253579307625,7.2306020923878025,33701U
2025-06-05T11:25:31.260187,-3749.718229691495,6002.202899993172,-1176.5120085857561,0.3396764513139126,1.6129242185261579,7.321253606402444,33701U
2025-06-05T11:26:31.260187,-3722.056031821389,6087.24518453079,-735.2217047482693,0.5820733955476468,1.220721728674129,7.383427230797279,33701U
2025-06-05T11:27:31.260187,-3679.907710858855,6148.596214307667,-291.06273704022897,0.8223624519178264,0.8235107427127056,7.416825610873593,33701U
2025-06-05T11:28:31.260187,-3623.429358279549,6186.003879285403,154.23248996788973,1.0595581255353845,0.4229109102783407,7.421279851057671,33701U
2025-06-05T11:29:31.260187,-3552.8358823382796,6199.313872639861,598.9253209222634,1.2926869885719976,0.020560097776955104,7.396750991775668,33701U
2025-06-05T11:30:31.260187,-3468.40012491771,6188.4705237569,1041.2786762980447,1.5207929474066968,-0.3818943730833436,7.343330559261811,33701U
2025-06-05T11:31:31.260187,-3370.4516641999826,6153.517100348798,1479.5648839669593,1.742942398600139,-0.7828045773919314,7.26124017713717,33701U
2025-06-05T11:32:31.260187,-3259.3753115889863,6094.595577062556,1912.0734588959701,1.9582292189094386,-1.180530835780769,7.150830243625981,33701U
2025-06-05T11:33:31.260187,-3135.6093145874647,6011.94587371556,2337.118774862955,2.165779537445747,-1.5734504662856619,7.012577693189756,33701U
2025-06-05T11:34:31.260187,-2999.6432803900466,5905.9045719583,2753.0475737036822,2.3647562421176764,-1.9599663483697523,6.847082875715246,33701U
2025-06-05T11:35:31.260187,-2852.0158377216626,5776.903124596941,3158.2462600953036,2.55436317756084,-2.338515212742891,6.655065599773096,33701U
2025-06-05T11:36:31.260187,-2693.312056870059,5625.465576885765,3551.147933165286,2.733848997662644,-2.7075755770443855,6.437360398491346,33701U
2025-06-05T11:37:31.260187,-2524.1606498863002,5452.205823713406,3930.239110183535,2.9025106423526554,-3.0656752554938373,6.1949110869431605,33701U
2025-06-05T11:38:31.260187,-2345.2309745240073,5257.824430664922,4294.0661021377355,3.059696415331973,-3.4113983799737495,5.928764688377679,33701U
2025-06-05T11:39:31.260187,-2157.2298666379984,5043.105050374168,4641.241005973521,3.204808646635706,-3.7433918803607265,5.640064812953383,33701U
2025-06-05T11:40:31.260187,-1960.898326462636,4808.910468339308,4970.447283564329,3.3373059311399915,-4.060371382921756,5.330044576771576,33701U
2025-06-05T11:41:31.260187,-1757.0080844496108,4556.178314434883,5280.444902919066,3.4567049411268123,-4.3611264968819645,5.000019150944767,33701U
2025-06-05T11:42:31.260187,-1546.35807218688,4285.91647771364,5570.07502260347,3.5625818176139434,-4.64452547050417,4.651378030238863,33701U
2025-06-05T11:43:31.260187,-1329.7708233801695,3999.198262772284,5838.264205712602,3.654573151175082,-4.909519208870405,4.285577108641744,33701U
2025-06-05T11:44:31.260187,-1108.088828999763,3697.157325995995,6084.02815487238,3.732376568281114,-5.155144655730762,3.9041306452371525,33701U
2025-06-05T11:45:31.260187,-882.1708695278378,3380.982429453267,6306.474964568076,3.7957509436849945,-5.380527551037852,3.508603198253611,33701U
2025-06-05T11:46:31.260187,-652.8883458424606,3051.9120491558783,6504.807891514896,3.8445162629847784,-5.584884583917378,3.1006015984040767,33701U
2025-06-05T11:47:31.260187,-421.12162869801176,2711.2288729047423,6678.327647741255,3.878553162202993,-5.767524967698196,2.681767024939406,33701U
2025-06-05T11:48:31.260187,-187.75644506928634,2360.2542211005384,6826.434224505532,3.8978021730207413,-5.927851469149631,2.253767239530393,33701U
2025-06-05T11:49:31.260187,46.319682134337214,2000.3424217856984,6948.628258097252,3.902262703239796,-6.065360928226589,1.818289024468082,33701U
2025-06-05T11:50:31.260187,280.2209262490599,1632.8751688973662,7044.511950975139,3.891991782178191,-6.179644307418071,1.3770308630357129,33701U
2025-06-05T11:51:31.260187,513.0665679403998,1259.2558903174772,7113.789563589326,3.8671026001212474,-6.270386311307166,0.9316958915059689,33701U
2025-06-05T11:52:31.260187,743.9843138728169,880.9041498900024,7156.267493647492,3.8277628697527977,-6.3373646172798,0.48398514429442985,33701U
2025-06-05T11:53:31.260187,972.1135132260208,499.25010518967,7171.853960559258,3.7741930357924454,-6.380448757606566,0.035591106526071316,33701U
2025-06-05T11:54:31.260187,1196.6082637724799,115.7290405351295,7160.558313376105,3.706664356982654,-6.399598691519632,-0.4118084182003117,33701U
2025-06-05T11:55:31.260187,1416.6404005490672,-268.22400742205025,7122.489980792379,3.6254968822208005,-6.394863103588463,-0.8565561226476648,33701U
2025-06-05T11:56:31.260187,1631.402361329045,-651.1795162000025,7057.8570817422315,3.531057340128381,-6.366377461837026,-1.2970206958134678,33701U
2025-06-05T11:57:31.260187,1840.1099241232905,-1031.7186225575801,6966.964714875885,3.423756958796995,-6.314361865813292,-1.731602013953966,33701U
2025-06-05T11:58:31.260187,2042.004812820129,-1408.4381342284248,6850.21294478153,3.304049229939121,-6.239118711383076,-2.1587360316225714,33701U
2025-06-05T11:59:31.260187,2236.3571678149992,-1779.9553978297874,6708.094502286978,3.172427629280515,-6.141030195522272,-2.5768993834508263,33701U
2025-06-05T12:00:31.260187,2422.467879095724,-2144.9130136792496,6541.192215576266,3.029423302824245,-6.020555680956151,-2.984613708461136,33701U
2025-06-05T12:01:31.260187,2599.6707797536706,-2501.9833892962074,6350.176188227585,2.8756027266397393,-5.878228937250572,-3.3804497090599503,33701U
2025-06-05T12:02:31.260187,2767.3346982963335,-2849.8731242388335,6135.800739656181,2.7115653461194547,-5.71465527198662,-3.763030956617419,33701U
2025-06-05T12:03:31.260187,2924.8653684614587,-3187.3272196547346,5898.901122854632,2.5379411992180803,-5.530508563012857,-4.131037454813858,33701U
2025-06-05T12:04:31.260187,3071.707195493262,-3513.133106527786,5640.390033781436,2.3553885270492008,-5.326528200510975,-4.483208970842864,33701U
2025-06-05T12:05:31.260187,3207.3448780504355,-3826.124487101002,5361.253926273319,2.164591374358586,-5.103515945756676,-4.81834814321171,33701U
2025-06-05T12:06:31.260187,3331.304885091154,-4125.184984374968,5062.549145950401,1.9662571818031176,-4.86233271201008,-5.135323373385872,33701U
2025-06-05T12:07:31.260187,3443.1567872310466,-4409.251594936309,4745.397896253958,1.7611143716197446,-4.603895271922394,-5.433071506973707,33701U
2025-06-05T12:08:31.260187,3542.514442211712,-4677.317940689659,4410.984049494432,1.5499099281357873,-4.329172895166877,-5.710600308634002,33701U
2025-06-05T12:09:31.260187,3629.0370342534507,-4928.437315354642,4060.5488155974417,1.333406974623815,-4.039183919665773,-5.966990733471977,33701U
2025-06-05T12:10:31.260187,3702.429967209176,-5161.7255218743085,3695.3862810974574,1.1123823481972186,-3.7349922597375023,-6.2013989964398,33701U
2025-06-05T12:11:31.260187,3762.4456115875523,-5376.363497163021,3316.8388308439344,0.887624174747756,-3.417703854690194,-6.413058440206061,33701U
2025-06-05T12:12:31.260187,3808.88390567857,-5571.599720917442,2926.2924648337594,0.6599294463022232,-3.0884630617796915,-6.601281201143924,33701U
2025-06-05T12:13:31.260187,3841.5928111941844,-5746.7524055256235,2525.1720225602194,0.4301016035907098,-2.7484489979836866,-6.765459672520955,33701U
2025-06-05T12:14:31.260187,3860.4686240315978,-5901.2114644430085,2114.9363272570304,0.1989481270397635,-2.3988718356623204,-6.905067763663362,33701U
2025-06-05T12:15:31.260187,3865.456140975382,-6034.440256759255,1697.0732624096615,-0.032721860196231134,-2.0409690578333635,-7.019661953804149,33701U
2025-06-05T12:16:31.260187,3856.548683375096,-6145.977106058719,1273.0947928898515,-0.26409997320088346,-1.6760016794354746,-7.10888213949689,33701U
2025-06-05T12:17:31.260187,3833.7879790649417,-6235.436592074475,844.5319430397232,-0.4943809260090568,-1.3052504415486108,-7.1724522748576645,33701U
2025-06-05T12:18:31.260187,3797.2639040267372,-6302.510614050386,412.9297439771199,-0.7227648676183343,-0.9300119860457928,-7.210180804459796,33701U
2025-06-05T12:19:31.260187,3747.114085534064,-6346.969225149914,-20.157837688566378,-0.9484596887452797,-0.5515950185370039,-7.221960889413056,33701U
2025-06-05T12:20:31.260187,3683.523368748972,-6368.661237680834,-453.17297765762464,-1.1706832947739798,-0.17131646770680736,-7.207770427971942,33701U
2025-06-05T12:21:31.260187,3606.723148968817,-6367.514599332773,-884.5590663373039,-1.3886658404520587,0.20950235077373203,-7.167671872894852,33701U
2025-06-05T12:22:31.260187,3516.9905719371754,-6343.536541044202,-1312.765764095532,-1.6016519221007872,0.5895395576701086,-7.101811848674565,33701U
2025-06-05T12:23:31.260187,3414.647604828616,-6296.8134975191215,-1736.254027872138,-1.8089027234312796,0.9674765131423211,-7.010420572633261,33701U
2025-06-05T12:24:31.260187,3300.0599807052017,-6227.510801795468,-2153.501097863763,-2.0096981114484254,1.3420015918545865,-6.893811084688185,33701U
2025-06-05T12:25:31.260187,3173.636019392182,-6135.872155617623,-2563.005433325282,-2.2033386794368344,1.7118139235141372,-6.752378291288328,33701U
2025-06-05T12:26:31.260187,3035.8253278617676,-6022.2188776826115,-2963.291586792852,-2.389147734557872,2.0756270928554503,-6.586597829579372,33701U
2025-06-05T12:27:31.260187,2887.1173833175503,-5886.948932104098,-3352.9150063663565,-2.566473228196543,2.432172794008799,-6.397024758219621,33701U
2025-06-05T12:28:31.260187,2728.0400022537037,-5730.535739668363,-3730.4667560002135,-2.7346896278184305,2.7802044351979975,-6.184292081422476,33701U
2025-06-05T12:29:31.260187,2559.1576988156557,-5553.52677463801,-4094.578144063103,-2.893199729722317,3.118500690797394,-5.949109112710114,33701U
2025-06-05T12:30:31.260187,2381.06993581491,-5356.541949990466,-4443.925250721331,-3.041436412674049,3.4458689988990545,-5.692259684508469,33701U
2025-06-05T12:31:31.260187,2194.409271753105,-5140.271794059884,-4777.233344963601,-3.1788643329536588,3.761149003653439,-5.4146002090827166,33701U
2025-06-05T12:32:31.260187,1999.839407190443,-4905.475421583735,-5093.281182308393,-3.304981561813698,4.063215942708232,-5.117057595397733,33701U
2025-06-05T12:33:31.260187,1798.0531337578104,-4652.978302143658,-5390.905174402738,-3.419321166702024,4.350983981026704,-4.800627025294259,33701U
2025-06-05T12:34:31.260187,1589.7701890653063,-4383.66982894056,-5669.003421821411,-3.5214527378185556,4.623409493168397,-4.466369590911661,33701U
2025-06-05T12:35:31.260187,1375.7350207085842,-4098.50069076305,-5926.539601398436,-3.610983861626396,4.879494296709115,-4.115409793584065,33701U
2025-06-05T12:36:31.260187,1156.7144625290996,-3798.480049909912,-6162.546699353553,-3.687561542796068,5.118288839807613,-3.7489329025261062,33701U
2025-06-05T12:37:31.260187,933.4953262525431,-3484.6725287228055,-6376.130581309002,-3.7508735757069487,5.33889534594467,-3.3681821695516914,33701U
2025-06-05T12:38:31.260187,706.8819116231883,-3158.1950072912564,-6566.473390017995,-3.80064986604318,5.540470918517275,-2.974455893892849,33701U
2025-06-05T12:39:31.260187,477.6934381833559,-2820.213234829004,-6732.836761239877,-3.836663702189976,5.722230607222948,-2.5691043289788373,33701U
2025-06-05T12:40:31.260187,246.76140192707163,-2471.938257206548,-6874.564847700247,-3.858732975054477,5.883450436984937,-2.1535264208752376,33701U
2025-06-05T12:41:31.260187,14.926860200917181,-2114.6226631857394,-6991.087140467059,-3.866721343604611,6.02347039852088,-1.7291663660655079,33701U
2025-06-05T12:42:31.260187,-216.96235155590404,-1749.5566520605635,-7081.921076366284,-3.8605393418503673,6.1416973975356575,-1.2975099744800176,33701U
2025-06-05T12:43:31.260187,-448.0544673313925,-1378.063925691808,-7146.674419264664,-3.8401454212054005,6.237608156925004,-0.8600808222506439,33701U
2025-06-05T12:44:31.260187,-677.4966980120994,-1001.4974083536431,-7185.04740218345,-3.8055469201935628,6.310752063331767,-0.4184361776977991,33701U
2025-06-05T12:45:31.260187,-904.4381939759663,-621.2347984198192,-7196.834616298424,-3.7568009513481893,6.360753945937396,0.025837316338336403,33701U
2025-06-05T12:46:31.260187,-1128.0330573396302,-238.67395671911567,-7181.926631962987,-3.6940151929448493,6.387316771560552,0.47112822043461056,33701U
2025-06-05T12:47:31.260187,-1347.443397628148,144.77186258463448,-7140.311335998084,-3.6173485709769224,6.390224236049661,0.9158051523425922,33701U
2025-06-05T12:48:31.260187,-1561.8424237474565,527.6789314783941,-7072.0749686712825,-3.527011814602276,6.369343227701942,1.3582219302047862,33701U
2025-06-05T12:49:31.260187,-1770.417564125889,908.6181093383626,-6977.402843086127,-3.4232678662444247,6.324626134139485,1.7967230160166157,33701U
2025-06-05T12:50:31.260187,-1972.3736057638016,1286.160035560815,-6856.579729176792,-3.306432125713379,6.256112959866366,2.2296492663042318,33701U
2025-06-05T12:51:31.260187,-2166.93584169908,1658.8804412333307,-6709.9898842084085,-3.1768725062172294,6.163933217778603,2.655343992182984,33701U
2025-06-05T12:52:31.260187,-2353.353215081482,2025.365565275145,-6538.11671167997,-3.0350092790625096,6.048307554371479,3.072159325191988,33701U
2025-06-05T12:53:31.260187,-2530.901446675606,2384.2176580535775,-6341.542030871384,-2.881314683285193,5.909549065465523,3.4784628786252108,33701U
2025-06-05T12:54:31.260187,-2698.886131210977,2734.060552894939,-6120.944940024187,-2.716312276502886,5.748064257132152,3.8726446865975186,33701U
2025-06-05T12:55:31.260187,-2856.6457866048604,3073.5452831984694,-5877.100257346707,-2.540576004011571,5.564353605316466,4.2531243949345505,33701U
2025-06-05T12:56:31.260187,-3003.5548387417525,3401.355720092681,-5610.8765257281775,-2.354728964627186,5.359011667586417,4.618358669344754,33701U
2025-06-05T12:57:31.260187,-3139.0265232473944,3716.214202809943,-5323.233569263968,-2.1594418540370857,5.132726701621779,4.966848777437804,33701U
2025-06-05T12:58:31.260187,-3262.515684593505,4016.8871312750643,-5015.21959245138,-1.9554310694968242,4.886279747600158,5.297148292253228,33701U
2025-06-05T12:59:31.260187,-3373.5214519639685,4302.190487895653,-4687.967816209432,-1.743456463571329,4.620543135604846,5.607870856343714,33701U
2025-06-05T13:00:31.260187,-3471.5897706497794,4570.995253287332,-4342.692648693841,-1.5243187392404962,4.33647838459788,5.897697937414053,33701U
2025-06-05T13:01:31.260187,-3556.3157673694864,4822.232678764128,-3980.6853931759597,-1.298856483991212,4.035133466336164,6.165386499367586,33701U
2025-06-05T13:02:31.260187,-3627.3459278731093,5054.899376955537,-3603.309499979661,-1.0679428464007565,3.717639415779998,6.409776506656361,33701U
2025-06-05T13:03:31.260187,-3684.3800655187124,5268.062190964815,-3211.995374540239,-0.8324818650437513,3.3852062789063653,6.629798175362103,33701U
2025-06-05T13:04:31.260187,-3727.173060236258,5460.862802127519,-2808.2347589734177,-0.5934044661682312,3.0391183992028665,6.824478881704091,33701U
2025-06-05T13:05:31.260187,-3755.5363484310983,5632.522036728669,-2393.5747100041935,-0.35166415330071266,2.680729055232007,6.992949637891819,33701U
2025-06-05T13:06:31.260187,-3769.3391459321892,5782.343833034662,-1969.6112015785661,-0.10823241855572194,2.3114544732282076,7.134451046567346,33701U
2025-06-05T13:07:31.260187,-3768.5093880489853,5909.718831714725,-1537.9823858353998,0.13590608826325634,1.9327672503988407,7.248338648598734,33701U
2025-06-05T13:08:31.260187,-3753.0343731431144,6014.127555172769,-1100.3615512035944,0.37975859089020375,1.546189236090214,7.334087584704961,33701U
2025-06-05T13:09:31.260187,-3722.961098809587,6095.143144460066,-658.4498210795286,0.6223293711872966,1.1532839288973367,7.391296499240694,33701U
2025-06-05T13:10:31.260187,-3678.3962827484906,6152.433626250901,-213.96864069185912,0.8626250559536092,0.7556484577841086,7.419690624297293,33701U
2025-06-05T13:11:31.260187,-3619.506063630116,6185.763686769365,231.3478967418481,1.099659951674336,0.3549052240100933,7.419123993853383,33701U
2025-06-05T13:12:31.260187,-3546.5153806446833,6194.9959344679455,675.7608307291986,1.332461370978709,-0.04730671216881222,7.3895807507343845,33701U
2025-06-05T13:13:31.260187,-3459.7070339039633,6180.091638571506,1117.534165359835,1.5600748938769284,-0.4493404106870611,7.331175523254699,33701U
2025-06-05T13:14:31.260187,-3359.420431344385,6141.110936192222,1554.9426955932406,1.7815695074455327,-0.8495499040227664,7.24415286321269,33701U
2025-06-05T13:15:31.260187,-3246.050031186561,6078.212506461365,1986.2797712170402,1.9960425695169486,-1.246299028717062,7.128885751950607,33701U
2025-06-05T13:16:31.260187,-3120.0434922541217,5991.652715875463,2409.864942600114,2.202624545044899,-1.637970142916654,6.985873196033695,33701U
2025-06-05T13:17:31.260187,-2981.8995474680314,5881.7842446814675,2824.051434163278,2.400483468066876,-2.0229726397601993,6.815736948304989,33701U
2025-06-05T13:18:31.260187,-2832.165618545867,5749.054209496935,3227.233394136544,2.588829087422515,-2.3997511713744553,6.619217403225147,33701U
2025-06-05T13:19:31.260187,-2671.435192288887,5594.001802355888,3617.8528725944125,2.7669166604435618,-2.7667935049973726,6.39716872714019,33701U
2025-06-05T13:20:31.260187,-2500.3449807915817,5417.255470883829,3994.406483846801,2.9340503655024914,-3.12263794104813,6.150553294128689,33701U
2025-06-05T13:21:31.260187,-2319.57188942582,5219.529668247715,4355.45171389996,3.0895863113807547,-3.465880232530416,5.880435506123196,33701U
2025-06-05T13:22:31.260187,-2129.8298175204254,5001.621204833462,4699.612838750575,3.2329351286670227,-3.795179955649604,5.587975081921351,33701U
2025-06-05T13:23:31.260187,-1931.8663172746203,4764.40523622961,5025.586424601439,3.363564135602363,-4.1092662925998455,5.274419903422028,33701U
2025-06-05T13:24:31.260187,-1726.4591366246168,4508.830924023029,5332.146386544784,3.4809990777419784,-4.406943198775044,4.941098508948056,33701U
2025-06-05T13:25:31.260187,-1514.412671550469,4235.916807141912,5618.148587716753,3.5848254473141936,-4.68709393783707,4.58941232293184,33701U
2025-06-05T13:26:31.260187,-1296.5543527021387,3946.7459220367705,5882.534966255932,3.6746893940641074,-4.948684978813968,4.220827708696637,33701U
2025-06-05T13:27:31.260187,-1073.7309902864026,3642.460709916924,6124.337182484735,3.7502982445401347,-5.1907692594138926,3.836867926781499,33701U
2025-06-05T13:28:31.260187,-846.80509993965,3324.257748614804,6342.67978348225,3.811420651122695,-5.412488828792146,3.4391050754889387,33701U
2025-06-05T13:29:31.260187,-616.6512308712196,2993.3823455036536,6536.782886552211,3.8578863955462954,-5.613076890911522,3.0291520833743686,33701U
2025-06-05T13:30:31.260187,-384.1523159594638,2651.1230263321027,6705.964386949663,3.889585874205571,-5.791859276255152,2.6086548155644493,33701U
2025-06-05T13:31:31.260187,-150.19606176638217,2298.8059529349202,6849.641698585847,3.9064692941763264,-5.9482553749208975,2.1792843473898253,33701U
2025-06-05T13:32:31.260187,84.32860532845896,1937.7893006345107,6967.333039256046,3.9085456096641327,-6.081778568015474,1.7427294501724415,33701U
2025-06-05T13:33:31.260187,318.53502245041994,1569.4576238299524,7058.658274241644,3.895881228586213,-6.192036196817661,1.3006893253854221,33701U
2025-06-05T13:34:31.260187,551.5421903198358,1195.216235870611,7123.339333935729,3.868598518285195,-6.2787291104588085,0.8548666150757989,33701U
2025-06-05T13:35:31.260187,782.4780790823223,816.4856268957332,7161.200222466771,3.8268741380713243,-6.341650832992048,0.406960708620202,33701U
2025-06-05T13:36:31.260187,1010.4828304116702,434.6959409502721,7172.166635189368,3.7709372245065733,-6.380686389828468,-0.04133864125414144,33701U
2025-06-05T13:37:31.260187,1234.711847849945,51.28153141764542,7156.265203424172,3.701067453198155,-6.39581083176815,-0.48835738656696487,33701U
2025-06-05T13:38:31.260187,1454.3387686440662,-332.32438832330877,7113.622385017358,3.6175929984768005,-6.387087492419008,-0.9324429350990913,33701U
2025-06-05T13:39:31.260187,1668.5583114845767,-714.6949840726857,7044.463019209913,3.520888409808012,-6.354666011850627,-1.3719695875825777,33701U
2025-06-05T13:40:31.260187,1876.5889955505747,-1094.4149166454713,6949.108564016782,3.4113724212248417,-6.298780156044589,-1.8053436678317478,33701U
2025-06-05T13:41:31.260187,2077.675727119054,-1470.0853227774826,6827.975033869153,3.2895057075676477,-6.219745458238007,-2.2310083551594193,33701U
2025-06-05T13:42:31.260187,2271.092250714795,-1840.3286508884964,6681.570654721364,3.155788598946284,-6.117956704758477,-2.6474482301326723,33701U
2025-06-05T13:43:31.260187,2456.1434623704404,-2203.7933426763457,6510.493253211562,3.010758762663991,-5.993885284543571,-3.053193545645592,33701U
2025-06-05T13:44:31.260187,2632.1675830494937,-2559.158352521917,6315.427395832121,2.8549888599055344,-5.848076418332829,-3.4468242355205865,33701U
2025-06-05T13:45:31.260187,2798.5381906743864,-2905.1374975302556,6097.141293441804,2.6890841828239602,-5.681146280597802,-3.8269736725083194,33701U
2025-06-05T13:46:31.260187,2954.666109510643,-3240.4836317306385,5856.4834858656295,2.5136802762798256,-5.4937790247000615,-4.192332186746682,33701U
2025-06-05T13:47:31.260187,3100.001155906514,-3563.9926385382873,5594.379320794537,2.3294405473938333,-5.286723719575283,-4.541650354586586,33701U
2025-06-05T13:48:31.260187,3234.0337395872866,-3874.5072360583495,5311.827240730566,2.137053865263251,-5.060791204456547,-4.873742066301478,33701U
2025-06-05T13:49:31.260187,3356.2963198704538,-4170.920590213035,5009.894891329623,1.9372321526464635,-4.816850866772263,-5.187487379675392,33701U
2025-06-05T13:50:31.260187,3466.3647163143405,-4452.179731016663,4689.715064174067,1.7307079711132576,-4.5558273473706326,-5.481835164906169,33701U
2025-06-05T13:51:31.260187,3563.8592734488084,-4717.288767627689,4352.481486760344,1.518232101062313,-4.27869717660761,-5.755805544745962,33701U
2025-06-05T13:52:31.260187,3648.445879372341,-4965.311898091423,3999.4444723035035,1.3005711180855746,-3.9864853445496515,-6.008492132402848,33701U
2025-06-05T13:53:31.260187,3719.8368381398864,-5195.3762099615715,3631.90644183657,1.0785049673789762,-3.6802618085456356,-6.239064068495367,33701U
2025-06-05T13:54:31.260187,3777.791596017629,-5406.674268268821,3251.2173310044213,0.8528245382208628,-3.361137941660914,-6.446767857331685,33701U
2025-06-05T13:55:31.260187,3822.1173218456574,-5598.466487596654,2858.76989390892,0.6243292409287671,-3.0302629258897182,-6.630929002001909,33701U
2025-06-05T13:56:31.260187,3852.66934192968,-5770.083285334442,2455.9949163443075,0.3938245891283802,-2.688820094617429,-6.79095343724034,33701U
2025-06-05T13:57:31.260187,3869.351430078471,-5920.927013510013,2044.3563507556244,0.1621197905930885,-2.3380232294378724,-6.926328758738448,33701U
2025-06-05T13:58:31.260187,3872.1159536130026,-6050.473666958934,1625.34638524918,-0.06997464968898251,-1.9791128170946013,-7.036625247560411,33701U
2025-06-05T13:59:31.260187,3860.9638763945486,-6158.274365965298,1200.4804589709302,-0.3016493102160157,-1.6133522729612069,-7.121496688515434,33701U
2025-06-05T14:00:31.260187,3835.944620149137,-6243.956611905632,771.2922361402401,-0.5320982131596805,-1.2420241380652466,-7.180680981749166,33701U
2025-06-05T14:01:31.260187,3797.155785600555,-6307.225314840466,339.32855097230816,-0.7605211595665431,-0.8664262571546938,-7.214000547401158,33701U
2025-06-05T14:02:31.260187,3744.7427351606657,-6347.863592421181,-93.85566435912862,-0.986126035008688,-0.48786794567789105,-7.221362523898837,33701U
2025-06-05T14:03:31.260187,3678.898039158445,-6365.7333399076615,-526.702456684322,-1.208131081131728,-0.10766615377097631,-7.202758761283037,33701U
2025-06-05T14:04:31.260187,3599.8607878148455,-6360.77557151762,-957.6559218414133,-1.425767128668225,0.272858364593302,-7.15826561184211,33701U
2025-06-05T14:05:31.260187,3507.915771384257,-6333.010533744726,-1385.1672560249747,-1.6382797877112145,0.6523848692571916,-7.088043521228627,33701U
2025-06-05T14:06:31.260187,3403.39253108163,-6282.537591682738,-1807.6997770029525,-1.844931591369544,1.0295964305856902,-6.992336424100141,33701U
2025-06-05T14:07:31.260187,3286.6642835926236,-6209.534889769062,-2223.733903979371,-2.0450040893463863,1.4031836979579344,-6.871470949120018,33701U
2025-06-05T14:08:31.260187,3158.1467221218413,-6114.258788708415,-2631.7720851542117,-2.237799888477683,1.7718486334031183,-6.725855438835725,33701U
2025-06-05T14:09:31.260187,3018.2966970646894,-5997.0430806472905,-3030.3436623343478,-2.422644637829504,2.1343082045339252,-6.555978790478218,33701U
2025-06-05T14:10:31.260187,2867.6107794950562,-5858.297984940288,-3418.0096622537462,-2.5988889565537487,2.489298031842754,-6.36240912406574,33701U
2025-06-05T14:11:31.260187,2706.623710738136,-5698.508927072799,-3793.3675045771306,-2.7659103033276877,2.8355759864475476,-6.145792284312381,33701U
2025-06-05T14:12:31.260187,2535.906741349658,-5518.235103481514,-4155.055616861976,-2.92311478682215,3.171925735456683,-5.906850182715304,33701U
2025-06-05T14:13:31.260187,2356.0658628462206,-5318.107835139167,-4501.757947042715,-3.069938917236426,3.4971602332411185,-5.64637898579937,33701U
2025-06-05T14:14:31.260187,2167.739935533568,-5098.8287128476295,-4832.208364252188,-3.205851299471063,3.8101251580007136,-5.36524715482755,33701U
2025-06-05T14:15:31.260187,1971.5987157594127,-4861.167537212088,-5145.194939008086,-3.3303542689590104,4.109702294054306,-5.064393341330468,33701U
2025-06-05T14:16:31.260187,1768.3407858815217,-4605.96005625388,-5439.56409394764,-3.442985471509873,4.394812861213696,-4.744824141575128,33701U
2025-06-05T14:17:31.260187,1558.6913901979922,-4334.105503569871,-5714.224616377579,-3.5433193887113497,4.664420793366011,-4.407611711599622,33701U
2025-06-05T14:18:31.260187,1343.4001800372891,-4046.563939864812,-5968.151523915183,-3.630968810453193,4.9175359689412685,-4.053891242704559,33701U
2025-06-05T14:19:31.260187,1123.2388711657559,-3744.3534005883666,-6200.3897744083015,-3.7055862559623938,5.153217396219144,-3.6848582953600344,33701U
2025-06-05T14:20:31.260187,898.9988166440417,-3428.54685230872,-6410.057811137926,-3.766865344345829,5.370576356388743,-3.301765987398905,33701U
2025-06-05T14:21:31.260187,671.4884982661905,-3100.2689603698086,-6596.350934013356,-3.8145421150088907,5.568779506864723,-2.905922030189247,33701U
2025-06-05T14:22:31.260187,441.5309397562457,-2760.6926703272284,-6758.544487065993,-3.848396297444691,5.7470519465437295,-2.4986856042811882,33701U
2025-06-05T14:23:31.260187,209.96104498993157,-2411.035605659744,-6895.996852032556,-3.868252528763494,5.904680243423564,-2.0814640638890247,33701U
2025-06-05T14:24:31.260187,-22.37713533237343,-2052.556284334166,-7008.152237195092,-3.8739815159585604,6.041015423280032,-1.6557094575945133,33701U
2025-06-05T14:25:31.260187,-254.63320489951553,-1686.5501569826934,-7094.543249923675,-3.865501138295979,6.155475915895634,-1.2229148509394872,33701U
2025-06-05T14:26:31.260187,-485.95328690061814,-1314.3454697635366,-7154.793240561009,-3.8427774833932253,6.247550452663377,-0.7846104352282987,33701U
2025-06-05T14:27:31.260187,-715.4829486140025,-937.2989554395587,-7188.618404417424,-3.805825808548887,6.316800906272994,-0.3423594059901793,33701U
2025-06-05T14:28:31.260187,-942.3701805121652,-556.7913568528908,-7195.8296277361615,-3.7547114167476443,6.362865059667359,0.10224640572845216,33701U
2025-06-05T14:29:31.260187,-1165.7684242583796,-174.22278781756276,-7176.334062575186,-3.6895504345470798,6.385459287596881,0.5475911656562621,33701U
2025-06-05T14:30:31.260187,-1384.8396431821036,208.99206248158563,-7130.136414672515,-3.6105104768233165,6.384381129983871,0.9920399473784641,33701U
2025-06-05T14:31:31.260187,-1598.7574279077235,591.4288741959675,-7057.339927562421,-3.517811181187814,6.359511732043817,1.4339439353296624,33701U
2025-06-05T14:32:31.260187,-1806.7101287736593,971.6587816902063,-6958.1470455407225,-3.4117245928752555,6.310818121822246,1.8716459297946624,33701U
2025-06-05T14:33:31.260187,-2007.9040055302928,1348.2535878621925,-6832.859737592565,-3.2925753791342727,6.23835529164062,2.3034861600172047,33701U
2025-06-05T14:34:31.260187,-2201.5663835541322,1719.7910951443507,-6681.879464154851,-3.160740850726675,6.142268046063729,2.7278084065307873,33701U
2025-06-05T14:35:31.260187,-2386.948804487509,2084.860538169641,-6505.7067686442815,-3.0166507671538385,6.022792575576816,3.1429664278883833,33701U
2025-06-05T14:36:31.260187,-2563.330157828067,2442.0681006286513,-6304.940476101533,-2.8607869017775975,5.880257712373502,3.547330680132846,33701U
2025-06-05T14:37:31.260187,-2730.0197785901596,2790.0424962363077,-6080.27648213148,-2.6936823431707597,5.715085822681796,3.939295309740065,33701U
2025-06-05T14:38:31.260187,-2886.360494769141,3127.440590999987,-5832.506116613028,-2.51592050990011,5.527793289070241,4.317285392511355,33701U
2025-06-05T14:39:31.260187,-3031.731607010805,3452.953041211186,-5562.514068443393,-2.3281338575668777,5.318990536331508,4.6797643821983925,33701U
2025-06-05T14:40:31.260187,-3165.5517816635797,3765.3099188329725,-5271.2758598994,-2.1310022593450353,5.089381555969571,5.025241723732892,33701U
2025-06-05T14:41:31.260187,-3287.2818373192013,4063.2862933013635,-4959.854862059387,-1.9252510444827826,4.8397628871206875,5.352280577063272,33701U
2025-06-05T14:42:31.260187,-3396.4274040821665,4345.707736294413,-4629.3988461236895,-1.7116486832465359,4.571022015973258,5.6595055890692505,33701U
2025-06-05T14:43:31.260187,-3492.541434194789,4611.455713830151,-4281.1360693826855,-1.491004111547597,4.28413516143325,5.945610643128841,33701U
2025-06-05T14:44:31.260187,-3575.226542331411,4859.472828226468,-3916.3708989659067,-1.2641636939204912,3.9801644218701147,6.209366508964711,33701U
2025-06-05T14:45:31.260187,-3644.137153903102,5088.767871081256,-3536.478981301682,-1.0320078295085633,3.6602542661780797,6.449628309702125,33701U
2025-06-05T14:46:31.260187,-3698.9814401171056,5298.4206475906,-3142.9019703422937,-0.7954472121169065,3.325627361947355,6.665342718911489,33701U
2025-06-05T14:47:31.260187,-3739.5230193376474,5487.586532285011,-2737.141832970549,-0.5554187620532012,2.9775797440583003,6.855554798030712,33701U
2025-06-05T14:48:31.260187,-3765.582405512024,5655.500716693345,-2320.754755473669,-0.3128812541987139,2.6174753382240192,7.019414384174571,33701U
2025-06-05T14:49:31.260187,-3777.038186057329,5801.482110572687,-1895.3446804360372,-0.06881067334205596,2.24673986562641,7.156181940071943,33701U
2025-06-05T14:50:31.260187,-3773.8279136395777,5924.936860198817,-1462.5565087128552,0.17580466595091832,1.8668541664743885,7.26523378180841,33701U
2025-06-05T14:51:31.260187,-3755.948698690483,6025.3614497892895,-1024.0690061731727,0.41996919196806143,1.4793469917178506,7.346066606179512,33701U
2025-06-05T14:52:31.260187,-3723.4574922605707,6102.34535540753,-581.5874594966026,0.6626852930830688,1.0857873229117705,7.398301247697508,33701U
2025-06-05T14:53:31.260187,-3676.471051847345,6155.573224622827,-136.836129345679,0.9029586276822122,0.6877762899947487,7.421685605472859,33701U
2025-06-05T14:54:31.260187,-3615.1655861020677,6184.826559705892,308.4494474035455,1.1398034719520955,0.2869387651992233,7.416096692067927,33701U
2025-06-05T14:55:31.260187,-3539.7760777353274,6189.984887133201,752.5302521108923,1.3722480489654532,-0.11508528184393327,7.381541769681962,33701U
2025-06-05T14:56:31.260187,-3450.595287431722,6171.026401544242,1193.6716195174672,1.5993397820424475,-0.5166495777376324,7.318158553302457,33701U
2025-06-05T14:57:31.260187,-3347.9724450644603,6128.028077922227,1630.1510567953533,1.8201504162067361,-0.9161103946279578,7.22621447533492,33701U
2025-06-05T14:58:31.260187,-3232.311637889635,6061.16525151761,2060.265989836026,2.033780953678101,-1.3118353612505222,7.106105021262282,33701U
2025-06-05T14:59:31.260187,-3104.0699086149534,5970.710670768464,2482.3413811767637,2.2393663526867855,-1.7022121430353532,6.958351160638948,33701U
2025-06-05T15:00:31.260187,-2963.7550792067673,5857.033034056874,2894.7371659239334,2.4360799433450566,-2.0856569019326625,6.783595911759693,33701U
2025-06-05T15:01:31.260187,-2811.923318953372,5720.595026445702,3295.8554548365555,2.623137519727332,-2.4606224519231747,6.582600091253594,33701U
2025-06-05T15:02:31.260187,-2649.1764775899164,5561.95087744902,3684.1474572860184,2.7998010735058485,-2.8256060332316393,6.356237311283515,33701U
2025-06-05T15:03:31.260187,-2476.1592061660435,5381.743465297811,4058.1200810109162,2.9653821412655814,-3.1791566368233544,6.105488296683676,33701U
2025-06-05T15:04:31.260187,-2293.5558897753003,5180.700996986863,4416.3421703103795,3.1192447447578346,-3.519881820523283,5.831434602019467,33701U
2025-06-05T15:05:31.260187,-2102.087417252117,4959.633296568579,4757.450349430746,3.260807910622996,-3.846453968720746,5.535251814061936,33701U
2025-06-05T15:06:31.260187,-1902.5078134783043,4719.427736652606,5080.154443262408,3.3895477633012114,-4.1576159587606965,5.2182023284706025,33701U
2025-06-05T15:07:31.260187,-1695.6007600437279,4461.044849864954,5383.242452930608,3.5049991917462737,-4.452186208416319,4.881627790597473,33701U
2025-06-05T15:08:31.260187,-1482.1760296991,4185.51365811781,5665.58506930882,3.6067570969812666,-4.729063089953562,4.526941289352706,33701U
2025-06-05T15:09:31.260187,-1263.0658593672492,3893.9267579770635,5926.139712771494,3.6944772333230937,-4.987228706912138,4.15561939018476,33701U
2025-06-05T15:10:31.260187,-1039.121285481567,3587.435200225525,6163.954092536274,3.7678766611371413,-5.2257520395755765,3.7691940886355613,33701U
2025-06-05T15:11:31.260187,-811.2084641577779,3267.243200977224,6378.169283619414,3.8267338331699796,-5.443791473944075,3.3692447599155977,33701U
2025-06-05T15:12:31.260187,-580.2049972269091,2934.6027204662,6568.022323678511,3.870888339798444,-5.640596736691807,2.9573901727908884,33701U
2025-06-05T15:13:31.260187,-346.99628352561894,2590.807943999605,6732.848335783585,3.9002403409092854,-5.815510264958277,2.535280628105886,33701U
2025-06-05T15:14:31.260187,-112.47191311004325,2237.1896976128905,6872.082186411519,3.9147497136033844,-5.967968044829668,2.1045902737960427,33701U
2025-06-05T15:15:31.260187,122.47787971843044,1875.1098287767738,6985.2596906875,3.9144349455502745,-6.097499956002789,1.6670096395713523,33701U
2025-06-05T15:16:31.260187,356.96569045922774,1505.9555801717215,7072.018379102307,3.899371803673781,-6.203729662426121,1.2242384258674845,33701U
2025-06-05T15:17:31.260187,590.1103331432519,1131.1339821359466,7132.097841640022,3.8696918070227744,-6.286374089766293,0.777978573405775,33701U
2025-06-05T15:18:31.260187,821.0401330093462,752.0662869808968,7165.33966648949,3.825580531277285,-6.34524253046901,0.329927631992937,33701U
2025-06-05T15:19:31.260187,1048.89611392666,370.1824660148542,7171.686991328418,3.767275770476419,-6.380235416115836,-0.11822755980357982,33701U
2025-06-05T15:20:31.260187,1272.8350727739946,-13.084212132180195,7151.18368561442,3.6950655793486304,-6.391342794885699,-0.5648168786272926,33701U
2025-06-05T15:21:31.260187,1492.0325342576173,-396.30250539312755,7103.973182447359,3.6092862171922637,-6.378642549384489,-1.0081926037177276,33701U
2025-06-05T15:22:31.260187,1705.685580768219,-778.0484097944574,7030.2969784400575,3.510320011706759,-6.342298387081187,-1.4467347917577413,33701U
2025-06-05T15:23:31.260187,1913.0155528514697,-1156.9102458092639,6930.492819706752,3.398593158610711,-6.282557632255087,-1.8788563465668662,33701U
2025-06-05T15:24:31.260187,2113.2706166950134,-1531.4936082474724,6804.992591604713,3.2745734703910845,-6.199748844872605,-2.3030077934365623,33701U
2025-06-05T15:25:31.260187,2305.7281957291316,-1900.4261697393335,6654.319929293542,3.1387680851807875,-6.094279288317192,-2.7176817694609383,33701U
2025-06-05T15:26:31.260187,2489.6972640096556,-2262.362329017456,6479.087565553802,2.9917211446190595,-5.966632264515089,-3.1214172420016135,33701U
2025-06-05T15:27:31.260187,2664.520499516084,-2615.9876961764294,6279.994431668392,2.8340114476515845,-5.817364331835089,-3.512803467542923,33701U
2025-06-05T15:28:31.260187,2829.576295869498,-2960.0234079015127,6057.822526547798,2.6662500856044518,-5.647102418272164,-3.89048370275131,33701U
2025-06-05T15:29:31.260187,2984.2806312699236,-3293.230266329215,5813.433568698781,2.489078062531975,-5.456540839911104,-4.2531586786661055,33701U
2025-06-05T15:30:31.260187,3128.088793689125,-3614.4126957583435,5547.765445110739,2.303163903792471,-5.246438232542468,-4.599589847737041,33701U
2025-06-05T15:31:31.260187,3260.4969615450723,-3922.422511887273,5261.82847067789,2.1092012550416515,-5.017614402587546,-4.928602411992517,33701U
2025-06-05T15:32:31.260187,3381.0436392441234,-4216.162498637312,4956.701471393565,1.9079064733296522,-4.770947102180124,-5.239088139077756,33701U
2025-06-05T15:33:31.260187,3489.3109471181638,-4494.589787952531,4633.52770424435,1.7000162117196618,-4.507368732334257,-5.530007971336208,33701U
2025-06-05T15:34:31.260187,3584.9257654164535,-4756.7190382607,4293.510626496653,1.4862849987837834,-4.227862977571999,-5.8003944315979075,33701U
2025-06-05T15:35:31.260187,3667.560732144848,-5001.625407555613,3937.909526896652,1.2674828144392687,-3.9334613751538474,-6.049353827954803,33701U
2025-06-05T15:36:31.260187,3736.935094684725,-5228.447317331696,3568.03503118919,1.0443926638300138,-3.62523982210173,-6.276068258596201,33701U
2025-06-05T15:37:31.260187,3792.815415274643,-5436.3890038759055,3185.2444942937095,0.8178081512992073,-3.304315023482655,-6.479797416784965,33701U
2025-06-05T15:38:31.260187,3835.0161306035893,-5624.722853713492,2790.9372914373325,0.5885310568988693,-2.9718408858712526,-6.659880195307068,33701U
2025-06-05T15:39:31.260187,3863.3999659448623,-5792.791520310625,2386.5500205356025,0.3573689183139155,-2.629004860487671,-6.8157360892285785,33701U
2025-06-05T15:40:31.260187,3877.8782044562495,-5940.009819469229,1973.5516281084674,0.1251326215045955,-2.2770242411528363,-6.946866395554069,33701U
2025-06-05T15:41:31.260187,3878.4108124820823,-6065.866401203447,1553.4384710187728,-0.10736599623155299,-1.9171424228726284,-7.052855208384443,33701U
2025-06-05T15:42:31.260187,3865.0064219148826,-6169.925196263536,1127.7293263108706,-0.339316526733767,-1.5506251275088199,-7.133370208404586,33701U
2025-06-05T15:43:31.260187,3837.7221709045525,-6251.826635869834,697.9603613987576,-0.569912350674673,-1.1787566035766444,-7.188163245966462,33701U
2025-06-05T15:44:31.260187,3796.6634044382918,-6311.2886436309345,265.6800767992778,-0.7983529719859052,-0.8028358076913016,-7.21707071763921,33701U
2025-06-05T15:45:31.260187,3741.9832365505904,-6348.107399041361,-167.555766473079,-1.0238463224363326,-0.42417257554476945,-7.220013736837369,33701U
2025-06-05T15:46:31.260187,3673.881976154653,-6362.157872380441,-600.1892228542931,-1.2456110318140146,-0.04408379049576961,-7.196998099973664,33701U
2025-06-05T15:47:31.260187,3592.6064187117267,-6353.394131256166,-1030.6652296717664,-1.4628786592927023,0.33611044209969104,-7.148114050468686,33701U
2025-06-05T15:48:31.260187,3498.4490061664947,-6321.849419451225,-1457.436654421535,-1.6748958818060609,0.7150906068319648,-7.073535843844763,33701U
2025-06-05T15:49:31.260187,3391.7468577740524,-6267.636009124124,-1878.9693104390033,-1.8809266355880518,1.0915415687796024,-6.9735211179904235,33701U
2025-06-05T15:50:31.260187,3272.880674620423,-6190.944827790801,-2293.7469297755106,-2.0802542074687804,1.4641563354669949,-6.848410073462373,33701U
2025-06-05T15:51:31.260187,3142.273520793201,-6092.044861853447,-2700.2760823678223,-2.272183273019922,1.8316397837087142,-6.698624469352162,33701U
2025-06-05T15:52:31.260187,3000.3894842888926,-5971.282338749227,-3097.0910308810335,-2.4560418792083283,2.1927123456126694,-6.524666440746957,33701U
2025-06-05T15:53:31.260187,2847.7322208465202,-5829.079690055464,-3482.758510911573,-2.6311833698224687,2.546113648942422,-6.327117144121941,33701U
2025-06-05T15:54:31.260187,2684.8433839732115,-5665.934298106348,-3855.8824265438675,-2.79698825255967,2.8906061080631584,-6.106635237085662,33701U
2025-06-05T15:55:31.260187,2512.300944476755,-5482.417028847281,-4215.108451550203,-2.952866007277791,3.224978462780865,-5.863955198735156,33701U
2025-06-05T15:56:31.260187,2330.71740284317,-5279.170553773404,-4559.128526802251,-3.0982568354988227,3.548049263495366,-5.599885496443769,33701U
2025-06-05T15:57:31.260187,2140.7378977976314,-5056.907463871426,-4886.685244705488,-3.232633351772449,3.858670302175427,-5.315306604193245,33701U
2025-06-05T15:58:31.260187,1943.0382143668705,-4816.408178508455,-5196.576111668974,-3.3555022179394287,4.155729989686224,-5.011168876565885,33701U
2025-06-05T15:59:31.260187,1738.3226947277308,-4558.518652196258,-5487.657679761942,-3.466405721645227,4.438156680898898,-4.6884902812445555,33701U
2025-06-05T16:00:31.260187,1527.322055081372,-4284.147882104394,-5758.849538783994,-3.564923300619524,4.704921949745307,-4.348353991334814,33701U
2025-06-05T16:01:31.260187,1310.7911117503515,-3994.2652191198913,-6009.138159961439,-3.650673014224458,4.955043816882116,-3.9919058370647664,33701U
2025-06-05T16:02:31.260187,1089.5064196580818,-3689.8974851564544,-6237.5805823820165,-3.723312963564596,5.187589932857097,-3.620351614460257,33701U
2025-06-05T16:03:31.260187,864.263826331534,-3372.1258993233405,-6443.307933075686,-3.7825426610199346,5.4016807195676675,-3.2349542464946035,33701U
2025-06-05T16:04:31.260187,635.8759445789146,-3042.082815488443,-6625.528771337493,-3.8281043493941174,5.596492472323828,-2.837030790033456,33701U
2025-06-05T16:05:31.260187,405.16954704540854,-2700.9482737299736,-6783.532247466242,-3.8597842699536433,5.7712604239355185,-2.427949279709967,33701U
2025-06-05T16:06:31.260187,172.9828859563024,-2349.9463681903726,-6916.691065559531,-3.8774138774651705,5.925281770904796,-2.009125397760629,33701U
2025-06-05T16:07:31.260187,-59.83705847037198,-1990.341433945645,-7024.464239366964,-3.8808709989228647,6.057918659997456,-1.5820189569205845,33701U
2025-06-05T16:08:31.260187,-292.437397206255,-1623.4340557097887,-7106.399629468016,-3.8700809310091127,6.168601131188324,-1.1481301818237875,33701U
2025-06-05T16:09:31.260187,-523.9622151064682,-1250.5569015357667,-7162.1362492238,-3.8450174694745223,6.256830010227546,-0.7089957730903211,33701U
2025-06-05T16:10:31.260187,-753.5555125818742,-873.0703851687355,-7191.406326076939,-3.8057038615924923,6.3221797408909834,-0.26618473751201144,33701U
2025-06-05T16:11:31.260187,-980.3642011502039,-492.35816138895177,-7194.037103864385,-3.75221367068585,6.36430114339822,0.17870603240883665,33701U
2025-06-05T16:12:31.260187,-1203.5411470798829,-109.82245956576949,-7169.95237090177,-3.6846715394969314,6.382924081576586,0.6240564457580084,33701U
2025-06-05T16:13:31.260187,-1422.248256528129,273.12073824800393,-7119.173697733461,-3.603253836947175,6.377860017206113,1.06822818217179,33701U
2025-06-05T16:14:31.260187,-1635.6595946367654,655.04666700658,-7041.821367666707,-3.5081891706871806,6.349004425708551,1.5095699550372144,33701U
2025-06-05T16:15:31.260187,-1842.9645299894974,1034.526886880268,-6938.114982572536,-3.399758745861047,6.296339043074176,1.9464230783039247,33701U
2025-06-05T16:16:31.260187,-2043.3708946638617,1410.134518881393,-6808.373725995093,-3.2782965487940783,6.2199339098011475,2.3771273421033245,33701U
2025-06-05T16:17:31.260187,-2236.1081488419923,1780.449594729005,-6653.016265424582,-3.1441893329584776,6.119949173818335,2.800027197207119,33701U
2025-06-05T16:18:31.260187,-2420.430537601543,2144.06450548196,-6472.56027571336,-2.9978763836747775,5.996636611047617,3.2134782422501096,33701U
2025-06-05T16:19:31.260187,-2595.620226117086,2499.589530987011,-6267.6215661079395,-2.8398490376613155,5.850340819614761,3.6158540006603035,33701U
2025-06-05T16:20:31.260187,-2760.9903980935183,2845.6584295510584,-6038.912794286708,-2.6706499338375007,5.681500041919314,4.005552966492993,33701U
2025-06-05T16:21:31.260187,-2915.8883008715693,3180.934064515884,-5787.241752176707,-2.4908719727890936,5.490646567989333,4.381005890022904,33701U
2025-06-05T16:22:31.260187,-3059.6982193284343,3504.1140416422027,-5513.509210213055,-2.3011569640729173,5.278406673930539,4.740683265196002,33701U
2025-06-05T16:23:31.260187,-3191.8443594944574,3813.936328473651,-5218.706309125484,-2.102193943107805,5.045500050957508,5.083102972120674,33701U
2025-06-05T16:24:31.260187,-3311.793621768416,4109.184824230642,-4903.911491297647,-1.8947171427757015,4.792738683558711,5.406838018953851,33701U
2025-06-05T16:25:31.260187,-3419.058242788981,4388.694846363436,-4570.286967241407,-1.6795036090218134,4.521025139851,5.710524319101354,33701U
2025-06-05T16:26:31.260187,-3513.198284459231,4651.358497767965,-4219.074716728895,-1.4573704546402184,4.231350243120698,5.992868431915889,33701U
2025-06-05T16:27:31.260187,-3593.8239483657694,4896.129876915955,-3851.5920285967813,-1.2291717509851523,3.9247901008887687,6.2526551883386485,33701U
2025-06-05T16:28:31.260187,-3660.597693930605,5122.030091874918,-3469.2265880982227,-0.9957950634320389,3.6025024764580493,6.488755117509126,33701U
2025-06-05T16:29:31.260187,-3713.2361391090844,5328.152038459081,-3073.43112585933,-0.7581576428917084,3.2657224976527885,6.700131586524612,33701U
2025-06-05T16:30:31.260187,-3751.5117233280585,5513.664902638309,-2665.7176478842466,-0.5172022923779938,2.91575770811977,6.88584756351777,33701U
2025-06-05T16:31:31.260187,-3775.2541136545024,5677.818347888396,-2247.651271534922,-0.27389293435628714,2.5539824778672475,7.045071914222602,33701U
2025-06-05T16:32:31.260187,-3784.351336896201,5819.9463494304,-1820.8436978563989,-0.029209911153345168,2.1818318013659312,7.177085144347323,33701U
2025-06-05T16:33:31.260187,-3778.750622448246,5939.470639297349,-1386.9463558882053,0.21585494312440512,1.8007945231888423,7.281284504425095,33701U
2025-06-05T16:34:31.260187,-3758.4589431838567,6035.903728876967,-947.6432595546388,0.4603034151433308,1.4124060424677272,7.357188380350744,33701U
2025-06-05T16:35:31.260187,-3723.5432445037914,6108.851478978625,-504.6436222290137,0.7031361605577242,1.018240558039605,7.404439901430355,33701U
2025-06-05T16:36:31.260187,-3674.1303547514017,6158.015191511317,-59.67427798578205,0.9433580352548393,0.6199029256976908,7.422809708291381,33701U
2025-06-05T16:37:31.260187,-3610.406573504663,6183.193201461246,385.5280382300227,1.179983454281835,0.21902020712308498,7.412197835165947,33701U
2025-06-05T16:38:31.260187,-3532.6169376998932,6184.281952926006,829.2244968579033,1.4120417216021486,-0.18276700340897514,7.372634674542823,33701U
2025-06-05T16:39:31.260187,-3441.064169042456,6161.276548388588,1269.6820101963006,1.638582273612244,-0.5838133838239071,7.304281006606902,33701U
2025-06-05T16:40:31.260187,-3336.1073096359646,6114.270766069436,1705.1810422570743,1.8586797804328228,-0.982477727219639,7.207427090826697,33701U
2025-06-05T16:41:31.260187,-3218.16005613039,6043.456545947582,2134.023335466051,2.0714390513481864,-1.3771317292146568,7.082490832069792,33701U
2025-06-05T16:42:31.260187,-3087.6888058704903,5949.12295075502,2554.539498911488,2.275999694331249,-1.7661686275277018,6.930015048277486,33701U
2025-06-05T16:43:31.260187,-2945.2104314456283,5831.654613786125,2965.096404971883,2.471540484244228,-2.1480116053675022,6.7506638805809605,33701U
2025-06-05T16:44:31.260187,-2791.289802638216,5691.529690600362,3364.104344102278,2.6572833998871648,-2.521121875850019,6.545218399398592,33701U
2025-06-05T16:45:31.260187,-2626.5370769844217,5529.317336514614,3750.0238912474265,2.832497296399808,-2.884006372019362,6.314571471167262,33701U
2025-06-05T16:46:31.260187,-2451.604781961123,5345.674736082864,4121.372441659549,2.9965011863937034,-3.235224975851473,6.0597219596494645,33701U
2025-06-05T16:47:31.260187,-2267.1847131707054,5141.343714466308,4476.730378706061,3.148667110381957,-3.5733972295609675,5.781768343013335,33701U
2025-06-05T16:48:31.260187,-2074.0046737987313,4917.146963646588,4814.74684142494,3.288422584360405,-3.8972084832742913,5.481901832974194,33701U
2025-06-05T16:49:31.260187,-1872.825081075714,4673.9839187969,5134.145064975356,3.4152526195549453,-4.205415444317018,5.161399085172088,33701U
2025-06-05T16:50:31.260187,-1664.4354654977265,4412.82632178562,5433.727272606315,3.52870131618539,-4.496851104644011,4.821614590671854,33701U
2025-06-05T16:51:31.260187,-1449.650888183342,4134.71350975794,5712.379103188907,3.6283730394234532,-4.770429033977604,4.463972837123819,33701U
2025-06-05T16:52:31.260187,-1229.30830100674,3840.747467054086,5969.073563606746,3.7139331913906775,-5.0251470367039905,4.089960324892859,33701U
2025-06-05T16:53:31.260187,-1004.2628730942047,3532.0876784245197,6202.874500270966,3.785108597933945,-5.2600901802475875,3.701117518579203,33701U
2025-06-05T16:54:31.260187,-775.3843059621618,3209.945820662374,6412.939588624504,3.841687532947086,-5.474433211271287,3.299030808098757,33701U
2025-06-05T16:55:31.260187,-543.5531580610301,2875.5803284598037,6598.522843662813,3.8835194061347083,-5.66744238347875,2.885324546156905,33701U
2025-06-05T16:56:31.260187,-309.657197831593,2530.290868594765,6758.976658170107,3.910514142326123,-5.838476726908137,2.461653220859089,33701U
2025-06-05T16:57:31.260187,-74.58780263529464,2175.4127545533597,6893.753378524143,3.922641281768328,-5.986988793353036,2.029693813667863,33701U
2025-06-05T16:58:31.260187,160.76358086437278,1812.3113314707314,7002.406430551213,3.9199288313097207,-6.112524915927601,1.5911383842339504,33701U
2025-06-05T16:59:31.260187,395.50890106246993,1442.3763589204762,7084.591010020532,3.9024618961069257,-6.214725022852445,1.1476869150838533,33701U
2025-06-05T17:00:31.260187,628.7668784283945,1067.016416667272,7140.064353980422,3.8703811205426963,-6.293322046368955,0.7010404409731323,33701U
2025-06-05T17:01:31.260187,859.6662847224727,687.6533560936372,7168.685610291825,3.8238809655415906,-6.3481409674128315,0.2528944801231163,33701U
2025-06-05T17:02:31.260187,1087.349115478994,305.71681767410365,7170.415323454397,3.763207847529077,-6.379097535442199,-0.19506722229366796,33701U
2025-06-05T17:03:31.260187,1310.9736482099242,-77.36116735322508,7145.314555199166,3.688658162016963,-6.386196700786483,-0.6411786340513446,33701U
2025-06-05T17:04:31.260187,1529.7173800269904,-460.15147503758413,7093.543658395551,3.6005762123294196,-6.3695307942315225,-1.08379705985089,33701U
2025-06-05T17:05:31.260187,1742.7798394744436,-841.2330723011713,7015.360722648297,3.499352061418328,-6.329277485459051,-1.5213084541908957,33701U
2025-06-05T17:06:31.260187,1949.385268313098,-1219.1980735750153,6911.119709596259,3.385419322151019,-6.265697548581046,-1.9521324311002777,33701U
2025-06-05T17:07:31.260187,2148.785169797955,-1592.6566594974272,6781.268295425574,3.259252898975477,-6.179132459507213,-2.3747269809492995,33701U
2025-06-05T17:08:31.260187,2340.260720663663,-1960.2418479927712,6626.345437521785,3.1213666915460614,-6.0700018463967105,-2.787592905964568,33701U
2025-06-05T17:09:31.260187,2523.1250445823953,-2320.614109162094,6446.978681552274,2.972311268783937,-5.938800811091387,-3.189277986725809,33701U
2025-06-05T17:10:31.260187,2696.7253453026387,-2672.4658163548925,6243.881224629688,2.8126715199909285,-5.786097136307499,-3.5783808919219107,33701U
2025-06-05T17:11:31.260187,2860.4448980336883,-3014.5255265753885,6017.848749585874,2.64306428805726,-5.612528390549497,-3.9535548431085754,33701U
2025-06-05T17:12:31.260187,3013.704897920942,-3345.5620840198044,5769.756044810936,2.4641359885172225,-5.418798940260008,-4.313511045246683,33701U
2025-06-05T17:13:31.260187,3155.9661646828217,-3664.3885410752173,5500.553423594064,2.276560217207288,-5.205676876663663,-4.657021892535166,33701U
2025-06-05T17:14:31.260187,3286.7307026597477,-3969.8658915450546,5211.262956460156,2.0810353485637587,-4.973990863118294,-4.982923957580099,33701U
2025-06-05T17:15:31.260187,3405.543115680798,-4260.906611238942,4902.97452962202,1.8782821261331732,-4.724626907543544,-5.290120770382195,33701U
2025-06-05T17:16:31.260187,3511.9918762875873,-4536.478001377865,4576.841742375711,1.6690412466412041,-4.458525063645748,-5.577585392047955,33701U
2025-06-05T17:17:31.260187,3605.7104489855956,-4795.605330552907,4234.077656039795,1.4540709389348832,-4.176676064159619,-5.844362786631037,33701U
2025-06-05T17:18:31.260187,3686.3782673233068,-5037.374771242589,3875.95040688082,1.2341445392493566,-3.880117889149472,-6.089571993141542,33701U
2025-06-05T17:19:31.260187,3753.7215647383646,-5260.936127159483,3503.778695361336,1.010048064514333,-3.569932272504397,-6.312408098579595,33701U
2025-06-05T17:20:31.260187,3807.514059261042,-5465.505347968723,3118.927163985803,0.782577785771707,-3.2472411500740694,-6.5121440118887,33701U
2025-06-05T17:21:31.260187,3847.577492330416,-5650.366828207519,2722.8016759928746,0.5525378041896748,-2.9132030533735067,-6.688132038007242,33701U
2025-06-05T17:22:31.260187,3873.7820221605275,-5814.875487542049,2316.8445071358183,0.3207376325951051,-2.569009453380284,-6.83980525073542,33701U
2025-06-05T17:23:31.260187,3886.046472290704,-5958.458629828971,1902.5294627951214,0.08798978587460864,-2.2158810596059104,-6.966678662928964,33701U
2025-06-05T17:24:31.260187,3884.3384361652816,-6080.617578801758,1481.356932671295,-0.1448926160092896,-1.8550640802980134,-7.06835019256746,33701U
2025-06-05T17:25:31.260187,3868.674238810403,-6180.9290885790415,1054.8488952961902,-0.37709822830394313,-1.4878264502727423,-7.144501423508583,33701U
2025-06-05T17:26:31.260187,3839.1187569065946,-6259.046527586779,624.5438845770835,-0.6078198407086486,-1.1154540334537295,-7.194898160199355,33701U
2025-06-05T17:27:31.260187,3795.7850987909524,-6314.700834897573,191.99193053323094,-0.8362567110584291,-0.7392468076633228,-7.219390776243255,33701U
2025-06-05T17:28:31.260187,3738.834146158785,-6347.701248409769,-241.25051369532505,-1.061616868864152,-0.36051503955413183,-7.217914357477082,33701U
2025-06-05T17:29:31.260187,3668.4739594660887,-6357.9358047131,-673.625646605234,-1.2831193841621729,0.01942454224568245,-7.190488641055804,33701U
2025-06-05T17:30:31.260187,3584.95904925802,-6345.371610907203,-1103.57938304138,-1.4999965972710214,0.39925256767873396,-7.13721775293321,33701U
2025-06-05T17:31:31.260187,3488.5895158595504,-6310.054889049307,-1529.566397238559,-1.7114963053045869,0.777650831560443,-7.05828974701806,33701U
2025-06-05T17:32:31.260187,3379.710060059863,-6252.110794299506,-1950.0551327868006,-1.9168839016400137,1.1533060780342543,-6.953975950135691,33701U
2025-06-05T17:33:31.260187,3258.708867596145,-6171.743008199594,-2363.5327683677906,-2.1154444649790856,1.5249137560906927,-6.8246301176894555,33701U
2025-06-05T17:34:31.260187,3126.0163703965477,-6069.233108858724,-2768.510128377277,-2.306484795151687,1.8911817397265558,-6.670687405557212,33701U
2025-06-05T17:35:31.260187,2982.1038876681782,-5944.939720119031,-3163.5265278455963,-2.489335393383018,2.2508340071420005,-6.492663164232687,33701U
2025-06-05T17:36:31.260187,2827.48215001809,-5799.297442033278,-3547.1545413660983,-2.6633523853521295,2.6026142743076095,-6.291151561499651,33701U
2025-06-05T17:37:31.260187,2662.69970986934,-5632.815565200032,-3918.004686042627,-2.827919385991379,2.9452895792629925,-6.066824039976439,33701U
2025-06-05T17:38:31.260187,2488.3412414804934,-5446.076571666152,-4274.730008760134,-2.982449305588625,3.2776538145964738,-5.8204276156641415,33701U
2025-06-05T17:39:31.260187,2305.0257339008544,-5239.734425223789,-4616.030568346756,-3.1263860973256814,3.5985312066542643,-5.552783023161376,33701U
2025-06-05T17:40:31.260187,2113.404580191317,-5014.512653995659,-4940.65780343413,-3.259206446895877,3.906779741106075,-5.264782712453709,33701U
2025-06-05T17:41:31.260187,1914.1595662217633,-4771.2022282246535,-5247.418777008294,-3.380421405255328,4.201294535491488,-4.957388701152701,33701U
2025-06-05T17:42:31.260187,1708.000762322391,-4510.659236164845,-5535.180288772163,-3.489577965851368,4.48101116024368,-4.631630284751495,33701U
2025-06-05T17:43:31.260187,1495.6643210254474,-4233.8023609182155,-5802.872846496903,-3.586260587807565,4.7449089103789035,-4.288601605900687,33701U
2025-06-05T17:44:31.260187,1277.9101840918443,-3941.6101609828033,-6049.494487514642,-3.6700926665023,4.9920140305002505,-3.9294590819161974,33701U
2025-06-05T17:45:31.260187,1055.5197019878688,-3635.1181571910392,-6274.114441381846,-3.7407379527301643,5.22140289593338,-3.555418687758112,33701U
2025-06-05T17:46:31.260187,829.2931689634061,-3315.4157286282143,-6475.876624523381,-3.797901921165729,5.432205152650589,-3.167753089607543,33701U
2025-06-05T17:47:31.260187,600.0472769037325,-2983.6428200558985,-6654.002957335843,-3.8413330881383505,5.623606818091868,-2.7677886219927514,33701U
2025-06-05T17:48:31.260187,368.6124911884111,-2640.986463337089,-6807.79649378909,-3.8708242777670243,5.794853344026279,-2.3569020992443774,33701U
2025-06-05T17:49:31.260187,135.83035191159814,-2288.6771153975733,-6936.644353013335,-3.8862138342922403,5.945252641178619,-1.9365174499879065,33701U
2025-06-05T17:50:31.260187,-97.44929599440846,-1927.9848153776973,-7040.020441705563,-3.8873867769849713,6.074178063461876,-1.5081021614972938,33701U
2025-06-05T17:51:31.260187,-330.3711399199802,-1560.2151638595751,-7117.487955441226,-3.874275892325333,6.1810713472974035,-1.073163519146131,33701U
2025-06-05T17:52:31.260187,-562.0772998419568,-1186.7051274273415,-7168.701646149832,-3.8468627562519653,6.265445498682342,-0.6332446250177217,33701U
2025-06-05T17:53:31.260187,-791.7102870384415,-808.8186723453771,-7193.409842134042,-3.8051786772259883,6.326887617412299,-0.18992017906949527,33701U
2025-06-05T17:54:31.260187,-1018.416016013018,-427.9422318579755,-7191.456206103891,-3.74930554867757,6.365061644231021,0.25520799378473374,33701U
2025-06-05T17:55:31.260187,-1241.346863675882,-45.4800125387271,-7162.781215799818,-3.679376597170802,6.379711012730769,0.7005156866136728,33701U
2025-06-05T17:56:31.260187,-1459.664768992281,337.1508537310587,-7107.423350930183,-3.595577010404187,6.370661183659634,1.1443613378455373,33701U
2025-06-05T17:57:31.260187,-1672.5443653464315,718.5253041856739,-7025.519969398881,-3.498144427040888,6.337822035018111,1.5850913550777703,33701U
2025-06-05T17:58:31.260187,-1879.1761367864954,1097.2154763951016,-6917.307855198095,-3.387369268424878,6.281190077081168,2.021045743936561,33701U
2025-06-05T17:59:31.260187,-2078.7695881245354,1471.7959647973933,-6783.123419946323,-3.263594890580768,6.2008504574151555,2.450564046244164,33701U
2025-06-05T18:00:31.260187,-2270.5564175787863,1840.8491889421123,-6623.402539921772,-3.127217533616076,6.09697871723771,2.8719915864118275,33701U
2025-06-05T18:01:31.260187,-2453.7936792904607,2202.9708575168784,-6438.680010632355,-2.9786860448404684,5.9698422572686125,3.2836860187041825,33701U
2025-06-05T18:02:31.260187,-2627.766921646898,2556.775509714026,-6229.588601535059,-2.8185013516828445,5.8198014687207555,3.6840241608874016,33701U
2025-06-05T18:03:31.260187,-2791.793285935954,2900.9021128416443,-5996.857694518998,-2.6472156609051285,5.647310483459108,4.071409091910201,33701U
2025-06-05T18:04:31.260187,-2945.2245484795462,3234.019692339043,-5741.311491245316,-2.465431361754733,5.452917496779434,4.444277482830746,33701U
2025-06-05T18:05:31.260187,-3087.4500880937508,3554.8329675907476,-5463.8667764258935,-2.2737996126146656,5.237264616874131,4.80110712140473,33701U
2025-06-05T18:06:31.260187,-3217.899759545479,3862.0879642151,-5165.5302266453355,-2.0730185934332206,5.001087196981118,5.14042458182838,33701U
2025-06-05T18:07:31.260187,-3336.046652670467,4154.577570914139,-4847.395257395919,-1.8638314097470694,4.745212609540928,5.46081298235619,33701U
2025-06-05T18:08:31.260187,-3441.409716038078,4431.14700660519,-4510.638404585982,-1.647023638422038,4.470558426454001,5.760919765191588,33701U
2025-06-05T18:09:31.260187,-3533.556223537604,4690.6991614885965,-4156.515240880973,-1.4234205102740762,4.178129975737987,6.039464425472713,33701U
2025-06-05T18:10:31.260187,-3612.1040620700805,4932.199774044137,-3786.3558317810316,-1.1938837304008216,3.869017252463699,6.295246109671461,33701U
2025-06-05T18:11:31.260187,-3676.7238186920963,5154.682404764247,-3401.5597412736315,-0.959307943238023,3.544391170693104,6.527150998574916,33701U
2025-06-05T18:12:31.260187,-3727.1406461098604,5357.253166814547,-3003.5906021218593,-0.7206168558964199,3.2054991530702983,6.7341593865092015,33701U
2025-06-05T18:13:31.260187,-3763.135886379425,5539.095173816532,-2593.9702712690732,-0.47875904006804254,2.8536600655152777,6.915352366816344,33701U
2025-06-05T18:14:31.260187,-3784.5484340456164,5699.472665636144,-2174.2725963220105,-0.2347034395119536,2.4902585158546455,7.069918033997175,33701U
2025-06-05T18:15:31.260187,-3791.2758217425194,5837.734774460356,-1746.11682449803,0.010565383360370512,2.1167385468915194,7.197157115494908,33701U
2025-06-05T18:16:31.260187,-3783.2750134661887,5953.318895569487,-1311.1606906421093,0.25605222219612117,1.7345967660224884,7.2964879508638445,33701U
2025-06-05T18:17:31.260187,-3760.5628932843856,6045.753630053609,-871.0932257965221,0.5007563776527153,1.3453749646975794,7.36745074300861,33701U
2025-06-05T18:18:31.260187,-3723.2164401252576,6114.661270243309,-427.62733220783485,0.7436769349036488,0.950652291435752,7.409711015174037,33701U
2025-06-05T18:19:31.260187,-3671.372582429684,6159.759802772932,17.507825550151477,0.9838181143768738,0.5520370514072575,7.423062218220031,33701U
2025-06-05T18:20:31.260187,-3605.2277297941873,6180.864408888623,462.57456058561354,1.2201946399017076,0.15115821346156175,7.4074274451566735,33701U
2025-06-05T18:21:31.260187,-3525.036982197593,6177.888446754362,905.8344798123998,1.4518370671691216,-0.25034328834741687,7.362860223606445,33701U
2025-06-05T18:22:31.260187,-3431.1130209136422,6150.843905984436,1345.5563197911742,1.677797015433563,-0.6508233674290548,7.289544371415027,33701U
2025-06-05T18:23:31.260187,-3323.8246886805773,6099.841330310722,1780.0237454361932,1.8971522467113655,-1.048643618005425,7.187792915622983,33701U
2025-06-05T18:24:31.260187,-3203.5952700446555,6025.089210044856,2207.5430552179673,2.1090115393248983,-1.4421800755561178,7.058046089994561,33701U
2025-06-05T18:25:31.260187,-3070.900485938027,5926.892851681497,2626.4507379022266,2.3125193064250795,-1.8298318128242628,6.900868440831597,33701U
2025-06-05T18:26:31.260187,-2926.266219421511,5805.652737475923,3035.1208281525924,2.5068599149696222,-2.21002928394003,6.716945084455887,33701U
2025-06-05T18:27:31.260187,-2770.2659920552055,5661.862392990819,3431.9720114258753,2.6912616663840194,-2.5812423351993137,6.507077172131422,33701U
2025-06-05T18:28:31.260187,-2603.5182125078295,5496.10578533321,3815.4744323973014,2.8650004065897483,-2.941987808675541,6.272176628988127,33701U
2025-06-05T18:29:31.260187,-2426.6832207362454,5309.054278992604,4184.156165573656,3.027402740047567,-3.29083667388463,6.013260242423747,33701U
2025-06-05T18:30:31.260187,-2240.4601523447973,5101.463179776509,4536.609311634026,3.1778488296993412,-3.6264206328297,5.7314431823164345,33701U
2025-06-05T18:31:31.260187,-2045.583648552992,4874.167900257334,4871.495688267681,3.3157747719866526,-3.94743815460333,5.4279320400522755,33701U
2025-06-05T18:32:31.260187,-1842.8204375782423,4628.079782376398,5187.552089688884,3.440674543250023,-4.2526599069412825,5.1040174758458825,33701U
2025-06-05T18:33:31.260187,-1632.965813183949,4364.1816143757,5483.595094489778,3.552101520581565,-4.5409335633804835,4.761066564139204,33701U
2025-06-05T18:34:31.260187,-1416.8400356963568,4083.522880072366,5758.525406888538,3.6496695864296984,-4.811187975620069,4.400514925144889,33701U
2025-06-05T18:35:31.260187,-1195.2846799932504,3787.2147786856713,6011.331721633547,3.733053831796647,-5.062436711028564,4.023858727038587,33701U
2025-06-05T18:36:31.260187,-969.1589538592707,3476.4250530186423,6241.094107734436,3.8019908776166567,-5.29378096472706,3.632646638134578,33701U
2025-06-05T18:37:31.260187,-739.3360087506327,3152.3726628634745,6446.9869107090635,3.856278837775421,-5.504411864085499,3.2284718018966063,33701U
2025-06-05T18:38:31.260187,-506.6992634630121,2816.322339106075,6628.281177109762,3.895776950194779,-5.693612190655601,2.812963900130265,33701U
2025-06-05T18:39:31.260187,-272.1387595167742,2469.579052244085,6784.3466086661,3.9204049044548066,-5.860757550419265,2.3877813615042704,33701U
2025-06-05T18:40:31.260187,-36.5475653116614,2113.482426980528,6914.653056437627,3.9301418955891205,-6.005317027720468,1.9546037639560105,33701U
2025-06-05T18:41:31.260187,199.18175568243453,1749.4011323070863,7018.771567895931,3.925025434024458,-6.126853361373392,1.5151244708608884,33701U
2025-06-05T18:42:31.260187,434.1605992013017,1378.727274118163,7096.37500186783,3.9051499412249284,-6.225022683262153,1.0710435323441097,33701U
2025-06-05T18:43:31.260187,667.5076851407799,1002.8708149796008,7147.2382277928755,3.8706651595426185,-6.29957386035955,0.6240608750304527,33701U
2025-06-05T18:44:31.260187,898.3523230163471,623.2540432833855,7171.237926817067,3.8217744031808136,-6.350347480622797,0.1758697960622331,33701U
2025-06-05T18:45:31.260187,1125.8375692577295,241.30611169519347,7168.352012910885,3.758732675161097,-6.377274521827703,-0.27184922949537355,33701U
2025-06-05T18:46:31.260187,1349.123269028259,-141.54233738712765,7138.658692512695,3.681844672870653,-6.380374740241008,-0.7174344245649089,33701U
2025-06-05T18:47:31.260187,1567.3889764818034,-523.8644436917136,7082.335181219505,3.5914627022637235,-6.359754813282847,-1.1592482708887595,33701U
2025-06-05T18:48:31.260187,1779.8367484357625,-904.2422844272072,6999.656095830191,3.48798451821113,-6.3156062671655375,-1.5956827603164085,33701U
2025-06-05T18:49:31.260187,1985.693807361256,-1281.2719009785856,6890.991539649916,3.3718511059282488,-6.2482032170792055,-2.025164345072062,33701U
2025-06-05T18:50:31.260187,2184.2150703688344,-1653.5681862486797,6756.804898440757,3.2435444159490907,-6.1578999439815565,-2.4461585976122446,33701U
2025-06-05T18:51:31.260187,2374.685541517544,-2019.7696232184182,6597.650363799284,3.103585062819178,-6.04512832857239,-2.8571745919457086,33701U
2025-06-05T18:52:31.260187,2556.42256530227,-2378.542866373503,6414.170200101461,2.9525299956077427,-5.910395159711562,-3.2567690188054157,33701U
2025-06-05T18:53:31.260187,2728.777939601889,-2728.5871585538675,6207.091770510988,2.790970146525383,-5.754279331463731,-3.643550046955019,33701U
2025-06-05T18:54:31.260187,2891.13988670893,-3068.6385765331797,5977.224336929838,2.6195280624019985,-5.577428940198069,-4.0161809422817205,33701U
2025-06-05T18:55:31.260187,3042.9348813292354,-3397.4740992540924,5725.455648201091,2.4388555225404254,-5.380558290786119,-4.373383455294436,33701U
2025-06-05T18:56:31.260187,3183.629334654512,-3713.9154931562543,5452.7483303654,2.249631145508797,-5.164444818953364,-4.713940986328585,33701U
2025-06-05T18:57:31.260187,3312.7311337817714,-4016.8330094497455,5160.136092340442,2.0525579867620585,-4.929925935265277,-5.036701536253067,33701U
2025-06-05T18:58:31.260187,3429.791035901594,-4305.148888542684,4848.719760031708,1.8483611285617763,-4.677895795053826,-5.340580448896519,33701U
2025-06-05T18:59:31.260187,3534.4039168071445,-4577.840667134034,4519.6631516014895,1.6377852634724726,-4.4093019978022285,-5.624562949831647,33701U
2025-06-05T19:00:31.260187,3626.209873403073,-4833.944283759833,4174.188806408884,1.4215922727147572,-4.125142219065865,-5.887706484665528,33701U
2025-06-05T19:01:31.260187,3704.8951800218188,-5072.556978841256,3813.5735799852177,1.2005588008185453,-3.826460777880185,-6.129142858634233,33701U
2025-06-05T19:02:31.260187,3770.193098493017,-5292.839985543415,3439.1441173135727,0.975473828305265,-3.514345142741263,-6.3480801781444125,33701U
2025-06-05T19:03:31.260187,3821.8845420623,-5494.021008021856,3052.2722166295475,0.7471362445008328,-3.189922379593038,-6.543804593974208,33701U
2025-06-05T19:04:31.260187,3859.7985934220583,-5675.396483919261,2654.37009593891,0.5163524230045817,-2.8543555457617864,-6.715681845164106,33701U
2025-06-05T19:05:31.260187,3883.8128772989035,-5836.333628280499,2246.885574447331,0.28393380278201213,-2.5088400343926076,-6.863158602202073,33701U
2025-06-05T19:06:31.260187,3893.8537882404376,-5976.272256383429,1831.2971811055309,0.05069447827998472,-2.1545998746128014,-6.985763607935253,33701U
2025-06-05T19:07:31.260187,3889.8965744559678,-6094.7263833367715,1409.1092024777345,-0.18255119764496952,-1.7928839933235783,-7.083108614711311,33701U
2025-06-05T19:08:31.260187,3871.9652787888317,-6191.285598671592,981.846682136683,-0.41499099386226945,-1.4249624451639555,-7.154889116543861,33701U
2025-06-05T19:09:31.260187,3840.132538129516,-6265.616214547858,551.0503837628502,-0.6458171597910854,-1.0521226177572913,-7.200884875582918,33701U
2025-06-05T19:10:31.260187,3794.5192428140263,-6317.462186607313,118.27173007365798,-0.8742287583770567,-0.6756654198092946,-7.220960242818332,33701U
2025-06-05T19:11:31.260187,3735.2940577876216,-6346.645806922103,-314.932270373012,-1.0994339686285581,-0.29690145995100076,-7.215064273714282,33701U
2025-06-05T19:12:31.260187,3662.6728075452884,-6353.068168910072,-747.0040965719992,-1.3206523531686982,0.082852775610446,-7.183230640325765,33701U
2025-06-05T19:13:31.260187,3576.9177270827663,-6336.70940450527,-1176.3907768850122,-1.5371170864183057,0.4622787385730658,-7.125577342340412,33701U
2025-06-05T19:14:31.260187,3478.3365813021337,-6297.62869427838,-1601.5489276844971,-1.7480771392874241,0.840059619269609,-7.042306220376747,33701U
2025-06-05T19:15:31.260187,3367.2816555089207,-6235.964051590036,-2020.949757456566,-1.9527994166145506,1.2148841251189653,-6.933702275710001,33701U
2025-06-05T19:16:31.260187,3244.148619811641,-6151.931882223633,-2433.084025238312,-2.150570844039698,1.585450229799201,-6.800132801346097,33701U
2025-06-05T19:17:31.260187,3109.3752703846044,-6045.826321276098,-2836.4669425388947,-2.34070040151876,1.9504688868323563,-6.64204632998217,33701U
2025-06-05T19:18:31.260187,2963.4401506804575,-5918.0183493801305,-3229.643008181262,-2.5225211012612645,2.3086677021000868,-6.4599714048406005,33701U
2025-06-05T19:19:31.260187,2806.861055778938,-5768.954690585436,-3611.190765795462,-2.6953919084814637,2.658794560753803,-6.254515179610935,33701U
2025-06-05T19:20:31.260187,2640.1934231288224,-5599.156494433011,-3979.7274739951426,-2.8586996039751527,2.999621205021126,-6.026361853746106,33701U
2025-06-05T19:21:31.260187,2464.0286129878177,-5409.21780491819,-4333.913679545871,-3.0118605881369818,3.3299467604894137,-5.776270949121208,33701U
2025-06-05T19:22:31.260187,2278.99208188435,-5199.803819147855,-4672.457684099131,-3.1543226265990363,3.6486012095465132,-5.505075433548198,33701U
2025-06-05T19:23:31.260187,2085.741452424649,-4971.648938561426,-4994.119895287064,-3.2855665381631716,3.9544488117164813,-5.213679695848063,33701U
2025-06-05T19:24:31.260187,1884.9644827496093,-4725.554615604707,-5297.717053148363,-3.405107826093062,4.246391471603764,-4.9030573761091425,33701U
2025-06-05T19:25:31.260187,1677.3769389117708,-4462.386998722395,-5582.12632297352,-3.5124982540981073,4.523372056003506,-4.57424905341285,33701U
2025-06-05T19:26:31.260187,1463.7203734064062,-4183.074378484795,-5846.289245695161,-3.6073273684473732,4.784377662384657,-4.228359791715126,33701U
2025-06-05T19:27:31.260187,1244.7598130516549,-3888.604437585972,-6089.215536909791,-3.689223967577636,5.028442841366844,-3.866556542752014,33701U
2025-06-05T19:28:31.260187,1021.2813593879698,-3580.021307367242,-6309.986725477487,-3.7578575202755484,5.254652775926569,-3.4900654028453597,33701U
2025-06-05T19:29:31.260187,794.0897047622541,-3258.422433439649,-6507.759622406694,-3.8129395330039486,5.462146419841837,-3.1001687183665165,33701U
2025-06-05T19:30:31.260187,564.0055672902413,-2924.955252922164,-6681.76961038332,-3.854224866190023,5.650119597269338,-2.698202032441499,33701U
2025-06-05T19:31:31.260187,331.86304796530993,-2580.813685800238,-6831.333743844106,-3.881512998289648,5.817828064306347,-2.285550863330261,33701U
2025-06-05T19:32:31.260187,98.50691331507285,-2227.2344429630507,-6955.853648926805,-3.8946492351873725,5.964590531894643,-1.8636473028732374,33701U
2025-06-05T19:33:31.260187,-135.21019279054195,-1865.4931536174004,-7054.81821196166,-3.893525860992936,6.089791647460263,-1.4339664215633952,33701U
2025-06-05T19:34:31.260187,-368.4306042831219,-1496.9003150393157,-7127.806044405768,-3.8780832245691155,6.1928849302435385,-0.9980224652926017,33701U
2025-06-05T19:35:31.260187,-600.2945507113865,-1122.7970680187082,-7174.487711290076,-3.84831075420196,6.273395652381864,-0.5573648277257083,33701U
2025-06-05T19:36:31.260187,-829.9431329516432,-744.5508019200721,-7194.62770936332,-3.8042478907412223,6.330923654487186,-0.11357378170657473,33701U
2025-06-05T19:37:31.260187,-1056.521351424974,-363.55059403601314,-7188.086180213225,-3.745984927347495,6.365146080770462,0.3317440468067202,33701U
2025-06-05T19:38:31.260187,-1279.1811806971423,18.797511123120103,-7154.820342756745,-3.6736637417458526,6.375820014777974,0.776960477936324,33701U
2025-06-05T19:39:31.260187,-1497.0846834758333,401.07537576622144,-7094.885628661518,-3.5874784046770904,6.36278499261608,1.2204308641856783,33701U
2025-06-05T19:40:31.260187,-1709.4071560335708,781.8577877137881,-7008.436503537525,-3.487675646139401,6.325965366269709,1.660499475230607,33701U
2025-06-05T19:41:31.260187,-1915.340295978885,1159.7176142931696,-6895.726956174848,-3.3745551591175014,6.265372485401811,2.0955051890265826,33701U
2025-06-05T19:42:31.260187,-2114.095382085921,1533.2310793611448,-6757.110637756805,-3.2484697188984857,6.181106662011976,2.5237874925183643,33701U
2025-06-05T19:43:31.260187,-2304.9064545912624,1900.9831494252574,-6593.040632905149,-3.1098250948720465,6.073358878699323,2.943692789726701,33701U
2025-06-05T19:44:31.260187,-2487.0334829969124,2261.5730124696397,-6404.068844675334,-2.959079731006567,5.942412198195742,3.353581008546337,33701U
2025-06-05T19:45:31.260187,-2659.7655070134906,2613.619630552129,-6190.844976269509,-2.796744171071782,5.788642829489598,3.751832490315993,33701U
2025-06-05T19:46:31.260187,-2822.4237348702914,2955.767344566596,-5954.115093324834,-2.6233802052264026,5.612520804423272,4.136855138238991,33701U
2025-06-05T19:47:31.260187,-2974.3645818508503,3286.6915068145854,-5694.719752207956,-2.439599715873187,5.41461021828355,4.507091792217066,33701U
2025-06-05T19:48:31.260187,-3114.9826306290793,3605.1041142699682,-5413.5916818354035,-2.246063202751374,5.195568988755732,4.861027788822501,33701U
2025-06-05T19:49:31.260187,-3243.7134938295544,3909.759412722247,-5111.753009165316,-2.0434779701140857,4.956148089795397,5.197198656220591,33701U
2025-06-05T19:50:31.260187,-3360.0365582680593,4199.459439434616,-4790.312021669614,-1.8325959625217796,4.697190220562745,5.514197885147988,33701U
2025-06-05T19:51:31.260187,-3463.4775895912585,4473.059469632671,-4450.459463790541,-1.6142112402439897,4.4196278746029245,5.810684708842905,33701U
2025-06-05T19:52:31.260187,-3553.611175582866,4729.473330152553,-4093.4643685647998,-1.3891570904282113,4.124480780914398,6.0853918174367125,33701U
2025-06-05T19:53:31.260187,-3630.0629862714677,4967.678541991975,-3720.669430231065,-1.1583027759836784,3.8128526963746774,6.337132926037461,33701U
2025-06-05T19:54:31.260187,-3692.5118292112143,5186.721252431275,-3333.4859286253086,-0.9225499303969675,3.48592753804194,6.564810110884791,33701U
2025-06-05T19:55:31.260187,-3740.691478931243,5385.720916881839,-2933.388221442436,-0.6828286133028675,3.1449648539583195,6.767420824776404,33701U
2025-06-05T19:56:31.260187,-3774.3922605880853,5563.874690752438,-2521.907825878441,-0.4400930483894593,2.7912946419987628,6.944064501696857,33701U
2025-06-05T19:57:31.260187,-3793.4623693108424,5720.461492440681,-2100.6271166526126,-0.19531707192950848,2.4263115377676785,7.093948661379993,33701U
2025-06-05T19:58:31.260187,-3797.8089085986826,5854.845700092723,-1671.172672800922,0.0505106733130733,2.0514684042168376,7.216394427516812,33701U
2025-06-05T19:59:31.260187,-3787.39863339245,5966.480447032546,-1235.2083108001402,0.29639175805820334,1.668269367206941,7.310841378504544,33701U
2025-06-05T20:00:31.260187,-3762.258386064892,6054.91048373267,-794.4278463790482,0.5413231542993808,1.2782623522972594,7.3768516569740665,33701U
2025-06-05T20:01:31.260187,-3722.47521651033,6119.774577840322,-350.54763166800825,0.784302540376095,0.8830311882718186,7.414113273697008,33701U
2025-06-05T20:02:31.260187,-3668.1961807055272,6160.8074280268465,94.70108199570976,1.0243336693552962,0.4841873519574452,7.422442552650807,33701U
2025-06-05T20:03:31.260187,-3599.62781549086,6177.84107221094,539.5799023609786,1.260431744462918,0.08336143645310899,7.401785676725271,33701U
2025-06-05T20:04:31.260187,-3517.035290807626,6170.805775916051,982.3511203085126,1.4916287442720864,-0.3178055692888704,7.352219307440591,33701U
2025-06-05T20:05:31.260187,-3420.741244141478,6139.730392041582,1421.2855430957195,1.716978640620204,-0.7176710977106445,7.2739502667171,33701U
2025-06-05T20:06:31.260187,-3311.1243053809085,6084.742189027528,1854.670279968184,1.935562453795369,-1.1145998231015617,7.167314283761102,33701U
2025-06-05T20:07:31.260187,-3188.6173236193654,6006.066150138003,2280.8164239673656,2.146493092361353,-1.506972391961227,7.032773825063232,33701U
2025-06-05T20:08:31.260187,-3053.7053105334658,5904.0237522435855,2698.066575343278,2.348919928987847,-1.8931939724194922,6.870915039903305,33701U
2025-06-05T20:09:31.260187,-2906.923117786467,5779.0312379138,3104.8021544289954,2.542033068687976,-2.2717025363174743,6.682443867199252,33701U
2025-06-05T20:10:31.260187,-2748.8528683758536,5631.597399715509,3499.4504550750416,2.72506727177089,-2.6409767938595516,6.46818136164822,33701U
2025-06-05T20:11:31.260187,-2580.121163917364,5462.320900241078,3880.491393679186,2.8973055003986574,-2.999543708670763,6.229058307559892,33701U
2025-06-05T20:12:31.260187,-2401.3960915020903,5271.88715546976,4246.463913360884,3.058082064678116,-3.3459855303510353,5.966109197321869,33701U
2025-06-05T20:13:31.260187,-2213.3840549572888,5061.06481252515,4595.972007791723,3.2067853514964737,-3.6789462918877365,5.680465657883714,33701U
2025-06-05T20:14:31.260187,-2016.826456080417,4830.701855681358,4927.69033446471,3.342860126600459,-3.9971377302246576,5.3733494129037025,33701U
2025-06-05T20:15:31.260187,-1812.4962517108422,4581.721376566175,5240.369392622907,3.4658094075068795,-4.299344599532112,5.046064870257675,33701U
2025-06-05T20:16:31.260187,-1601.194412372889,4315.1170459045325,5532.84024654038,3.57519591152428,-4.584429357938176,4.699991424522623,33701U
2025-06-05T20:17:31.260187,-1383.7463077077089,4031.9483248645342,5804.0187802169075,3.6706430892855906,-4.851336219329371,4.336575561964022,33701U
2025-06-05T20:18:31.260187,-1160.9980430460907,3733.335454142293,6052.909474706681,3.7518357596050578,-5.099094572028032,3.9573228516652024,33701U
2025-06-05T20:19:31.260187,-933.8127703186375,3420.4542584145956,6278.608704137642,3.81852036606893,-5.326821775441756,3.5637899010012677,33701U
2025-06-05T20:20:31.260187,-703.0669950996106,3094.530802757288,6480.307550922959,3.870504879484634,-5.53372535397056,3.1575763469507843,33701U
2025-06-05T20:21:31.260187,-469.6469000043201,2756.8359361633075,6657.2941446432815,3.9076583731099297,-5.7191046143914095,2.7403169470813826,33701U
2025-06-05T20:22:31.260187,-234.44470295604836,2408.6797554703594,6808.955532558023,3.92991029946938,-5.882351718540761,2.313673825742678,33701U
2025-06-05T20:23:31.260187,1.6449329355739504,2051.4060209123363,6934.779092659226,3.9372494985724544,-6.022952247345275,1.8793289223649865,33701U
2025-06-05T20:24:31.260187,237.72842293080961,1686.3865522332053,7034.35350260714,3.929722967538102,-6.140485295123686,1.4389766800973705,33701U
2025-06-05T20:25:31.260187,472.91670446142615,1315.01563191548,7107.369279803328,3.9074344210909566,-6.234623134669998,0.9943170045740679,33701U
2025-06-05T20:26:31.260187,706.3285896856693,938.7044396583516,7153.618909288073,3.870542671224822,-6.305130494026486,0.5470485146126545,33701U
2025-06-05T20:27:31.260187,937.0940169045142,558.8755398553255,7172.996577136102,3.819259852642849,-6.351863485199508,0.09886209930599926,33701U
2025-06-05T20:28:31.260187,1164.3571924242995,176.95744152465883,7165.497527616627,3.7538495184992176,-6.374768223516367,-0.3485652105797882,33701U
2025-06-05T20:29:31.260187,1387.2796157930343,-205.62075202540606,7131.21706263559,3.6746246286023148,-6.373879174036877,-0.7935760546562879,33701U
2025-06-05T20:30:31.260187,1605.0429825287263,-587.4345885169229,7070.349201945529,3.581945449708096,-6.34931725859112,-1.2345382408823722,33701U
2025-06-05T20:31:31.260187,1816.8519595028267,-967.0693935526763,6983.185022350639,3.476217384940084,-6.3012877537880785,-1.669849935684686,33701U
2025-06-05T20:32:31.260187,2021.936829034739,-1343.1252671620186,6870.110693706142,3.3578887468138756,-6.230078006890878,-2.097944555275054,33701U
2025-06-05T20:33:31.260187,2219.555998508133,-1714.2219396319254,6731.6052289651525,3.2274484858990484,-6.136054992934054,-2.5172953691398554,33701U
2025-06-05T20:34:31.260187,2408.9983729453934,-2079.0034774430114,6568.23796490739,3.0854238848853686,-6.019662732996836,-2.9264198277925804,33701U
2025-06-05T20:35:31.260187,2589.5855884828593,-2436.1428311691798,6380.665789537017,2.9323782257857847,-5.881419590258526,-3.3238836272703387,33701U
2025-06-05T20:36:31.260187,2760.6741050988403,-2784.3462180760175,6169.630131491186,2.7689084362371106,-5.721915457435223,-3.7083045226400557,33701U
2025-06-05T20:37:31.260187,2921.6571572691673,-3122.357332875053,5935.953726187321,2.5956427193745393,-5.541808846500556,-4.0783559020616575,33701U
2025-06-05T20:38:31.260187,3071.9665614794158,-3448.961380683718,5680.537172874775,2.413238170564105,-5.341823889274016,-4.432770131854776,33701U
2025-06-05T20:39:31.260187,3211.074379725384,-3762.9889267269987,5404.355296260734,2.222378383373719,-5.122747255543764,-4.770341681645262,33701U
2025-06-05T20:40:31.260187,3338.49443829939,-4063.3195577212364,5108.453325953841,2.023771046531812,-4.885424993881899,-5.089930037139362,33701U
2025-06-05T20:41:31.260187,3453.783701297482,-4348.885350212503,4793.942906627544,1.8181455332473815,-4.630759299207861,-5.390462406469682,33701U
2025-06-05T20:42:31.260187,3556.543498412254,-4618.674141441482,4461.997951528241,1.6062504841061522,-4.359705210424833,-5.670936224487897,33701U
2025-06-05T20:43:31.260187,3646.4206066970837,-4871.73259856776,4113.850351757524,1.3888513847954977,-4.073267241076212,-5.930421457891109,33701U
2025-06-05T20:44:31.260187,3723.1081861163416,-5107.169082344468,3750.7855536163875,1.1667281400974001,-3.7724959458887586,-6.168062712744074,33701U
2025-06-05T20:45:31.260187,3786.3465688330093,-5324.156301588438,3374.1380162146293,0.940672645895938,-3.458484426247036,-6.383081144829229,33701U
2025-06-05T20:46:31.260187,3835.923902335991,-5521.933755056688,2985.2865615047135,0.711486361333348,-3.132364778024986,-6.574776172358523,33701U
2025-06-05T20:47:31.260187,3871.6766466759295,-5699.8099576227305,2585.649628886542,0.4799778836829963,-2.7953044857337845,-6.742526989933105,33701U
2025-06-05T20:48:31.260187,3893.4899262618196,-5857.164447951715,2176.6804465333103,0.2469605289544665,-2.4485027675753708,-6.885793882246935,33701U
2025-06-05T20:49:31.260187,3901.297736869411,-5993.449575202418,1759.8621315998416,0.01324992167695059,-2.093186876669823,-7.004119335893232,33701U
2025-06-05T20:50:31.260187,3895.083008724897,-6108.192062635863,1336.7027314866216,-0.22033840230174903,-1.730608364407419,-7.097128947734255,33701U
2025-06-05T20:51:31.260187,3874.877526751796,-6200.99434638727,908.7302183250753,-0.4529913758399409,-1.3620393125108945,-7.16453212861735,33701U
2025-06-05T20:52:31.260187,3840.761709300272,-6271.5356880509435,477.4874488282945,-0.6839007589442644,-0.9887685409536895,-7.206122601729936,33701U
2025-06-05T20:53:31.260187,3792.8642469141064,-6319.573060136617,44.52710160084623,-0.9122654710739408,-0.6120977993257399,-7.221778695552922,33701U
2025-06-05T20:54:31.260187,3731.3616029255086,-6344.941803873048,-388.5933960832214,-1.1372938927073162,-0.23333794954373577,-7.211463432156729,33701U
2025-06-05T20:55:31.260187,3656.477377899078,-6347.556059253518,-820.3169401368442,-1.3582061316311504,0.146194852044012,-7.175224412444046,33701U
2025-06-05T20:56:31.260187,3568.481540166343,-6327.408967632759,-1249.091808414166,-1.5742362495886664,0.5251829651374605,-7.1131935008371325,33701U
2025-06-05T20:57:31.260187,3467.6895249056397,-6284.572647588363,-1673.3766947870693,-1.7846344451850398,0.9023110607059318,-7.025586312793197,33701U
2025-06-05T20:58:31.260187,3354.461204405094,-6219.1979451433335,-2091.645707232864,-1.988669189344282,1.276269893523642,-6.912701509355558,33701U
2025-06-05T20:59:31.260187,3229.199732328312,-6131.513959806312,-2502.3933188141286,-2.1856293100407953,1.645760045091769,-6.774919903686633,33701U
2025-06-05T21:00:31.260187,3092.350264943517,-6021.827348212972,-2904.139260741436,-2.3748260235766985,2.0094956307591825,-6.612703385120274,33701U
2025-06-05T21:01:31.260187,2944.3985624032125,-5890.521407441836,-3295.433346977785,-2.5555949102466635,2.3662079656818147,-6.426593666693653,33701U
2025-06-05T21:02:31.260187,2785.869473258872,-5738.0549403265995,-3674.860220136824,-2.7272978328428223,2.714649185217078,-6.217210862333909,33701U
2025-06-05T21:03:31.260187,2617.3253054642914,-5564.960905288546,-4041.0440087200827,-2.889324797071573,3.053595816390056,-5.985251899851914,33701U
2025-06-05T21:04:31.260187,2439.36408716668,-5371.844853368688,-4392.6528860108765,-3.041095753551188,3.381852298147195,-5.7314887756178985,33701U
2025-06-05T21:05:31.260187,2252.617720603395,-5159.383155244636,-4728.40352119623,-3.182062341613257,3.69825444920142,-5.4567666562399255,33701U
2025-06-05T21:06:31.260187,2057.750032421214,-4928.321021077913,-5047.065413499711,-3.3117095756078405,4.001672883314555,-5.162001831734203,33701U
2025-06-05T21:07:31.260187,1855.454723715545,-4679.470316052255,-5347.4651002730725,-3.4295574747866553,4.291016372816436,-4.8481795235626794,33701U
2025-06-05T21:08:31.260187,1646.4532230560728,-4413.707174441277,-5628.490230094924,-3.535162638078504,4.5652351619686415,-4.516351549532514,33701U
2025-06-05T21:09:31.260187,1431.4924457291816,-4131.969414990273,-5889.0934919515985,-3.6281197651502723,4.8233242323935075,-4.1676338459235005,33701U
2025-06-05T21:10:31.260187,1211.3424623952085,-3835.2537603243118,-6128.296391514989,-3.708063125037448,5.06432652315049,-3.803203845368267,33701U
2025-06-05T21:11:31.260187,986.7940803372574,-3524.612863012924,-6345.192865378552,-3.774667973308502,5.287336108103247,-3.4242977069971308,33701U
2025-06-05T21:12:31.260187,758.6563404822576,-3201.152140850556,-6538.952723853211,-3.8276519181764943,5.49150133292846,-3.032207393236644,33701U
2025-06-05T21:13:31.260187,527.7539334130317,-2866.0264238661316,-6708.82491255858,-3.866776235176698,5.6760279134319855,-2.6282775854832754,33701U
2025-06-05T21:14:31.260187,294.92453767569236,-2520.436415576226,-6854.140582569061,-3.891847128982487,5.8401819957218635,-2.213902428741933,33701U
2025-06-05T21:15:31.260187,61.01608383357485,-2165.6249710677353,-6974.315958290013,-3.9027169396337356,5.983293177214219,-1.790522093316,33701U
2025-06-05T21:16:31.260187,-173.11605206072485,-1802.8731946604157,-7068.854991555557,-3.8992852889118303,6.104757485404362,-1.3596191398582695,33701U
2025-06-05T21:17:31.260187,-406.6119215937111,-1433.4963601872807,-7137.35178966638,-3.8815001608323265,6.2040403088198595,-0.9227146726540502,33701U
2025-06-05T21:18:31.260187,-638.6099393343569,-1058.839657355564,-7179.492804246329,-3.8493589082705526,6.280679271607884,-0.481364265005101,33701U
2025-06-05T21:19:31.260187,-868.2498754867569,-680.2737682553121,-7195.058766907962,-3.802909175628278,6.334287039823789,-0.037153640148920176,33701U
2025-06-05T21:20:31.260187,-1094.6759003124746,-299.1902788733169,-7183.926356818195,-3.742249725244247,6.364554043746798,0.40830590862956145,33701U
2025-06-05T21:21:31.260187,-1317.0396740225356,83.00306852184053,-7146.069584377094,-3.6675311530131087,6.3712510965246825,0.853382374044344,33701U
2025-06-05T21:22:31.260187,-1534.5034749527474,464.88727502007396,-7081.560874413481,-3.5789564764802293,6.354231885244598,1.2964281805183238,33701U
2025-06-05T21:23:31.260187,-1746.2433578254668,845.0371281525735,-6990.57183160668,-3.4767815766106462,6.313435306262673,1.7357856302948202,33701U
2025-06-05T21:24:31.260187,-1951.4523327739116,1222.0263781108295,-6873.373670320105,-3.3613154725790113,6.248887612440504,2.1697926569543338,33701U
2025-06-05T21:25:31.260187,-2149.3435545719426,1594.4330348283527,-6730.337290735167,-3.232920407393906,6.16070433599039,2.5967888886185557,33701U
2025-06-05T21:26:31.260187,-2339.15351019507,1960.8447714603553,-6561.932983162126,-3.0920117210500355,6.049091947092539,3.015122017439183,33701U
2025-06-05T21:27:31.260187,-2520.1451914572212,2319.864417397149,-6368.7297427370195,-2.9390574872962736,5.914349205495372,3.4231544653677335,33701U
2025-06-05T21:28:31.260187,-2691.611238058519,2670.1155213839243,-6151.394177443463,-2.7745778901030156,5.756868160122641,3.819270328791361,33701U
2025-06-05T21:29:31.260187,-2852.8770349726274,3010.2479626282,-5910.688993578323,-2.5991443165929424,5.577134750464394,4.201882576524411,33701U
2025-06-05T21:30:31.260187,-3003.303746745915,3338.9435850253612,-5647.471044447517,-2.4133781446253173,5.375728963380119,4.569440467059284,33701U
2025-06-05T21:31:31.260187,-3142.2912700136094,3654.9218268760665,-5362.688930270928,-2.217949205445449,5.153324500036098,4.9204371421065405,33701U
2025-06-05T21:32:31.260187,-3269.281084417361,3956.9453158000224,-5057.380140000049,-2.0135739048410977,4.910687910136035,5.253417344566451,33701U
2025-06-05T21:33:31.260187,-3383.7589811771804,4243.825396037195,-4732.667729019002,-1.8010129900854965,4.648677154461787,5.5669852004373706,33701U
2025-06-05T21:34:31.260187,-3485.257647881868,4514.427553064791,-4389.756530489679,-1.5810689545524148,4.36823956204412,5.8598119960899755,33701U
2025-06-05T21:35:31.260187,-3573.3590876661883,4767.676698542872,-4029.9289023699794,-1.3545830771870033,4.070409154998762,6.130643875138189,33701U
2025-06-05T21:36:31.260187,-3647.696850876216,5002.562277106162,-3654.540016840497,-1.1224320999154338,3.75630332212444,6.378309373106642,33701U
2025-06-05T21:37:31.260187,-3707.9580576308645,5218.143155545216,-3265.012703924838,-0.8855245524317753,3.4271188316154046,6.601726703540711,33701U
2025-06-05T21:38:31.260187,-3753.8851903893064,5413.552254526927,-2862.8318664017447,-0.644796740461107,3.0841271835116673,6.799910706371443,33701U
2025-06-05T21:39:31.260187,-3785.2776367511383,5588.000883262387,-2449.538488562539,-0.40120842037355836,2.7286693135448443,6.971979368458244,33701U
2025-06-05T21:40:31.260187,-3801.992964252717,5740.782738480117,-2026.7232668445467,-0.15573818971758074,2.3621496715519497,7.117159827439614,33701U
2025-06-05T21:41:31.260187,-3803.9479108705564,5871.277530733023,-1596.0198957306245,0.09062137036073478,1.986029709296107,7.234793773419607,33701U
2025-06-05T21:42:31.260187,-3791.1190772792097,5978.95420345913,-1159.0980474153107,0.3368687589482387,1.6018208240112901,7.32434216861516,33701U
2025-06-05T21:43:31.260187,-3763.543309600613,6063.373713315117,-717.6560884469633,0.5819987783954014,1.2110768149095759,7.385389212827223,33701U
2025-06-05T21:44:31.260187,-3721.317764375747,6124.191344060379,-273.4135807440584,0.825007865200098,0.8153859199135544,7.4176454923230635,33701U
2025-06-05T21:45:31.260187,-3664.5996507262644,6161.1585306275265,171.89638208555584,1.0648994741576603,0.41636250865760915,7.42095026120813,33701U
2025-06-05T21:46:31.260187,-3593.605648083494,6174.124174882323,616.5349494148843,1.300689459126861,0.0156385150523812,7.395272817322443,33701U
2025-06-05T21:47:31.260187,-3508.611001366975,6163.035439849795,1058.765343612608,1.5314113929633175,-0.385145301825868,7.340712948762927,33701U
2025-06-05T21:48:31.260187,-3409.948299010834,6127.938014742841,1496.8606887278188,1.7561217696835676,-0.7843481762687373,7.25750044190427,33701U
2025-06-05T21:49:31.260187,-3298.0059426822772,6068.975848844486,1929.1117810652745,1.9739050337310988,-1.1803381402313675,7.145993656831773,33701U
2025-06-05T21:50:31.260187,-3173.2263208271543,5986.39035802973,2353.8347457138148,2.183878384276967,-1.5715007204631368,7.006677190963667,33701U
2025-06-05T21:51:31.260187,-3036.103701239477,5880.519113331682,2769.3785248353197,2.3851963066945943,-1.9562474383708703,6.840158665888916,33701U
2025-06-05T21:52:31.260187,-2887.1818606122256,5751.794026327351,3174.1321461300145,2.577054788570056,-2.333024027332102,6.6471646856644915,33701U
2025-06-05T21:53:31.260187,-2727.051471431975,5600.739051122519,3566.5317232709936,2.7586951836645115,-2.7003182887971025,6.428536026636663,33701U
2025-06-05T21:54:31.260187,-2556.3472685780625,5427.96742724212,3945.0671441608656,2.9294076939428577,-3.0566675167146258,6.185222128957042,33701U
2025-06-05T21:55:31.260187,-2375.7450195521646,5234.1784916976,4308.288407470893,3.088534446896942,-3.4006654292814895,5.91827496811874,33701U
2025-06-05T21:56:31.260187,-2185.958323376799,5020.154091838448,4654.811572951602,3.23547215270068,-3.730968557428805,5.6288423908775,33701U
2025-06-05T21:57:31.260187,-1987.7352638560326,4786.754633251169,4983.32429632292,3.36967433301904,-4.0463020504772915,5.318161003758638,33701U
2025-06-05T21:58:31.260187,-1781.8549431071376,4534.9147989326375,5292.590925002634,3.4906531203323077,-4.345464870650084,4.9875487039951105,33701U
2025-06-05T21:59:31.260187,-1569.123921066909,4265.63897722965,5581.457136394854,3.597980633247036,-4.627334359295372,4.638396942264823,33701U
2025-06-05T22:00:31.260187,-1350.3725860896002,3979.9964366288305,5848.8541057993425,3.6912899392756335,-4.890870168413865,4.2721628041503195,33701U
2025-06-05T22:01:31.260187,-1126.4514808300241,3679.116285442412,6093.80219610539,3.7702756218439237,-5.135117561123988,3.8903609930416385,33701U
2025-06-05T22:02:31.260187,-898.2276063964705,3364.1822538223773,6315.414166203932,3.834693972732143,-5.359210093790231,3.4945557915000403,33701U
2025-06-05T22:03:31.260187,-666.5807263200047,3036.4273344190947,6512.897899410115,3.884362834707268,-5.562371700497763,3.086353071188081,33701U
2025-06-05T22:04:31.260187,-432.399690278301,2697.128316461666,6685.558657075084,3.9191611217367934,-5.743918207243866,2.667392413664413,33701U
2025-06-05T22:05:31.260187,-196.57879578732937,2347.6002461547614,6832.800865947486,3.939028045897124,-5.903258308559251,2.2393393959475496,33701U
2025-06-05T22:06:31.260187,39.985795706995624,1989.1908441549967,6954.129450697068,3.943962080941115,-6.03989404324087,1.8038780860914334,33701U
2025-06-05T22:07:31.260187,276.39957369772213,1623.274908584801,7049.150725341982,3.934019692538284,-6.1534208085048805,1.362703785364272,33701U
2025-06-05T22:08:31.260187,511.7731115645972,1251.248729645186,7117.572859141602,3.909313864535003,-6.243526953222243,0.9175160452436502,33701U
2025-06-05T22:09:31.260187,745.225406402062,874.5245394756432,7159.205933858206,3.8700124493049413,-6.309992991088541,0.47001197956091056,33701U
2025-06-05T22:10:31.260187,975.887116112455,494.52501853470375,7173.961610198577,3.816336368486927,-6.352690473743522,0.021879884917105397,33701U
2025-06-05T22:11:31.260187,1202.90368560404,112.67787750087291,7161.852421766914,3.7485576882564002,-6.371580562149981,-0.4252068239002061,33701U
2025-06-05T22:12:31.260187,1425.4383552504073,-269.58946844752,7122.990715051775,3.6669975908661887,-6.366712332138213,-0.8695953622660384,33701U
2025-06-05T22:13:31.260187,1642.6750459357115,-650.8551180881909,7057.5872538869135,3.572024261634225,-6.338220847093094,-1.3096590111441693,33701U
2025-06-05T22:14:31.260187,1853.8211160234275,-1029.7077822397173,6965.949506528481,3.4640507079564014,-6.286325027477553,-1.7438022464784755,33701U
2025-06-05T22:15:31.260187,2058.109986459011,-1404.7517499601656,6848.479633032637,3.3435325243697007,-6.211325343409485,-2.1704655720935024,33701U
2025-06-05T22:16:31.260187,2254.8036309435174,-1774.6117127245564,6705.672190050429,3.210965615267098,-6.113601352985828,-2.5881300674130694,33701U
2025-06-05T22:17:31.260187,2443.19492871895,-2137.93743764007,6538.111569525902,3.0668838846303736,-5.993609105605374,-2.995321662280993,33701U
2025-06-05T22:18:31.260187,2622.609877992781,-2493.4082817635085,6346.469187129422,2.9118569001506613,-5.851878426290479,-3.3906151514352882,33701U
2025-06-05T22:19:31.260187,2792.4096684190426,-2839.7375404269637,6131.500435613744,2.746487537380208,-5.689010094032181,-3.7726379608640928,33701U
2025-06-05T22:20:31.260187,2951.992611362262,-3175.6766231738843,5894.041417669799,2.571409608119803,-5.505672924546682,-4.140073677471918,33701U
2025-06-05T22:21:31.260187,3100.7959269108483,-3500.019051472868,5635.005472306075,2.3872854761032754,-5.302600765579577,-4.4916653523164305,33701U
2025-06-05T22:22:31.260187,3238.2973868001513,-3811.6042728440934,5355.379508287892,2.1948036621826406,-5.080589411045688,-4.8262185862635825,33701U
2025-06-05T22:23:31.260187,3364.016812561215,-4109.321286415544,5056.220157761765,1.9946764406324078,-4.840493438855647,-5.142604405347199,33701U
2025-06-05T22:24:31.260187,3477.5174283456486,-4392.112075249927,4738.649762855813,1.7876374278538005,-4.5832229762411885,-5.4397619315101595,33701U
2025-06-05T22:25:31.260187,3578.4070679998613,-4658.974841065088,4403.852207788109,1.5744391646402525,-4.309740395726463,-5.716700852829381,33701U
2025-06-05T22:26:31.260187,3666.339236082366,-4908.96703722833,4053.0686088260923,1.3558506932312482,-4.0210569445674444,-5.972503695857082,33701U
2025-06-05T22:27:31.260187,3741.014022644158,-5141.20819615389,3687.5928743124914,1.1326551305955204,-3.7182293104517514,-6.206327901404179,33701U
2025-06-05T22:28:31.260187,3802.1788717289005,-5354.882547483724,3308.7671468970034,0.9056472397109824,-3.402356126469096,-6.417407703990891,33701U
2025-06-05T22:29:31.260187,3849.6292037006524,-5549.2414236944605,2917.9771400781297,0.6756310010109944,-3.0745744187767086,-6.60505581432382,33701U
2025-06-05T22:30:31.260187,3883.2088916744074,-5723.6054500549735,2516.647381152139,0.443417186609367,-2.736056000940255,-6.7686649035464965,33701U
2025-06-05T22:31:31.260187,3902.810592508702,-5877.366516163165,2106.236372675979,0.20982094036799173,-2.3880038195775937,-6.907708887655369,33701U
2025-06-05T22:32:31.260187,3908.3759330192606,-6009.989526618204,1688.2316845687374,-0.024340632696441183,-2.0316482566220317,-7.021744010369808,33701U
2025-06-05T22:33:31.260187,3899.895552286597,-6121.013928738383,1264.1449889850423,-0.25825086378613255,-1.6682433942009898,-7.110409722880591,33701U
2025-06-05T22:34:31.260187,3877.4090011548633,-6210.05501560814,835.5070500963144,-0.49109590027448463,-1.299063248763291,-7.173429359249414,33701U
2025-06-05T22:35:31.260187,3841.00450025177,-6276.805003133136,403.8626808872542,-0.722067063803502,-0.9253979816318046,-7.21061060676829,33701U
2025-06-05T22:36:31.260187,3790.8185580948943,-6321.033880187787,-29.234320969052952,-0.9503631819510877,-0.5485500935954484,-7.221845771271664,33701U
2025-06-05T22:37:31.260187,3727.0354510849947,-6342.590031356804,-462.22624618069364,-1.1751928888623129,-0.1698306114407558,-7.207111838192363,33701U
2025-06-05T22:38:31.260187,3649.8865674169683,-6341.400632188405,-893.55654398656,-1.3957768903117391,0.20944472554307397,-7.16647033101972,33701U
2025-06-05T22:39:31.260187,3559.6496171595577,-6317.4718172898065,-1321.674877677195,-1.6113501888496449,0.5879592710975937,-7.100066969712854,33701U
2025-06-05T22:40:31.260187,3456.647710962928,-6270.888621994536,-1745.042153957978,-1.8211642649692927,0.964399261793674,-7.00813113250008,33701U
2025-06-05T22:41:31.260187,3341.2483100429326,-6201.814698712791,-2162.1355148474245,-2.0244892106171646,1.3374575837219431,-6.890975125312962,33701U
2025-06-05T22:42:31.260187,3213.8620502603458,-6110.4918094295645,-2571.45328104918,-2.220615811834414,1.7058375092678038,-6.748993263817644,33701U
2025-06-05T22:43:31.260187,3074.9414432613403,-5997.239096139167,-2971.5198359973074,-2.4088575778487367,2.0682563978788484,-6.582660773580156,33701U
2025-06-05T22:44:31.260187,2924.9794577653674,-5862.452131288633,-3360.8904400635556,-2.588552714522726,2.4234493555941845,-6.392532514293845,33701U
2025-06-05T22:45:31.260187,2764.507984182844,-5706.601750545918,-3738.155964697378,-2.7590660406729777,2.7701728490639796,-6.1792415341802025,33701U
2025-06-05T22:46:31.260187,2594.096185813605,-5530.232670406316,-4101.947536554662,-2.9197908463893807,3.1072082708287847,-5.94349746061657,33701U
2025-06-05T22:47:31.260187,2414.3487399193245,-5333.961893299806,-4450.941081940387,-3.070150693076244,3.433365453707784,-5.686084732726202,33701U
2025-06-05T22:48:31.260187,2225.9039719826296,-5118.476902964832,-4783.861762130914,-3.209601155477508,3.7474861332196845,-5.40786068107444,33701U
2025-06-05T22:49:31.260187,2029.431886462977,-4884.533652909189,-5099.488290345765,-3.3376315064108417,4.048447357987396,-5.109753458740751,33701U
2025-06-05T22:50:31.260187,1825.6320973416834,-4632.9543507925255,-5396.657121288624,-3.453766345287862,4.335164849003479,-4.792759826886203,33701U
2025-06-05T22:51:31.260187,1615.2316617176477,-4364.625041539437,-5674.266504266905,-3.557567171713764,4.6065963094112234,-4.457942796516735,33701U
2025-06-05T22:52:31.260187,1398.9828196841295,-4080.4929919415254,-5931.280390906997,-3.6486339055073302,4.8617446870237435,-4.106429126486747,33701U
2025-06-05T22:53:31.260187,1177.6606436863574,-3781.5638794335246,-6166.732188409708,-3.7266063543406793,5.099661392118846,-3.739406675917969,33701U
2025-06-05T22:54:31.260187,952.0606005471875,-3468.8987876550573,-6379.728349115207,-3.7911656298392264,5.319449473046946,-3.3581216071843882,33701U
2025-06-05T22:55:31.260187,722.9960293581722,-3143.6110113444574,-6569.451786871928,-3.842035512391799,5.520266751834496,-2.9638754334843913,33701U
2025-06-05T22:56:31.260187,491.29553848136135,-2806.862673076193,-6735.165110319096,-3.8789837640833085,5.7013289212084,-2.558021902861474,33701U
2025-06-05T22:57:31.260187,257.80032500619944,-2459.861154371498,-6876.213662697774,-3.901823388072009,5.8619126032737885,-2.141963708429084,33701U
2025-06-05T22:58:31.260187,23.361420165964862,-2103.855343800303,-6992.028357206294,-3.9104138313927432,6.001358368426811,-1.7171490125895987,33701U
2025-06-05T22:59:31.260187,-211.16313554311512,-1740.1317048826115,-7082.1282962169635,-3.9046621265866945,6.119073710960129,-1.2850677713214635,33701U
2025-06-05T23:00:31.260187,-444.9111834720937,-1370.0101669063836,-7146.123161889133,-3.8845239657583597,6.21453597522934,-0.8472478432402039,33701U
2025-06-05T23:01:31.260187,-677.0193996599656,-994.839842244319,-7183.7153648641115,-3.8500046986740863,6.28729522320872,-0.4052508672441362,33701U
2025-06-05T23:02:31.260187,-906.6263043685306,-615.9945743834759,-7194.701936840827,-3.8011602443871064,6.336977030821213,0.03933210777222368,33701U
2025-06-05T23:03:31.260187,-1132.875322614791,-234.86832171502567,-7178.976151935175,-3.738097903656672,6.363285196634784,0.4848852572923839,33701U
2025-06-05T23:04:31.260187,-1354.9178892191694,147.12961681843743,-7136.528860861683,-3.660977057191153,6.366004342460895,0.9297728946511664,33701U
2025-06-05T23:05:31.260187,-1571.916590978185,528.5795268412171,-7067.4495211877365,-3.570009732563,6.345002381173842,1.3723446766111722,33701U
2025-06-05T23:06:31.260187,-1783.0483375352317,908.0563455267296,-6971.926906247309,-3.4654610206051286,6.300232822816067,1.810941111102855,33701U
2025-06-05T23:07:31.260187,-1987.5075513732772,1284.134859773184,-6850.249474818663,-3.3476493202964153,6.231736885909139,2.243899373273087,33701U
2025-06-05T23:08:31.260187,-2184.5093661025912,1655.39502289591,-6702.805383425073,-3.216946389676671,6.139645377012233,2.6695594310894757,33701U
2025-06-05T23:09:31.260187,-2373.292820882733,2020.4273749280453,-6530.082123168252,-3.073777179298028,6.024180298131571,3.086270475888789,33701U
2025-06-05T23:10:31.260187,-2553.1240374280624,2377.8385491923655,-6332.665763408839,-2.918619424216794,5.885656138764541,3.492397646502362,33701U
2025-06-05T23:11:31.260187,-2723.299364630819,2726.256845216236,-6111.239785421835,-2.7520029706467675,5.724480807340211,3.8863290280413025,33701U
2025-06-05T23:12:31.260187,-2883.1484744348463,3064.3378453604905,-5866.5834904237345,-2.5745088142089028,5.541156155764958,4.2664828982298335,33701U
2025-06-05T23:13:31.260187,-3032.0373912463683,3390.770049776395,-5599.5699681342385,-2.386767828284979,5.336278050855739,4.631315185518144,33701U
2025-06-05T23:14:31.260187,-3169.3714359230175,3704.280501562063,-5311.163614327963,-2.189459163356642,5.110535947779571,4.979327094313921,33701U
2025-06-05T23:15:31.260187,-3294.598064291293,4003.640371346223,-5002.417188658626,-1.983308301396655,4.864711923313111,5.309072843812333,33701U
2025-06-05T23:16:31.260187,-3407.2095792500286,4287.670468054477,-4674.468407407783,-1.769084753370645,4.599679130861672,5.619167458349803,33701U
2025-06-05T23:17:31.260187,-3506.7456948796435,4555.24664041374,-4328.536069691263,-1.5475993926540532,4.316399644741001,5.908294539277563,33701U
2025-06-05T23:18:31.260187,-3592.79593063721,4805.305031906222,-3965.9157200148443,-1.319701422598428,4.015921668196592,6.175213941348049,33701U
2025-06-05T23:19:31.260187,-3665.0018137180177,5036.847150483629,-3587.9748548465454,-1.086274982485403,3.699376087924811,6.418769270836769,33701U
2025-06-05T23:20:31.260187,-3723.058868042681,5248.944713482097,-3196.147685980436,-0.8482354025433269,3.367972367315192,6.637895118374592,33701U
2025-06-05T23:21:31.260187,-3766.71836910806,5440.74422790299,-2791.929478816461,-0.6065251254107328,3.0229937810603476,6.831623936984306,33701U
2025-06-05T23:22:31.260187,-3795.7888451375566,5611.471266610744,-2376.870489148181,-0.3621093182181399,2.665792004918001,6.999092475313174,33701U
2025-06-05T23:23:31.260187,-3810.137306582807,5760.434402081494,-1952.5695275162907,-0.11597120612738239,2.2977810859705334,7.139547677669484,33701U
2025-06-05T23:24:31.260187,-3809.690188054309,5887.028761140675,-1520.6671855100928,0.13089283549841244,1.920430830378528,7.25235196628534,33701U
2025-06-05T23:25:31.260187,-3794.4339891679783,5990.739166654213,-1082.8387634405344,0.3774783873322894,1.535259657014749,7.3369878272391835,33701U
2025-06-05T23:26:31.260187,-3764.4156035499213,6071.142835360657,-640.7869434339128,0.6227782427197561,1.1438269761412134,7.393061629597181,33701U
2025-06-05T23:27:31.260187,-3719.742328290713,6127.9116049083,-196.23425605938064,0.8657877625907321,0.7477251620924112,7.420306617412868,33701U
2025-06-05T23:28:31.260187,-3660.581549421253,6160.813667616088,249.08460798853568,1.105510273481529,0.34857119744737397,7.418585026015111,33701U
2025-06-05T23:29:31.260187,-3587.16010242208,6169.714793428405,693.4305870158097,1.3409624516695415,-0.052001926907458,7.387889287212407,33701U
2025-06-05T23:30:31.260187,-3499.763310295436,6154.579029865523,1135.0680823627774,1.5711796358683143,-0.45235396632316566,7.328342302271172,33701U
2025-06-05T23:31:31.260187,-3398.7337052522157,6115.468872366823,1572.272780552191,1.7952210116666818,-0.8508462389024053,7.240196776385719,33701U
2025-06-05T23:32:31.260187,-3284.4694434816097,6052.544904148593,2003.339406909168,2.012174612985664,-1.245850410407014,7.123833623391728,33701U
2025-06-05T23:33:31.260187,-3157.422425747891,5966.064910417655,2426.589354932355,2.2211620890659356,-1.6357571550293029,6.9797594642646645,33701U
2025-06-05T23:34:31.260187,-3018.096139561675,5856.382477359788,2840.378137683272,2.421343189952628,-2.018984602772838,6.808603257021318,33701U
2025-06-05T23:35:31.260187,-2867.0432413828585,5723.945091628339,3243.102610185873,2.611919928825525,-2.393986489327029,6.611112108625626,33701U
2025-06-05T23:36:31.260187,-2704.8628996480475,5569.291760977479,3633.2079153513446,2.7921403857284255,-2.7592599312600026,6.38814633101778,33701U
2025-06-05T23:37:31.260187,-2532.1979213377203,5393.050181107839,4009.194110118409,2.961302124055928,-3.113352757808588,6.140673813137036,33701U
2025-06-05T23:38:31.260187,-2349.7316862848984,5195.933477642243,4369.6224331924395,3.118755198333928,-3.454870340202482,5.869763788575146,33701U
2025-06-05T23:39:31.260187,-2158.184914453646,4978.736555354979,4713.121180867472,3.263904739167206,-3.7824818700124423,5.576580084119901,33701U
2025-06-05T23:40:31.260187,-1958.3122919921113,4742.33208930625,5038.391162762479,3.3962131084915903,-4.094926049088891,5.262373937871002,33701U
2025-06-05T23:41:31.260187,-1750.898981997388,4487.666194360453,5344.210714773056,3.515201625257241,-4.391016164920638,4.928476476841033,33701U
2025-06-05T23:42:31.260187,-1536.7570456521728,4215.753810704371,5629.440251984352,3.6204518681897246,-4.66964453634076,4.576290943093537,33701U
2025-06-05T23:43:31.260187,-1316.7217987379886,3927.673843449075,5893.026349596274,3.7116065681710393,-4.929786325133557,4.207284754672403,33701U
2025-06-05T23:44:31.260187,-1091.6481275488147,3624.5640942492623,6134.0053449568395,3.788370107921061,-5.1705027189660555,3.822981483070484,33701U
2025-06-05T23:45:31.260187,-862.4067869696078,3307.6160221588334,6351.50645849909,3.8505086509525177,-5.3909434999570225,3.4249528230265707,33701U
2025-06-05T23:46:31.260187,-629.8807020090584,2978.0693697415777,6544.754435647764,3.8978499251610423,-5.590349020918312,3.0148106233350034,33701U
2025-06-05T23:47:31.260187,-394.9612924371355,2637.2066888442146,6713.071715557211,3.9302826888795264,-5.768051617741482,2.5941990394042254,33701U
2025-06-05T23:48:31.260187,-158.5448384367078,2286.347798505711,6855.880135821886,3.947755908785805,-5.923476491483952,2.1647868598323425,33701U
2025-06-05T23:49:31.260187,78.47109661222402,1926.844205305662,6972.702185053827,3.950277679751754,-6.056142097421714,1.728260050581472,33701U
2025-06-05T23:50:31.260187,315.1911718903677,1560.0735141266302,7063.161817451481,3.9379139166304946,-6.16566008071639,1.2863145517091743,33701U
2025-06-05T23:51:31.260187,550.7256908616079,1187.4338549035053,7126.984845209263,3.910786847189275,-6.251734799469248,0.8406493533132482,33701U
2025-06-05T23:52:31.260187,784.1939280565185,810.3383485172055,7163.998925873315,3.8690733340143812,-6.3141624759219415,0.3929598695675386,33701U
2025-06-05T23:53:31.260187,1014.7273515715129,430.2096326398227,7174.133162574939,3.8130030513580553,-6.35283001554898,-0.05506837733398566,33701U
2025-06-05T23:54:31.260187,1241.4727333775218,48.4744660767126,7157.417335526929,3.742856540683316,-6.367713531939118,-0.5017657577551364,33701U
2025-06-05T23:55:31.260187,1463.595140817021,-333.44157194891994,7113.9807832987035,3.65896316621098,-6.358876612844089,-0.9454842194587263,33701U
2025-06-05T23:56:31.260187,1680.2808038162543,-714.1192730721882,7044.050952256108,3.561698989190805,-6.326468359764566,-1.3846026608325632,33701U
2025-06-05T23:57:31.260187,1890.7398533217563,-1092.1508688603933,6947.951632215782,3.4514845770148996,-6.2707212301077355,-1.817532000014971,33701U
2025-06-05T23:58:31.260187,2094.208927319565,-1466.1449664783129,6826.100895877657,3.3287827607474942,-6.191948707451639,-2.242719949927814,33701U
2025-06-05T23:59:31.260187,2289.953641496734,-1834.7313410784786,6679.008759012894,3.1940963522445225,-6.090542821929536,-2.6586555108324146,33701U
2025-06-06T00:00:31.260187,2477.270922187223,-2196.5655762090805,6507.274577741535,3.0479658298329,-5.9669715393277905,-3.0638731928623084,33701U
2025-06-06T00:01:31.260187,2655.491199709527,-2550.333544500761,6311.584198576381,2.8909669995637732,-5.821776034279246,-3.4569569811302645,33701U
2025-06-06T00:02:31.260187,2823.980460576169,-2894.755721703992,6092.706876266047,2.723708637372593,-5.655567860011581,-3.8365440555833743,33701U
2025-06-06T00:03:31.260187,2982.142157350564,-3228.591327819861,5851.491973862961,2.5468301160858613,-5.469026024534107,-4.201328276902614,33701U
2025-06-06T00:04:31.260187,3129.4189751518434,-3550.6422896019153,5588.865458900732,2.3609990201219526,-5.262893980964845,-4.550063448507135,33701U
2025-06-06T00:05:31.260187,3265.29445399479,-3859.757019159322,5305.826209085194,2.166908749919751,-5.037976537918863,-4.881566363275176,33701U
2025-06-06T00:06:31.260187,3389.294466298243,-4154.834003752726,5003.442140506699,1.9652761175896296,-4.795136694513101,-5.194719642002295,33701U
2025-06-06T00:07:31.260187,3500.9885490256834,-4434.825202187258,4682.846171057092,1.756838934981853,-4.535292403568106,-5.488474369002376,33701U
2025-06-06T00:08:31.260187,3599.99109003874,-4698.7392434742205,4345.232031491767,1.5423535952861431,-4.259413265986909,-5.761852528681082,33701U
2025-06-06T00:09:31.260187,3685.9623683648006,-4945.6444236876205,3991.84993639558,1.3225926493685565,-3.9685171590167942,-6.013949245461263,33701U
2025-06-06T00:10:31.260187,3758.6094482032227,-5174.6714971809715,3624.0021271973555,1.0983423782926989,-3.6636668011201765,-6.243934828152461,33701U
2025-06-06T00:11:31.260187,3817.6869266313456,-5385.016258576661,3243.0382993129087,0.8704003638184132,-3.345966256439144,-6.45105661878458,33701U
2025-06-06T00:12:31.260187,3862.99753512421,-5575.941912204774,2850.3509254622168,0.6395730590823847,-3.0165573822775413,-6.634640645098058,33701U
2025-06-06T00:13:31.260187,3894.392595167978,-5746.781225941625,2447.370487216726,0.4066733621229912,-2.6766162236122,-6.7940930752986235,33701U
2025-06-06T00:14:31.260187,3911.772328434198,-5896.938466707873,2035.5606268374563,0.17251819536068555,-2.3273493592981596,-6.928901473372073,33701U
2025-06-06T00:15:31.260187,3915.0860221813064,-6025.891115209507,1616.4132314937306,-0.06207390541859358,-1.9699902053353666,-7.038635853180895,33701U
2025-06-06T00:16:31.260187,3904.332050765415,-6133.191357860781,1191.4434619586018,-0.2962851886524384,-1.6057952812398848,-7.122949529734829,33701U
2025-06-06T00:17:31.260187,3879.557754367363,-6218.4673541993525,762.1847378877482,-0.5293010669213001,-1.2360404461999246,-7.181579766401211,33701U
2025-06-06T00:18:31.260187,3840.8591762758783,-6281.424278500893,330.1836917538185,-0.7603124747379273,-0.8620171122241632,-7.214348217383093,33701U
2025-06-06T00:19:31.260187,3788.380660302652,-6321.845134703114,-103.00489652950256,-0.9885181996129687,-0.48502844191756433,-7.221161165493164,33701U
2025-06-06T00:20:31.260187,3722.314310140017,-6339.591344165549,-535.8231723475651,-1.2131271817853242,-0.10638553878735815,-7.202009556063153,33701U
2025-06-06T00:21:31.260187,3642.899312701013,-6334.603106205817,-966.7152746587503,-1.4333607780936461,0.27259636190730563,-7.1569688287013555,33701U
2025-06-06T00:22:31.260187,3550.4211277023433,-6306.899531762295,-1394.1323881182702,-1.6484549856586876,0.6506016938067727,-7.086198549505729,33701U
2025-06-06T00:23:31.260187,3445.2105459557083,-6256.5785509302,-1816.5377675600785,-1.8576626213491312,1.0263183438948074,-6.989941847211283,33701U
2025-06-06T00:24:31.260187,3327.6426190228594,-6183.816595494738,-2232.411723554219,-2.0602554533927036,1.398441413436253,-6.86852465755602,33701U
2025-06-06T00:25:31.260187,3198.1354630563983,-6088.868057935089,-2640.2565580079004,-2.2555262819729682,1.765676948699694,-6.722354780845148,33701U
2025-06-06T00:26:31.260187,3057.148939794824,-5972.064528691627,-3038.601439035481,-2.4427909661884963,2.1267456354854724,-6.551920758243395,33701U
2025-06-06T00:27:31.260187,2905.183217797763,-5833.813813767658,-3426.007204607918,-2.621390395341425,2.480386452352927,-6.3577905726879145,33701U
2025-06-06T00:28:31.260187,2742.7772171029237,-5674.598734975907,-3801.0710847679375,-2.7906924031299036,2.82536027840514,-6.140610180465125,33701U
2025-06-06T00:29:31.260187,2570.506940551763,-5494.975715331666,-4162.431332478963,-2.9500936239318403,3.1604534525352865,-5.901101879399774,33701U
2025-06-06T00:30:31.260187,2388.9836950725125,-5295.573152239276,-4508.771753435932,-3.0990212909510775,3.484481282112661,-5.640062519247914,33701U
2025-06-06T00:31:31.260187,2198.852206227714,-5077.089581216978,-4838.826125397446,-3.236934976525712,3.7962915001499313,-5.3583615592539156,33701U
2025-06-06T00:32:31.260187,2000.788629330996,-4840.291632957255,-5151.382497791595,-3.363328275343868,4.094767671001792,-5.056938976918159,33701U
2025-06-06T00:33:31.260187,1795.4984604197891,-4586.011786529974,-5445.287362486944,-3.4777304316441278,4.378832545546099,-4.73680303083199,33701U
2025-06-06T00:34:31.260187,1583.7143503438197,-4315.1459215114355,-5719.449686692317,-3.5797079116663872,4.647451367538588,-4.399027878985674,33701U
2025-06-06T00:35:31.260187,1366.1938251976019,-4028.650671768582,-5972.844798946792,-3.6688659226381577,4.899635133361817,-4.044751052263932,33701U
2025-06-06T00:36:31.260187,1143.7169163035824,-3727.540583562312,-6204.518119065452,-3.7448498794026275,5.134443807646852,-3.675170780958062,33701U
2025-06-06T00:37:31.260187,917.083702942373,-3412.8850805613088,-6413.58872271959,-3.8073468193996964,5.350989497192257,-3.2915431700798012,33701U
2025-06-06T00:38:31.260187,687.111771047689,-3085.805238304208,-6599.252731033222,-3.856086766078318,5.548439585180303,-2.895179217134203,33701U
2025-06-06T00:39:31.260187,454.63359114062223,-2747.4703706236764,-6760.7865151769365,-3.890844039938473,5.72601982686307,-2.48744166385804,33701U
2025-06-06T00:40:31.260187,220.4938188898335,-2399.0944305799003,-6897.549705427516,-3.9114385152670903,5.883017406621378,-2.069741671351035,33701U
2025-06-06T00:41:31.260187,-14.453478141038312,-2041.9322285587964,-7008.987993547067,-3.917736819248897,6.018783954569963,-1.6435353061043094,33701U
2025-06-06T00:42:31.260187,-249.34766374185952,-1677.2754704037873,-7094.6357166229955,-3.9096534685119213,6.132738518680006,-1.2103198227754728,33701U
2025-06-06T00:43:31.260187,-483.324442137436,-1306.4486187898617,-7154.118209717437,-3.8871519363319194,6.224370485723672,-0.7716297282755722,33701U
2025-06-06T00:44:31.260187,-715.5188282910029,-930.8045815397105,-7187.153913821439,-3.8502456417043898,6.2932424412382355,-0.32903261093083375,33701U
2025-06-06T00:45:31.260187,-945.0681742542579,-551.7202312559149,-7193.556224720214,-3.798998849342433,6.338992955201135,0.11587528171824547,33701U
2025-06-06T00:46:31.260187,-1171.1152457058677,-170.5917615132666,-7173.235067487787,-3.733527467432016,6.361339276269325,0.5614737324217698,33701U
2025-06-06T00:47:31.260187,-1392.8113420122647,211.17011405538196,-7126.198180478956,-3.6539997277406657,6.360079913350396,1.006123525676236,33701U
2025-06-06T00:48:31.260187,-1609.3194522068247,592.1451121170167,-7052.55209192107,-3.560636730512522,6.335097079046609,1.4481717135968701,33701U
2025-06-06T00:49:31.260187,-1819.8174382282493,970.90847021365,-6952.502771577821,-3.4537128345778183,6.28635896527644,1.885957185558975,33701U
2025-06-06T00:50:31.260187,-2023.501235585658,1346.0361665125324,-6826.355939517808,-3.3335558713558133,6.213921817276288,2.317816546861087,33701U
2025-06-06T00:51:31.260187,-2219.5880603499945,1716.110255644395,-6674.517013828428,-3.2005471600326554,6.117931768381118,2.7420903065901223,33701U
2025-06-06T00:52:31.260187,-2407.3196100208656,2079.7243052700123,-6497.4906792320635,-3.055121300252781,5.998626394651455,3.157129368835231,33701U
2025-06-06T00:53:31.260187,-2585.965244421615,2435.4889155611713,-6295.880059039344,-2.8977657182650303,5.856335945731945,3.5613018144942736,33701U
2025-06-06T00:54:31.260187,-2754.8251313562055,2782.0373011665542,-6070.385473771923,-2.729019942705257,5.691484206475247,3.952999953234444,33701U
2025-06-06T00:55:31.260187,-2913.2333403643197,3118.0309125177437,-5821.8027711498235,-2.5494745871494797,5.504588943012737,4.330647616873703,33701U
2025-06-06T00:56:31.260187,-3060.560866579782,3442.1650705781703,-5551.021214000344,-2.359770018290395,5.296261887252056,4.692707656738984,33701U
2025-06-06T00:57:31.260187,-3196.2185654738664,3753.17458640829,-5259.020915039278,-2.1605946911177996,5.067208215363271,5.037689598651267,33701U
2025-06-06T00:58:31.260187,-3319.6599782038525,4049.839334301177,-4946.86981040934,-1.9526831358275778,4.818225478774945,5.364157400361955,33701U
2025-06-06T00:59:31.260187,-3430.3840264405444,4330.989744825435,-4615.720167321297,-1.7368135853208462,4.550201950586251,5.670737247816956,33701U
2025-06-06T01:00:31.260187,-3527.9375549570227,4595.5121819646065,-4266.804625127402,-1.5138052370488893,4.264114356135096,5.956125318836802,33701U
2025-06-06T01:01:31.260187,-3611.9176999841125,4842.35416678381,-3901.4317735918917,-1.2845151485094226,3.9610249636778496,6.219095436018073,33701U
2025-06-06T01:02:31.260187,-3681.9740614050284,5070.5294087452085,-3520.9812769715722,-1.0498347718082441,3.6420780196525584,6.458506525154486,33701U
2025-06-06T01:03:31.260187,-3737.810657313686,5279.122605031383,-3126.8985576800574,-0.8106861392121584,3.308495522644108,6.673309791545425,33701U
2025-06-06T01:04:31.260187,-3779.187640318813,5467.293968081302,-2720.6890586898844,-0.5680177183694088,2.9615723407426127,6.862555524439163,33701U
2025-06-06T01:05:31.260187,-3805.9227562535484,5634.283442057224,-2303.9121093036,-0.3227999626672732,2.602670688219108,7.025399439747369,33701U
2025-06-06T01:06:31.260187,-3817.8925276467517,5779.414570177452,-1878.1744243742023,-0.07602058883021472,2.2332139890376186,7.161108473196032,33701U
2025-06-06T01:07:31.260187,-3815.0331464150945,5902.097976788936,-1445.1232723375388,0.1713203798774872,1.854680166344182,7.269065940309725,33701U
2025-06-06T01:08:31.260187,-3797.341062716545,6001.834430712238,-1006.4393523904686,0.41821576080543144,1.468594408365752,7.348775986046869,33701U
2025-06-06T01:09:31.260187,-3764.8732597247067,6078.217459738269,-563.8294256784092,0.6636565004916557,1.0765214717641807,7.3998672554132074,33701U
2025-06-06T01:10:31.260187,-3717.747207186619,6130.935490144184,-119.01874930805954,0.9066370517871073,0.6800575930707574,7.422095726805111,33701U
2025-06-06T01:11:31.260187,-3656.1404899478775,6159.773489650422,326.2566347458213,1.1461607838350292,0.28082208704970407,7.415346661918288,33701U
2025-06-06T01:12:31.260187,-3580.290111095307,6164.614097265219,770.2577012998265,1.3812453676016005,-0.11955128256212703,7.379635639477449,33701U
2025-06-06T01:13:31.260187,-3490.4914729080215,6145.4382288538145,1211.250278006313,1.6109280793170757,-0.5194230697179572,7.315108654431989,33701U
2025-06-06T01:14:31.260187,-3387.0970422858327,6102.325152890592,1647.5128590984052,1.834270965280018,-0.9171569573527775,7.222041279165844,33701U
2025-06-06T01:15:31.260187,-3270.5147108034043,6035.45203658923,2077.344340037277,2.050365813573929,-1.3111285195941298,7.100836898338195,33701U
2025-06-06T01:16:31.260187,-3141.2058626775174,5945.092968297046,2499.0716179159053,2.258338882002363,-1.6997338431277405,6.952024043600331,33701U
2025-06-06T01:17:31.260187,-2999.6831669719522,5831.617467577522,2911.0570041842366,2.457355335973183,-2.081397919207335,6.776252868379515,33701U
2025-06-06T01:18:31.260187,-2846.5081129752093,5695.488499641632,3311.7053993510544,2.6466233557302816,-2.4545827234753093,6.574290815630347,33701U
2025-06-06T01:19:31.260187,-2682.28830996116,5537.260015617202,3699.4711829207413,2.825397878647453,-2.8177949079544544,6.347017542661904,33701U
2025-06-06T01:20:31.260187,-2507.674574390748,5357.57404446571,4072.864776104736,2.9929839492016046,-3.1695930382681508,6.095419176542048,33701U
2025-06-06T01:21:31.260187,-2323.3578290146274,5157.157366084413,4430.458839635439,3.1487396564832664,-3.508594318999012,5.820581980946792,33701U
2025-06-06T01:22:31.260187,-2130.0658392823098,4936.817798210772,4770.894074164883,3.292078646453726,-3.8334807607634205,5.5236855205323,33701U
2025-06-06T01:23:31.260187,-1928.5598129567286,4697.440132141587,5092.8845961118595,3.4224722033992565,-4.143004753710806,5.205995411911488,33701U
2025-06-06T01:24:31.260187,-1719.630888887302,4439.981753973964,5395.222867297101,3.539450901961101,-4.435994023407225,4.868855751141643,33701U
2025-06-06T01:25:31.260187,-1504.0965405426552,4165.46798908219,5676.784162134374,3.6426058375471695,-4.711355956088735,4.513681306386443,33701U
2025-06-06T01:26:31.260187,-1282.7969191857485,3874.987207894405,5936.530561406088,3.731589448704088,-4.9680812907650305,4.141949561278798,33701U
2025-06-06T01:27:31.260187,-1056.5911605328408,3569.6857307681903,6173.514466642542,3.8061159500265105,-5.205247185354062,3.755192689702924,33701U
2025-06-06T01:28:31.260187,-826.3536774338579,3250.762568954811,6386.881633743856,3.865961398315052,-5.4220196727025325,3.3549895365169715,33701U
2025-06-06T01:29:31.260187,-592.970459598222,2919.4640373577504,6575.8737286695,3.9109634179188597,-5.6176555298335105,2.942957671445492,33701U
2025-06-06T01:30:31.260187,-357.3353997252672,2577.0782731129025,6739.830411719396,3.941020613500621,-5.791503589946176,2.520745575298161,33701U
2025-06-06T01:31:31.260187,-120.34666364088659,2224.929692034012,6878.190960110755,3.9560916998605276,-5.943005531514643,2.0900250091356187,33701U
2025-06-06T01:32:31.260187,117.09687975628994,1864.3734127606438,6990.495441207563,3.956194379003258,-6.071696182290331,1.6524836083038914,33701U
2025-06-06T01:33:31.260187,354.0991547264034,1496.789676099699,7076.385450890805,3.941403994403497,-6.177203378149375,1.209817734674264,33701U
2025-06-06T01:34:31.260187,589.770288826328,1123.578284640293,7135.604433190342,3.9118519915162406,-6.259247417628721,0.7637256121992841,33701U
2025-06-06T01:35:31.260187,823.229926337931,746.153085318035,7167.997598467701,3.867724212096425,-6.317640152780599,0.31590076323954286,33701U
2025-06-06T01:36:31.260187,1053.6104359128453,365.9365152650466,7173.511458189605,3.809259047956167,-6.352283755792557,-0.1319742438087523,33701U
2025-06-06T01:37:31.260187,1280.0600047727785,-15.645770949469041,7152.1929947172575,3.7367454775152606,-6.363169198831579,-0.5782337311346367,33701U
2025-06-06T01:38:31.260187,1501.7456130680991,-397.1701766591251,7104.188484610772,3.650521006009252,-6.3503744819463455,-1.0212345330769366,33701U
2025-06-06T01:39:31.260187,1717.8558831127134,-777.2203268945085,7029.741993771418,3.5509695276193427,-6.31406264077647,-1.4593613075186347,33701U
2025-06-06T01:40:31.260187,1927.6037991765031,-1154.3921082137333,6929.193562372637,3.43851912517966,-6.254479562437518,-1.89103154523108,33701U
2025-06-06T01:41:31.260187,2130.2292943342877,-1527.2985736595786,6802.97709701762,3.31363982058759,-6.171951634432277,-2.3147002876042047,33701U
2025-06-06T01:42:31.260187,2325.001701550221,-1894.5747032394918,6651.617986957856,3.1768412866659737,-6.0668832479230215,-2.7288645646590854,33701U
2025-06-06T01:43:31.260187,2511.222066737099,-2254.8820114480127,6475.73046055298,3.0286705290558937,-5.939754173305151,-3.132067565942311,33701U
2025-06-06T01:44:31.260187,2688.2253219730064,-2606.9129942804166,6276.014697493022,2.869709544806536,-5.791116822854881,-3.522902556921806,33701U
2025-06-06T01:45:31.260187,2855.3823174187123,-2949.3954089763215,6053.25371165786,2.700572962688372,-5.621593412352498,-3.9000165529939785,33701U
2025-06-06T01:46:31.260187,3012.1017107514217,-3281.09638035874,5808.310018895438,2.5219056689179613,-5.431873031076102,-4.26211376223841,33701U
2025-06-06T01:47:31.260187,3157.8317131534855,-3600.826328164257,5542.122103458704,2.334380420930235,-5.222708627440337,-4.607958806783687,33701U
2025-06-06T01:48:31.260187,3292.061691064182,-3907.44271017798,5255.700696379193,2.1386954510728637,-4.994913915849224,-4.936379731144104,33701U
2025-06-06T01:49:31.260187,3414.323623045255,-4199.8535763382215,4950.124878667609,1.9355720615991168,-4.749360209033015,-5.246270804281221,33701U
2025-06-06T01:50:31.260187,3524.193411235055,-4477.020929274393,4626.538021920393,1.7257522120758626,-4.486973179230009,-5.536595120520151,33701U
2025-06-06T01:51:31.260187,3621.292046979358,-4737.963886997428,4286.143578682146,1.5099961002774986,-4.2087295510354865,-5.806387002879138,33701U
2025-06-06T01:52:31.260187,3705.286630345827,-4981.761643710816,3930.2007347414697,1.289079737757065,-3.915653728517607,-6.054754210939091,33701U
2025-06-06T01:53:31.260187,3775.891243350904,-5207.556224942568,3560.019935436724,1.0637925215515784,-3.608814359268117,-6.280879954114309,33701U
2025-06-06T01:54:31.260187,3832.867676864666,-5414.555033442508,3176.9582979912557,0.8349348038421557,-3.289320838351412,-6.484024710145184,33701U
2025-06-06T01:55:31.260187,3876.0260113122895,-5602.033182551105,2782.414921872719,0.6033154618142568,-2.9583197555851304,-6.663527847838529,33701U
2025-06-06T01:56:31.260187,3905.2250514581083,-5769.335614019254,2377.8261091856443,0.369749470427579,-2.6169912901931,-6.818809052534197,33701U
2025-06-06T01:57:31.260187,3920.372615745623,-5915.878997565424,1964.660507120351,0.13505548125942268,-2.2665455575415656,-6.94936955249714,33701U
2025-06-06T01:58:31.260187,3921.425680868251,-6041.153409782622,1544.414184507955,-0.09994658898312886,-1.908218913373194,-7.054793144397697,33701U
2025-06-06T01:59:31.260187,3908.390382461254,-6144.723790359139,1118.6056545514923,-0.33443795630819084,-1.5432702216382166,-7.134747016240192,33701U
2025-06-06T02:00:31.260187,3881.3218730315884,-6226.231173954226,688.7708557966906,-0.5676033493678109,-1.172977092637196,-7.188982366507135,33701U
2025-06-06T02:01:31.260187,3840.324038475715,-6285.393696458331,256.45810339768093,-0.798633366974453,-0.7986320987278204,-7.217334818863935,33701U
2025-06-06T02:02:31.260187,3785.549074771136,-6322.007374776822,-176.7769773295751,-1.0267268086011154,-0.4215389752394295,-7.219724632492887,33701U
2025-06-06T02:03:31.260187,3717.1969266624715,-6335.946659685876,-609.3765231441067,-1.2510929732463218,-0.04300881450343632,-7.1961567089440965,33701U
2025-06-06T02:04:31.260187,3635.514590391659,-6327.164761723836,-1039.7854991058964,-1.470953922148717,0.3356437390054678,-7.146720397271208,33701U
2025-06-06T02:05:31.260187,3540.79528274074,-6295.693750487617,-1466.4567471407781,-1.6855467010444536,0.7131042845056744,-7.071589100113165,33701U
2025-06-06T02:06:31.260187,3433.3774788602063,-6241.644428096984,-1887.856005478255,-1.8941255179710736,1.0880624440717057,-6.9710196842471746,33701U
2025-06-06T02:07:31.260187,3313.6438215443245,-6165.205977963057,-2302.466887708292,-2.095963873023322,1.4592156179059599,-6.845351699930593,33701U
2025-06-06T02:08:31.260187,3182.0199047790547,-6066.645390342884,-2708.795810452617,-2.2903566369532893,1.825272709109358,-6.695006414025407,33701U
2025-06-06T02:09:31.260187,3038.972934533264,-5946.306666475876,-3105.3768588991975,-2.476622076049083,2.1849578120841113,-6.52048566242474,33701U
2025-06-06T02:10:31.260187,2885.010269879967,-5804.609803372378,-3490.776579729351,-2.654103821318942,2.5370138595856204,-6.322370527634465,33701U
2025-06-06T02:11:31.260187,2720.6778476266004,-5642.049561557476,-3863.598691241293,-2.822172780616634,2.880206224414836,-6.101319847479016,33701U
2025-06-06T02:12:31.260187,2546.5584936990035,-5459.194018261035,-4222.488700744521,-2.980228992950286,3.2133262727848044,-5.858068560770433,33701U
2025-06-06T02:13:31.260187,2363.270124563335,-5256.682908684663,-4566.138419554532,-3.1277034247935394,3.5351948674664806,-5.593425895383429,33701U
2025-06-06T02:14:31.260187,2171.4638419871103,-5035.225758069432,-4893.2903661404425,-3.264059708734111,3.844665819871223,-5.308273403506127,33701U
2025-06-06T02:15:31.260187,1971.8219244404577,-4795.5998073394285,-5202.742048155454,-3.388795825221132,4.140629291212275,-5.003562847886538,33701U
2025-06-06T02:16:31.260187,1765.0557184184136,-4538.647735100631,-5493.35011421267,-3.5014457284849048,4.422015143766216,-4.6803139416621145,33701U
2025-06-06T02:17:31.260187,1551.903432943398,-4265.275178753471,-5764.03436632069,-3.601580917861938,4.687796243953856,-4.339611942879693,33701U
2025-06-06T02:18:31.260187,1333.1278404763436,-3976.448057421508,-6013.78162388033,-3.6888119557481565,4.936991719449613,-3.982605103089118,33701U
2025-06-06T02:19:31.260187,1109.5138874500806,-3673.1896993394475,-6241.649430028029,-3.7627899331876407,5.168670172730685,-3.6105019674901735,33701U
2025-06-06T02:20:31.260187,881.8662176332194,-3356.5777762742664,-6446.769590909625,-3.8232078836715884,5.3819528533657754,-3.224568522053613,33701U
2025-06-06T02:21:31.260187,651.0066115649682,-3027.741047512408,-6628.35153815081,-3.869802145046517,5.57601679084856,-2.8261251809128756,33701U
2025-06-06T02:22:31.260187,417.7713453656426,-2687.855915929268,-6785.685504374986,-3.902353668508766,5.750097888884645,-2.41654360518023,33701U
2025-06-06T02:23:31.260187,183.00847235723063,-2338.142798714001,-6918.145501085801,-3.9206892724834876,5.90349398068974,-1.9972433422984013,33701U
2025-06-06T02:24:31.260187,-52.42496888705409,-1979.8623154432412,-7025.1920876058975,-3.9246828377616487,6.035567843053443,-1.5696882731531245,33701U
2025-06-06T02:25:31.260187,-287.66581616667247,-1614.3112964432103,-7106.374919034096,-3.914256438606865,6.145750164637887,-1.1353828525911167,33701U
2025-06-06T02:26:31.260187,-521.84771069417,-1242.8186147389883,-7161.33506038501,-3.889381402674097,6.233542461243506,-0.6958681277767956,33701U
2025-06-06T02:27:31.260187,-754.1040848186436,-866.7408454239611,-7189.807053213332,-3.8500792905382535,6.298519927594721,-0.2527175181348693,33701U
2025-06-06T02:28:31.260187,-983.571205116615,-487.4577569851641,-7191.620720140135,-3.7964227834618782,6.340334211637469,0.1924676594612997,33701U
2025-06-06T02:29:31.260187,-1209.3912648262872,-106.36764003213787,-7166.702691816816,-3.728536465795966,6.358716093457397,0.6380629359563262,33701U
2025-06-06T02:30:31.260187,-1430.7155187665408,275.1175199881523,-7115.077640028093,-3.646597486178759,6.353478046815247,1.0824257200807552,33701U
2025-06-06T02:31:31.260187,-1646.7074529222125,655.5770181382242,-7036.869199895178,-3.5508360795545375,6.324516657066436,1.5239006249208438,33701U
2025-06-06T02:32:31.260187,-1856.5459797980375,1033.586543837776,-6932.300563544192,-3.4415359300671486,6.271814865015553,1.960825099699324,33701U
2025-06-06T02:33:31.260187,-2059.4286494483704,1407.7234217907921,-6801.694727210645,-3.3190343531898656,6.19544400220409,2.391535371094925,33701U
2025-06-06T02:34:31.260187,-2254.5748648040935,1776.5719664852547,-6645.474373614981,-3.18372227412999,6.095565579406162,2.814372693178415,33701U
2025-06-06T02:35:31.260187,-2441.2290885566267,2138.728934455308,-6464.161371624924,-3.036043978694823,5.972432786886421,3.227689898848287,33701U
2025-06-06T02:36:31.260187,-2618.6640274498577,2492.8090560031173,-6258.375875777749,-2.876496612521341,5.826391662438485,3.629858238586224,33701U
2025-06-06T02:37:31.260187,-2786.183778415168,2837.4506254510193,-6028.835009215677,-2.7056294049358547,5.6578818815446486,4.019274484556706,33701U
2025-06-06T02:38:31.260187,-2943.126919590667,3171.3211262632226,-5776.351115045679,-2.524042594803846,5.467437123351763,4.394368269682091,33701U
2025-06-06T02:39:31.260187,-3088.869527950823,3493.1228646294876,-5501.829563094543,-2.3323860375975167,5.255684966685709,4.753609622566728,33701U
2025-06-06T02:40:31.260187,-3222.8281040729144,3801.598582389674,-5206.266101526329,-2.1313574755916536,5.023346272158585,5.095516650233508,33701U
2025-06-06T02:41:31.260187,-3344.462383539523,4095.537017592026,-4890.74374582471,-1.9217004565976157,4.7712340096434485,5.418663311861205,33701U
2025-06-06T02:42:31.260187,-3453.2780136726083,4373.778378608207,-4556.429201203669,-1.7042018909331729,4.500251495043562,5.721687218367202,33701U
2025-06-06T02:43:31.260187,-3548.8290737567163,4635.2196956470525,-4204.568818584422,-1.4796892413582603,4.211390006376568,6.003297385058625,33701U
2025-06-06T02:44:31.260187,-3630.7204166935826,4878.820011832656,-3836.4840887922237,-1.2490273463773374,3.9057257566541472,6.2622818580138455,33701U
2025-06-06T02:45:31.260187,-3698.6098101650614,5103.60537479702,-3453.5666845455235,-1.01311488351834,3.5844162097766286,6.49751512962353,33701U
2025-06-06T02:46:31.260187,-3752.209855909866,5308.673589089126,-3057.273065015439,-0.7728804857763845,3.2486957354883224,6.7079652551192845,33701U
2025-06-06T02:47:31.260187,-3791.289666655173,5493.1986896678945,-2649.118663142786,-0.5292785311970214,2.899870610150316,6.89270058016289,33701U
2025-06-06T02:48:31.260187,-3815.6762816021774,5656.435097388562,-2230.6716813845096,-0.28328463236742457,2.5393133814063873,7.050895989853616,33701U
2025-06-06T02:49:31.260187,-3825.25580314203,5797.72141874553,-1803.546526982934,-0.03589085917279034,2.168456626429844,7.1818385919572725,33701U
2025-06-06T02:50:31.260187,-3819.974239657223,5916.483854205399,-1369.3969230923212,0.21189926564176825,1.7887861450236355,7.284932751806486,33701U
2025-06-06T02:51:31.260187,-3799.8380418161714,6012.2391822548,-929.9087369897483,0.4590759530112998,1.4018336400252722,7.359704403150224,33701U
2025-06-06T02:52:31.260187,-3764.9143226501487,6084.597289756149,-486.7925710306692,0.704628466359423,1.0091689479076325,7.405804568116925,33701U
2025-06-06T02:53:31.260187,-3715.3307548555085,6133.263223303291,-41.77616583167976,0.9475505190984783,0.6123918918034031,7.423012030216838,33701U
2025-06-06T02:54:31.260187,-3651.275142125541,6158.038740913979,403.403331711694,1.1868456946269996,0.2131238371247324,7.411235116670719,33701U
2025-06-06T02:55:31.260187,-3572.994664806476,6158.823348497751,847.0071806691935,1.4215328312640139,-0.18700096380457717,7.370512559987239,33701U
2025-06-06T02:56:31.260187,-3480.7948037141027,6135.614810974584,1287.3028822368087,1.6506513144804913,-0.5863441473121023,7.301013423228483,33701U
2025-06-06T02:57:31.260187,-3375.0379494521376,6088.509133572082,1722.5719829768104,1.8732662200400583,-0.9832720410344241,7.203036088381088,33701U
2025-06-06T02:58:31.260187,-3256.1417079621397,6017.700014558856,2151.11778872397,2.0884732541852435,-1.3761644003602518,7.077006322245134,33701U
2025-06-06T02:59:31.260187,-3124.5769162233405,5923.477776345314,2571.272934110781,2.295403440742791,-1.7634229872737506,6.9234744488185695,33701U
2025-06-06T03:00:31.260187,-2980.8653849387015,5806.227787365258,2981.406754905905,2.493227509837875,-2.1434799041710884,6.743111670865733,33701U
2025-06-06T03:01:31.260187,-2825.5773876261906,5666.428392318404,3379.932413416882,2.681159948646948,-2.5148056010740265,6.536705595823728,33701U
2025-06-06T03:02:31.260187,-2659.328917729319,5504.648373090209,3765.313730987113,2.858462681092383,-2.8759164821918883,6.3051550320805205,33701U
2025-06-06T03:03:31.260187,-2482.778737130311,5321.543966875361,4136.071686004217,3.024448350376142,-3.2253820467156746,6.0494641306798,33701U
2025-06-06T03:04:31.260187,-2296.6252407720267,5117.855471641437,4490.790540696934,3.1784831855372233,-3.561831508746086,5.770735954477488,33701U
2025-06-06T03:05:31.260187,-2101.6031629544786,4894.403472016952,4828.1235652139885,3.3199894405814216,-3.8839598520389154,5.470165561564013,33701U
2025-06-06T03:06:31.260187,-1898.4801512839813,4652.084720951073,5146.798332884388,3.448447401940948,-4.1905332864206155,5.1490326923545995,33701U
2025-06-06T03:07:31.260187,-1688.0532342295094,4391.867714055551,5445.621566034907,3.5633969668815966,-4.480394083952575,4.8086941501730855,33701U
2025-06-06T03:08:31.260187,-1471.1452078175842,4114.7879944197775,5723.483517146089,3.6644388018032688,-4.7524647838641645,4.450575963538316,33701U
2025-06-06T03:09:31.260187,-1248.600966210649,3821.9432259162672,5979.361875349117,3.75123509502818,-5.00575176563684,4.07616541488497,33701U
2025-06-06T03:10:31.260187,-1021.2837998215912,3514.488072645812,6212.325193187054,3.8235099235213137,-5.239348199133579,3.6870030153625786,33701U
2025-06-06T03:11:31.260187,-790.0716832648939,3193.628921264058,6421.53583311039,3.8810492569648027,-5.452436389129506,3.284674498923047,33701U
2025-06-06T03:12:31.260187,-555.8535738967823,2860.6184815676856,6606.2524372725375,3.923700625666762,-5.644289538843464,2.870802901441581,33701U
2025-06-06T03:13:31.260187,-319.52574000926364,2516.7502989794452,6765.83192779152,3.9513724809205453,-5.814272962996969,2.4470407824325937,33701U
2025-06-06T03:14:31.260187,-81.98813596659919,2163.353210533836,6899.73104772813,3.9640332776703455,-5.961844785493325,2.0150626383221346,33701U
2025-06-06T03:15:31.260187,155.8591602266836,1801.785773733059,7007.507455578795,3.961710309735875,-6.086556160009716,1.5765575475438942,33701U
2025-06-06T03:16:31.260187,393.1194332262112,1433.4306952777433,7088.820388117284,3.9444883274866256,-6.188051053693819,1.1332220791843548,33701U
2025-06-06T03:17:31.260187,628.9027285506654,1059.689284258128,7143.430907960736,3.9125079668295744,-6.266065634840093,0.6867534887590893,33701U
2025-06-06T03:18:31.260187,862.3291523536171,681.9759520061197,7171.201753316573,3.8659640167960143,-6.3204273050101065,0.23884321717991716,33701U
2025-06-06T03:19:31.260187,1092.5320639614529,301.7127784737177,7172.096808045415,3.8051035510002436,-6.351053414718211,-0.2088292978211172,33701U
2025-06-06T03:20:31.260187,1318.6611537565334,-79.67583719142975,7146.180210491922,3.7302239459151436,-6.357949699678745,-0.6546024944464374,33701U
2025-06-06T03:21:31.260187,1539.8854002251003,-460.76842624963723,7093.615119556298,3.641670806383567,-6.3412084718872155,-1.0968382453774628,33701U
2025-06-06T03:22:31.260187,1755.3959010796148,-840.1515863978537,7014.662156258014,3.539835816167235,-6.301006596652382,-1.5339271077372738,33701U
2025-06-06T03:23:31.260187,1964.4085742988736,-1216.4249921339697,6909.677538637189,3.4251545287275507,-6.237603283275906,-1.9642932731543707,33701U
2025-06-06T03:24:31.260187,2166.1667257256013,-1588.2062688436542,6779.110927300694,3.2981041109159266,-6.151337713543777,-2.386399228771216,33701U
2025-06-06T03:25:31.260187,2359.9434805126316,-1954.1357212567318,6623.502998301444,3.1592010499028795,-6.042626528688345,-2.7987501413424147,33701U
2025-06-06T03:26:31.260187,2545.044076251404,-2312.880908013489,6443.482759375526,3.0089988315390084,-5.911961192113992,-3.1998979771447864,33701U
2025-06-06T03:27:31.260187,2720.808016037903,-2663.141054973173,6239.764624901051,2.848085596472114,-5.759905242057392,-3.5884453703232952,33701U
2025-06-06T03:28:31.260187,2886.6110800757597,-3003.651300656901,6013.145264299064,2.677081778750917,-5.587091445538903,-3.9630492516934916,33701U
2025-06-06T03:29:31.260187,3041.8671946763247,-3333.1867678210433,5764.50023800814,2.496637730354028,-5.394218862517691,-4.322424248977699,33701U
2025-06-06T03:30:31.260187,3186.0301577225327,-3650.5664556555453,5494.780434637016,2.3074313340824983,-5.1820498271155335,-4.6653458681155735,33701U
2025-06-06T03:31:31.260187,3318.5952198289187,-3954.6569475100446,5205.008322443218,2.1101656065346748,-4.951406851134516,-4.990653463760803,33701U
2025-06-06T03:32:31.260187,3439.1005205616143,-4244.375929377959,4896.274027915845,1.9055662924308034,-4.70316945386728,-5.297253005441353,33701U
2025-06-06T03:33:31.260187,3547.128379204106,-4518.695514659903,4569.731253938031,1.6943794513311219,-4.438270921351446,-5.584119644237819,33701U
2025-06-06T03:34:31.260187,3642.306439663229,-4776.645370971627,4226.593049789163,1.4773690377802944,-4.157694997741343,-5.850300083268333,33701U
2025-06-06T03:35:31.260187,3724.308669226252,-5017.315645001363,3868.1274450895316,1.2553144760616315,-3.862472511302989,-6.094914753851831,33701U
2025-06-06T03:36:31.260187,3792.8562110026764,-5239.859681652996,3495.65295969398,1.0290082310300919,-3.5536779376469263,-6.317159797986821,33701U
2025-06-06T03:37:31.260187,3847.718090020094,-5443.496533950095,3110.5340014953917,0.7992533768749355,-3.2324259031471256,-6.516308856770256,33701U
2025-06-06T03:38:31.260187,3888.7117730962236,-5627.513260432211,2714.1761640878935,0.5668611661034104,-2.899867631997611,-6.691714663617386,33701U
2025-06-06T03:39:31.260187,3915.703582779918,-5791.267007054407,2308.021436248598,0.3326486015006823,-2.557187340976215,-6.842810440639609,33701U
2025-06-06T03:40:31.260187,3928.6089658401415,-5934.186870900459,1893.5433352271396,0.09743601428477083,-2.205598586676947,-6.969111096286183,33701U
2025-06-06T03:41:31.260187,3927.3926169857073,-6055.7755433497005,1472.2419758573863,-0.1379553478981835,-1.8463405706770288,-7.0702142223569755,33701U
2025-06-06T03:42:31.260187,3912.068458714994,-6155.61073068905,1045.6390875268612,-0.37270571912033784,-1.4806744087866524,-7.14580088872151,33701U
2025-06-06T03:43:31.260187,3882.699478421859,-6233.346350536558,615.2729910402282,-0.605999195147672,-1.1098793711426116,-7.1956362345116585,33701U
2025-06-06T03:44:31.260187,3839.397424117684,-6288.71350283296,182.69354740138277,-0.837026090722261,-0.7352491004294287,-7.219569855156998,33701U
2025-06-06T03:45:31.260187,3782.3223603656497,-6321.521214565093,-250.54290952274985,-1.0649852695319797,-0.35808781588808763,-7.217535985371183,33701U
2025-06-06T03:46:31.260187,3711.682086257979,-6331.656957793114,-682.878644560839,-1.289086442244555,0.02029348897833205,-7.189553479027401,33701U
2025-06-06T03:47:31.260187,3627.731417494992,-6319.0869409667,-1112.7595852490485,-1.5085524281022566,0.39858084703109803,-7.135725587745861,33701U
2025-06-06T03:48:31.260187,3530.7713348430493,-6283.85617391844,-1538.6403666713368,-1.7226213757911633,0.7754611085817811,-7.056239540907572,33701U
2025-06-06T03:49:31.260187,3421.1480014519534,-6226.088307313288,-1958.9893456903378,-1.9305489396228084,1.1496257153494605,-6.951365930665125,33701U
2025-06-06T03:50:31.260187,3299.251651697774,-6145.985247701815,-2372.2935733456397,-2.1316104074796587,1.519774450156613,-6.821457906298186,33701U
2025-06-06T03:51:31.260187,3165.5153543823435,-6043.826549667378,-2777.0637144335014,-2.325102777465696,1.8846191558474898,-6.666950182919669,33701U
2025-06-06T03:52:31.260187,3020.4136532607818,-5919.968586865434,-3171.8389035448163,-2.5103467807568967,2.242887417681204,-6.488357870036483,33701U
2025-06-06T03:53:31.260187,2864.461087985447,-5774.8435040242475,-3555.1915271043963,-2.686688848736363,2.593326204336623,-6.286275125775102,33701U
2025-06-06T03:54:31.260187,2698.2105986428146,-5608.957952202547,-3925.7319212322964,-2.853503023110905,2.934705463653671,-6.061373642661518,33701U
2025-06-06T03:55:31.260187,2522.251817125956,-5422.891609784347,-4282.112975505412,-3.010192808304253,3.2658216702724094,-5.814400970680593,33701U
2025-06-06T03:56:31.260187,2337.2092486214956,-5217.295491824139,-4623.0346329506865,-3.1561929659924712,3.585501323401681,-5.546178682901146,33701U
2025-06-06T03:57:31.260187,2143.7403465097377,-4992.890050448417,-4947.248276806886,-3.290971252146397,3.892604393981149,-5.2576003882451285,33701U
2025-06-06T03:58:31.260187,1942.5334839721272,-4750.463069062694,-5253.560994768098,-3.4140300973583737,4.18602772147359,-4.949629594983318,33701U
2025-06-06T03:59:31.260187,1734.3058255852,-4490.867353120222,-5540.839711532637,-3.524908231515883,4.4647083613656875,-4.623297427276346,33701U
2025-06-06T04:00:31.260187,1519.8011021579093,-4215.018220183755,-5808.015180524814,-3.6231822540189667,4.72762688512234,-4.279700195561788,33701U
2025-06-06T04:01:31.260187,1299.7872920452558,-3923.8907919611547,-6054.085825623057,-3.7084681506943906,4.973810634778589,-3.9199968198416384,33701U
2025-06-06T04:02:31.260187,1075.0542121559367,-3618.517090933211,-6278.121423603005,-3.780422758310725,5.2023369345092245,-3.545406102991972,33701U
2025-06-06T04:03:31.260187,846.411021881672,-3299.982944139788,-6479.266617774032,-3.8387451771225924,5.412336261332739,-3.1572038491611396,33701U
2025-06-06T04:04:31.260187,614.6836432071937,-2969.424696646216,-6656.744252964084,-3.883178131158944,5.602995376555288,-2.756719820184642,33701U
2025-06-06T04:05:31.260187,380.7121003457911,-2628.025737222481,-6809.858521563375,-3.9135092750009477,5.773560418579191,-2.3453345208352143,33701U
2025-06-06T04:06:31.260187,145.3477823779989,-2277.012838827284,-6937.997909797348,-3.9295724445758533,5.92333995628252,-1.9244758016986816,33701U
2025-06-06T04:07:31.260187,-90.54936741981821,-1917.6523166430807,-7040.63793275052,-3.9312488480241123,6.051708000285913,-1.4956152666448712,33701U
2025-06-06T04:08:31.260187,-326.1137315812059,-1551.2460066685892,-7117.343645927388,-3.918468190997636,6.15810696706602,-1.0602644703371567,33701U
2025-06-06T04:09:31.260187,-560.4769634280785,-1179.127068273277,-7167.77192032527,-3.8912097288427074,6.242050588059542,-0.6199708901117592,33701U
2025-06-06T04:10:31.260187,-792.7709921662567,-802.655614679756,-7191.673467131665,-3.849503236051213,6.303126752658975,-0.17631365597139537,33701U
2025-06-06T04:11:31.260187,-1022.1310826368637,-423.21417607940447,-7188.894597274787,-3.7934298811769476,6.341000270383819,0.26910097752366585,33701U
2025-06-06T04:12:31.260187,-1247.698943525547,-42.203001045488364,-7159.378700183084,-3.7231229931741585,6.355415533585817,0.7146444328930762,33701U
2025-06-06T04:13:31.260187,-1468.6258769769538,338.96479692199523,-7103.167425293936,-3.638768702893655,6.346199057914164,1.1586708987240675,33701U
2025-06-06T04:14:31.260187,-1684.075961576208,718.8682394697105,-7020.401549136854,-3.540606441352661,6.313261873535914,1.599522717311751,33701U
2025-06-06T04:15:31.260187,-1893.2292595536917,1096.0836201735096,-6911.321510258259,-3.428929274469686,6.2566017359170285,2.035536078778213,33701U
2025-06-06T04:16:31.260187,-2095.2850378596504,1469.1897662284596,-6776.267593906562,-3.3040840523192947,6.176305120971809,2.4650470250473466,33701U
2025-06-06T04:17:31.260187,-2289.4649914478227,1836.7734111123495,-6615.679748318207,-3.166471349717517,6.072548965750148,2.8863977616180496,33701U
2025-06-06T04:18:31.260187,-2475.0164557333615,2197.434661950423,-6430.09701469557,-3.016545174193672,5.94560211273022,3.2979432687192016,33701U
2025-06-06T04:19:31.260187,-2651.215593776834,2549.792542793689,-6220.156553601614,-2.8548124172318645,5.795826413397833,3.6980581962269143,33701U
2025-06-06T04:20:31.260187,-2817.3705423281135,2892.4905923733154,-5986.59225156464,-2.6818320251604364,5.623677445298112,4.085144018805027,33701U
2025-06-06T04:21:31.260187,-2972.824499479489,3224.2024921580532,-5730.232893237779,-2.498213867301983,5.429704796308268,4.457636419256626,33701U
2025-06-06T04:22:31.260187,-3116.9587353777697,3543.6376977975565,-5451.999886518141,-2.3046172810162453,5.214551870642406,4.814012859271655,33701U
2025-06-06T04:23:31.260187,-3249.1955062716092,3849.547044340899,-5152.90453062937,-2.101749276107299,4.978955173183553,5.15280028785252,33701U
2025-06-06T04:24:31.260187,-3369.000851180485,4140.728293072876,-4834.044820305069,-1.8903623847183642,4.723743032219394,5.47258292898855,33701U
2025-06-06T04:25:31.260187,-3475.887249710213,4416.031585485604,-4496.601782874854,-1.6712521472786002,4.449833725580301,5.772010081916044,33701U
2025-06-06T04:26:31.260187,-3569.416119059947,4674.364767897994,-4141.835349212782,-1.4452542302302192,4.158232981524981,6.049803859862664,33701U
2025-06-06T04:27:31.260187,-3649.200128110133,4914.698548636251,-3771.0797641100353,-1.213241177057945,3.850030833426356,6.3047667868387505,33701U
2025-06-06T04:28:31.260187,-3714.905306688858,5136.071448579932,-3385.7385466084274,-0.9761188004401141,3.5263978162560967,6.535789167099649,33701U
2025-06-06T04:29:31.260187,-3766.2529287162843,5337.5945053371215,-2987.2790160876157,-0.7348222299860853,3.188580502872233,6.741856138631036,33701U
2025-06-06T04:30:31.260187,-3803.0211489429626,5518.455691403419,-2577.2264053295257,-0.49031163683847434,2.8378963889511604,6.9220543206296465,33701U
2025-06-06T04:31:31.260187,-3825.0463744365416,5677.924007431957,-2157.1575872672356,-0.24356766320334874,2.4757281467961545,7.07557796563765,33701U
2025-06-06T04:32:31.260187,-3832.2243538282833,5815.353213228661,-1728.6944475234397,0.004413408587080198,2.1035172798794166,7.2017345298498565,33701U
2025-06-06T04:33:31.260187,-3824.5109695856763,5930.185161293486,-1293.496940027447,0.2526247067831836,1.7227572215003277,7.299949580177474,33701U
2025-06-06T04:34:31.260187,-3801.922721199277,6021.952700647016,-853.2558678159646,0.5000539945758471,1.334985932002193,7.369770963879974,33701U
2025-06-06T04:35:31.260187,-3764.536890113796,6090.2821222706625,-409.6854354519395,0.745689017403831,0.9417780592419553,7.410872175834936,33701U
2025-06-06T04:36:31.260187,-3712.491380437071,6134.89512169467,35.48437680843763,0.9885229189620496,0.5447367360963087,7.423054869602796,33701U
2025-06-06T04:37:31.260187,-3645.9842328575314,6155.610259003254,480.51556399704805,1.2275596692664936,0.14548509642477164,7.406250471073245,33701U
2025-06-06T04:38:31.260187,-3565.2728127133582,6152.343901695584,923.669917317788,1.4618194469969197,-0.2543424031820826,7.360520867312316,33701U
2025-06-06T04:39:31.260187,-3470.6726767038112,6125.110641325146,1363.2168584282397,1.6903439185102018,-0.6531087645534706,7.286058157866735,33701U
2025-06-06T04:40:31.260187,-3362.5561262297724,6074.023180512925,1797.4412302872806,1.9122013574077152,-1.0491832387500661,7.183183470797823,33701U
2025-06-06T04:41:31.260187,-3241.350458711926,5999.291692654995,2224.6509883536146,2.1264915513080402,-1.4409500335038237,7.052344860662428,33701U
2025-06-06T04:42:31.260187,-3107.5359313870804,5901.222662289343,2643.184737440857,2.3323504464236664,-1.826816846552753,6.894114320095867,33701U
2025-06-06T04:43:31.260187,-2961.6434549450087,5780.2172195135545,3051.419061952217,2.528954485558087,-2.2052231384764167,6.709183950151992,33701U
2025-06-06T04:44:31.260187,-2804.252036889547,5636.7689869361875,3447.7756004072457,2.7155246010351877,-2.574648064807105,6.498361346746566,33701U
2025-06-06T04:45:31.260187,-2635.985996628948,5471.461462285149,3830.727819081796,2.8913298306737745,-2.9336179950048793,6.262564271095865,33701U
2025-06-06T04:46:31.260187,-2457.5119759906047,5284.964963894862,4198.8074440694,3.055690531998191,-3.2807135550401645,6.0028146806868605,33701U
2025-06-06T04:47:31.260187,-2269.5357700952386,5078.033169781056,4550.610516008711,3.2079811772065825,-3.614576140506879,5.720232203879127,33701U
2025-06-06T04:48:31.260187,-2072.7990043032046,4851.499283830791,4884.803036984159,3.347632718782236,-3.933913858062823,5.416027145611568,33701U
2025-06-06T04:49:31.260187,-1868.0756832749223,4606.271864764741,5200.126184538088,3.474134522805582,-4.237506864194045,5.09149311385869,33701U
2025-06-06T04:50:31.260187,-1656.1686380871502,4343.330354960355,5495.401073205307,3.5870358738104184,-4.524212081489265,4.7479993565060905,33701U
2025-06-06T04:51:31.260187,-1437.9058968517443,4063.720346978121,5769.533049359938,3.6859470612510083,-4.792967283457831,4.3869828963299735,33701U
2025-06-06T04:52:31.260187,-1214.1370034371403,3768.548625745347,6021.515510333958,3.7705400631639994,-5.04279454913712,4.009940547965939,33701U
2025-06-06T04:53:31.260187,-985.7293077409877,3458.97802387096,6250.43324362939,3.8405488473128724,-5.272803098065417,3.6184208953782733,33701U
2025-06-06T04:54:31.260187,-753.5642495749775,3136.2221265757917,6455.465286501814,3.8957693139152734,-5.482191524425472,3.214016301699783,33701U
2025-06-06T04:55:31.260187,-518.5336566325117,2801.5398612707672,6635.887310208563,3.9360589069498184,-5.670249456173935,2.7983550156693298,33701U
2025-06-06T04:56:31.260187,-281.53607530574664,2456.2300050236045,6791.073536710352,3.9613359230062137,-5.836358670634143,2.3730934306174225,33701U
2025-06-06T04:57:31.260187,-43.473151328765155,2101.625641072208,6920.498198600349,3.971578547724769,-5.979993702339151,1.9399085433033874,33701U
2025-06-06T04:58:31.260187,194.75392458269135,1739.088593277435,7023.736555484881,3.966823650121356,-6.100721981862599,1.5004906512143854,33701U
2025-06-06T04:59:31.260187,432.24789270686324,1370.0038650314646,7100.465481976657,3.94716536459908,-6.198203546034896,1.0565363184531884,33701U
2025-06-06T05:00:31.260187,668.1188102402896,995.7741067205014,7150.463643911934,3.9127534893082037,-6.27219036041052,0.6097416322952268,33701U
2025-06-06T05:01:31.260187,901.4873371242014,617.8141334583327,7173.6112804029835,3.8637917278440903,-6.3225252942553665,0.1617957650914093,33701U
2025-06-06T05:02:31.260187,1131.4879132307183,237.54551250013495,7169.889609939694,3.8005357991874327,-6.349140786818207,-0.2856251504398534,33701U
2025-06-06T05:03:31.260187,1357.2718197257354,-143.60876242350085,7139.379879008959,3.7232914384124136,-6.352057241400178,-0.7308638302247484,33701U
2025-06-06T05:04:31.260187,1578.0101186437687,-524.2294946331809,7082.26207166799,3.632412308129194,-6.331381180916963,-1.1722873346516,33701U
2025-06-06T05:05:31.260187,1792.8964657663407,-902.906392490151,6998.81329824366,3.528297837998542,-6.287303195427772,-1.6082922575217669,33701U
2025-06-06T05:06:31.260187,2001.1497928094966,-1278.2430500881408,6889.405880891498,3.4113910070504105,-6.220095708650328,-2.037309617357853,33701U
2025-06-06T05:07:31.260187,2202.016855691189,-1648.8617903147194,6754.505153187398,3.282176081040537,-6.130110586939785,-2.4578094622808413,33701U
2025-06-06T05:08:31.260187,2394.774646283488,-2013.4083611826998,6594.666990289738,3.1411763147564646,-6.017776610716326,-2.868305200834612,33701U
2025-06-06T05:09:31.260187,2578.7326655683496,-2370.556477376279,6410.535085541531,2.988951627089265,-5.883596824995193,-3.2673576715686456,33701U
2025-06-06T05:10:31.260187,2753.2350565253064,-2719.0121998285067,6202.837988716521,2.826096254857464,-5.728145782595362,-3.6535789639955483,33701U
2025-06-06T05:11:31.260187,2917.6625954023734,-3057.518146866834,5972.385920476131,2.653236389826209,-5.552066690849484,-4.025636002835027,33701U
2025-06-06T05:12:31.260187,3071.434540269868,-3384.8575310448146,5720.067377022343,2.4710278021203314,-5.356068470258776,-4.382253906345983,33701U
2025-06-06T05:13:31.260187,3214.010335954235,-3699.858016256951,5446.845538411585,2.2801534522758375,-5.140922731556404,-4.722219128164212,33701U
2025-06-06T05:14:31.260187,3344.8911746017725,-4001.395390115258,5153.754493555606,2.0813210935047195,-4.907460676077376,-5.044382390492301,33701U
2025-06-06T05:15:31.260187,3463.621411251652,-4288.397046887482,4841.895294571535,1.8752608653343033,-4.656569923169607,-5.347661414847727,33701U
2025-06-06T05:16:31.260187,3569.789833910765,-4559.84527656694,4512.431852860544,1.6627228796019733,-4.389191267603337,-5.631043454939916,33701U
2025-06-06T05:17:31.260187,3663.0307877319906,-4814.780355886403,4166.586689084871,1.4444747998034768,-4.10631536951081,-5.893587634698943,33701U
2025-06-06T05:18:31.260187,3743.0251530097835,-5052.303437315499,3805.636549072154,1.2212994149750611,-3.8089793792763276,-6.134427093075074,33701U
2025-06-06T05:19:31.260187,3809.501176830301,-5271.5792323109545,3430.907897587944,0.9939922095952952,-3.498263499947097,-6.352770936023235,33701U
2025-06-06T05:20:31.260187,3862.2351583487884,-5471.838485323368,3043.772301881986,0.7633589313918386,-3.175287490105419,-6.5479059951045615,33701U
2025-06-06T05:21:31.260187,3901.051987820745,-5652.380235319908,2645.64171690868,0.5302131593889275,-2.841207110671701,-6.719198391409528,33701U
2025-06-06T05:22:31.260187,3925.825539684617,-5812.573861859358,2237.9636841402867,0.2953738750030409,-2.4972105197470436,-6.8660949030373954,33701U
2025-06-06T05:23:31.260187,3936.4789201816875,-5951.860913057092,1822.216455923131,0.059663039457343435,-2.1445146203043475,-6.988124134153153,33701U
2025-06-06T05:24:31.260187,3932.9845702033035,-6069.7567131046635,1399.9040573609836,-0.1760968187871598,-1.7843613662501352,-7.084897483675793,33701U
2025-06-06T05:25:31.260187,3915.3642242735955,-6165.8517473630955,972.5512977266504,-0.41108500252283753,-1.4180140330533513,-7.15610991191275,33701U
2025-06-06T05:26:31.260187,3883.6887268029855,-6239.812823420916,541.6987434125368,-0.6444850258576086,-1.046753459749003,-7.201540503911289,33701U
2025-06-06T05:27:31.260187,3838.0777069828273,-6291.384006899465,108.89766441477967,-0.8754869713003208,-0.6718742696303567,-7.2210528289223275,33701U
2025-06-06T05:28:31.260187,3778.6991139268716,-6320.387331193769,-324.2950337141053,-1.1032898192357856,-0.2946810773052181,-7.2145950961264775,33701U
2025-06-06T05:29:31.260187,3705.768613900852,-6326.723280743635,-756.3218805723761,-1.3271037451626677,0.08351530997420734,-7.182200107611764,33701U
2025-06-06T05:30:31.260187,3619.5488517077256,-6310.37104784165,-1185.6299025393287,-1.5461523802042567,0.46140168876393073,-7.123985010481225,33701U
2025-06-06T05:31:31.260187,3520.3485785145967,-6271.388563384294,-1610.675663726662,-1.7596750306271687,0.8376662458305769,-7.040150850856867,33701U
2025-06-06T05:32:31.260187,3408.5216486087647,-6209.912302360302,-2029.930274842047,-1.9669288524418926,1.2110023269814059,-6.930981933394217,33701U
2025-06-06T05:33:31.260187,3284.465887754682,-6126.15686523542,-2441.884358766329,-2.1671909775809617,1.5801121812720724,-6.796844990683676,33701U
2025-06-06T05:34:31.260187,3148.621835987436,-6020.414336731153,-2845.052961880918,-2.3597605886480926,1.9437106741754155,-6.638188167552918,33701U
2025-06-06T05:35:31.260187,3001.471367815666,-5893.053423798046,-3237.980400445188,-2.543960939791846,2.3005289640800015,-6.455539825755413,33701U
2025-06-06T05:36:31.260187,2843.536192922999,-5744.518374850485,-3619.2450315822343,-2.719141321847664,2.649318137378468,-6.249507174806786,33701U
2025-06-06T05:37:31.260187,2675.376240544369,-5575.327682552901,-3987.46393870234,-2.884678970501913,2.9888527983970032,-6.02077473477703,33701U
2025-06-06T05:38:31.260187,2497.587930754436,-5386.072572623001,-4341.297521454277,-3.0399809168292604,3.3179346114622112,-5.770102636639188,33701U
2025-06-06T05:39:31.260187,2310.802335947278,-5177.415281253084,-4679.453980522318,-3.184485780107381,3.635395793449243,-5.498324765306404,33701U
2025-06-06T05:40:31.260187,2115.6832357977255,-4950.087123831277,-5000.693687802321,-3.3176655033069045,3.9401025561906655,-5.206346749730092,33701U
2025-06-06T05:41:31.260187,1912.925068997648,-4704.886357691932,-5303.83343263855,-3.439027032040659,4.230958499061186,-4.895143803406712,33701U
2025-06-06T05:42:31.260187,1703.2507850427858,-4442.67584162593,-5587.750534909813,-3.548113938022083,4.506907952873303,-4.565758417334874,33701U
2025-06-06T05:43:31.260187,1487.4095993267301,-4164.380494857284,-5851.386815780393,-3.6445079881874896,4.766939276844707,-4.21929790591484,33701U
2025-06-06T05:44:31.260187,1266.174654779115,-3870.9845581445884,-6093.752416880708,-3.7278306605598965,5.010088110789921,-3.8569318045106424,33701U
2025-06-06T05:45:31.260187,1040.3405932749674,-3563.5286596069022,-6313.929458541677,-3.797744607647166,5.235440584790186,-3.479889115443345,33701U
2025-06-06T05:46:31.260187,810.7210400590786,-3243.1066878282436,-6511.075527459242,-3.853955067651209,5.442136488350062,-3.0894553971201044,33701U
2025-06-06T05:47:31.260187,578.1460044729496,-2910.8624747649565,-6684.426983821514,-3.89621122300857,5.6293724004265675,-2.686969688874795,33701U
2025-06-06T05:48:31.260187,343.45920036157065,-2567.9862909938224,-6833.302077476217,-3.924307504772025,5.7964047806684835,-2.2738212619918343,33701U
2025-06-06T05:49:31.260187,107.51528969464438,-2215.711155931104,-6957.103862149629,-3.9380848400770256,5.942553020697832,-1.8514461854101283,33701U
2025-06-06T05:50:31.260187,-128.82294684787067,-1855.3089658145082,-7055.322896073996,-3.9374318384285516,6.067202452305643,-1.4213236928184387,33701U
2025-06-06T05:51:31.260187,-364.6875082622007,-1488.0864425354778,-7127.539716627845,-3.9222859108047836,6.169807306994423,-0.9849723364102815,33701U
2025-06-06T05:52:31.260187,-599.2081361124655,-1115.3809068327257,-7173.427075777222,-3.892634313637689,6.249893618414326,-0.5439459115395684,33701U
2025-06-06T05:53:31.260187,-831.5153369447769,-738.5558799532761,-7192.751922240352,-3.8485151076350017,6.307062055931841,-0.09982913604204646,33701U
2025-06-06T05:54:31.260187,-1060.7434586088746,-358.9965186685592,-7185.377115417011,-3.790018019206589,6.340990673898353,0.34576693183935003,33701U
2025-06-06T05:55:31.260187,-1286.0338141150323,21.895110473105007,-7151.262855263007,-3.717285190014848,6.351437557224517,0.7912097520566267,33701U
2025-06-06T05:56:31.260187,-1506.5378457715221,402.7049105584943,-7090.4678114928565,-3.6305117979583095,6.338243339714157,1.2348504512462217,33701U
2025-06-06T05:57:31.260187,-1721.4203213396252,782.0117788292274,-7003.149934807753,-3.5299465308050837,6.301333567385986,1.6750292717769735,33701U
2025-06-06T05:58:31.260187,-1929.8625528163445,1158.3927660518796,-6889.566932325202,-3.4158918918113876,6.240720874852201,2.110081328375233,33701U
2025-06-06T05:59:31.260187,-2131.0656272209235,1530.428358539027,-6750.076389088752,-3.288704315088254,6.156506938885762,2.538342674708332,33701U
2025-06-06T06:00:31.260187,-2324.253637442128,1896.7078684585415,-6585.135517516656,-3.1487940673149133,6.048884169761502,2.958156676708404,33701U
2025-06-06T06:01:31.260187,-2508.676899815394,2255.834915693065,-6395.300516969029,-2.9966249117427086,5.918137097977789,3.3678806828935017,33701U
2025-06-06T06:02:31.260187,-2683.615143679708,2606.432981969697,-6181.225526327315,-2.8327135103781327,5.764643411735728,3.7658929745986343,33701U
2025-06-06T06:03:31.260187,-2848.3806567484826,2947.1510153152294,-5943.661153636544,-2.657628540860012,5.58887459924346,4.1505999709991315,33701U
2025-06-06T06:04:31.260187,-3002.321368752904,3276.669060149992,-5683.452568507923,-2.4719895059249333,5.391396149691274,4.520443655257372,33701U
2025-06-06T06:05:31.260187,-3144.823854535125,3593.7038855971546,-5401.537145140487,-2.276465215527779,5.172867267743242,4.87390917928783,33701U
2025-06-06T06:06:31.260187,-3275.316236624495,3897.0145819165296,-5098.941646518872,-2.0717719246777473,4.934040058727953,5.209532595751952,33701U
2025-06-06T06:07:31.260187,-3393.270966375059,4185.408092458229,-4776.778943583112,-1.8586711138598633,4.675758145459436,5.525908657247837,33701U
2025-06-06T06:08:31.260187,-3498.2074620299773,4457.744646264426,-4436.244266925828,-1.637966903499235,4.398954682805257,5.821698614557083,33701U
2025-06-06T06:09:31.260187,-3589.694581655499,4712.9430545159685,-4078.6109928155015,-1.4105030992210383,4.104649742719162,6.095637938561917,33701U
2025-06-06T06:10:31.260187,-3667.3529087945794,4949.985832504383,-3705.2259700271543,-1.1771598705697712,3.793947050402617,6.346543884348175,33701U
2025-06-06T06:11:31.260187,-3730.8568289710374,5167.924107806132,-3317.504398994005,-0.9388500722348699,3.4680300614098507,6.5733228113708115,33701U
2025-06-06T06:12:31.260187,-3779.9363758534287,5365.882274907594,-2916.924280094551,-0.6965152235344612,3.1281573796866793,6.774977170626699,33701U
2025-06-06T06:13:31.260187,-3814.3788269852575,5543.0623567484745,-2505.0204533341835,-0.4511211687418885,2.7756575274835447,6.950612068783023,33701U
2025-06-06T06:14:31.260187,-3834.0300305067226,5698.7480345525755,-2083.3782571628844,-0.2036534476102091,2.411923089538379,7.099441320297331,33701U
2025-06-06T06:15:31.260187,-3838.7954462298253,5832.308308937327,-1653.6268395362933,0.044887588065607865,2.038404265547461,7.220792901844738,33701U
2025-06-06T06:16:31.260187,-3828.6408867586943,5943.200757633806,-1217.4321594520188,0.29349187001501825,1.6566018763991424,7.314113728847401,33701U
2025-06-06T06:17:31.260187,-3803.5929470368283,6030.9743581945,-776.4897219281864,0.5411448740602555,1.2680598805730205,7.3789736815254265,33701U
2025-06-06T06:18:31.260187,-3763.7391137037043,6095.271847774322,-332.517093606972,0.7868329941553158,0.8743574671561505,7.41506881751152,33701U
2025-06-06T06:19:31.260187,-3709.22754889361,6135.831596378706,112.7537502665138,1.0295489750137998,0.4771008007603184,7.422223719473475,33701U
2025-06-06T06:20:31.260187,-3640.2665465404198,6152.488974794002,557.5841939157456,1.2682973462714493,0.07791450095083517,7.400392939073901,33701U
2025-06-06T06:21:31.260187,-3557.1236627836042,6145.177203649786,1000.2368086037336,1.5020998002343808,-0.32156705564882,7.349661512612877,33701U
2025-06-06T06:22:31.260187,-3460.12452562145,6113.927675587878,1438.983183065728,1.7300004556814779,-0.7197085188057539,7.270244538441671,33701U
2025-06-06T06:23:31.260187,-3349.6513324400025,6058.86974820141,1872.1117000245247,1.9510709519282032,-1.1148823403916257,7.162485821270634,33701U
2025-06-06T06:24:31.260187,-3226.141047383126,5980.230011123675,2297.9352027859422,2.1644153203522882,-1.505477449663881,7.026855603378314,33701U
2025-06-06T06:25:31.260187,-3090.0833136346455,5878.331036255164,2714.7984976234707,2.3691745847549557,-1.8899077381217468,6.863947417017601,33701U
2025-06-06T06:26:31.260187,-2942.0180984937792,5753.589625486211,3121.085640218936,2.564531047128342,-2.266620268627831,6.674474105595504,33701U
2025-06-06T06:27:31.260187,-2782.5330915786094,5606.514575282874,3515.2269577658853,2.7497122214555643,-2.6341031299846045,6.459263073104445,33701U
2025-06-06T06:28:31.260187,-2612.260878539865,5437.703982045643,3895.7057623673822,2.923994384886516,-2.9908928662354213,6.219250831486444,33701U
2025-06-06T06:29:31.260187,-2431.8759142774848,5247.84211613553,4261.064715943499,3.086705722787602,-3.3355814193274553,5.955476923872622,33701U
2025-06-06T06:30:31.260187,-2242.0913208099323,5037.695895825425,4609.911811870028,3.2372290515289706,-3.6668225341007927,5.669077307796321,33701U
2025-06-06T06:31:31.260187,-2043.6555356370081,4808.1109951190365,4940.925943882421,3.375004110232997,-3.983337585529311,5.36127728642747,33701U
2025-06-06T06:32:31.260187,-1837.3488366914205,4560.007621382692,5252.862038215575,3.4995294198294387,-4.283920799343303,5.033384077643141,33701U
2025-06-06T06:33:31.260187,-1623.9797697902047,4294.376000028355,5544.555730428826,3.610363714474471,-4.567443848319184,4.6867791103702,33701U
2025-06-06T06:34:31.260187,-1404.3815039395622,4012.271604123016,5814.927573700693,3.707126956498123,-4.832859817251939,4.322910135300935,33701U
2025-06-06T06:35:31.260187,-1179.4081389316127,3714.810166788089,6062.986770506855,3.789500951432034,-5.079206539694264,3.943283232954195,33701U
2025-06-06T06:36:31.260187,-949.9309884750418,3403.1625136768253,6287.834424377782,3.857229584217125,-5.305609318670126,3.549454796425328,33701U
2025-06-06T06:37:31.260187,-716.8348606659077,3078.5492517314287,6488.666312814751,3.9101187013440772,-5.511283051581525,3.1430235593059073,33701U
2025-06-06T06:38:31.260187,-481.0143559879598,2742.2353489016773,6664.775186359432,3.948035666406293,-5.6955337862830255,2.7256227314678325,33701U
2025-06-06T06:39:31.260187,-243.37020130487275,2395.5246376550763,6815.552602212462,3.970908618348713,-5.8577597407063315,2.2989122970339566,33701U
2025-06-06T06:40:31.260187,-4.805636504755374,2039.7542729829609,6940.490303680828,3.9787254626204787,-5.997451822468731,1.864571520172755,33701U
2025-06-06T06:41:31.260187,233.77713134748592,1676.2891733205138,7039.1811590820635,3.971532625544229,-6.114193687598222,1.424291695683863,33701U
2025-06-06T06:42:31.260187,471.48039327662815,1306.5164704023543,7111.319675577577,3.9494336015915232,-6.207661378938784,0.9797691729101298,33701U
2025-06-06T06:43:31.260187,707.4143117111754,931.8399916690204,7156.702104764277,3.912587322003636,-6.27762258505308,0.5326986735790604,33701U
2025-06-06T06:44:31.260187,940.7001920813443,553.6747964617736,7175.226157775616,3.8612063714356286,-6.32393555966321,0.08476691689471781,33701U
2025-06-06T06:45:31.260187,1170.4736444173186,173.44178496082844,7166.890348171991,3.7955550771473465,-6.346547740010859,-0.362353441272785,33701U
2025-06-06T06:46:31.260187,1395.8876279993892,-207.43760331995364,7131.792981093849,3.715947492837957,-6.34549410014691,-0.807009553821912,33701U
2025-06-06T06:47:31.260187,1616.115373300869,-587.5465866514534,7070.130807067555,3.6227452966342186,-6.320895272252091,-1.2475738158264373,33701U
2025-06-06T06:48:31.260187,1830.3531764995462,-965.4781207832821,6982.1973585492415,3.5163556201024333,-6.272955465811226,-1.6824489929227993,33701U
2025-06-06T06:49:31.260187,2037.8230627151327,-1339.8398497648523,6868.380986822974,3.39722882255546,-6.201960210978284,-2.110073054400796,33701U
2025-06-06T06:50:31.260187,2237.775314874958,-1709.2589178417113,6729.162616287143,3.2658562224464793,-6.10827394892323,-2.5289237225580665,33701U
2025-06-06T06:51:31.260187,2429.4908657175333,-2072.3866335650528,6565.113232514978,3.122767795349953,-5.992337488476451,-2.9375227508942054,33701U
2025-06-06T06:52:31.260187,2612.2835509384954,-2427.9029782647517,6376.891119800637,2.9685298459730807,-5.854665345090502,-3.334439944030499,33701U
2025-06-06T06:53:31.260187,2785.502221874348,-2774.5209518754946,6165.2388632352595,2.803742659854943,-5.695842975110834,-3.7182969319397348,33701U
2025-06-06T06:54:31.260187,2948.5327164241007,-3110.9907497917347,5930.980129727864,2.62903813891682,-5.516523915655014,-4.087770710273003,33701U
2025-06-06T06:55:31.260187,3100.7996871478094,-3436.1037649904565,5675.01624180777,2.4450774238282222,-5.317426838085317,-4.441596957402113,33701U
2025-06-06T06:56:31.260187,3241.7682856637352,-3748.6964101097974,5398.322557540585,2.2525485052504663,-5.099332521151994,-4.778573137354989,33701U
2025-06-06T06:57:31.260187,3370.945702613234,-4047.6537545409883,5101.944669459047,2.0521638253927796,-4.863080748386896,-5.097561396227465,33701U
2025-06-06T06:58:31.260187,3487.882562584488,-4331.912971894984,4786.994435060418,1.844657870945351,-4.609567133232008,-5.397491257997053,33701U
2025-06-06T06:59:31.260187,3592.1741734944767,-4600.4665934626155,4454.645851153573,1.6307847583116473,-4.339739874674781,-5.677362124028017,33701U
2025-06-06T07:00:31.260187,3683.4616300358857,-4852.365563522577,4106.130784140288,1.4113158121110636,-4.054596445792791,-5.93624557902221,33701U
2025-06-06T07:01:31.260187,3761.4327709064655,-5086.722092572868,3742.734568184445,1.1870371381309264,-3.7551802175477857,-6.173287504788134,33701U
2025-06-06T07:02:31.260187,3825.8229896598855,-5302.712304782892,3365.791483150351,0.9587471922370545,-3.442577020365719,-6.387710002019146,33701U
2025-06-06T07:03:31.260187,3876.415899154676,-5499.578676199693,2976.6801241593575,0.7272543471634331,-3.117911646439245,-6.578813119327185,33701U
2025-06-06T07:04:31.260187,3913.0438497316,-5676.632260493827,2576.8186746181736,0.49337445956377673,-2.7823442962451908,-6.745976388083691,33701U
2025-06-06T07:05:31.260187,3935.58830142171,-5833.254699304843,2167.660094601019,0.2579284401874513,-2.4370669734303023,-6.888660161184071,33701U
2025-06-06T07:06:31.260187,3943.9800506776596,-5968.900014551552,1750.687236496363,0.021739830501738767,-2.0832998329224983,-7.006406753677956,33701U
2025-06-06T07:07:31.260187,3938.1993123256834,-6083.096180396104,1327.4078998718337,-0.21436761048976102,-1.7222874878456438,-7.098841383270223,33701U
2025-06-06T07:08:31.260187,3918.275657654825,-6175.446472905914,899.3498375308503,-0.44957230512566043,-1.3552952814876107,-7.165672908989188,33701U
2025-06-06T07:09:31.260187,3884.287809788396,-6245.630595830581,468.05572474220395,-0.6830572372756121,-0.9836055311715517,-7.206694366801326,33701U
2025-06-06T07:10:31.260187,3836.363297717594,-6293.405581301349,35.07810360845469,-0.9140123092670996,-0.6085137513732551,-7.221783301596114,33701U
2025-06-06T07:11:31.260187,3774.6779706135744,-6318.606464664152,-398.0256855116938,-1.1416366708994838,-0.23132486378035774,-7.210901895733562,33701U
2025-06-06T07:12:31.260187,3699.455374268249,-6321.146733065061,-829.6985736923838,-1.3651410159236057,0.14665059781057516,-7.174096895196873,33701U
2025-06-06T07:13:31.260187,3610.9659917420363,-6301.01854781392,-1258.388822517477,-1.5837498415021631,0.5241002798284735,-7.111499335283123,33701U
2025-06-06T07:14:31.260187,3509.526350511397,-6258.292740951079,-1682.555060981897,-1.7967036664171094,0.8997137907173689,-7.02332406864995,33701U
2025-06-06T07:15:31.260187,3395.497998612154,-6193.11858682574,-2100.6712888243624,-2.0032612041288753,1.2721864647165742,-6.909869099374481,33701U
2025-06-06T07:16:31.260187,3269.2863524555414,-6105.723349856206,-2511.231835121199,-2.20270148723081,1.6402231006699983,-6.771514727426833,33701U
2025-06-06T07:17:31.260187,3131.3394191559187,-5996.411609975894,-2912.756261201549,-2.394325940345859,2.0025416695509164,-6.608722508575918,33701U
2025-06-06T07:18:31.260187,2982.1463963472697,-5865.564367569046,-3303.7941971962196,-2.5774603990734586,2.357876985179823,-6.42203403519276,33701U
2025-06-06T07:19:31.260187,2822.2361525761503,-5713.637929959525,-3682.930101800663,-2.7514570731931363,2.704984333525873,-6.21206954365762,33701U
2025-06-06T07:20:31.260187,2652.17559144692,-5541.162581735506,-4048.7879350876856,-2.915696452933961,3.0426430569686067,-5.979526354091392,33701U
2025-06-06T07:21:31.260187,2472.5679027557367,-5348.741041365425,-4400.035734459658,-3.069589157710825,3.3696600909398615,-5.725177147888067,33701U
2025-06-06T07:22:31.260187,2284.050703886024,-5137.046706687264,-4735.39008405925,-3.212577727275269,3.684873451414251,-5.449868088010893,33701U
2025-06-06T07:23:31.260187,2087.294074755025,-4906.821691935863,-5053.620468149736,-3.3441383557013595,3.9871556727242696,-5.154516786223415,33701U
2025-06-06T07:24:31.260187,1882.9984896004926,-4658.874659014252,-5353.5534991221275,-3.463782568997905,4.275417196097019,-4.840110120357637,33701U
2025-06-06T07:25:31.260187,1671.8926488804573,-4394.07844571468,-5634.077010878572,-3.5710588473786453,4.548609710096504,-4.5077019033791546,33701U
2025-06-06T07:26:31.260187,1454.7312145462927,-4113.36749357519,-5894.144008348387,-3.665554193295947,4.805729444736519,-4.158410404433738,33701U
2025-06-06T07:27:31.260187,1232.2924519276164,-3817.7350780045044,-6132.776463836144,-3.746895646236571,5.045820421381273,-3.7934157202526997,33701U
2025-06-06T07:28:31.260187,1005.3757814719927,-3508.2303432645986,-6349.06895073138,-3.8147517449514816,5.26797766058495,-3.4139569933401144,33701U
2025-06-06T07:29:31.260187,774.7992435967933,-3185.9551448495326,-6542.192104857462,-3.8688339372399483,5.471350349724985,-3.0213294712786323,33701U
2025-06-06T07:30:31.260187,541.3968799719552,-2852.0607017899356,-6711.395903365252,-3.9088979366053893,5.655144971581194,-2.6168813993808775,33701U
2025-06-06T07:31:31.260187,306.0160346524277,-2507.74406143932,-6856.012750608432,-3.9347450240471846,5.8186283938932455,-2.202010736828826,33701U
2025-06-06T07:32:31.260187,69.51457864547982,-2154.2443794010364,-6975.460359858635,-3.946223291944755,5.961130918349363,-1.7781616844972297,33701U
2025-06-06T07:33:31.260187,-167.24193826211447,-1792.8390174508572,-7069.244419043927,-3.943228825438449,6.082049285413927,-1.3468210109416159,33701U
2025-06-06T07:34:31.260187,-403.3832042672391,-1424.8394626206796,-7136.961027936355,-3.9257068149368557,6.180849628891623,-0.9095141616494323,33701U
2025-06-06T07:35:31.260187,-638.037126324689,-1051.5870710716572,-7178.29889338747,-3.8936525914111586,6.257070371164586,-0.46780113573064935,33701U
2025-06-06T07:36:31.260187,-870.3328698176675,-674.448641010515,-7193.041268345413,-3.8471125740187393,6.310325046670371,-0.023272113856697967,33701U
2025-06-06T07:37:31.260187,-1099.4039513537361,-294.81181972249937,-7181.06761951041,-3.786185117382956,6.340305037465701,0.42245717843760905,33701U
2025-06-06T07:38:31.260187,-1324.3913781323472,85.91964916916443,-7142.355007636355,-3.711021243612103,6.346782200724879,0.8677503868925189,33701U
2025-06-06T07:39:31.260187,-1544.4468264229977,466.33083084623917,-7076.979163710141,-3.621825241943956,6.329611363855264,1.3109557369703178,33701U
2025-06-06T07:40:31.260187,-1758.7358506622447,845.0006479707663,-6985.115243584352,-3.518855116839204,6.288732658696168,1.750411544619351,33701U
2025-06-06T07:41:31.260187,-1966.4411135269816,1220.5070622752214,-6867.03824315874,-3.402422863513747,6.224173662143938,2.1844520355282238,33701U
2025-06-06T07:42:31.260187,-2166.765626088954,1591.4323764684145,-6723.1230559587175,-3.272894548393309,6.136051306675149,2.611413474229038,33701U
2025-06-06T07:43:31.260187,-2358.9359858204502,1956.3686416564874,-6553.844155000971,-3.1306901708942596,6.024573520789689,3.029640598636511,33701U
2025-06-06T07:44:31.260187,-2542.20559882158,2313.9231530688608,-6359.774881229962,-2.9762832823834984,5.890040556548063,3.4374933489243107,33701U
2025-06-06T07:45:31.260187,-2715.8578712180947,2662.7240143168215,-6141.586321603451,-2.8102003382338534,5.73284595930782,3.8333538721640728,33701U
2025-06-06T07:46:31.260187,-2879.2093532633685,3001.4257477280426,-5900.04576115381,-2.6330197596544407,5.553477133648306,4.215633776010127,33701U
2025-06-06T07:47:31.260187,-3031.612818315951,3328.7149255601316,-5636.014695093314,-2.4453706834990285,5.352515459468392,4.5827815960981875,33701U
2025-06-06T07:48:31.260187,-3172.46025760133,3643.3157941667555,-5350.446389295469,-2.247931380583811,5.1306359134843005,4.933290432961393,33701U
2025-06-06T07:49:31.260187,-3301.1857705526104,3943.995860548909,-5044.382980284734,-2.0414273261960347,4.8886061539483086,5.265705705411168,33701U
2025-06-06T07:50:31.260187,-3417.2683296100276,4229.571408252853,-4718.95210920527,-1.8266289104379687,4.627285030421491,5.578632958766496,33701U
2025-06-06T07:51:31.260187,-3520.234397694945,4498.91290736621,-4375.363088094322,-1.6043487807837142,4.347620485883628,5.870745658350597,33701U
2025-06-06T07:52:31.260187,-3609.660376208799,4750.950281505346,-4014.902601117227,-1.3754388146540086,4.0506468253178465,6.140792891620605,33701U
2025-06-06T07:53:31.260187,-3685.1748613816308,4984.677993262648,-3638.929948176053,-1.1407867258337185,3.7374813330855616,6.387606896454035,33701U
2025-06-06T07:54:31.260187,-3746.4606871487413,5199.159908684031,-3248.87184339171,-0.9013123150223256,3.4093202307559474,6.610110328783281,33701U
2025-06-06T07:55:31.260187,-3793.2567334897367,5393.533901034168,-2846.2167862985925,-0.6579633815643338,3.067433977388787,6.807323180186684,33701U
2025-06-06T07:56:31.260187,-3825.359480341806,5567.0161544517,-2432.5090290522367,-0.41171132025554885,2.713161925329052,6.978369255432642,33701U
2025-06-06T07:57:31.260187,-3842.6242887997755,5718.905129132338,-2009.3421684191915,-0.16354643386587442,2.3479063560732016,7.122482121472138,33701U
2025-06-06T07:58:31.260187,-3844.966393330171,5848.585151433257,-1578.3523966506887,0.08552700155874024,1.9731259323782526,7.239010443070526,33701U
2025-06-06T07:59:31.260187,-3832.361591131066,5955.52959476652,-1141.2114503993892,0.3344958756650118,1.590328614157801,7.327422626163459,33701U
2025-06-06T08:00:31.260187,-3804.8466175256995,6039.303620319155,-699.619301489597,0.5823435389280842,1.2010640964939756,7.38731069803557,33701U
2025-06-06T08:01:31.260187,-3762.519199335508,6099.566450462691,-255.29663744976156,0.8280552016248195,0.8069158379291103,7.418393363401098,33701U
