timestamp,x_km,y_km,z_km,vx_km_s,vy_km_s,vz_km_s,name
2025-06-29T09:09:01.078256,-9530.816371430386,-9075.641473445592,0.0040190860930134475,0.9885166548208348,-5.765543278835902,0.32803663410929323,40735U
2025-06-29T09:10:01.078256,-9468.527492744415,-9418.735343151655,19.685473535057902,1.086075716199035,-5.670650680526425,0.3279388546638581,40735U
2025-06-29T09:11:01.078256,-9400.528164083424,-9756.157174505588,39.3557888294662,1.1788407926933577,-5.576455419598627,0.327651816525808,40735U
2025-06-29T09:12:01.078256,-9327.097805097696,-10087.950884145286,59.00408544986068,1.2670818532538457,-5.483027041618384,0.327191500665805,40735U
2025-06-29T09:13:01.078256,-9248.500178613664,-10414.164174107935,78.62039844644163,1.3510511800401308,-5.3904224343506675,0.32657244453443207,40735U
2025-06-29T09:14:01.078256,-9164.984416242649,-10734.847825883558,98.19559515750487,1.4309845339828253,-5.298687567713586,0.32580788153830903,40735U
2025-06-29T09:15:01.078256,-9076.785975697001,-11050.05509167976,117.72130085979289,1.5071022656754882,-5.207859000539943,0.3249098665522251,40735U
2025-06-29T09:16:01.078256,-8984.127533230045,-11359.841169876983,137.1898315553275,1.5796103674160862,-5.117965185611695,0.32388938881323187,40735U
2025-06-29T09:17:01.078256,-8887.219814796419,-11664.262753409794,156.5941331767521,1.6487014644850642,-5.029027600215008,0.32275647344177766,40735U
2025-06-29T09:18:01.078256,-8786.262369591052,-11963.377641332501,175.92772656470905,1.714555745408763,-4.941061725780603,0.32152027273199946,40735U
2025-06-29T09:19:01.078256,-8681.444289602643,-12257.244405142317,195.18465763611024,1.7773418321508812,-4.854077896970713,0.3201891482520625,40735U
2025-06-29T09:20:01.078256,-8572.944878734974,-12545.922102568196,214.35945222143133,1.8372175920108553,-4.768082037796641,0.31877074469837274,40735U
2025-06-29T09:21:01.078256,-8460.934274922985,-12829.47003251628,233.4470751030962,1.8943308935736394,-4.683076299946741,0.3172720563561225,40735U
2025-06-29T09:22:01.078256,-8345.574028520467,-13107.94752570803,252.44289283529207,1.9488203094139145,-4.599059616428627,0.3156994869336622,40735U
2025-06-29T09:23:01.078256,-8227.01764006549,-13381.413766278856,271.3426399692697,2.000815768464449,-4.516028181837869,0.314058903460107,40735U
2025-06-29T09:24:01.078256,-8105.411060353207,-13649.927640235801,290.1423883472386,2.0504391610499058,-4.433975869021098,0.3123556848642242,40735U
2025-06-29T09:25:01.078256,-7980.893155563876,-13913.54760721828,308.8385191630574,2.097804899596965,-4.3528945905706715,0.310594765787933,40735U
2025-06-29T09:26:01.078256,-7853.596140016109,-14172.33159247615,327.4276975192269,2.143020437980749,-4.2727746124419745,0.3087806761292652,40735U
2025-06-29T09:27:01.078256,-7723.645978938878,-14426.3368963871,345.90684923780094,2.1861867523761425,-4.193604825997119,0.30691757675703146,40735U
2025-06-29T09:28:01.078256,-7591.162763488636,-14675.620119186447,364.2731397077876,2.227398786362416,-4.115372983928484,0.3050092917922044,40735U
2025-06-29T09:29:01.078256,-7456.261060075785,-14920.237098888125,382.5239545741215,2.2667458628926522,-4.038065904782638,0.3030593378087731,40735U
2025-06-29T09:30:01.078256,-7319.050235907527,-15160.242860649405,400.65688209394943,2.3043120655935034,-3.9616696501703146,0.3010709502689317,40735U
2025-06-29T09:31:01.078256,-7179.6347625558465,-15395.691575981025,418.6696969978737,2.340176591697397,-3.886169678228892,0.2990471074744377,40735U
2025-06-29T09:32:01.078256,-7038.1144990831,-15626.636530650623,436.5603457284626,2.3744140787959784,-3.8115509763548463,0.29699055228381604,40735U
2025-06-29T09:33:01.078256,-6894.584956377581,-15853.130099871803,454.32693291024356,2.4070949073884194,-3.737798175954143,0.29490381182186537,40735U
2025-06-29T09:34:01.078256,-6749.137543982137,-16075.223729962656,471.96770895153946,2.438285481123645,-3.664895651467383,0.2927892153804081,40735U
2025-06-29T09:35:01.078256,-6601.859800748434,-16292.96792551237,489.4810586690684,2.4680484864545424,-3.592827605710938,0.29064891069023385,40735U
2025-06-29T09:36:01.078256,-6452.835610493587,-16506.412241303213,506.86549084371245,2.4964431333073605,-3.521578143282778,0.2884848787245218,40735U
2025-06-29T09:37:01.078256,-6302.145403754403,-16715.605278317922,524.1196286236927,2.5235253782437335,-3.4511313335595992,0.28629894717728893,40735U
2025-06-29T09:38:01.078256,-6149.866346646779,-16920.594683249576,541.242200699707,2.5493481314783724,-3.3814712646148233,0.2840928027454396,40735U
2025-06-29T09:39:01.078256,-5996.07251776077,-17121.427151004402,558.2320331838055,2.5739614490077036,-3.3125820892167845,0.2818680023296385,40735U
2025-06-29T09:40:01.078256,-5840.835073949383,-17318.148429753346,575.0880421302999,2.5974127110051866,-3.2444480639182682,0.2796259832573366,40735U
2025-06-29T09:41:01.078256,-5684.222405802261,-17510.803328145117,591.809226642924,2.6197467875466356,-3.1770535821201418,0.2773680726206887,40735U
2025-06-29T09:42:01.078256,-5526.300283534396,-17699.435724343042,608.3946625177483,2.6410061926433754,-3.1103832018797473,0.2750954958126359,40735U
2025-06-29T09:43:01.078256,-5367.131993963766,-17884.088576590555,624.8434963759909,2.661231227482354,-3.044421669137995,0.2728093843360193,40735U
2025-06-29T09:44:01.078256,-5206.778469200732,-18064.803935048847,641.1549402452079,2.680460113699466,-2.9791539369540736,0.2705107829530392,40735U
2025-06-29T09:45:01.078256,-5045.298407622783,-18241.62295468294,657.3282665511881,2.698729117445928,-2.914565181262932,0.26820065623567074,40735U
2025-06-29T09:46:01.078256,-4882.7483876666,-18414.585909001344,673.3628034862458,2.7160726649457594,-2.850640813606634,0.2658798945716255,40735U
2025-06-29T09:47:01.078256,-4719.182974927806,-18583.73220447955,689.2579307227794,2.7325234501862696,-2.787366491234305,0.2635493196750853,40735U
2025-06-29T09:48:01.078256,-4554.654823022523,-18749.100395520483,705.0130754437472,2.7481125353316287,-2.7247281249164694,0.26120968964661356,40735U
2025-06-29T09:49:01.078256,-4389.214768630156,-18910.728199823876,720.6277086642748,2.7628694444021753,-2.6627118847766313,0.25886170362234706,40735U
2025-06-29T09:50:01.078256,-4222.911921107223,-19068.652514053407,736.1013418207889,2.7768222507184563,-2.601304204405777,0.2565060060487151,40735U
2025-06-29T09:51:01.078256,-4055.7937470311103,-19222.909429706262,751.4335236063055,2.7899976585692987,-2.540491783492197,0.2541431906154508,40735U
2025-06-29T09:52:01.078256,-3887.9061500079742,-19373.534249101842,766.6238370322257,2.8024210795264337,-2.4802615891707847,0.2517738038765729,40735U
2025-06-29T09:53:01.078256,-3719.2935460538897,-19520.56150141837,781.6718966987586,2.814116703794808,-2.4206008562705015,0.24939834858620497,40735U
2025-06-29T09:54:01.078256,-3549.998934836262,-19664.024958716112,796.5773462575969,2.8251075669568597,-2.3614970866168092,0.24701728677359683,40735U
2025-06-29T09:55:01.078256,-3380.0639670415226,-19803.957651894558,811.3398560518915,2.8354156124409955,-2.302938047526395,0.2446310425794511,40735U
2025-06-29T09:56:01.078256,-3209.5290081162093,-19940.391886539044,825.9591209198197,2.8450617500185857,-2.2449117696145584,0.24224000487362055,40735U
2025-06-29T09:57:01.078256,-3038.4331986117677,-20073.359258618417,840.4348581491486,2.854065910610076,-2.1874065440208597,0.23984452967241526,40735U
2025-06-29T09:58:01.078256,-2866.8145113455985,-20202.890670001947,854.7668055713315,2.8624470976592407,-2.1304109191452354,0.23744494237209698,40735U
2025-06-29T09:59:01.078256,-2694.709805577796,-20329.01634376841,868.954719784532,2.870223435314472,-2.0739136969755467,0.23504153981365034,40735U
2025-06-29T10:00:01.078256,-2522.154878388058,-20451.76583928505,882.9983744958761,2.8774122136378195,-2.017903929077293,0.2326345921925744,40735U
2025-06-29T10:01:01.078256,-2349.1845134245414,-20571.168067038,896.8975589740328,2.8840299310457334,-1.96237091230719,0.23022434482621326,40735U
2025-06-29T10:02:01.078256,-2175.8325271855215,-20687.251303199173,910.6520766039093,2.8900923341698928,-1.9073041843047647,0.22781101979005128,40735U
2025-06-29T10:03:01.078256,-2002.1318129829538,-20800.043203917838,924.2617435359103,2.8956144553124465,-1.85269351880895,0.2253948174333918,40735U
2025-06-29T10:04:01.078256,-1828.1143827275487,-20909.570819327517,937.7263874228323,2.900610647656933,-1.798528920840735,0.22297591778393985,40735U
2025-06-29T10:05:01.078256,-1653.8114066651578,-21015.860607261337,951.0458462379711,2.905094618384141,-1.7448006217875713,0.22055448184999027,40735U
2025-06-29T10:06:01.078256,-1479.2532511860823,-21118.93844667074,964.2199671685678,2.9090794598311853,-1.6914990744204705,0.21813065282817387,40735U
2025-06-29T10:07:01.078256,-1304.469514821268,-21218.82965074447,977.2486055790941,2.9125776788218487,-1.6386149478707637,0.2157045572240472,40735U
2025-06-29T10:08:01.078256,-1129.4890625299665,-21315.558979726007,990.1316240394436,2.9156012242870806,-1.5861391225894803,0.21327630589218735,40735U
2025-06-29T10:09:01.078256,-954.3400583805757,-21409.150653429053,1002.8688914132528,2.9181615132856185,-1.5340626853096835,0.21084599500190893,40735U
2025-06-29T10:10:01.078256,-779.0499967146233,-21499.628363451695,1015.460282002199,2.9202694555271798,-1.4823769240286078,0.20841370693419864,40735U
2025-06-29T10:11:01.078256,-603.6457318830292,-21587.015285091016,1027.9056747422026,2.9219354764929606,-1.431073323024493,0.2059795111150117,40735U
2025-06-29T10:12:01.078256,-428.1535066355106,-21671.33408896038,1040.2049524478823,2.923169539241653,-1.3801435579206267,0.20354346478964813,40735U
2025-06-29T10:13:01.078256,-252.59897923860086,-21752.606952312774,1052.358001101898,2.9239811649829845,-1.3295794908070482,0.20110561374254277,40735U
2025-06-29T10:14:01.078256,-77.00724939520289,-21830.855570073687,1064.364709185975,2.924379452494827,-1.2793731654289855,0.1986659929664538,40735U
2025-06-29T10:15:01.078256,98.59711696786363,-21906.101165588043,1076.2249670507047,2.9243730964548273,-1.2295168024493914,0.19622462728471537,40735U
2025-06-29T10:16:01.078256,274.1900639811298,-21978.36450108545,1087.9386663214157,2.9239704047524646,-1.1800027947916942,0.1937815319299242,40735U
2025-06-29T10:17:01.078256,449.7480231232696,-22047.66588786906,1099.505699337594,2.923179314842933,-1.130823703067793,0.19133671308216557,40735U
2025-06-29T10:18:01.078256,625.2478914653014,-22114.02519623303,1110.925958623471,2.922007409200026,-1.0819722510953758,0.1888901683696414,40735U
2025-06-29T10:19:01.078256,800.6670108160952,-22177.46186511417,1122.199336387661,2.920461929921302,-1.0334413215075913,0.18644188733433173,40735U
2025-06-29T10:20:01.078256,975.9831477204755,-22237.99491148326,1133.3257240498012,2.9185497925352664,-0.9852239514574801,0.18399185186512215,40735U
2025-06-29T10:21:01.078256,1151.1744742615997,-22295.642939481942,1144.305011792267,2.9162775990567655,-0.9373133284190591,0.18154003660064386,40735U
2025-06-29T10:22:01.078256,1326.2195496263496,-22350.424149310766,1155.1370881352905,2.9136516503339975,-0.8897027860859373,0.17908640930388978,40735U
2025-06-29T10:23:01.078256,1501.0973023900106,-22402.356345874567,1165.8218395337574,2.910677957727297,-0.8423858003684114,0.17663093121052348,40735U
2025-06-29T10:24:01.078256,1675.787013483175,-22451.456947190727,1176.3591499942281,2.9073622541574795,-0.7953559854890854,0.17417355735264456,40735U
2025-06-29T10:25:01.078256,1850.26829980325,-22497.742992566513,1186.7489007107197,2.903710004558904,-0.748607090176951,0.17171423685964385,40735U
2025-06-29T10:26:01.078256,2024.5210984354376,-22541.231150551255,1196.9909697179048,2.89972641577007,-0.7021329939595768,0.16925291323766067,40735U
2025-06-29T10:27:01.078256,2198.5256514520934,-22581.937726669228,1207.0852315605687,2.895416445892525,-0.6559277035524134,0.16678952462902727,40735U
2025-06-29T10:28:01.078256,2372.262491256929,-22619.87867093901,1217.0315569780296,2.8907848131467784,-0.6099853493447169,0.16432400405301162,40735U
2025-06-29T10:29:01.078256,2545.712426446979,-22655.069585185145,1226.8298126025543,2.885836004252071,-0.5643001819805463,0.1618562796290353,40735U
2025-06-29T10:30:01.078256,2718.8565281634046,-22687.525730147656,1236.4798606706952,2.8805742823551466,-0.5188665690337624,0.15938627478348485,40735U
2025-06-29T10:31:01.078256,2891.6761169048536,-22717.26203239514,1245.981558746597,2.875003694531483,-0.47367899177560685,0.15691390844113934,40735U
2025-06-29T10:32:01.078256,3064.15274978933,-22744.293091048497,1255.3347594569684,2.869128078880637,-0.4287320420304769,0.1544390952020089,40735U
2025-06-29T10:33:01.078256,3236.268208172304,-22768.633184310165,1264.5393102331636,2.862951071238689,-0.38402041913625584,0.15196174550545544,40735U
2025-06-29T10:34:01.078256,3408.0044857815906,-22790.296275832472,1273.5950530695004,2.8564761115206285,-0.33953892695968285,0.14948176577977138,40735U
2025-06-29T10:35:01.078256,3579.343777085637,-22809.29602088959,1282.5018242828808,2.8497064497198377,-0.2952824710334516,0.14699905858174278,40735U
2025-06-29T10:36:01.078256,3750.2684660872615,-22825.64577239144,1291.2594542845206,2.842645151574227,-0.2512460557579207,0.14451352272385062,40735U
2025-06-29T10:37:01.078256,3920.761115430206,-22839.358586729908,1299.8677673580885,2.835295103918025,-0.20742478168989265,0.14202505339109064,40735U
2025-06-29T10:38:01.078256,4090.804455818532,-22850.447229465015,1308.3265814446147,2.8276590197333853,-0.16381384291201345,0.13953354224775952,40735U
2025-06-29T10:39:01.078256,4260.38137572983,-22858.924180855895,1316.6357079335232,2.8197394429157026,-0.12040852448131066,0.1370388775347788,40735U
2025-06-29T10:40:01.078256,4429.474911406354,-22864.801641240956,1324.7949514592738,2.8115387527656073,-0.0772041999549293,0.13454094415806872,40735U
2025-06-29T10:41:01.078256,4598.068237107539,-22868.0915362723,1332.8041097030648,2.803059168219725,-0.03419632899142283,0.13203962376845305,40735U
2025-06-29T10:42:01.078256,4766.144655609093,-22868.805522008446,1340.662973199134,2.7943027518315926,0.008619544974150973,0.1295347948335406,40735U
2025-06-29T10:43:01.078256,4933.687588933438,-22866.95498986988,1348.3713251451459,2.785271413513311,0.05124779698298081,0.12702633270199618,40735U
2025-06-29T10:44:01.078256,5100.680569297659,-22862.55107146188,1355.9289412162582,2.775966914047854,0.09369272273469516,0.12451410966058349,40735U
2025-06-29T10:45:01.078256,5267.107230265846,-22855.60464326839,1363.3355893824191,2.7663908683813063,0.13595854070069774,0.12199799498433116,40735U
2025-06-29T10:46:01.078256,5432.951298092169,-22846.126331221545,1370.5910297285047,2.7565447487036385,0.17804939417006796,0.11947785498015166,40735U
2025-06-29T10:47:01.078256,5598.1965832429705,-22834.126515150354,1377.6950142769115,2.7464298873261246,0.21996935322960826,0.11695355302421427,40735U
2025-06-29T10:48:01.078256,5762.826972085461,-22819.615333112746,1384.647286812229,2.7360474793628757,0.2617224166794327,0.1144249495933525,40735U
2025-06-29T10:49:01.078256,5926.826418731566,-22802.602685614744,1391.4475827076506,2.7253985852234734,0.3033125138855334,0.11189190229076026,40735U
2025-06-29T10:50:01.078256,6090.178937025677,-22783.098239720504,1398.0956287527833,2.714484132923228,0.34474350657054126,0.10935426586622192,40735U
2025-06-29T10:51:01.078256,6252.868592666343,-22761.11143305665,1404.5911429825446,2.703304920217022,0.3860191905441701,0.1068118922310825,40735U
2025-06-29T10:52:01.078256,6414.879495449771,-22736.651477715044,1410.9338345068027,2.6918616165623823,0.4271432973742109,0.10426463046817624,40735U
2025-06-29T10:53:01.078256,6576.195791627218,-22709.727364056864,1417.123403340523,2.68015476491685,0.4681194959995913,0.10171232683687778,40735U
2025-06-29T10:54:01.078256,6736.801656364664,-22680.3478644219,1423.1595402340702,2.6681847833744605,0.5089513942862732,0.09915482477346213,40735U
2025-06-29T10:55:01.078256,6896.681286296107,-22648.521536746313,1429.0419265034236,2.6559519666456244,0.5496425405271338,0.09659196488691736,40735U
2025-06-29T10:56:01.078256,7055.818892161404,-22614.256728092045,1434.7702338600411,2.643456487384425,0.5901964248867829,0.09402358495035042,40735U
2025-06-29T10:57:01.078256,7214.198691518622,-22577.56157809147,1440.3441242400797,2.630698397366936,0.6306164807920365,0.09144951988811997,40735U
2025-06-29T10:58:01.078256,7371.804901523598,-22538.44402231023,1445.7632496327697,2.6176776285238383,0.6709060862690543,0.0888696017587991,40735U
2025-06-29T10:59:01.078256,7528.621731766286,-22496.91179553152,1451.0272519076304,2.604393993830295,0.711068565227614,0.08628365973408374,40735U
2025-06-29T11:00:01.078256,7684.633377156845,-22452.972434965206,1456.1357626403515,2.5908471880556823,0.7511071886933339,0.08369152007372783,40735U
2025-06-29T11:01:01.078256,7839.824010852491,-22406.633283384293,1461.0884029370543,2.57703678837554,0.7910251759883337,0.08109300609659217,40735U
2025-06-29T11:02:01.078256,7994.17777722288,-22357.901492190642,1465.8847832569224,2.5629622548471347,0.8308256958623519,0.07848793814777275,40735U
2025-06-29T11:03:01.078256,8147.678784804645,-22306.78402442585,1470.5245032316732,2.5486229307542567,0.8705118675640068,0.07587613356257762,40735U
2025-06-29T11:04:01.078256,8300.31109935931,-22253.28765769095,1475.007151485418,2.5340180428113723,0.910086761884093,0.07325740662532837,40735U
2025-06-29T11:05:01.078256,8452.058736828201,-22197.41898704208,1479.3323054485863,2.519146701246575,0.9495534021198831,0.07063156852639353,40735U
2025-06-29T11:06:01.078256,8602.905656366489,-22139.184427803848,1483.4995311715475,2.504007899746704,0.9889147650096748,0.0679984273142669,40735U
2025-06-29T11:07:01.078256,8752.835753343377,-22078.590218337184,1487.5083831344596,2.4886005152749946,1.0281737816103036,0.06535778784451116,40735U
2025-06-29T11:08:01.078256,8901.832852329186,-22015.642422755616,1491.358404054019,2.47292330775888,1.0673333381251275,0.06270945172508817,40735U
2025-06-29T11:09:01.078256,9049.88070005835,-21950.34693359427,1495.049124686828,2.456974919648421,1.1063962766813353,0.06005321725815468,40735U
2025-06-29T11:10:01.078256,9196.962958383418,-21882.70947442409,1498.5800636296767,2.4407538753426476,1.1453653960624297,0.0573888793779122,40735U
2025-06-29T11:11:01.078256,9343.063197130701,-21812.735602451292,1501.9507271145906,2.4242585804922534,1.184243452373899,0.054716229585979555,40735U
2025-06-29T11:12:01.078256,9488.164886994753,-21740.430711039553,1505.1606088019214,2.4074873211621117,1.2230331596799953,0.05203505588166432,40735U
2025-06-29T11:13:01.078256,9632.251392313432,-21665.800032225856,1508.2091895676222,2.390438262869061,1.2617371905711694,0.04934514268983211,40735U
2025-06-29T11:14:01.078256,9775.305963807486,-21588.848639191838,1511.0959372867305,2.3731094494836364,1.3003581766858572,0.04664627078468742,40735U
2025-06-29T11:15:01.078256,9917.311731246558,-21509.581448707202,1513.820306612099,2.355498801997587,1.3388987091776239,0.04393821720999363,40735U
2025-06-29T11:16:01.078256,10058.251696036485,-21428.003223547264,1516.3817387482457,2.337604117155008,1.3773613391276496,0.04122075519563092,40735U
2025-06-29T11:17:01.078256,10198.10872372065,-21344.11857488724,1518.7796612201025,2.31942306594493,1.4157485779016081,0.038493654070440746,40735U
2025-06-29T11:18:01.078256,10336.865536386882,-21257.931964677067,1521.0134876364643,2.3009531919530692,1.4540628974495637,0.03575667917131599,40735U
2025-06-29T11:19:01.078256,10474.504704971054,-21169.447707999963,1523.0826174478775,2.2821919095700753,1.4923067305474889,0.03300959174848453,40735U
2025-06-29T11:20:01.078256,10611.00864144882,-21078.669975418547,1524.9864356987623,2.263136502053398,1.5304824709787141,0.030252148866933778,40735U
2025-06-29T11:21:01.078256,10746.35959090688,-20985.602795311854,1526.7243127735258,2.2437841194394794,1.5685924736536485,0.027484103303904866,40735U
2025-06-29T11:22:01.078256,10880.539623484292,-20890.25005620728,1528.2956041364346,2.2241317763027824,1.6066390546656935,0.024705203442399567,40735U
2025-06-29T11:23:01.078256,11013.53062617456,-20792.615509111332,1529.699650064994,2.2041763493577755,1.644624491281198,0.021915193160621356,40735U
2025-06-29T11:24:01.078256,11145.314294479676,-20692.70276984285,1530.9357753766114,2.183914574899628,1.682551021861195,0.01911381171726945,40735U
2025-06-29T11:25:01.078256,11275.872123905125,-20590.515321373347,1532.003289148264,2.1633430460791656,1.7204208457121162,0.016300793632611815,40735U
2025-06-29T11:26:01.078256,11405.185401286595,-20486.05651617866,1532.9014844289359,2.142458210007118,1.758236122862811,0.01347586856524281,40735U
2025-06-29T11:27:01.078256,11533.235195937927,-20379.32957860626,1533.6296379445607,2.1212563646824067,1.7959989737647075,0.010638761184433429,40735U
2025-06-29T11:28:01.078256,11660.002350609144,-20270.337607263045,1534.1870097951955,2.099733655738812,1.8337114789117568,0.0077891910379784095,40735U
2025-06-29T11:29:01.078256,11785.467472244236,-20159.083577428555,1534.5728431441626,2.077886073003951,1.8713756783765612,0.0049268724154338805,40735U
2025-06-29T11:30:01.078256,11909.610922526175,-20045.570343498912,1534.786363898873,2.055709446864113,1.9089935712585946,0.0020515142066473333,40735U
2025-06-29T11:31:01.078256,12032.412808198422,-19929.800641466456,1534.8267803830481,2.033199444427967,1.946567115040423,-0.0008371802445421852,40735U
2025-06-29T11:32:01.078256,12153.852971150056,-19811.77709144119,1534.693283000059,2.0103515654817863,1.9840982248470915,-0.00373951329154086,40735U
2025-06-29T11:33:01.078256,12273.910978251639,-19691.50220021973,1534.3850438870588,1.9871611382283183,2.021588772603786,-0.006655793141295349,40735U
2025-06-29T11:34:01.078256,12392.566110929021,-19568.97836390825,1533.9012165596312,1.9636233148008884,2.059040586086268,-0.009586334015771471,40735U
2025-06-29T11:35:01.078256,12509.797354461476,-19444.20787060539,1533.2409355466266,1.939733066543776,2.0964554478583035,-0.012531456318743544,40735U
2025-06-29T11:36:01.078256,12625.583386988852,-19317.19290315334,1532.4033160148588,1.9154851790494962,2.133835094089615,-0.015491486808016704,40735U
2025-06-29T11:37:01.078256,12739.902568214005,-19187.93554196316,1531.3874533833437,1.8908742469427609,2.1711812132476394,-0.018466758773223797,40735U
2025-06-29T11:38:01.078256,12852.73292778451,-19056.437767922904,1530.192422926749,1.865894668400471,2.2084954446556724,-0.02145761221932969,40735U
2025-06-29T11:39:01.078256,12964.052153337394,-18922.70146539661,1528.8172793676865,1.8405406393963755,2.2457793769094034,-0.024464394055975423,40735U
2025-06-29T11:40:01.078256,13073.837578200504,-18786.728425310022,1527.2610564573704,1.8148061476558546,2.283034546146774,-0.027487458293091484,40735U
2025-06-29T11:41:01.078256,13182.066168676674,-18648.520348401966,1525.5227665450607,1.7886849663212034,2.320262434142856,-0.030527166241374366,40735U
2025-06-29T11:42:01.078256,13288.714511021415,-18508.078848491907,1523.6014001341282,1.762170647283653,2.3574644662634148,-0.03358388672130513,40735U
2025-06-29T11:43:01.078256,13393.758797935177,-18365.40545597048,1521.4959254265486,1.7352565142048682,2.3946420092123857,-0.03665799627648346,40735U
2025-06-29T11:44:01.078256,13497.174814661692,-18220.501621387353,1519.2052878539403,1.707935655186723,2.4317963685993087,-0.03974987939446233,40735U
2025-06-29T11:45:01.078256,13598.937924629674,-18073.36871919924,1516.7284095952887,1.6802009150827526,2.468928786300082,-0.042859928734085645,40735U
2025-06-29T11:46:01.078256,13699.023054622077,-17924.008051682933,1514.0641890808938,1.6520448874326292,2.506040437599572,-0.045988545359631816,40735U
2025-06-29T11:47:01.078256,13797.404679450243,-17772.42085302656,1511.2115004821064,1.6234599060013128,2.5431324281014476,-0.049136138981896685,40735U
2025-06-29T11:48:01.078256,13894.056806107448,-17618.608293614587,1508.1691931864639,1.5944380359037236,2.580205790389302,-0.052303128206325905,40735U
2025-06-29T11:49:01.078256,13988.952957378317,-17462.571484519965,1504.9360912577588,1.5649710642940673,2.6172614804221244,-0.05548994078833083,40735U
2025-06-29T11:50:01.078256,14082.066154875396,-17304.311482222292,1501.5109928806635,1.5350504905984181,2.6543003736453263,-0.05869701389586252,40735U
2025-06-29T11:51:01.078256,14173.368901476224,-17143.829293567567,1497.8926697894203,1.5046675162671257,2.6913232607975903,-0.06192479437936392,40735U
2025-06-29T11:52:01.078256,14262.8331631302,-16981.125880990185,1494.0798666802025,1.4738130340228472,2.728330843391617,-0.06517373904914553,40735U
2025-06-29T11:53:01.078256,14350.430350005861,-16816.20216801566,1490.071300606666,1.4424776165778639,2.76532372884562,-0.06844431496027593,40735U
2025-06-29T11:54:01.078256,14436.131296943713,-16649.059045067654,1485.8656603582617,1.4106515047934938,2.8023024252399216,-0.07173699970498766,40735U
2025-06-29T11:55:01.078256,14519.906243182333,-16479.69737560103,1481.4616058208567,1.378324595251995,2.839267335671444,-0.07505228171264147,40735U
2025-06-29T11:56:01.078256,14601.724811320662,-16308.118002586827,1476.857767319218,1.3454864272100728,2.8762187521761606,-0.0783906605572141,40735U
2025-06-29T11:57:01.078256,14681.555985478004,-16134.321755375826,1472.0527449408999,1.312126168901034,2.9131568491873807,-0.08175264727226246,40735U
2025-06-29T11:58:01.078256,14759.368088612684,-15958.309456969519,1467.0451078411045,1.278232603150501,2.950081676494831,-0.08513876467327645,40735U
2025-06-29T11:59:01.078256,14835.12875895619,-15780.081931729685,1461.8333935280857,1.2437941122686624,2.9869931516666166,-0.08854954768727949,40735U
2025-06-29T12:00:01.078256,14908.804925518894,-15599.640013559641,1456.4161071286458,1.2087986621794553,3.0238910518929663,-0.09198554368949896,40735U
2025-06-29T12:01:01.078256,14980.362782619604,-15416.984554594097,1450.7917206333507,1.173233785745063,3.060775005206871,-0.09544731284683791,40735U
2025-06-29T12:02:01.078256,15049.767763390419,-15232.116434435055,1444.9586721210317,1.1370865652409312,3.0976444810332446,-0.09893542846785534,40735U
2025-06-29T12:03:01.078256,15116.9845122034,-15045.03656997694,1438.9153649622222,1.1003436139343887,3.1344987800136384,-0.10245047735883434,40735U
2025-06-29T12:04:01.078256,15181.976855964604,-14855.74592586538,1432.6601670011826,1.0629910567165306,3.1713370230490683,-0.10599306018545988,40735U
2025-06-29T12:05:01.078256,15244.707774216828,-14664.245525638546,1426.1914097161941,1.0250145097341616,3.2081581394985004,-0.1095637918395117,40735U
2025-06-29T12:06:01.078256,15305.139367989545,-14470.536463603605,1419.507387357841,0.9863990589651711,3.244960854464823,-0.11316330180985806,40735U
2025-06-29T12:07:01.078256,15363.23282733052,-14274.619917506006,1412.606356065086,0.9471292376774172,3.2817436750940203,-0.11679223455689064,40735U
2025-06-29T12:08:01.078256,15418.948397450908,-14076.497162051624,1405.4865329589124,0.9071890027069734,3.3185048758068634,-0.1204512498894183,40735U
2025-06-29T12:09:01.078256,15472.245343410508,-13876.169583349953,1398.1460952134898,0.8665617094882411,3.355242482374556,-0.12414102334281453,40735U
2025-06-29T12:10:01.078256,15523.081913266102,-13673.63869435012,1390.583179104795,0.8252300857638833,3.3919542547420938,-0.12786224655703807,40735U
2025-06-29T12:11:01.078256,15571.415299601997,-13468.906151347237,1382.7958790367575,0.7831762038979675,3.4286376684940576,-0.13161562765292448,40735U
2025-06-29T12:12:01.078256,15617.201599356162,-13261.973771644985,1374.7822465451218,0.7403814517113548,3.465289894847638,-0.13540189160485444,40735U
2025-06-29T12:13:01.078256,15660.395771850746,-13052.843552465827,1366.540289279275,0.6968265017531079,3.5019077790470705,-0.13922178060763235,40735U
2025-06-29T12:14:01.078256,15700.951594930926,-12841.517691208854,1358.0679699625075,0.6524912789164566,3.538487817021615,-0.14307605443506005,40735U
2025-06-29T12:15:01.078256,15738.82161910925,-12627.998607164627,1349.3632053312883,0.6073549263025573,3.5750261301560395,-0.14696549078728888,40735U
2025-06-29T12:16:01.078256,15773.957119608038,-12412.288964804016,1340.4238650543275,0.5613957692289664,3.611518438008232,-0.1508908856236268,40735U
2025-06-29T12:17:01.078256,15806.308046184866,-12194.391698770389,1331.2477706324305,0.5145912772740828,3.6479600287923244,-0.1548530534769383,40735U
2025-06-29T12:18:01.078256,15835.822970620286,-11974.31004071469,1321.8326942803994,0.4669180242420495,3.6843457274280436,-0.15885282774523093,40735U
2025-06-29T12:19:01.078256,15862.449031738954,-11752.047548126227,1312.176357792491,0.418351645926094,3.7206698609374125,-0.1628910609553512,40735U
2025-06-29T12:20:01.078256,15886.1318778289,-11527.60813532511,1302.2764313933162,0.36886679554106855,3.7569262209481016,-0.1669686249929906,40735U
2025-06-29T12:21:01.078256,15906.815606314822,-11300.996106797495,1292.1305325763788,0.3184370966887533,3.7931080230387084,-0.17108641129234967,40735U
2025-06-29T12:22:01.078256,15924.44270053297,-11072.216193072503,1281.7362249329403,0.26703509371211553,3.8292078626344264,-0.17524533097783535,40735U
2025-06-29T12:23:01.078256,15938.953963447093,-10841.273589356419,1271.091016974357,0.2146321992867134,3.865217667131883,-0.17944631494908825,40735U
2025-06-29T12:24:01.078256,15950.28844813443,-10608.17399716118,1260.192360951574,0.16119863908977294,3.901128643899083,-0.1836903138993735,40735U
2025-06-29T12:25:01.078256,15958.383384861947,-10372.923669186099,1249.037651676163,0.10670339337941726,3.9369312237594922,-0.1879782982559386,40735U
2025-06-29T12:26:01.078256,15963.17410456215,-10135.529457736693,1237.624225347967,0.0511141353086271,3.972614999528664,-0.1923112580293118,40735U
2025-06-29T12:27:01.078256,15964.593958507196,-9895.99886699069,1225.9493583952576,-0.005602834209528979,4.008168659126381,-0.19669020255666012,40735U
2025-06-29T12:28:01.078256,15962.574233969,-9654.340109453387,1214.0102663343307,-0.06348265527610028,4.0435799127364485,-0.20111616012216849,40735U
2025-06-29T12:29:01.078256,15957.044065640854,-9410.562166975244,1201.8041026564354,-0.12256198161822292,4.078835413430104,-0.20559017743500055,40735U
2025-06-29T12:30:01.078256,15947.930342584737,-9164.674856744618,1189.3279577513633,-0.18287905724310097,4.113920670605558,-0.21011331894256363,40735U
2025-06-29T12:31:01.078256,15935.157610455435,-8916.688902705604,1176.5788578782222,-0.24447379734459707,4.148819955526259,-0.21468666595366231,40735U
2025-06-29T12:32:01.078256,15918.647968740099,-8666.616012900435,1163.5537641958044,-0.307387873676363,4.1835161981612305,-0.21931131554239786,40735U
2025-06-29T12:33:01.078256,15898.320962738922,-8414.46896328311,1150.249571866619,-0.3716648046087239,4.217990874443224,-0.22398837919951575,40735U
2025-06-29T12:34:01.078256,15874.093469999805,-8160.261688608001,1136.6631092509313,-0.4373500500865046,4.252223882961554,-0.22871898119306588,40735U
2025-06-29T12:35:01.078256,15845.879580906196,-7904.009381060366,1122.7911372095532,-0.5044911117020703,4.286193409996282,-0.23350425659467902,40735U
2025-06-29T12:36:01.078256,15813.590473105787,-7645.728597362388,1108.6303485369285,-0.5731376380921092,4.3198757816765205,-0.23834534892143466,40735U
2025-06-29T12:37:01.078256,15777.13427945435,-7385.437375168741,1094.1773675493125,-0.6433415358546459,4.35324530190691,-0.24324340733592137,40735U
2025-06-29T12:38:01.078256,15736.415949138538,-7123.1553596487865,1079.4287498565054,-0.7151570861664022,4.386274074550619,-0.24819958333868894,40735U
2025-06-29T12:39:01.078256,15691.337101630977,-6858.903941249745,1064.380982349837,-0.7886410672556338,4.418931808182274,-0.2532150268775576,40735U
2025-06-29T12:40:01.078256,15641.795873122946,-6592.706405741416,1049.0304834439528,-0.8638528828518969,4.451185601527939,-0.25829088178703863,40735U
2025-06-29T12:41:01.078256,15587.686755073535,-6324.588097763889,1033.3736036155933,-0.9408546966883546,4.482999707488459,-0.2634282804581728,40735U
2025-06-29T12:42:01.078256,15528.900424508387,-6054.576599215753,1017.4066262879757,-1.0197115730775992,4.5143352733963535,-0.26862833762446714,40735U
2025-06-29T12:43:01.078256,15465.323565725048,-5782.701924073835,1001.1257691229289,-1.1004916234741309,4.545150054865618,-0.27389214313033533,40735U
2025-06-29T12:44:01.078256,15396.838683002794,-5508.996731104342,984.527185773786,-1.1832661589247828,4.575398100314913,-0.2792207535342099,40735U
2025-06-29T12:45:01.078256,15323.323904033045,-5233.4965565927005,967.6069681902101,-1.2681098480425104,4.605029402836175,-0.2846151823661031,40735U
2025-06-29T12:46:01.078256,15244.652773707558,-4956.240068962397,950.3611495499338,-1.3551008801163174,4.633989515739011,-0.290076388841573,40735U
2025-06-29T12:47:01.078256,15160.694037991767,-4677.269347660314,932.7857079213899,-1.4443211326922811,4.662219127624344,-0.29560526479774124,40735U
2025-06-29T12:48:01.078256,15071.311417638306,-4396.630188859435,914.8765707710492,-1.5358563427387102,4.689653592351233,-0.30120261958267863,40735U
2025-06-29T12:49:01.078256,14976.363371560055,-4114.372440837758,896.6296204473502,-1.6297962801966666,4.716222408698807,-0.3068691625874068,40735U
2025-06-29T12:50:01.078256,14875.702849765754,-3830.550372222224,878.0407007931849,-1.726234922335197,4.741848643896764,-0.3126054830611764,40735U
2025-06-29T12:51:01.078256,14769.177035868632,-3545.223076656019,859.105625062011,-1.8252706268589225,4.766448294495275,-0.3184120267942884,40735U
2025-06-29T12:52:01.078256,14656.627079320126,-3258.454917864644,839.8201853396954,-1.9270063011325365,4.789929577260055,-0.32428906918710165,40735U
2025-06-29T12:53:01.078256,14537.88781769782,-2970.316019555894,820.1801637049622,-2.0315495641713617,4.812192141904898,-0.33023668414775303,40735U
2025-06-29T12:54:01.078256,14412.787489604718,-2680.8828051144983,800.181345397676,-2.1390128971635436,4.833126196504136,-0.3362547081724754,40735U
2025-06-29T12:55:01.078256,14281.147439021892,-2390.238592628279,779.8195343056683,-2.249513777208527,4.8526115353559325,-0.34234269885956026,40735U
2025-06-29T12:56:01.078256,14142.7818123134,-2098.4742514331583,759.0905711292904,-2.3631747876280174,4.8705164578901625,-0.3484998869885137,40735U
2025-06-29T12:57:01.078256,13997.497249528993,-1805.6889270862048,737.9903546389868,-2.4801236965788402,4.886696565929256,-0.3547251211572611,40735U
2025-06-29T12:58:01.078256,13845.092572203459,-1511.9908424780153,716.5148665062183,-2.600493493705851,4.900993425221153,-0.36101680380952417,40735U
2025-06-29T12:59:01.078256,13685.358470537529,-1217.4981836845825,694.6602002634734,-2.7244223721378726,4.913233075678747,-0.3673728172984402,40735U
2025-06-29T13:00:01.078256,13518.077193693522,-922.3400801386156,672.4225950365332,-2.8520536401546863,4.9232243731987815,-0.3737904384175808,40735U
2025-06-29T13:01:01.078256,13343.022247984418,-626.6576897759057,649.7984747934039,-2.9835355432227413,4.930757144327818,-0.3802662395829869,40735U
2025-06-29T13:02:01.078256,13159.958109020434,-330.60540098349406,626.784493971409,-3.1190209726729607,4.935600133444329,-0.3867959745657163,40735U
2025-06-29T13:03:01.078256,12968.639955458077,-34.35216444264638,603.3775904793758,-3.258667031909071,4.937498720611771,-0.39337444634975666,40735U
2025-06-29T13:04:01.078256,12768.813433931053,261.91703069076044,579.5750472277765,-3.402634424494259,4.9361723869419905,-0.39999535432152594,40735U
2025-06-29T13:05:01.078256,12560.214467113055,557.9995204038546,555.374563519394,-3.5510866205337597,4.931311903354895,-0.406651117581708,40735U
2025-06-29T13:06:01.078256,12342.569119753574,853.6731519193654,530.7743378387196,-3.7041887481857008,4.9225762182602555,-0.4133326707068664,40735U
2025-06-29T13:07:01.078256,12115.593541054202,1148.6942734813517,505.7731638134053,-3.862106145580893,4.909589020243181,-0.4200292277784669,40735U
2025-06-29T13:08:01.078256,11878.99400603696,1442.7955076690168,480.3705413876467,-4.025002494573411,4.891934953749286,-0.4267280099465383,40735U
2025-06-29T13:09:01.078256,11632.467083752941,1735.6832868568572,454.5668055480701,-4.193037441200253,4.869155469643573,-0.4334139312163133,40735U
2025-06-29T13:10:01.078256,11375.699966455371,2027.0351285371196,428.36327527804747,-4.366363588116646,4.840744299174213,-0.44006923656102676,40735U
2025-06-29T13:11:01.078256,11108.371001417945,2316.4966278258753,401.76242578617956,-4.545122721220898,4.806142550398341,-0.44667308590874416,40735U
2025-06-29T13:12:01.078256,10830.15047612848,2603.6781448607894,374.768087455413,-4.7294411058893155,4.764733441964945,-0.4532010770825392,40735U
2025-06-29T13:13:01.078256,10540.701718358987,2888.151166344518,347.3856753829835,-4.919423657561958,4.71583671218514,-0.4596247004773161,40735U
2025-06-29T13:14:01.078256,10239.682585342962,3169.444323685193,319.6224538148802,-5.115146756985346,4.6587027739902105,-0.46591071825881447,40735U
2025-06-29T13:15:01.078256,9926.74743118838,3447.039055704583,291.48784019874483,-5.316649442847877,4.5925067317798804,-0.4720204613517112,40735U
2025-06-29T13:16:01.078256,9601.549658797632,3720.3649126638234,262.9937539434774,-5.523922675277835,4.516342438138028,-0.4779090386997399,40735U
2025-06-29T13:17:01.078256,9263.744982326303,3988.7945112328675,234.1550152586413,-5.736896325079488,4.4292168516998425,-0.4835244555751733,40735U
2025-06-29T13:18:01.078256,8912.995547583288,4251.638169171032,204.98979949892993,-5.955423510556362,4.330045067396483,-0.48880664157595216,40735U
2025-06-29T13:19:01.078256,8548.975081566768,4508.1382745227575,175.5201522651164,-6.179261882383111,4.217646533255524,-0.4936863949716597,40735U
2025-06-29T13:20:01.078256,8171.375266145507,4757.4634804399975,145.77256983638125,-6.408051458609685,4.090743149804092,-0.4980842590634016,40735U
2025-06-29T13:21:01.078256,7779.9135539094395,4998.702864971713,115.77864821035958,-6.641288651172802,3.947960174426868,-0.5019093591605626,40735U
2025-06-29T13:22:01.078256,7374.342663108528,5230.860258467365,85.57580179807286,-6.878296223964842,3.78783112634531,-0.5050582467860449,40735U
2025-06-29T13:23:01.078256,6954.461999112323,5452.849022284529,55.20804933288061,-7.118189109326639,3.608808205372188,-0.5074138219998013,40735U
2025-06-29T13:24:01.078256,6520.131245578745,5663.48766362002,24.726859394771843,-7.3598363217067915,3.4092800864449435,-0.5088444363670402,40735U
2025-06-29T13:25:01.078256,6071.286340724576,5861.4967936073945,-5.80795933856494,-7.601819688349393,3.1875993031283105,-0.5092033187231203,40735U
2025-06-29T13:26:01.078256,5607.957991161776,6045.498078018121,-36.32734789666657,-7.842390815044971,2.942121733330221,-0.5083285131007063,40735U
2025-06-29T13:27:01.078256,5130.292763330782,6214.015986477599,-66.75210455580218,-8.079428663110892,2.6712608619038276,-0.5060435706858766,40735U
2025-06-29T13:28:01.078256,4638.576614219138,6365.483305056813,-96.9920638612414,-8.310401353864977,2.373559387195755,-0.50215929007699,40735U
2025-06-29T13:29:01.078256,4133.2604623090365,6498.251517195354,-126.94541984745625,-8.532337314183497,2.047780184537624,-0.4964768425675846,40735U
2025-06-29T13:30:01.078256,3614.9870438438074,6610.60724602407,-156.49828700026217,-8.741812523170012,1.693017422940404,-0.4887926360083625,40735U
2025-06-29T13:31:01.078256,3084.6178459257685,6700.795940720431,-185.52461303269195,-8.934962179999458,1.3088265278455469,-0.478905240058157,40735U
2025-06-29T13:32:01.078256,2543.258373004912,6767.0538218661495,-213.8865741362126,-9.107526184052942,0.8953685269181422,-0.4666245904261796,40735U
2025-06-29T13:33:01.078256,1992.2794329604642,6807.648711612279,-241.4355907351469,-9.254937819235261,0.45356010872730396,-0.4517834830416761,40735U
2025-06-29T13:34:01.078256,1433.3316082571798,6820.929708177159,-268.01409324141815,-9.37246325812183,-0.014784222067342014,-0.4342510434094673,40735U
2025-06-29T13:35:01.078256,868.349734184505,6805.384696907898,-293.4581357864371,-9.455395274873775,-0.5068364295074534,-0.4139474179845473,40735U
2025-06-29T13:36:01.078256,299.5442000330838,6759.703459346857,-317.6008958117369,-9.499297524127341,-1.0186878219754363,-0.3908584296181627,40735U
2025-06-29T13:37:01.078256,-270.6236171983204,6682.842774594225,-340.27700742511144,-9.500286245002785,-1.5453533133639357,-0.3650484655943995,40735U
2025-06-29T13:38:01.078256,-839.4833708820107,6574.088632676887,-361.32756258948854,-9.455325646607815,-2.0808659026316443,-0.33666956824417554,40735U
2025-06-29T13:39:01.078256,-1404.2150824403038,6433.1098069448435,-380.60549177431,-9.362503967377672,-2.6184707218146532,-0.30596473331169044,40735U
2025-06-29T13:40:01.078256,-1961.9235116853022,6259.996884746895,-397.98092849970976,-9.221252360366998,-3.150913568040235,-0.2732639057353881,40735U
2025-06-29T13:41:01.078256,-2509.7230318482593,6055.281664631309,-413.34609794472397,-9.032471070423604,-3.6708019389159396,-0.23897210088394635,40735U
2025-06-29T13:42:01.078256,-3044.826627177781,5819.933624580453,-426.61927191599574,-8.798537943498708,-4.171001328480876,-0.2035503216090718,40735U
2025-06-29T13:43:01.078256,-3564.6316302448417,5555.3327140810015,-437.7474110785175,-8.523191694157786,-4.645020399725606,-0.16749119961813272,40735U
2025-06-29T13:44:01.078256,-4066.7949672798673,5263.220551305208,-446.70726112802805,-8.211302598854708,-5.087338773247565,-0.1312922249473175,40735U
2025-06-29T13:45:01.078256,-4549.292001022146,4945.634631589643,-453.50485473087895,-7.868561151700072,-5.493640949593366,-0.09542977735472828,40735U
2025-06-29T13:46:01.078256,-5010.455262731035,4604.831862675138,-458.1735570474209,-7.501126157504164,-5.860936647736389,-0.06033685743947188,40735U
2025-06-29T13:47:01.078256,-5448.991952701409,4243.208351003436,-460.770942538464,-7.115275532601383,-6.187566920632756,-0.026386560322288203,40735U
2025-06-29T13:48:01.078256,-5863.981521063469,3863.221882418785,-461.3748799769129,-6.717096463893278,-6.473111956557425,0.0061177870498263474,40735U
2025-06-29T13:49:01.078256,-6254.856494901532,3467.3222320377054,-460.0792243955806,-6.312239525533855,-6.718227156745223,0.036945989572907977,40735U
2025-06-29T13:50:01.078256,-6621.370781815579,3057.8926969628596,-456.9894786499002,-5.905747685456622,-6.924437849819535,0.06593883393708595,40735U
2025-06-29T13:51:01.078256,-6963.559960854171,2637.204464164698,-452.21871291956427,-5.501959101904437,-7.09392085455945,0.0930018636337274,40735U
2025-06-29T13:52:01.078256,-7281.6977307736215,2207.383899096609,-445.88393976857265,-5.104474112067234,-7.229295172288951,0.1180966209451291,40735U
2025-06-29T13:53:01.078256,-7576.251955923747,1770.3917239930809,-438.10305376844065,-4.716172313348116,-7.333436687477291,0.14123074281434908,40735U
2025-06-29T13:54:01.078256,-7847.842857531939,1328.0123793845992,-428.99237016041025,-4.339264561281918,-7.4093246881293044,0.16244799982347846,40735U
2025-06-29T13:55:01.078256,-8097.205017700412,881.8515724261475,-418.6647419706467,-3.9753659963505448,-7.459922340666537,0.18181902836943606,40735U
2025-06-29T13:56:01.078256,-8325.154103271218,433.34001396622847,-407.2281996494979,-3.6255787673838227,-7.488089331921185,0.1994331944604374,40735U
2025-06-29T13:57:01.078256,-8532.558625159054,-16.258470876284115,-394.78503883387924,-3.290576066417803,-7.496522616157453,0.2153917787530998,40735U
2025-06-29T13:58:01.078256,-8720.316630695035,-465.8359956071187,-381.43127608774137,-2.970681859060404,-7.4877202318932525,0.22980249596001684,40735U
2025-06-29T13:59:01.078256,-8889.336961328088,-914.4280578945177,-367.25639527196097,-2.6659429934637098,-7.463963075198916,0.24277525114440426,40735U
2025-06-29T14:00:01.078256,-9040.524563997184,-1361.2003119724243,-352.34331498119326,-2.3761921096829943,-7.427309969838892,0.2544189769967432,40735U
2025-06-29T14:01:01.078256,-9174.769288531188,-1805.435343177712,-336.76851759158797,-2.1011009810027885,-7.379602083184609,0.26483937486848164,40735U
2025-06-29T14:02:01.078256,-9292.937606350788,-2246.5199062019783,-320.6022910804695,-1.8402246893021401,-7.322473514014409,0.2741373847945659,40735U
2025-06-29T14:03:01.078256,-9395.866724355246,-2683.9329207112432,-303.90904480730876,-1.5930374732789014,-7.257365613799311,0.28240822563836476,40735U
2025-06-29T14:04:01.078256,-9484.360625168063,-3117.234391433504,-286.7476693107553,-1.3589612895916308,-7.185543241905606,0.28974086857405384,40735U
2025-06-29T14:05:01.078256,-9559.187629288192,-3546.055328150808,-269.17191765903675,-1.1373881734171905,-7.108111678548785,0.2962178307112049,40735U
2025-06-29T14:06:01.078256,-9621.079138783112,-3970.088677323296,-251.2307919891982,-0.9276974375848119,-7.0260333296597635,0.30191519804664796,40735U
2025-06-29T14:07:01.078256,-9670.729281718226,-4389.081234880803,-232.96892370314896,-0.7292686515163893,-6.9401436680593855,0.30690280673370834,40735U
2025-06-29T14:08:01.078256,-9708.795229446043,-4802.826483665113,-214.4269395217645,-0.5414912213966807,-6.851166082422471,0.3112445283889975,40735U
2025-06-29T14:09:01.078256,-9735.89800440044,-5211.158284150196,-195.64180843872427,-0.36377126953923666,-6.759725466688265,0.31499861881430913,40735U
2025-06-29T14:10:01.078256,-9752.623634392963,-5613.945340976731,-176.6471666936415,-0.19553639370385334,-6.666360493023453,0.3182181003832911,40735U
2025-06-29T14:11:01.078256,-9759.524540980878,-6011.086366376514,-157.4736194203357,-0.03623878217305976,-6.571534584384885,0.32095115680058695,40735U
2025-06-29T14:12:01.078256,-9757.121075234361,-6402.505864224127,-138.14901869038349,0.11464293091166598,-6.475645648202146,0.3232415254149427,40735U
2025-06-29T14:13:01.078256,-9745.903134904944,-6788.150462935122,-118.69871841133578,0.25760276256150144,-6.379034658876818,0.325128877133516,40735U
2025-06-29T14:14:01.078256,-9726.331813453713,-7167.985731139885,-99.14580702228142,0.39310718694826285,-6.281993189609409,0.3266491775866914,40735U
2025-06-29T14:15:01.078256,-9698.841044370496,-7541.9934162411155,-79.51131922814704,0.5215954594412022,-6.184769997954946,0.32783502581488116,40735U
2025-06-29T14:16:01.078256,-9663.83921435353,-7910.169052190802,-59.8144281789485,0.6434803100642469,-6.087576767654769,0.32871596862328734,40735U
2025-06-29T14:17:01.078256,-9621.710726777883,-8272.519888828028,-40.07261957015903,0.7591488916935916,-5.990593103941745,0.32931879006188003,40735U
2025-06-29T14:18:01.078256,-9572.817502920381,-8629.063100733272,-20.301849145157938,0.8689638952711506,-5.893970872224746,0.329667776380119,40735U
2025-06-29T14:19:01.078256,-9517.500413006968,-8979.82423870816,-0.516685041241793,0.9732647655800085,-5.797837961871199,0.3297849573903601,40735U
2025-06-29T14:20:01.078256,-9456.080632615185,-9324.835891636229,19.269563646441235,1.072368967802158,-5.702301548414064,0.3296903255349365,40735U
2025-06-29T14:21:01.078256,-9388.860922543561,-9664.136530633417,39.04473079271197,1.1665732680761232,-5.607450919341833,0.32940203415337166,40735U
2025-06-29T14:22:01.078256,-9316.126832151976,-9997.7695110703,58.797688464055966,1.2561550013411331,-5.513359920944718,0.32893657653552144,40735U
2025-06-29T14:23:01.078256,-9238.147827536255,-10325.782211282742,78.51825233189238,1.341373307510346,-5.4200890766217125,0.3283089473587675,40735U
2025-06-29T14:24:01.078256,-9155.178346852003,-10648.225289612423,98.19709626953845,1.4224703229484585,-5.327687420661486,0.3275327880684156,40735U
2025-06-29T14:25:01.078256,-9067.458785742243,-10965.152043887243,117.82567521640651,1.4996723187366,-5.2361940857971545,0.3266205176887294,40735U
2025-06-29T14:26:01.078256,-8975.216416228232,-11276.61785959184,137.39615547916128,1.5731907806008518,-5.14563967777873,0.3255834504608947,40735U
2025-06-29T14:27:01.078256,-8878.666242650002,-11582.679734837513,156.90135172022676,1.6432234279103852,-5.056047465761338,0.32443190160303426,40735U
2025-06-29T14:28:01.078256,-8778.011798340503,-11883.395871848961,176.3346699583875,1.7099551710118142,-4.967434413420474,0.32317528238263427,40735U
2025-06-29T14:29:01.078256,-8673.44588671936,-12178.825326074062,195.6900559742585,1.77355900751159,-4.879812072321833,0.32182218558782544,40735U
2025-06-29T14:30:01.078256,-8565.151270423716,-12469.027705226641,214.96194857560167,1.8341968590703719,-4.793187356135526,0.32038046238372253,40735U
2025-06-29T14:31:01.078256,-8453.30131198071,-12754.062911607032,234.14523723349893,1.8920203509230122,-4.707563211742187,0.31885729144520253,40735U
2025-06-29T14:32:01.078256,-8338.060569379213,-13033.99092194072,253.2352236510888,1.947171536761299,-4.622939201081145,0.3172592411691406,40735U
2025-06-29T14:33:01.078256,-8219.585349731531,-13308.871599748909,272.22758687230316,1.999783571869136,-4.539312005694224,0.31559232568761536,40735U
2025-06-29T14:34:01.078256,-8098.024224038608,-13578.764535930559,291.11835157886503,2.049981337525316,-4.456675864284228,0.3138620553290757,40735U
2025-06-29T14:35:01.078256,-7973.518505890416,-13843.728913811216,309.9038592605347,2.0978820197214767,-4.375022952198483,0.31207348210673064,40735U
2025-06-29T14:36:01.078256,-7846.202696750792,-14103.823395411422,328.58074197640804,2.143595645208606,-4.294343710534698,0.31023124075220804,40735U
2025-06-29T14:37:01.078256,-7716.204900296791,-14359.10602611775,347.1458984545269,2.187225577803976,-4.214627131521257,0.30833958575738474,40735U
2025-06-29T14:38:01.078256,-7583.647208112054,-14609.6341553091,365.5964723030748,2.228868977776052,-4.135861005924899,0.30640242483779145,40735U
2025-06-29T14:39:01.078256,-7448.646058866721,-14855.464370813866,383.9298321300276,2.2686172269911227,-4.058032137463274,0.30442334918667735,40735U
2025-06-29T14:40:01.078256,-7311.312572953397,-15096.6524453632,402.1435533899026,2.306556322360347,-3.9811265285281747,0.30240566084908316,40735U
2025-06-29T14:41:01.078256,-7171.75286445199,-15333.253293359014,420.2354017882542,2.3427672399598074,-3.905129540977642,0.3003523975106489,40735U
2025-06-29T14:42:01.078256,-7030.068332002897,-15565.320936752883,438.20331811158536,2.377326272084456,-3.830026035172723,0.29826635496208337,40735U
2025-06-29T14:43:01.078256,-6886.355930302084,-15792.908478552497,456.0454043304393,2.410305339273166,-3.755800490153137,0.29615010747600684,40735U
2025-06-29T14:44:01.078256,-6740.708423542005,-16016.068083104028,473.7599108724642,2.4417722792692897,-3.682437107324857,0.2940060263038908,40735U
2025-06-29T14:45:01.078256,-6593.214622176201,-16234.850962141669,491.3452249520588,2.4717911146937195,-3.6099198998063176,0.2918362964809977,40735U
2025-06-29T14:46:01.078256,-6443.9596042257845,-16449.307365814744,508.7998598613639,2.500422301089202,-3.538232769271499,0.28964293210658965,40735U
2025-06-29T14:47:01.078256,-6293.024922258373,-16659.486577992047,526.1224451357758,2.527722956865637,-3.4673595718933243,0.28742779024914256,40735U
2025-06-29T14:48:01.078256,-6140.488797082438,-16865.436915231752,543.311717515619,2.553747076557323,-3.3972841747837967,0.28519258361062527,40735U
2025-06-29T14:49:01.078256,-5986.4262991179885,-17067.2057288848,560.3665126332867,2.5785457286922324,-3.3279905041474516,0.28293889206992273,40735U
2025-06-29T14:50:01.078256,-5830.909518330656,-17264.839409866214,577.2857573618619,2.602167239470132,-3.2594625862090814,0.28066817321304377,40735U
2025-06-29T14:51:01.078256,-5674.007723546488,-17458.383395690376,594.0684627674959,2.62465736335077,-3.191684581841089,0.2783817719466566,40735U
2025-06-29T14:52:01.078256,-5515.787511902175,-17647.882179415712,610.7137176131214,2.6460594415648515,-3.1246408156987764,0.2760809292816384,40735U
2025-06-29T14:53:01.078256,-5356.312949125884,-17833.379320192274,627.2206823662383,2.6664145494789397,-3.058315800568891,0.2737667903644846,40735U
2025-06-29T14:54:01.078256,-5195.645701292475,-18014.917455142815,643.5885836676744,2.6857616336698573,-2.9926942575486875,0.2714404118265849,40735U
2025-06-29T14:55:01.078256,-5033.845158645455,-18192.538312344263,659.816709222407,2.704137639495261,-2.927761132594557,0.26910276851434084,40735U
2025-06-29T14:56:01.078256,-4870.968552033631,-18366.2827247065,675.9044030770766,2.7215776298832495,-2.8635016099119492,0.266754759656827,40735U
2025-06-29T14:57:01.078256,-4707.071062470135,-18536.19064457048,691.8510612518836,2.7381148960051744,-2.7999011225998958,0.2643972145221082,40735U
2025-06-29T14:58:01.078256,-4542.205924280153,-18702.30115887363,707.6561276978092,2.7537810604426425,-2.7369453609109216,0.2620308976082778,40735U
2025-06-29T14:59:01.078256,-4376.424522272429,-18864.652504747588,723.3190905523245,2.7686061734099305,-2.674620278443554,0.2596565134108302,40735U
2025-06-29T15:00:01.078256,-4209.776483334044,-19023.282085433762,738.8394786694528,2.782618802548277,-2.612912096544232,0.2572747108039217,40735U
2025-06-29T15:01:01.078256,-4042.3097628203172,-19178.226486416126,754.2168584020047,2.7958461167669677,-2.5518073071617846,0.2548860870694944,40735U
2025-06-29T15:02:01.078256,-3874.070726082739,-19329.521491685427,769.4508306158425,2.8083139645682715,-2.4912926743671115,0.25249119160497974,40735U
2025-06-29T15:03:01.078256,-3705.104225454982,-19477.20210005972,784.5410279176772,2.820046947258388,-2.431355234724885,0.250090529337413,40735U
2025-06-29T15:04:01.078256,-3535.453672991222,-19621.302541497895,799.4871120796091,2.8310684874148984,-2.3719822966804633,0.24768456386916046,40735U
2025-06-29T15:05:01.078256,-3365.1611092307994,-19761.85629335152,814.2887716450372,2.841400892951947,-2.313161439105169,0.2452737203781165,40735U
2025-06-29T15:06:01.078256,-3194.2672682454336,-19898.89609650765,828.9457197017098,2.8510654170974217,-2.2548805091257846,0.2428583882931314,40735U
2025-06-29T15:07:01.078256,-3022.811639202883,-20032.453971383886,843.4576918091888,2.8600823145722294,-2.1971276193475533,0.24043892376349404,40735U
2025-06-29T15:08:01.078256,-2850.832524668912,-20162.561233741486,857.824444068729,2.86847089423889,-2.1398911445673843,0.23801565193961088,40735U
2025-06-29T15:09:01.078256,-2678.367095850552,-20289.24851028898,872.0457513248351,2.87624956846624,-2.083159718061073,0.23558886908045035,40735U
2025-06-29T15:10:01.078256,-2505.451444971183,-20412.54575405273,886.1214054884617,2.8834358994380462,-2.0269222275183147,0.23315884450193602,40735U
2025-06-29T15:11:01.078256,-2332.120634954093,-20532.482259495206,900.0512139727567,2.890046642615926,-1.9711678106897326,0.23072582237920822,40735U
2025-06-29T15:12:01.078256,-2158.4087465797547,-20649.08667736568,913.8349982329083,2.8960977875509357,-1.9158858508020808,0.22829002341452373,40735U
2025-06-29T15:13:01.078256,-1984.3489232696854,-20762.38702927067,927.4725924023775,2.9016045962237005,-1.8610659717905425,0.22585164638153968,40735U
2025-06-29T15:14:01.078256,-1809.9734136409106,-20872.41072195426,940.9638420183701,2.906581639079263,-1.8066980333908835,0.22341086955579173,40735U
2025-06-29T15:15:01.078256,-1635.3136119639387,-20979.184561281647,954.3086028300407,2.911042828910596,-1.7527721261283034,0.2209678520403149,40735U
2025-06-29T15:16:01.078256,-1460.4000966490532,-21082.734765920082,967.5067396833472,2.9150014527332577,-1.6992785662353327,0.2185227349946045,40735U
2025-06-29T15:17:01.078256,-1285.2626668778807,-21183.086980713913,980.558125476983,2.918470201783185,-1.646207890526623,0.21607564277440797,40735U
2025-06-29T15:18:01.078256,-1109.9303774888754,-21280.266289751984,993.462640184254,2.9214611997599507,-1.5935508512547265,0.21362668398920384,40735U
2025-06-29T15:19:01.078256,-934.431572217828,-21374.297229127027,1006.2201699361815,2.923986029428981,-1.5412984109674142,0.21117595248364288,40735U
2025-06-29T15:20:01.078256,-758.7939153898284,-21465.203799387185,1018.8306061613821,2.926055757687951,-1.4894417373846942,0.20872352824872228,40735U
2025-06-29T15:21:01.078256,-583.0444221508201,-21553.00947768175,1031.2938447787178,2.9276809591950803,-1.4379721983104539,0.20626947826795825,40735U
2025-06-29T15:22:01.078256,-407.2094873232392,-21637.737229603314,1043.6097854389236,2.928871738650014,-1.3868813565919502,0.2038138573034155,40735U
2025-06-29T15:23:01.078256,-231.3149129625062,-21719.4095207297,1055.7783308117944,2.9296377518116974,-1.336160965137875,0.20135670862603117,40735U
2025-06-29T15:24:01.078256,-55.38593468942989,-21798.048327869496,1067.7993859156575,2.9299882253314435,-1.2858029620044245,0.19889806469432705,40735U
2025-06-29T15:25:01.078256,120.55275313334198,-21873.67515001495,1079.6728574861356,2.929931975474231,-1.2357994655571474,0.19643794778527843,40735U
2025-06-29T15:26:01.078256,296.4769733168972,-21946.31101900792,1091.3986533815241,2.929477425795909,-1.186142769714579,0.19397637058077183,40735U
2025-06-29T15:27:01.078256,472.36304279197,-22015.976509923097,1102.9766820221237,2.9286326238395155,-1.136825339279184,0.19151333671285833,40735U
2025-06-29T15:28:01.078256,648.1877505279898,-22082.691751174156,1114.4068518611525,2.9274052569094033,-1.0878398053597098,0.18904884127072263,40735U
2025-06-29T15:29:01.078256,823.9283363727376,-22146.476434348606,1125.689070885082,2.925802666977977,-1.0391789608880306,0.1865828712720631,40735U
2025-06-29T15:30:01.078256,999.5624707613696,-22207.34982377663,1136.8232461412824,2.9238318647761026,-0.9908357562331157,0.18411540610137989,40735U
2025-06-29T15:31:01.078256,1175.068235246859,-22265.330765840237,1147.8092832910559,2.9214995431146806,-0.9428032949139087,0.18164641791746208,40735U
2025-06-29T15:32:01.078256,1350.4241038082644,-22320.437698028418,1158.6470861863215,2.91881208948188,-0.8950748294122287,0.17917587203219126,40735U
2025-06-29T15:33:01.078256,1525.6089248937894,-22372.68865774435,1169.3365564682454,2.9157755979573943,-0.8476437570864305,0.17670372726261863,40735U
2025-06-29T15:34:01.078256,1700.6019041585007,-22422.10129087086,1179.8775931862697,2.912395880482373,-0.8005036161861748,0.17422993625812194,40735U
2025-06-29T15:35:01.078256,1875.3825878608318,-22468.692860099964,1190.2700924361422,2.908678477521205,-0.7536480819678721,0.17175444580430255,40735U
2025-06-29T15:36:01.078256,2049.9308468800546,-22512.480253032605,1200.5139470155132,2.9046286681488236,-0.7070709629108297,0.1692771971051839,40735U
2025-06-29T15:37:01.078256,2224.2268613230854,-22553.47999005478,1210.6090460959144,2.9002514795950716,-0.6607661970328738,0.16679812604511393,40735U
2025-06-29T15:38:01.078256,2398.2511056882045,-22591.7082319956,1220.555274909915,2.8955516962755983,-0.6147278483047893,0.16431716343170727,40735U
2025-06-29T15:39:01.078256,2571.9843345559734,-22627.18078757358,1230.35251445235,2.890533868336842,-0.5689501031622909,0.16183423522104054,40735U
2025-06-29T15:40:01.078256,2745.407568778243,-22659.913120636655,1240.000641194574,2.885202319740838,-0.5234272671143074,0.1593492627262369,40735U
2025-06-29T15:41:01.078256,2918.5020821397284,-22689.920357201823,1249.4995268108214,2.8795611559139833,-0.47815376144596117,0.15686216281047713,40735U
2025-06-29T15:42:01.078256,3091.249388477951,-22717.217292301906,1258.8490379163952,2.873614270981837,-0.4331241200115349,0.15437284806523374,40735U
2025-06-29T15:43:01.078256,3263.631229158078,-22741.818396632694,1268.049035812546,2.8673653546139097,-0.38833298613660255,0.15188122697577675,40735U
2025-06-29T15:44:01.078256,3435.6295610924776,-22763.73782303888,1277.0993762487371,2.8608178984907005,-0.3437751095720245,0.1493872040717096,40735U
2025-06-29T15:45:01.078256,3607.226544979915,-22782.989412796556,1285.9999091851362,2.8539752024220584,-0.29944534357725794,0.1468906800676853,40735U
2025-06-29T15:46:01.078256,3778.404533987308,-22799.586701736407,1294.7504785678516,2.8468403801257236,-0.2553386420674405,0.1443915519914953,40735U
2025-06-29T15:47:01.078256,3949.146062750498,-22813.542926195558,1303.3509221105776,2.839416364685858,-0.21145005684978468,0.14188971330170594,40735U
2025-06-29T15:48:01.078256,4119.433836692073,-22824.871028806312,1311.8010710829687,2.831705913706103,-0.16777473494279974,0.13938505399519496,40735U
2025-06-29T15:49:01.078256,4289.250721639959,-22833.583664126654,1320.1007501052316,2.8237116141713527,-0.12430791597628198,0.13687746070514856,40735U
2025-06-29T15:50:01.078256,4458.579733729759,-22839.693204117262,1328.2497769483641,2.8154358870315033,-0.08104492967023304,0.134366816790043,40735U
2025-06-29T15:51:01.078256,4627.404029573189,-22843.21174346982,1336.2479623394704,2.8068809915196726,-0.037981193391159594,0.13185300241411183,40735U
2025-06-29T15:52:01.078256,4795.706896678606,-22844.151104791104,1344.0951097717189,2.7980490292164535,0.004887790216249647,0.12933589461974176,40735U
2025-06-29T15:53:01.078256,4963.471744107593,-22842.522843647348,1351.7910153184127,2.788941947871129,0.04756643552367273,0.12681536739222052,40735U
2025-06-29T15:54:01.078256,5130.682093354121,-22838.33825347328,1359.3354674507766,2.7795615449899747,0.09005907614165384,0.12429129171722489,40735U
2025-06-29T15:55:01.078256,5297.321569431846,-22831.60837035012,1366.7282468589844,2.7699094712011774,0.13236996707164853,0.12176353563141196,40735U
2025-06-29T15:56:01.078256,5463.373892157145,-22822.343977656594,1373.9691262760693,2.7599872334052096,0.17450328678930205,0.11923196426644043,40735U
2025-06-29T15:57:01.078256,5628.822867614817,-22810.555610597203,1381.057870304301,2.749796197718946,0.21646313926043098,0.11669643988673489,40735U
2025-06-29T15:58:01.078256,5793.6523797942755,-22796.25356061161,1387.9942352436692,2.739337592221228,0.25825355589117677,0.1141568219212784,40735U
2025-06-29T15:59:01.078256,5957.846382385054,-22779.447879669086,1394.777968922136,2.7286125095070166,0.2998784974138986,0.11161296698968805,40735U
2025-06-29T16:00:01.078256,6121.388890719471,-22760.148384451928,1401.408810527298,2.7176219090568634,0.3413418557099731,0.10906472892282744,40735U
2025-06-29T16:01:01.078256,6284.263973852661,-22738.36466043138,1407.8864904391671,2.706366619427804,0.3826474555710532,0.10651195877816516,40735U
2025-06-29T16:02:01.078256,6446.4557467682735,-22714.106065839886,1414.210730063721,2.694847340271505,0.42379905639977733,0.10395450485009922,40735U
2025-06-29T16:03:01.078256,6607.948362700743,-22687.381735543222,1420.381241666972,2.683064644184844,0.46480035385136925,0.10139221267541987,40735U
2025-06-29T16:04:01.078256,6768.726005563262,-22658.200584815997,1426.3977282092294,2.671018978397919,0.5056549814170112,0.0988249250340949,40735U
2025-06-29T16:05:01.078256,6928.7728824726555,-22626.571313023942,1432.2598831793018,2.6587106663038984,0.5463665119501999,0.0962524819455292,40735U
2025-06-29T16:06:01.078256,7088.073216360858,-22592.50240721657,1437.9673904283538,2.646139908834863,0.5869384591369219,0.09367472066044451,40735U
2025-06-29T16:07:01.078256,7246.611238665244,-22556.002145633243,1443.5199240031925,2.633306785687346,0.6273742789107549,0.09109147564850138,40735U
2025-06-29T16:08:01.078256,7404.371182087288,-22517.07860112618,1448.9171479786792,2.6202112564010207,0.6676773708134208,0.08850257858179462,40735U
2025-06-29T16:09:01.078256,7561.337273412165,-22475.73964450355,1454.1587162890744,2.606853161293544,0.70785107930186,0.08590785831431322,40735U
2025-06-29T16:10:01.078256,7717.4937263799,-22431.99294779576,1459.2442725580372,2.593232222254354,0.7478986950022244,0.0833071408574712,40735U
2025-06-29T16:11:01.078256,7872.824734600251,-22385.84598744843,1464.1734499270763,2.579348043399769,0.787823455911569,0.08070024935178408,40735U
2025-06-29T16:12:01.078256,8027.31446451381,-22337.306047440976,1468.9458708825362,2.5652001115905283,0.8276285485506132,0.07808700403457641,40735U
2025-06-29T16:13:01.078256,8180.947048314145,-22286.380222359516,1473.561147078564,2.5507877968207797,0.8673171090478459,0.07546722220510839,40735U
2025-06-29T16:14:01.078256,8333.706577049812,-22233.075420353485,1478.018879162731,2.536110352458937,0.906892224214247,0.07284071818330196,40735U
2025-06-29T16:15:01.078256,8485.577093532514,-22177.39836609707,1482.3186565929525,2.521166915375626,0.9463569325141055,0.07020730326834394,40735U
2025-06-29T16:16:01.078256,8636.542585390496,-22119.355603646953,1486.4600574560732,2.505956505927527,0.9857142250219084,0.06756678569129945,40735U
2025-06-29T16:17:01.078256,8786.586978069392,-22058.953499260137,1490.4426482820995,2.49047802781541,1.024967046316205,0.0649189705649967,40735U
2025-06-29T16:18:01.078256,8935.694127824569,-21996.19824415854,1494.2659838554555,2.4747302678119687,1.0641182953238728,0.0622636598303215,40735U
2025-06-29T16:19:01.078256,9083.847814692988,-21931.095857244894,1497.9296070229339,2.458711895360111,1.1031708261134308,0.0596006521990172,40735U
2025-06-29T16:20:01.078256,9231.031735447756,-21863.65218776765,1501.4330484983868,2.442421462040261,1.1421274486403183,0.0569297430927808,40735U
2025-06-29T16:21:01.078256,9377.229496487147,-21793.87291795651,1504.7758266629642,2.425857400910888,1.1809909294328196,0.05425072457940921,40735U
2025-06-29T16:22:01.078256,9522.424606722094,-21721.763565599245,1507.9574473624448,2.4090180257136575,1.2197639922373444,0.051563385304675136,40735U
2025-06-29T16:23:01.078256,9666.600470379415,-21647.32948659643,1510.9774036996105,2.3919015299505664,1.2584493186027008,0.04886751042127828,40735U
2025-06-29T16:24:01.078256,9809.7403797598,-21570.575877476418,1513.835175822618,2.3745059858267705,1.2970495484149203,0.046162881514009026,40735U
2025-06-29T16:25:01.078256,9951.82750792456,-21491.50777788163,1516.5302307086968,2.3568293430595935,1.3355672803773506,0.04344927652141222,40735U
2025-06-29T16:26:01.078256,10092.844901309227,-21410.13007302674,1519.062021943123,2.3388694275514554,1.374005072436262,0.04072646965383066,40735U
2025-06-29T16:27:01.078256,10232.7754722508,-21326.447496134406,1521.4299894931255,2.320623939925162,1.41236544215007,0.037994231307852684,40735U
2025-06-29T16:28:01.078256,10371.60199142525,-21240.46463084947,1523.6335594766242,2.3020904539188867,1.45065086700173,0.035252327977062084,40735U
2025-06-29T16:29:01.078256,10509.3070801833,-21152.185913636953,1525.6721439255057,2.2832664146386237,1.4888637846523172,0.03250052215908461,40735U
2025-06-29T16:30:01.078256,10645.873202777273,-21061.61563616659,1527.5451405432261,2.264149136665117,1.5270065931345187,0.029738572258858183,40735U
2025-06-29T16:31:01.078256,10781.282658470096,-20968.757947687605,1529.2519324565355,2.2447358020122063,1.565081650984163,0.026966232488075358,40735U
2025-06-29T16:32:01.078256,10915.517573517498,-20873.61685739769,1530.7918879610747,2.225023457933109,1.6030912773079538,0.02418325276072928,40735U
2025-06-29T16:33:01.078256,11048.559893013464,-20776.196236810087,1532.1643602605993,2.205009014570939,1.6410377517851864,0.021389378584701677,40735U
2025-06-29T16:34:01.078256,11180.39137259086,-20676.499822122307,1533.3686871996292,2.184689242449274,1.6789233146012608,0.018584350949306827,40735U
2025-06-29T16:35:01.078256,11310.993569965742,-20574.5312165917,1534.4041909892323,2.1640607697985144,1.7167501663101807,0.015767906208733036,40735U
2025-06-29T16:36:01.078256,11440.347836316765,-20470.29389292109,1535.2701779257277,2.1431200797130785,1.754520467623564,0.012939775961275614,40735U
2025-06-29T16:37:01.078256,11568.435307489191,-20363.79119565952,1535.9659381020458,2.121863507134358,1.792236339122952,0.010099686924284309,40735U
2025-06-29T16:38:01.078256,11695.236895012013,-20255.026343622918,1536.490745111477,2.1002872356539672,1.8298998608920742,0.007247360804738037,40735U
2025-06-29T16:39:01.078256,11820.7332769181,-20144.002432339363,1536.8438557435577,2.0783872941312636,1.8675130720656063,0.004382514165338169,40735U
2025-06-29T16:40:01.078256,11944.904888355934,-20030.722436524055,1537.02450967181,2.056159553118828,1.9050779702904757,0.0015048582860241544,40735U
2025-06-29T16:41:01.078256,12067.731911980767,-19915.189212589517,1537.031929133072,2.0335997210891494,1.9425965110954686,-0.0013859009791922683,40735U
2025-06-29T16:42:01.078256,12189.194268113462,-19797.405501196645,1536.8653185981211,2.010703340455276,1.9800706071645713,-0.0042900633501832194,40735U
2025-06-29T16:43:01.078256,12309.271604654385,-19677.373929852365,1536.5238644333094,1.9874657833776497,2.017502127509218,-0.00720793427357398,40735U
2025-06-29T16:44:01.078256,12427.943286739071,-19555.097015560383,1536.0067345529162,1.9638822473490385,2.054892896533899,-0.010139825080624719,40735U
2025-06-29T16:45:01.078256,12545.188386122438,-19430.577167531283,1535.313078061904,1.9399477505486673,2.0922446929896097,-0.013086053150265719,40735U
2025-06-29T16:46:01.078256,12660.985670276905,-19303.81668995928,1534.4420248887748,1.9156571269564098,2.129559248808658,-0.0160469420773875,40735U
2025-06-29T16:47:01.078256,12775.31359119043,-19174.8177848725,1533.3926854082097,1.891005021217007,2.166838247814317,-0.019022821846530372,40735U
2025-06-29T16:48:01.078256,12888.150273848541,-19043.58255506489,1532.1641500531553,1.8659858832439333,2.2040833242979048,-0.022014029011087118,40735U
2025-06-29T16:49:01.078256,12999.47350438466,-18910.11300711786,1530.7554889160406,1.8405939625516932,2.2412960614555404,-0.025020906878155443,40735U
2025-06-29T16:50:01.078256,13109.260717890933,-18774.411054509095,1529.1657513386267,1.8148233023026452,2.2784779896790823,-0.028043805699412474,40735U
2025-06-29T16:51:01.078256,13217.488985824008,-18636.478520877965,1527.3939654908793,1.7886677330671572,2.315630584675763,-0.031083082866813223,40735U
2025-06-29T16:52:01.078256,13324.135003098754,-18496.317143319447,1525.4391379368749,1.76212086625765,2.3527552654443746,-0.03413910311630412,40735U
2025-06-29T16:53:01.078256,13429.17507471267,-18353.928575887363,1523.3002531893453,1.7351760872547015,2.3898533920506577,-0.037212238735892335,40735U
2025-06-29T16:54:01.078256,13532.58510197899,-18209.314393198245,1520.9762732511397,1.7078265481875292,2.426926263223236,-0.04030286978085952,40735U
2025-06-29T16:55:01.078256,13634.340568309999,-18062.476094193105,1518.4661371437157,1.6800651603615349,2.4639751137453376,-0.04341138429524328,40735U
2025-06-29T16:56:01.078256,13734.4165245355,-17913.415106062126,1515.7687604221999,1.6518845863146658,2.501001111630906,-0.04653817853986407,40735U
2025-06-29T16:57:01.078256,13832.787573733252,-17762.13278834564,1512.883034676625,1.6232772314846737,2.538005355070674,-0.04968365722701999,40735U
2025-06-29T16:58:01.078256,13929.427855547357,-17608.630437226,1509.8078270189399,1.5942352354683629,2.5749888691326324,-0.052848233761953876,40735U
2025-06-29T16:59:01.078256,14024.311029969984,-17452.909290025058,1506.541979555385,1.5647504628526492,2.611952602200033,-0.05603233049119662,40735U
2025-06-29T17:00:01.078256,14117.410260559722,-17294.97052992402,1503.0843088438237,1.534814493596122,2.648897422128755,-0.05923637895787801,40735U
2025-06-29T17:01:01.078256,14208.69819706882,-17134.815290922983,1499.4336053356062,1.5044186129385069,2.6858241121043385,-0.06246082016407734,40735U
2025-06-29T17:02:01.078256,14298.146957450937,-16972.444663058526,1495.5886328015524,1.4735538008139464,2.7227333661774744,-0.06570610484028697,40735U
2025-06-29T17:03:01.078256,14385.728109218147,-16807.859697899567,1491.5481277416168,1.4422107207426995,2.759625784454908,-0.06897269372202527,40735U
2025-06-29T17:04:01.078256,14471.412650115672,-16641.061414343047,1487.3107987778292,1.4103797081742138,2.7965018679208438,-0.07226105783362309,40735U
2025-06-29T17:05:01.078256,14555.170988079972,-16472.050804732135,1482.8753260300523,1.3780507582529675,2.8333620128619446,-0.0755716787791841,40735U
2025-06-29T17:06:01.078256,14636.972920445685,-16300.828841321552,1478.2403604741655,1.3452135129765097,2.870206504866719,-0.07890504904069014,40735U
2025-06-29T17:07:01.078256,14716.78761236272,-16127.396483116823,1473.4045232822198,1.3118572477136288,2.9070355123676355,-0.08226167228317972,40735U
2025-06-29T17:08:01.078256,14794.583574385151,-15951.754683115772,1468.3664051441767,1.2779708570482498,2.943849079691683,-0.08564206366689929,40735U
2025-06-29T17:09:01.078256,14870.328639190026,-15773.904395982594,1463.1245655707935,1.243542839912718,2.9806471195822013,-0.08904675016627797,40735U
2025-06-29T17:10:01.078256,14943.989937382157,-15593.846586187763,1457.6775321772698,1.2085612839719078,3.0174294051515878,-0.09247627089552005,40735U
2025-06-29T17:11:01.078256,15015.53387233892,-15411.582236649157,1452.0237999472731,1.1730138492171474,3.0541955612210656,-0.09593117744055492,40735U
2025-06-29T17:12:01.078256,15084.926094046648,-15227.112357912198,1446.1618304769654,1.136887750726404,3.090945054999922,-0.09941203419701218,40735U
2025-06-29T17:13:01.078256,15152.131471876595,-15040.43799791104,1440.0900511986997,1.1001697405446538,3.127677186052376,-0.10291941871380349,40735U
2025-06-29T17:14:01.078256,15217.114066246804,-14851.560252354197,1433.8068545840529,1.062846088635195,3.1643910754959745,-0.10645392204182241,40735U
2025-06-29T17:15:01.078256,15279.837099112563,-14660.480275783137,1427.3105973259355,1.0249025628499215,3.201085654370079,-0.11001614908714376,40735U
2025-06-29T17:16:01.078256,15340.262923224609,-14467.199293355523,1420.5995994995037,0.9863244078631628,3.2377596511079383,-0.11360671896800677,40735U
2025-06-29T17:17:01.078256,15398.352990091775,-14271.718613408779,1413.6721437017093,0.9470963230103129,3.274411578039611,-0.11722626537471946,40735U
2025-06-29T17:18:01.078256,15454.067816579642,-14074.039640865134,1406.526474169334,0.9072024389689468,3.311039716846559,-0.1208754369314669,40735U
2025-06-29T17:19:01.078256,15507.366950075182,-13874.163891542259,1399.1607958754257,0.8666262932158617,3.347642102881686,-0.124554897558855,40735U
2025-06-29T17:20:01.078256,15558.208932140025,-13672.093007442492,1391.5732736041691,0.8253508041901262,3.384216508260308,-0.12826532683576897,40735U
2025-06-29T17:21:01.078256,15606.551260574903,-13467.828773094383,1383.762031004244,0.7833582440867639,3.4207604236194546,-0.13200742035897992,40735U
2025-06-29T17:22:01.078256,15652.350349808225,-13261.373133033689,1375.72514962094,0.7406302102025641,3.457271038432541,-0.13578189009856914,40735U
2025-06-29T17:23:01.078256,15695.561489521497,-13052.7282105099,1367.4606679072422,0.6971475947489705,3.4937452197569567,-0.13958946474707046,40735U
2025-06-29T17:24:01.078256,15736.138801416138,-12841.896327519824,1358.9665802144773,0.6528905530434207,3.530179489279312,-0.14343089005977222,40735U
2025-06-29T17:25:01.078256,15774.035194021439,-12628.880026272578,1350.2408357630318,0.6078384699839892,3.566569998511417,-0.1473069291833413,40735U
2025-06-29T17:26:01.078256,15809.20231543831,-12413.682092202656,1341.281337594025,0.5619699247070675,3.602912501975071,-0.15121836296943564,40735U
2025-06-29T17:27:01.078256,15841.590503906406,-12196.305578656436,1332.0859415029233,0.5152626533215159,3.639202328198692,-0.15516599026951647,40735U
2025-06-29T17:28:01.078256,15871.148736075747,-11976.753833389675,1322.6524549563694,0.46769350960668804,3.675434348331235,-0.15915062820648956,40735U
2025-06-29T17:29:01.078256,15897.824572857662,-11755.030527024594,1312.9786359937898,0.4192384235548889,3.7116029421598977,-0.16317311241818414,40735U
2025-06-29T17:30:01.078256,15921.564102721622,-11531.139683630283,1303.0621921156528,0.3698723576323013,3.747701961296886,-0.16723429726693959,40735U
2025-06-29T17:31:01.078256,15942.311882297307,-11305.085713602137,1292.9007791605616,0.31956926062481716,3.78372468927731,-0.17133505600877127,40735U
2025-06-29T17:32:01.078256,15960.010874133168,-11076.873449035947,1282.4920001739433,0.26830201892849387,3.819663798283839,-0.17547628091460551,40735U
2025-06-29T17:33:01.078256,15974.602381453335,-10846.508181807138,1271.833404271386,0.21604240513629963,3.8555113021854335,-0.17965888333504243,40735U
2025-06-29T17:34:01.078256,15986.025979746717,-10613.99570458619,1260.9224855003515,0.16276102376517868,3.891258505545151,-0.18388379369887245,40735U
2025-06-29T17:35:01.078256,15994.219445011258,-10379.342355044522,1249.7566817045956,0.10842725396006322,3.9268959482164156,-0.18815196143416293,40735U
2025-06-29T17:36:01.078256,15999.118678467748,-10142.555063526395,1238.33337339631,0.05300918900299146,3.9624133451077164,-0.19246435479917323,40735U
2025-06-29T17:37:01.078256,16000.657627545505,-9903.641404491531,1226.6498826418576,-0.0035264275515846256,3.9977995206514767,-0.1968219606085167,40735U
2025-06-29T17:38:01.078256,15998.768202932764,-9662.609652060542,1214.7034719678936,-0.06121426930219581,4.033042337463759,-0.2012257838379317,40735U
2025-06-29T17:39:01.078256,15993.380191471835,-9419.468840028705,1202.4913432957185,-0.12009049818011001,4.068128618626796,-0.2056768470886503,40735U
2025-06-29T17:40:01.078256,15984.421164668543,-9174.228826749446,1190.010636913001,-0.18019283958367152,4.1030440629650045,-0.21017618988963208,40735U
2025-06-29T17:41:01.078256,15971.81638257218,-8926.900365327625,1177.2584304932625,-0.24156066167322815,4.137773152617316,-0.21472486781285918,40735U
2025-06-29T17:42:01.078256,15955.488692770565,-8677.495179608217,1164.2317381752766,-0.3042350590366618,4.172299052131977,-0.219323951373302,40735U
2025-06-29T17:43:01.078256,15935.358424231563,-8426.026046493946,1150.9275097162408,-0.3682589409385177,4.206603498225004,-0.2239745246811117,40735U
2025-06-29T17:44:01.078256,15911.343275709998,-8172.506885180311,1137.3426297347182,-0.4336771243661972,4.24066667924795,-0.2286776838089179,40735U
2025-06-29T17:45:01.078256,15883.358198425714,-7916.952853955994,1123.4739170616974,-0.5005364320846524,4.274467103303925,-0.23343453483175913,40735U
2025-06-29T17:46:01.078256,15851.315272706772,-7659.380455285222,1109.31812422091,-0.5688857959049762,4.307981453830824,-0.23824619149098555,40735U
2025-06-29T17:47:01.078256,15815.12357827845,-7399.807649961485,1094.8719370625502,-0.6387763653625042,4.341184431337012,-0.2431137724264341,40735U
2025-06-29T17:48:01.078256,15774.689057869338,-7138.253981207346,1080.1319745783019,-0.7102616219837227,4.374048579823449,-0.2480383979129772,40735U
2025-06-29T17:49:01.078256,15729.914373793516,-6874.740709687144,1065.0947889295328,-0.7833974992984081,4.406544096257896,-0.25302118602818924,40735U
2025-06-29T17:50:01.078256,15680.698757161235,-6609.290960501267,1049.7568657252475,-0.858242508722202,4.438638621276718,-0.2580632481670749,40735U
2025-06-29T17:51:01.078256,15626.93784936318,-6341.929883351052,1034.1146245919642,-0.9348578713908281,4.470297009076524,-0.2631656838072612,40735U
2025-06-29T17:52:01.078256,15568.523535470358,-6072.684827185791,1018.164420083588,-1.0133076559726917,4.501481074218767,-0.2683295744137563,40735U
2025-06-29T17:53:01.078256,15505.343769188195,-5801.585530777737,1001.9025429857838,-1.0936589224169415,4.532149312802544,-0.2735559763559674,40735U
2025-06-29T17:54:01.078256,15437.282389037064,-5528.664330944805,985.3252220844289,-1.1759818714668668,4.562256595145307,-0.27884591268823916,40735U
2025-06-29T17:55:01.078256,15364.218925362075,-5253.956389982036,968.4286264566708,-1.2603499997507306,4.591753826809553,-0.2842003636294981,40735U
2025-06-29T17:56:01.078256,15286.028397924916,-4977.499944618037,951.2088683872587,-1.3468402599483789,4.620587574368289,-0.2896202555411422,40735U
2025-06-29T17:57:01.078256,15202.581103735756,-4699.336578502252,933.6620069931306,-1.4355332255029398,4.648699651933739,-0.29510644818282883,40735U
2025-06-29T17:58:01.078256,15113.74239489747,-4419.511520796715,915.78405267251,-1.5265132590197947,4.6760266639555805,-0.3006597199851553,40735U
2025-06-29T17:59:01.078256,15019.37244627069,-4138.0739736284895,897.570972505386,-1.6198686832334181,4.702499499265287,-0.3062807510400337,40735U
2025-06-29T18:00:01.078256,14919.326012847863,-3855.0774714932236,879.0186967524351,-1.7156919530568286,4.728042770735239,-0.3119701034626933,40735U
2025-06-29T18:01:01.078256,14813.452176827768,-3570.5802760568185,860.123126621737,-1.8140798267818352,4.752574194242289,-0.31772819872513175,40735U
2025-06-29T18:02:01.078256,14701.594084513361,-3284.6458102052393,840.8801434985713,-1.9151335339461377,4.776003899867582,-0.32355529149796286,40735U
2025-06-29T18:03:01.078256,14583.588673324233,-2997.343135638072,821.2856198632979,-2.0189589367057703,4.7982336674199395,-0.3294514394646543,40735U
2025-06-29T18:04:01.078256,14459.266389429058,-2708.7474788062073,801.3354321570718,-2.125666680715821,4.819156077432367,-0.335416468487297,40735U
2025-06-29T18:05:01.078256,14328.450896773462,-2418.9408105555826,781.0254758952568,-2.235372330497749,4.838653567743876,-0.341449932404525,40735U
2025-06-29T18:06:01.078256,14190.958778615262,-2128.012485463257,760.3516833747094,-2.3481964830157227,4.856597384637791,-0.3475510666278926,40735U
2025-06-29T18:07:01.078256,14046.599233100986,-1836.059947552479,739.3100443750609,-2.4642648516442915,4.8728464162601846,-0.35371873457027453,40735U
2025-06-29T18:08:01.078256,13895.173764941508,-1543.189509850046,717.8966303165802,-2.583708310825244,4.887245894690006,-0.35995136578604825,40735U
2025-06-29T18:09:01.078256,13736.475875892094,-1249.5172161072637,696.1076224093434,-2.7066628894084412,4.899625951583918,-0.366246884524865,40735U
2025-06-29T18:10:01.078256,13570.290757545987,-955.1697939588945,673.9393444125028,-2.8332696978556515,4.909800010788539,-0.3726026271951111,40735U
2025-06-29T18:11:01.078256,13396.394990937215,-660.2857098350812,651.3883007192348,-2.9636747710531153,4.9175629997310555,-0.37901524699633227,40735U
2025-06-29T18:12:01.078256,13214.55625866624,-365.0163370812675,628.451220595352,-3.0980288042919857,4.922689359809156,-0.38548060370777754,40735U
2025-06-29T18:13:01.078256,13024.533076754984,-69.52724997309491,605.1251095291511,-3.236486754881491,4.924930834475133,-0.391993636309245,40735U
2025-06-29T18:14:01.078256,12826.074555270405,226.00034236590494,581.4073087997688,-3.3792072756684974,4.924014012347665,-0.39854821575674826,40735U
2025-06-29T18:15:01.078256,12618.92019899527,521.3680067443719,557.2955645432454,-3.526351939231327,4.919637601638769,-0.4051369748365471,40735U
2025-06-29T18:16:01.078256,12402.799762163131,816.3583245399695,532.788107792947,-3.6780842024359353,4.911469411661839,-0.4117511115750523,40735U
2025-06-29T18:17:01.078256,12177.433174609752,1110.7329399025125,507.88374719641007,-3.8345680500951076,4.899143017484983,-0.41838016219001456,40735U
2025-06-29T18:18:01.078256,11942.530560750922,1404.230397835374,482.5819763668571,-3.9959662433231875,4.882254085317667,-0.42501173903475886,40735U
2025-06-29T18:19:01.078256,11697.79237771635,1696.563751213219,456.8830981165863,-4.162438082467021,4.860356339522645,-0.4316312284225833,40735U
2025-06-29T18:20:01.078256,11442.90970492085,1987.4179148052929,430.7883681429744,-4.334136575832552,4.832957157980097,-0.4382214426419054,40735U
2025-06-29T18:21:01.078256,11177.564724517792,2276.4467438420415,404.30016109482494,-4.511204883447626,4.799512791900958,-0.4447622199167331,40735U
2025-06-29T18:22:01.078256,10901.431440776169,2563.2698148242716,377.4221623358243,-4.69377187947484,4.759423220425001,-0.4512299655819701,40735U
2025-06-29T18:23:01.078256,10614.176696664803,2847.4688874842636,350.15958913527294,-4.881946647426744,4.712026671194451,-0.4575971274063857,40735U
2025-06-29T18:24:01.078256,10315.461558055491,3128.5840295190837,322.5194454428541,-5.075811689080103,4.656593867831129,-0.46383159792131246,40735U
2025-06-29T18:25:01.078256,10004.943150191102,3406.1093905419148,294.51081482393454,-5.275414591400979,4.592322106757734,-0.4698960369643467,40735U
2025-06-29T18:26:01.078256,9682.27704748439,3679.4886195246827,266.1451965047224,-5.480757857082385,4.518329322695786,-0.4757471086578826,40735U
2025-06-29T18:27:01.078256,9347.120336773196,3948.1099315531796,237.43688978818892,-5.691786565424126,4.43364837895708,-0.48133462902553104,40735U
2025-06-29T18:28:01.078256,8999.135494817805,4211.300847147555,208.40343219739478,-5.908373495645169,4.337221920370821,-0.4866006238576823,40735U
2025-06-29T18:29:01.078256,8637.995244144604,4468.322651105604,179.06609661251855,-6.130301319485626,4.227898259583225,-0.4914783018172975,40735U
2025-06-29T18:30:01.078256,8263.388574943629,4718.364651199578,149.450452114584,-6.357241464463574,4.104428937416128,-0.4958909558972364,40735U
2025-06-29T18:31:01.078256,7875.028144119014,4960.538361565271,119.58699213755509,-6.588729276504277,3.9654688108393956,-0.49975081809709443,40735U
2025-06-29T18:32:01.078256,7472.659282769252,5193.871794376279,89.5118315692525,-6.8241351906791845,3.8095797813895906,-0.5029579086710474,40735U
2025-06-29T18:33:01.078256,7056.070856541571,5417.304119077509,59.267471323095705,-7.062631777978562,3.635239581570052,-0.5053989436878252,40735U
2025-06-29T18:34:01.078256,6625.108223704113,5629.681043564123,28.90362423780207,-7.303156808915752,3.4408573773689484,-0.5069463940695708,40735U
2025-06-29T18:35:01.078256,6179.688515362329,5829.75138776399,-1.5219104961161494,-7.544372903494544,3.224798297781732,-0.5074578265212892,40735U
2025-06-29T18:36:01.078256,5719.818410257507,6016.165456605845,-31.942346307681355,-7.784624968821463,2.985419321471091,-0.5067757017615717,40735U
2025-06-29T18:37:01.078256,5245.6144794566535,6187.475972194572,-62.28101555081378,-8.021897505628285,2.721119159627619,-0.5047278565267538,40735U
2025-06-29T18:38:01.078256,4757.3260180636735,6342.142484255913,-92.45053222646929,-8.25377502288172,2.430404755367933,-0.5011289485356948,40735U
2025-06-29T18:39:01.078256,4255.360045181691,6478.540325214558,-122.35207835265628,-8.477410226843654,2.1119766098150206,-0.49578318949338657,40735U
2025-06-29T18:40:01.078256,3740.3078255317073,6594.9752821351085,-151.87490156735922,-8.689506266849211,1.764834136881104,-0.48848871636493957,40735U
2025-06-29T18:41:01.078256,3212.9718402428516,6689.705179531213,-180.89613229238677,-8.886320929726773,1.388400416972591,-0.47904393540008205,40735U
2025-06-29T18:42:01.078256,2674.3916204338807,6760.969449243921,-209.2810467212415,-9.063701926324685,0.9826628742041533,-0.46725609104757787,40735U
2025-06-29T18:43:01.078256,2125.8662918493374,6807.027442673582,-236.88391220492704,-9.217162775726123,0.5483224839186603,-0.4529521354694826,40735U
2025-06-29T18:44:01.078256,1568.9711352410368,6826.205656876149,-263.54954797093166,-9.342007585421715,0.0869393367055449,-0.43599168265866767,40735U
2025-06-29T18:45:01.078256,1005.5650610245989,6816.953164018425,-289.11570943873033,-9.433509545440874,-0.3989426333108629,-0.4162814224065993,40735U
2025-06-29T18:46:01.078256,437.78578061066185,6777.903370644922,-313.4163524878993,-9.48714172365336,-0.9057130697580442,-0.39378987740663923,40735U
2025-06-29T18:47:01.078256,-131.97020348185615,6707.938888709252,-336.2857521364202,-9.498849873652283,-1.4286777230457521,-0.36856089448271057,40735U
2025-06-29T18:48:01.078256,-701.0847388974595,6606.254974642951,-357.5633419543593,-9.465346495136977,-1.9621265143320756,-0.3407239007203569,40735U
2025-06-29T18:49:01.078256,-1266.772693514491,6472.4159766354105,-377.0990187818495,-9.384395472936523,-2.499499660442604,-0.3104988859053256,40735U
2025-06-29T18:50:01.078256,-1826.1524950554895,6306.398851496635,-394.7585436741598,-9.25505024083645,-3.033651199040362,-0.2781944278721333,40735U
2025-06-29T18:51:01.078256,-2376.328623309683,6108.618339686422,-410.42859168644804,-9.077808519615344,-3.557192718042652,-0.24419789818473642,40735U
2025-06-29T18:52:01.078256,-2914.4801285731432,5879.929916692454,-424.0209856295419,-8.854654948379752,-4.06288393139137,-0.2089581662622183,40735U
2025-06-29T18:53:01.078256,-3437.947971410239,5621.609012712502,-435.47570677898847,-8.588978684792938,-4.544025488400714,-0.17296240531238458,40735U
2025-06-29T18:54:01.078256,-3944.3137926180907,5335.307796744761,-444.7624050085955,-8.285372973429975,-4.994806749118718,-0.13670965711235827,40735U
2025-06-29T18:55:01.078256,-4431.463731416799,5022.993487276375,-451.88030871161993,-7.949342728807976,-5.410568458585319,-0.10068433917977493,40735U
2025-06-29T18:56:01.078256,-4897.632907866801,4686.874129353433,-456.85662452362385,-7.586959407021712,-5.787955456541658,-0.0653327396942588,40735U
2025-06-29T18:57:01.078256,-5341.428720344892,4329.318706745094,-459.7436796635102,-7.204506857631454,-6.124953495430061,-0.031044815103969645,40735U
2025-06-29T18:58:01.078256,-5761.833634937241,3952.778265312843,-460.61516687999796,-6.808157369510206,-6.420821921112951,0.0018574749770194033,40735U
2025-06-29T18:59:01.078256,-6158.190191546125,3559.713610462709,-459.56189175338227,-6.4037062224641765,-6.675946510996219,0.033125184793547015,40735U
2025-06-29T19:00:01.078256,-6530.172245552003,3152.5334792844847,-456.6874000180776,-5.996379466330553,-6.891642454562005,0.06258155056734813,40735U
2025-06-29T19:01:01.078256,-6877.746953090112,2733.545281917174,-452.10379624097345,-5.590716894051668,-7.0699367909131,0.09011666604660015,40735U
2025-06-29T19:02:01.078256,-7201.13181878456,2304.9188857485747,-445.92797664459096,-5.190522573473527,-7.2133545056757535,0.11567921366899937,40735U
2025-06-29T19:03:01.078256,-7500.750478931855,1868.662675714404,-438.27840796739935,-4.798869697114768,-7.3247252823636355,0.13926670296370966,40735U
2025-06-29T19:04:01.078256,-7777.19002460925,1426.610327213419,-429.27250491295325,-4.418144565717238,-7.40702059489442,0.16091539681825942,40735U
2025-06-29T19:05:01.078256,-8031.161770259851,980.4163389749629,-419.02459806010836,-4.050115263918798,-7.463224690927563,0.1806907688247825,40735U
2025-06-29T19:06:01.078256,-8263.466571133462,531.5583018576285,-407.6444435429013,-3.696012891692283,-7.496238591377978,0.19867900980473882,40735U
2025-06-29T19:07:01.078256,-8474.965151327844,81.34402122925675,-395.2362031478117,-3.3566161289457197,-7.5088135206021365,0.21497983297996723,40735U
2025-06-29T19:08:01.078256,-8666.553438315115,-369.0781294366845,-381.89781475890675,-3.032332775399902,-7.503508884125479,0.22970063069440877,40735U
2025-06-29T19:09:01.078256,-8839.1425945739,-818.7069405973738,-367.72067402353485,-2.7232743593868305,-7.482669622650121,0.2429519079959897,40735U
2025-06-29T19:10:01.078256,-8993.64326242829,-1266.6751988818326,-352.7895549330069,-2.429321808838692,-7.448418109758224,0.2548438472734076,40735U
2025-06-29T19:11:01.078256,-9130.953460941773,-1712.2363631090602,-337.1827067873141,-2.150181530191856,-7.402656422779172,0.26548382830099143,40735U
2025-06-29T19:12:01.078256,-9251.949563045424,-2154.751600563741,-320.972075701279,-1.885432124879808,-7.347075590599304,0.27497472541023155,40735U
2025-06-29T19:13:01.078256,-9357.47981198153,-2593.6775192957143,-304.22360913464655,-1.634562492987206,-7.283169178910885,0.28341381683529837,40735U
2025-06-29T19:14:01.078256,-9448.359889900128,-3028.5547945250605,-286.99761119078414,-1.3970023315208089,-7.212249244033208,0.29089216247107336,40735U
2025-06-29T19:15:01.078256,-9525.370115023827,-3458.9977864369894,-269.34912432832584,-1.1721461169534981,-7.135463243794745,0.29749433000112013,40735U
2025-06-29T19:16:01.078256,-9589.253908751993,-3884.6851757868617,-251.3283196195652,-0.959371634843363,-7.0538109357699375,0.3032983724071261,40735U
2025-06-29T19:17:01.078256,-9640.717235395256,-4305.351596159463,-232.98088286431292,-0.7580540313907805,-6.968160630308564,0.3083759805809722,40735U
2025-06-29T19:18:01.078256,-9680.428772288122,-4720.780211626036,-214.34838789311266,-0.5675762452759551,-6.879264414697548,0.3127927524340489,40735U
2025-06-29T19:19:01.078256,-9709.020615793264,-5130.796171295607,-195.4686514492268,-0.38733655365586267,-6.787772142837299,0.31660853444022025,40735U
2025-06-29T19:20:01.078256,-9727.089369058285,-5535.260863509627,-176.3760663331487,-0.21675384631447694,-6.694244108185339,0.31987780317960535,40735U
2025-06-29T19:21:01.078256,-9735.197490923421,-5934.066890683565,-157.1019111284819,-0.05527113254339129,-6.599162399802675,0.3226500635587585,40735U
2025-06-29T19:22:01.078256,-9733.874812665948,-6327.133686954469,-137.674636031514,0.09764230990335139,-6.502940993627249,0.32497024736482394,40735U
2025-06-29T19:23:01.078256,-9723.620151338804,-6714.403705231638,-118.12012510782665,0.24248981582144571,-6.405934661817212,0.3268791010882933,40735U
2025-06-29T19:24:01.078256,-9704.902966029942,-7095.839105654835,-98.46193584454238,0.3797469832710694,-6.308446798953937,0.32841355586417587,40735U
2025-06-29T19:25:01.078256,-9678.165017256759,-7471.418883623392,-78.72151720505813,0.5098618893453174,-6.210736269796457,0.3296070752424989,40735U
2025-06-29T19:26:01.078256,-9643.822000585968,-7841.136381843362,-58.918407586082274,0.6332557114296357,-6.113023382665193,0.3304899785519764,40735U
2025-06-29T19:27:01.078256,-9602.265134013765,-8204.997136959264,-39.07041416555364,0.750323630582523,-6.015495087883834,0.3310897390634919,40735U
2025-06-29T19:28:01.078256,-9553.862685145014,-8563.01701709939,-19.19377514671626,0.8614359224758555,-5.918309493752068,0.33143125714773153,40735U
2025-06-29T19:29:01.078256,-9498.96142917234,-8915.220611971357,0.6966936285114869,0.9669391640990512,-5.82159978443172,0.3315371092738591,40735U
2025-06-29T19:30:01.078256,-9437.88803240496,-9261.639841952476,20.58746628726784,1.0671575023045,-5.725477615680236,0.3314277741049174,40735U
2025-06-29T19:31:01.078256,-9370.950358895787,-9602.312756924317,40.46618742768447,1.1623939442200255,-5.630036056051646,0.33112183717976384,40735U
2025-06-29T19:32:01.078256,-9298.438699775628,-9937.282499415509,60.321564280754544,1.2529316403737272,-5.53535213330451,0.3306361757822905,40735U
2025-06-29T19:33:01.078256,-9220.626926390054,-10266.596409981017,80.14326939483436,1.3390351397216442,-5.441489038471751,0.3299861256247273,40735U
2025-06-29T19:34:01.078256,-9137.773569383522,-10590.30525568878,99.92185280191488,1.4209516021609545,-5.348498033435006,0.32918563094083614,40735U
2025-06-29T19:35:01.078256,-9050.122826587103,-10908.462565153965,119.64866271841218,1.4989119589754194,-5.256420101921619,0.3282473795171496,40735U
2025-06-29T19:36:01.078256,-8957.905503024362,-11221.124055794397,139.31577392202217,1.5731320153291646,-5.165287378587244,0.32718292410060645,40735U
2025-06-29T19:37:01.078256,-8861.339886616179,-11528.34714091961,158.91592302935686,1.6438134916662912,-5.075124386219638,0.326002791519247,40735U
2025-06-29T19:38:01.078256,-8760.632563290932,-11830.190505939587,178.4424499756602,1.7111450028955872,-4.985949107050727,0.32471658074625326,40735U
2025-06-29T19:39:01.078256,-8655.979175226817,-12126.713744434495,197.88924506862108,1.7753029757090624,-4.897773910633358,0.32333305103130305,40735U
2025-06-29T19:40:01.078256,-8547.56512589862,-12417.977046076148,217.25070105232905,1.8364525054265302,-4.810606357675895,0.3218602011202566,40735U
2025-06-29T19:41:01.078256,-8435.566235496097,-12704.040929474859,236.52166967558682,1.8947481544781082,-4.724449896572946,0.3203053404864581,40735U
2025-06-29T19:42:01.078256,-8320.149350137915,-12984.966013959485,255.69742231140435,1.9503346951113893,-4.6393044670763555,0.31867515340566943,40735U
2025-06-29T19:43:01.078256,-8201.472908141233,-13260.81282510269,274.77361422167206,2.003347799199415,-4.55516702357059,0.31697575662234356,40735U
2025-06-29T19:44:01.078256,-8079.687466429176,-13531.641629500004,293.74625210349245,2.053914678178159,-4.47203198870919,0.31521275127774534,40735U
2025-06-29T19:45:01.078256,-7954.936189975097,-13797.512294909831,312.6116645916208,2.102154676193419,-4.389891646698328,0.3133912697002393,40735U
2025-06-29T19:46:01.078256,-7827.355306997492,-14058.484172381353,331.3664754255866,2.1481798195153283,-4.308736484246285,0.31151601759455083,40735U
2025-06-29T19:47:01.078256,-7697.07453243908,-14314.615997442836,350.00757902033035,2.1920953252048223,-4.22855548610757,0.3095913121096071,40735U
2025-06-29T19:48:01.078256,-7564.217462086514,-14565.965807811477,368.53211820651296,2.234000071907588,-4.149336391210546,0.3076211162131793,40735U
2025-06-29T19:49:01.078256,-7428.901939519852,-14812.590875418564,386.9374639307551,2.2739870355182963,-4.071065914549341,0.30560906975555246,40735U
2025-06-29T19:50:01.078256,-7291.240397912161,-15054.547650847211,405.221196728806,2.3121436923139305,-3.993729939319552,0.30355851756320185,40735U
2025-06-29T19:51:01.078256,-7151.340178602062,-15291.891718438383,423.3810897969375,2.3485523919869684,-3.9173136832062565,0.3014725348675269,40735U
2025-06-29T19:52:01.078256,-7009.30382805822,-15524.677760819624,441.41509352546007,2.38329070289771,-3.841801842125173,0.2993539503385707,40735U
2025-06-29T19:53:01.078256,-6865.229374997795,-15752.95953131615,459.3213213371266,2.4164317316351744,-3.767178714425551,0.29720536696861677,40735U
2025-06-29T19:54:01.078256,-6719.210589015628,-15976.789833364466,477.09803672443905,2.4480444189040664,-3.693428308019042,0.29502918102038406,40735U
2025-06-29T19:55:01.078256,-6571.337222138835,-16196.220505884075,494.7436413690787,2.478193813562683,-3.620534432663594,0.29282759923404084,40735U
2025-06-29T19:56:01.078256,-6421.6952345571635,-16411.302413789115,512.256664245428,2.506941326515799,-3.548480779310544,0.29060265446585287,40735U
2025-06-29T19:57:01.078256,-6270.367005690018,-16622.0854429161,529.6357516189286,2.5343449660342645,-3.4772509881783003,0.2883562199130921,40735U
2025-06-29T19:58:01.078256,-6117.431531659006,-16828.61849873553,546.8796578587516,2.560459555951569,-3.4068287070007015,0.2860900220636063,40735U
2025-06-29T19:59:01.078256,-5962.96461015339,-17030.949508296235,563.9872369920614,2.585336938073265,-3.33719764071147,0.28380565249395623,40735U
2025-06-29T20:00:01.078256,-5807.039013597022,-17229.12542492315,580.9574349342796,2.609026160029543,-3.268341593663763,0.2815045786271453,40735U
2025-06-29T20:01:01.078256,-5649.724651457,-17423.19223524884,597.7892823358984,2.631573649702503,-3.2002445053438966,0.2791881535494955,40735U
2025-06-29T20:02:01.078256,-5491.0887224650105,-17613.19496821587,614.4818879923322,2.6530233772693523,-3.1328904804152176,0.27685762497598965,40735U
2025-06-29T20:03:01.078256,-5331.19585746831,-17799.177705730173,631.0344327679733,2.673417005817832,-3.0662638138233143,0.27451414344430375,40735U
2025-06-29T20:04:01.078256,-5170.108253565587,-17981.18359469083,647.4461639906301,2.692794031413781,-3.000349011599851,0.27215876980959486,40735U
2025-06-29T20:05:01.078256,-5007.885800138946,-18159.2548601532,663.7163902761772,2.711191913428465,-2.9351308079235365,0.26979248210488793,40735U
2025-06-29T20:06:01.078256,-4844.5861973412675,-18333.43281941743,679.8444767473194,2.728646195868661,-2.870594178925362,0.2674161818253978,40735U
2025-06-29T20:07:01.078256,-4680.265067559046,-18503.75789685913,695.8298406134323,2.7451906203917544,-2.8067243536649857,0.26503069968934645,40735U
2025-06-29T20:08:01.078256,-4514.976060329854,-18670.26963934438,711.6719470815752,2.7608572316331292,-2.7435068226515287,0.2626368009226528,40735U
2025-06-29T20:09:01.078256,-4348.770951158899,-18833.006732090955,727.370305571346,2.775676475422338,-2.6809273442358488,0.2602351901102477,40735U
2025-06-29T20:10:01.078256,-4181.699734643079,-18992.007014858573,742.9244662089284,2.7896772904183718,-2.6189719491597825,0.25782651565258496,40735U
2025-06-29T20:11:01.078256,-4013.8107122851966,-19147.30749836262,758.3340165774749,2.8028871936513324,-2.557626943514009,0.2554113738622609,40735U
2025-06-29T20:12:01.078256,-3845.1505753474216,-19298.944380825214,773.598578703445,2.815332360419276,-2.496878910322951,0.2529903127322417,40735U
2025-06-29T20:13:01.078256,-3675.764483072108,-19446.95306458547,788.7178062599017,2.8270376989528088,-2.436714709949726,0.25056383540426785,40735U
2025-06-29T20:14:01.078256,-3505.696136571262,-19591.368172703496,803.6913819696199,2.8380269202275943,-2.377121479489356,0.24813240336328865,40735U
2025-06-29T20:15:01.078256,-3334.987848664992,-19732.22356550259,818.5190151923216,2.8483226032747107,-2.318086631297588,0.24569643938135222,40735U
2025-06-29T20:16:01.078256,-3163.680609929823,-19869.55235700113,833.2004396816051,2.8579462563112674,-2.259597850784697,0.24325633023222254,40735U
2025-06-29T20:17:01.078256,-2991.8141511974254,-20003.386931193738,847.7354114984529,2.866918373988662,-2.2016430935871445,0.24081242919602078,40735U
2025-06-29T20:18:01.078256,-2819.4270027301304,-20133.75895814696,862.1237070691606,2.8752584910323766,-2.1442105822164033,0.23836505837143876,40735U
2025-06-29T20:19:01.078256,-2646.556550279471,-20260.69940988183,876.3651213767916,2.8829852325264196,-2.087288802270903,0.23591451081145087,40735U
2025-06-29T20:20:01.078256,-2473.239088224652,-20384.23857601771,890.4594662758036,2.8901163610756324,-2.0308664982874687,0.23346105249706234,40735U
2025-06-29T20:21:01.078256,-2299.509869968938,-20504.406079159617,904.4065689207484,2.896668821061605,-1.9749326692975893,0.2310049241622777,40735U
2025-06-29T20:22:01.078256,-2125.4031557648536,-20621.23089001155,918.2062703002795,2.9026587801911714,-1.9194765641468527,0.22854634298235538,40735U
2025-06-29T20:23:01.078256,-1950.9522581228805,-20734.741342204034,931.8584238687682,2.908101668521733,-1.8644876766272709,0.2260855041363097,40735U
2025-06-29T20:24:01.078256,-1776.1895849508692,-20844.965146825805,945.3628942681863,2.9130122151335676,-1.8099557404664965,0.22362258225368822,40735U
2025-06-29T20:25:01.078256,-1601.1466805608354,-20951.92940665162,958.719556133592,2.917404482606705,-1.7558707242121019,0.22115773275478176,40735U
2025-06-29T20:26:01.078256,-1425.8542646688218,-21055.660630062066,971.928292976185,2.9212918994481925,-1.7022228260433427,0.21869109309260487,40735U
2025-06-29T20:27:01.078256,-1250.3422695088168,-21156.184744650516,984.988996138101,2.924687290604814,-1.6490024685397333,0.21622278390432462,40735U
2025-06-29T20:28:01.078256,-1074.639875170078,-21253.527110516396,997.9015638138635,2.9276029061864355,-1.5962002934304582,0.21375291007910827,40735U
2025-06-29T20:29:01.078256,-898.7755432621858,-21347.712533243834,1010.6659001336251,2.930050448516053,-1.5438071563461622,0.21128156174880888,40735U
2025-06-29T20:30:01.078256,-722.7770490054197,-21438.765276566275,1023.2819143037052,2.9320410976141438,-1.4918141215913647,0.20880881520736014,40735U
2025-06-29T20:31:01.078256,-546.6715118366741,-21526.709074719092,1035.7495198003817,2.933585535217233,-1.4402124569528998,0.20633473376425268,40735U
2025-06-29T20:32:01.078256,-370.48542461580155,-21611.567144482564,1048.0686336130957,2.934693967423479,-1.3889936285577242,0.20385936853703618,40735U
2025-06-29T20:33:01.078256,-194.2446815136599,-21693.362196918235,1060.2391755335057,2.9353761460513312,-1.3381492957914745,0.2013827591873828,40735U
2025-06-29T20:34:01.078256,-17.974604654370044,-21772.116448803336,1072.2610674872326,2.93564138879146,-1.2876713062868261,0.1989049346048614,40735U
2025-06-29T20:35:01.078256,158.30003041601583,-21847.851633766797,1084.1342329051552,2.9354985982263297,-1.237551690989865,0.1964259135422626,40735U
2025-06-29T20:36:01.078256,334.554970370368,-21920.589013132278,1095.8585961315632,2.934956279786747,-1.187782659310694,0.193945705205984,40735U
2025-06-29T20:37:01.078256,510.76646078734206,-21990.349386473357,1107.4340818664698,2.93402255870976,-1.1383565943637102,0.19146430980471496,40735U
2025-06-29T20:38:01.078256,686.9112238274961,-22057.153101886077,1118.8606146397442,2.932705196058028,-1.0892660483016818,0.18898171905940275,40735U
2025-06-29T20:39:01.078256,862.9664368439936,-22121.020065985023,1130.138118314819,2.9310116038564913,-1.0405037377468045,0.1864979166772345,40735U
2025-06-29T20:40:01.078256,1038.9097118750735,-22181.969753628407,1141.2665156198088,2.9289488593984894,-0.9920625393215945,0.184012878792184,40735U
2025-06-29T20:41:01.078256,1214.7190759720693,-22240.021217378355,1152.2457277042163,2.9265237187698725,-0.9439354852809781,0.18152657437443345,40735U
2025-06-29T20:42:01.078256,1390.3729523159016,-22295.193096702704,1163.0756737193547,2.923742629636414,-0.8961157592470138,0.17903896561083138,40735U
2025-06-29T20:43:01.078256,1565.8501420795728,-22347.503626923997,1173.7562704208076,2.9206117433368073,-0.848596692046967,0.17655000825837783,40735U
2025-06-29T20:44:01.078256,1741.1298069963057,-22396.970647922364,1184.2874317913836,2.917136926320654,-0.8013717576547889,0.17405965197255718,40735U
2025-06-29T20:45:01.078256,1916.1914525953164,-22443.611612598208,1194.6690686831148,2.913323770968335,-0.7544345692359086,0.17156784061221853,40735U
2025-06-29T20:46:01.078256,2091.014912068569,-22487.443595100893,1204.9010884769002,2.9091776058271246,-0.7077788752949435,0.16907451252257139,40735U
2025-06-29T20:47:01.078256,2265.5803307354295,-22528.483298829724,1214.9833947585748,2.904703505295709,-0.661398555925297,0.16657960079773193,40735U
2025-06-29T20:48:01.078256,2439.8681510716196,-22566.747064213097,1224.9158870101496,2.899906298787147,-0.6152876191600065,0.16408303352417358,40735U
2025-06-29T20:49:01.078256,2613.8590982741625,-22602.250876272003,1234.6984603152118,2.8947905793983875,-0.5694401974221444,0.16158473400629877,40735U
2025-06-29T20:50:01.078256,2787.5341663308063,-22635.01037197368,1244.3310050773193,2.889360712112564,-0.5238505440739606,0.1590846209753026,40735U
2025-06-29T20:51:01.078256,2960.8746045696575,-22665.04084738156,1253.813406750566,2.8836208415586566,-0.4785130300625888,0.15658260878235533,40735U
2025-06-29T20:52:01.078256,3133.8619046598415,-22692.3572646067,1263.145545581233,2.8775748993515435,-0.4334221406614975,0.15407860757712907,40735U
2025-06-29T20:53:01.078256,3306.4777880512015,-22716.974258568353,1272.3272963603342,2.871226611033517,-0.3885724723027438,0.151572523472396,40735U
2025-06-29T20:54:01.078256,3478.704193769379,-22738.906143560635,1281.3585281830678,2.864579502639662,-0.34395872951393314,0.14906425869642,40735U
2025-06-29T20:55:01.078256,3650.5232666992156,-22758.166919652405,1290.2391042226152,2.857636906900126,-0.29957572191780835,0.14655371173166803,40735U
2025-06-29T20:56:01.078256,3821.917346115153,-22774.770278894935,1298.9688815059192,2.850401969105079,-0.25541836134974766,0.1440407774437583,40735U
2025-06-29T20:57:01.078256,3992.868954617422,-22788.72961136747,1307.547710700242,2.842877652642368,-0.2114816590450545,0.14152534719873577,40735U
2025-06-29T20:58:01.078256,4163.360787376301,-22800.058011055164,1315.9754359057213,2.835066744226076,-0.16776072291438276,0.13900730897042013,40735U
2025-06-29T20:59:01.078256,4333.3757016810805,-22808.76828156606,1324.2518944540982,2.8269718588299964,-0.12425075490167561,0.13648654743819605,40735U
2025-06-29T21:00:01.078256,4502.896706776985,-22814.872941692203,1332.3769167130883,2.8185954443395156,-0.08094704842269697,0.13396294407577444,40735U
2025-06-29T21:01:01.078256,4671.906953972883,-22818.384230819553,1340.3503258958488,2.8099397859346156,-0.0378449858823742,0.13143637723142476,40735U
2025-06-29T21:02:01.078256,4840.389727003793,-22819.314114191515,1348.171937875013,2.8010070102157907,0.005059963730812364,0.1289067222001353,40735U
2025-06-29T21:03:01.078256,5008.3284326341545,-22817.674288030485,1355.8415610008965,2.7917990890840123,0.04777224717532265,0.12637385128812134,40735U
2025-06-29T21:04:01.078256,5175.706591486124,-22813.47618452194,1363.3589959233311,2.782317843385088,0.09029622921343437,0.1238376338700851,40735U
2025-06-29T21:05:01.078256,5342.507829080154,-22806.730976665523,1370.7240354167927,2.772564946328043,0.13263619479648042,0.1212979364395739,40735U
2025-06-29T21:06:01.078256,5508.715867073775,-22797.449582997186,1377.9364642083503,2.7625419266866458,0.17479635117983688,0.1187546226527923,40735U
2025-06-29T21:07:01.078256,5674.3145146863335,-22785.642672186652,1384.9960588080887,2.7522501717924492,0.21678082996936582,0.11620755336616703,40735U
2025-06-29T21:08:01.078256,5839.287660297404,-22771.320667514283,1391.9025873416451,2.7416909303271884,0.2585936891009451,0.11365658666794937,40735U
2025-06-29T21:09:01.078256,6003.619263206402,-22754.493751231337,1398.6558093844576,2.7308653149219313,0.3002389147542803,0.11110157790413813,40735U
2025-06-29T21:10:01.078256,6167.293345543218,-22735.17186880731,1405.2554757974708,2.719774304569687,0.3417204232027679,0.1085423796989435,40735U
2025-06-29T21:11:01.078256,6330.293984317467,-22713.36473306848,1411.7013285638993,2.7084187468578476,0.3830420626004549,0.10597884197003715,40735U
2025-06-29T21:12:01.078256,6492.605303596665,-22689.081828231218,1417.9931006267911,2.696799360026325,0.42420761470751533,0.10341081193878902,40735U
2025-06-29T21:13:01.078256,6654.211466803508,-22662.332413833425,1424.1305157271058,2.6849167348567082,0.4652207965556133,0.10083813413566842,40735U
2025-06-29T21:14:01.078256,6815.096669120151,-22633.125528568442,1430.1132882419477,2.672771336397568,0.5060852620538773,0.09826065040101259,40735U
2025-06-29T21:15:01.078256,6975.245129992485,-22601.469994024028,1435.9411230227786,2.66036350553037,0.5468046035370987,0.0956781998812875,40735U
2025-06-29T21:16:01.078256,7134.641085723077,-22567.374418330513,1441.6137152332763,2.6476934603803,0.5873823532566838,0.0930906190210161,40735U
2025-06-29T21:17:01.078256,7293.26878214439,-22530.847199721306,1447.1307501866072,2.6347612975757695,0.6278219848156735,0.0904977415504811,40735U
2025-06-29T21:18:01.078256,7451.112467363046,-22491.89653000891,1452.491903181854,2.621566993360165,0.6681269145483787,0.08789939846934298,40735U
2025-06-29T21:19:01.078256,7608.156384566592,-22450.530397980172,1457.6968393393777,2.6081104045589054,0.7083005028456643,0.08529541802626128,40735U
2025-06-29T21:20:01.078256,7764.384764883954,-22406.75659271352,1462.7452134348418,2.594391269404717,0.7483460554263655,0.0826856256946325,40735U
2025-06-29T21:21:01.078256,7919.781820291077,-22360.582706821755,1467.6366697316982,2.58040920822356,0.7882668245556471,0.08006984414451539,40735U
2025-06-29T21:22:01.078256,8074.33173655402,-22312.016139623407,1472.3708418118972,2.566163723983434,0.8280660102106967,0.07744789321083026,40735U
2025-06-29T21:23:01.078256,8228.018666203174,-22261.064100244905,1476.9473524046766,2.5516542027077094,0.8677467611950079,0.07481958985784362,40735U
2025-06-29T21:24:01.078256,8380.826721513307,-22207.733610662784,1481.3658132126875,2.5368799137563016,0.9073121761968681,0.07218474814031074,40735U
2025-06-29T21:25:01.078256,8532.739967533462,-22152.031508671324,1485.6258247367807,2.5218400099709926,0.9467653048060128,0.06954317916041579,40735U
2025-06-29T21:26:01.078256,8683.742415073706,-22093.96445080734,1489.7269760967333,2.506533527694133,0.9861091484664223,0.06689469102202328,40735U
2025-06-29T21:27:01.078256,8833.818013723638,-22033.538915207602,1493.6688448501495,2.490959386653512,1.025346661386952,0.06423908878083931,40735U
2025-06-29T21:28:01.078256,8982.950644847351,-21970.761204417613,1497.450996807908,2.4751163897185138,1.0644807513973302,0.06157617439133207,40735U
2025-06-29T21:29:01.078256,9131.124114560596,-21905.637448150534,1501.0729858463872,2.459003222526464,1.103514280753019,0.05890574665019068,40735U
2025-06-29T21:30:01.078256,9278.322146678418,-21838.173606001168,1504.534353716124,2.4426184529795907,1.1424500668876427,0.05622760113640726,40735U
2025-06-29T21:31:01.078256,9424.528375671764,-21768.375470095787,1507.8346298477854,2.425960530607002,1.1812908831250375,0.053541530147128036,40735U
2025-06-29T21:32:01.078256,9569.72633945404,-21696.24866776215,1510.9733311513157,2.4090277858105695,1.2200394593048567,0.05084732263241879,40735U
2025-06-29T21:33:01.078256,9713.899472303347,-21621.798664075002,1513.949961815242,2.391818428958391,1.2586984824046206,0.04814476412318147,40735U
2025-06-29T21:34:01.078256,9857.031097580793,-21545.03076443602,1516.7640130983193,2.3743305493622144,1.297270597069437,0.04543363665827778,40735U
2025-06-29T21:35:01.078256,9999.104420444426,-21465.950117094333,1519.414963118079,2.356562114114063,1.3357584061035606,0.042713718707049105,40735U
2025-06-29T21:36:01.078256,10140.102520477696,-21384.56171564491,1521.902276634382,2.3385109667886392,1.3741644709036844,0.03998478508852616,40735U
2025-06-29T21:37:01.078256,10280.008344237478,-21300.87040150202,1524.2254048280781,2.3201748260081536,1.4124913118361877,0.03724660688706619,40735U
2025-06-29T21:38:01.078256,10418.804697710662,-21214.880866352527,1526.3837850744956,2.301551283867658,1.450741408556553,0.03449895136441765,40735U
2025-06-29T21:39:01.078256,10556.474238673063,-21126.597654591267,1528.3768407115842,2.2826378042182043,1.4889172002700937,0.03174158186813045,40735U
2025-06-29T21:40:01.078256,10692.99946893995,-21036.025165743442,1530.2039808024626,2.263431720805273,1.527021085931905,0.028974257736300853,40735U
2025-06-29T21:41:01.078256,10828.362726501762,-20943.167656876176,1531.8645998921832,2.243930235259207,1.5650554243848882,0.02619673419855399,40735U
2025-06-29T21:42:01.078256,10962.546177534015,-20848.029245004247,1533.3580777584489,2.2241304149344487,1.6030225344335067,0.02340876227323676,40735U
2025-06-29T21:43:01.078256,11095.531808272874,-20750.61390949374,1534.6837791560845,2.2040291905938774,1.6409246948512966,0.020610088660744097,40735U
2025-06-29T21:44:01.078256,11227.301416748085,-20650.92549446649,1535.8410535550113,2.183623353934096,1.6787641443200747,0.01780045563289394,40735U
2025-06-29T21:45:01.078256,11357.83660436123,-20548.967711211615,1536.829234871492,2.162909554947609,1.7165430812977904,0.014979600918312299,40735U
2025-06-29T21:46:01.078256,11487.118767302163,-20444.744140606137,1537.647641192406,2.1418842991168496,1.754263663812942,0.01214725758370087,40735U
2025-06-29T21:47:01.078256,11615.129087790981,-20338.25823555116,1538.2955744923001,2.120543944435332,1.791928009181884,0.009303153910950681,40735U
2025-06-29T21:48:01.078256,11741.848525136731,-20229.51332342698,1538.7723203429787,2.098884698250223,1.8295381936463007,0.0064470132699744965,40735U
2025-06-29T21:49:01.078256,11867.25780660069,-20118.512608572917,1539.0771476153473,2.0769026139207183,1.8670962519269088,0.0035785539871942902,40735U
2025-06-29T21:50:01.078256,11991.337418054009,-20005.259174796425,1539.2093081732783,2.054593587285816,1.904604176689762,0.0006974892095684164,40735U
2025-06-29T21:51:01.078256,12114.067594417556,-19889.755987917033,1539.1680365592088,2.0319533529349187,1.942063917920885,-0.002196473235932921,40735U
2025-06-29T21:52:01.078256,12235.428309871773,-19772.005898350948,1538.952549671196,2.0089774802741047,1.979477382204727,-0.005103630987510158,40735U
2025-06-29T21:53:01.078256,12355.399267824569,-19652.01164374209,1538.5620464311637,1.9856613693804834,2.016846431901537,-0.008024287298481154,40735U
2025-06-29T21:54:01.078256,12473.95989062404,-19529.775851645332,1537.9957074440256,1.9620002466364903,2.0541728842184743,-0.01095875119211215,40735U
2025-06-29T21:55:01.078256,12591.089309002135,-19405.301042269755,1537.2526946474238,1.937989160135662,2.09145851016844,-0.013907337621423007,40735U
2025-06-29T21:56:01.078256,12706.766351236485,-19278.589631287065,1536.33215095175,1.9136229748504956,2.1287050334108977,-0.01687036763411691,40735U
2025-06-29T21:57:01.078256,12820.96953201428,-19149.643932714072,1535.2331998701595,1.8888963675528756,2.1659141289676294,-0.019848168542725104,40735U
2025-06-29T21:58:01.078256,12933.677040984372,-19018.466161875953,1533.954945138251,1.863803821476589,2.203087421806456,-0.022841074100100084,40735U
2025-06-29T21:59:01.078256,13044.866730980822,-18885.058438459113,1532.4964703231074,1.8383396207110543,2.2402264852849667,-0.0258494246803712,40735U
2025-06-29T22:00:01.078256,13154.51610590257,-18749.422789661206,1530.8568384213334,1.8124978443143822,2.277332839446232,-0.028873567465505522,40735U
2025-06-29T22:01:01.078256,13262.602308242218,-18611.561153433944,1529.0350914455878,1.7862723601308081,2.3144079491610556,-0.031913856637899,40735U
2025-06-29T22:02:01.078256,13369.102106182278,-18471.475381910535,1527.0302500003486,1.75965681831505,2.3514532220849134,-0.034970653577305055,40735U
2025-06-29T22:03:01.078256,13473.991880390864,-18329.16724483561,1524.8413128440334,1.732644644512933,2.388470006470957,-0.038044327066472546,40735U
2025-06-29T22:04:01.078256,13577.247610308446,-18184.638433248147,1522.4672564402279,1.7052290327291513,2.4254595887630517,-0.04113525350032353,40735U
2025-06-29T22:05:01.078256,13678.844860038105,-18037.890563261022,1519.9070344954828,1.677402937834524,2.4624231910020336,-0.044243817102494545,40735U
2025-06-29T22:06:01.078256,13778.758763768144,-17888.925180012433,1517.1595774841353,1.6491590677079926,2.499361968014957,-0.04737041014797291,40735U
2025-06-29T22:07:01.078256,13876.96401071128,-17737.74376179368,1514.2237921596327,1.6204898749941399,2.536277004375464,-0.05051543319212257,40735U
2025-06-29T22:08:01.078256,13973.43482953837,-17584.347724365485,1511.09856105196,1.5913875484571252,2.573169311120337,-0.053679295306241846,40735U
2025-06-29T22:09:01.078256,14068.144972280208,-17428.738425480497,1507.7827419508262,1.5618440039116637,2.6100398222049783,-0.05686241431969288,40735U
2025-06-29T22:10:01.078256,14161.067697672757,-17270.917169625987,1504.2751673741602,1.5318508747096813,2.646889390680325,-0.060065217068719326,40735U
2025-06-29T22:11:01.078256,14252.175753917729,-17110.885213005313,1500.5746440215532,1.5013995017605257,2.683718784571455,-0.06328813965199784,40735U
2025-06-29T22:12:01.078256,14341.441360830242,-16948.64376877593,1496.6799522122255,1.4704809230609903,2.7205286824370116,-0.06653162769298279,40735U
2025-06-29T22:13:01.078256,14428.836191342984,-16784.194012564898,1492.5898453071318,1.4390858627102598,2.7573196685864354,-0.06979613660905302,40735U
2025-06-29T22:14:01.078256,14514.331352335881,-16617.53708828107,1488.3030491147608,1.4072047193828123,2.794092227930865,-0.07308213188751012,40735U
2025-06-29T22:15:01.078256,14597.89736475689,-16448.674114249636,1483.8182612802839,1.374827554231541,2.830846740440421,-0.0763900893683558,40735U
2025-06-29T22:16:01.078256,14679.50414300025,-16277.606189690412,1479.1341506575777,1.3419440781906165,2.867583475179655,-0.07972049553385568,40735U
2025-06-29T22:17:01.078256,14759.120973503776,-16104.33440156854,1474.2493566637797,1.3085436386467706,2.9043025838894065,-0.08307384780476555,40735U
2025-06-29T22:18:01.078256,14836.7164925275,-15928.859831844547,1469.1624886159566,1.2746152054449764,2.941004094081422,-0.08645065484311885,40735U
2025-06-29T22:19:01.078256,14912.258663071918,-15751.183565154319,1463.8721250494962,1.2401473561928518,2.97768790160898,-0.08985143686140473,40735U
2025-06-29T22:20:01.078256,14985.714750893014,-15571.306696952028,1458.3768130178662,1.2051282608258091,3.014353762673514,-0.09327672593790748,40735U
2025-06-29T22:21:01.078256,15057.051299568619,-15389.230342150391,1452.67506737338,1.1695456653925296,3.0510012852240807,-0.0967270663379324,40735U
2025-06-29T22:22:01.078256,15126.234104567666,-15204.955644296697,1446.7653700286046,1.133386875017993,3.087629919702656,-0.10020301484056797,40735U
2025-06-29T22:23:01.078256,15193.228186272094,-15018.483785325237,1440.6461691981508,1.096638735998652,3.1242389490840123,-0.10370514107053977,40735U
2025-06-29T22:24:01.078256,15257.997761897495,-14829.815995930123,1434.3158786205001,1.059287616981433,3.160827478154812,-0.10723402783464342,40735U
2025-06-29T22:25:01.078256,15320.506216256901,-14638.953566605169,1427.7728767596589,1.0213193891751648,3.1973944219714396,-0.11079027146213703,40735U
2025-06-29T22:26:01.078256,15380.716071306557,-14445.89785940372,1421.0155059864119,0.9827194055403491,3.2339384934306827,-0.11437448214832499,40735U
2025-06-29T22:27:01.078256,15438.588954412346,-14250.650320472043,1414.0420717390245,0.9434724788991202,3.270458189881739,-0.11798728430047492,40735U
2025-06-29T22:28:01.078256,15494.085565269437,-14053.212493416773,1406.8508416632737,0.9035628589041518,3.306951778701428,-0.12162931688502915,40735U
2025-06-29T22:29:01.078256,15547.165641404294,-13853.586033572154,1399.4400447318098,0.8629742078015716,3.343417281747305,-0.12530123377488134,40735U
2025-06-29T22:30:01.078256,15597.787922186204,-13651.772723234912,1391.8078703428448,0.8216895749182107,3.379852458596023,-0.12900370409535064,40735U
2025-06-29T22:31:01.078256,15645.910111267931,-13447.7744879447,1383.9524673983262,0.7796913698002013,3.4162547884652485,-0.13273741256718455,40735U
2025-06-29T22:32:01.078256,15691.488837373665,-13241.593413891385,1375.8719433618578,0.7369613339247136,3.452621450708281,-0.1365030598447153,40735U
2025-06-29T22:33:01.078256,15734.479613345136,-13033.231766538765,1367.5643632966967,0.6934805109022332,3.488949303760275,-0.14030136284698597,40735U
2025-06-29T22:34:01.078256,15774.836793353934,-12822.692010560835,1359.0277488843358,0.6492292150814267,3.5252348624033623,-0.14413305507933816,40735U
2025-06-29T22:35:01.078256,15812.5135281802,-12609.97683119687,1350.260077424369,0.6041869984637844,3.5614742732054525,-0.14799888694255828,40735U
2025-06-29T22:36:01.078256,15847.461718454544,-12395.089157138624,1341.2592808164566,0.5583326158291366,3.597663287973674,-0.15189962602627421,40735U
2025-06-29T22:37:01.078256,15879.631965751987,-12178.032185074419,1332.023244525482,0.5116439879676494,3.633797235048014,-0.15583605738278825,40735U
2025-06-29T22:38:01.078256,15908.9735214217,-11958.809406025044,1322.5498065312065,0.4640981629074795,3.669870988243798,-0.15980898377699326,40735U
2025-06-29T22:39:01.078256,15935.43423302836,-11737.42463361881,1312.8367562640017,0.4156712750209924,3.705878933232949,-0.163819225907378,40735U
2025-06-29T22:40:01.078256,15958.960488274375,-11513.88203446677,1302.8818335286157,0.3663385018857942,3.741814931133054,-0.1678676225924086,40735U
2025-06-29T22:41:01.078256,15979.497156264815,-11288.18616081183,1292.6827274181912,0.31607401876946256,3.777672279050591,-0.17195503091578312,40735U
2025-06-29T22:42:01.078256,15996.987525967972,-11060.341985644192,1282.2370752213114,0.2648509506002783,3.813443667298749,-0.17608232632308488,40735U
2025-06-29T22:43:01.078256,16011.373241716603,-10830.354940490477,1271.5424613251816,0.21264132127825078,3.849121132982507,-0.18025040266135364,40735U
2025-06-29T22:44:01.078256,16022.594235586104,-10598.230956105393,1260.596416118739,0.1594160001736672,3.8846960096117154,-0.1844601721518397,40735U
2025-06-29T22:45:01.078256,16030.588656475735,-10363.976506314639,1249.3964148999885,0.10514464565239216,3.9201588723684937,-0.1887125652848775,40735U
2025-06-29T22:46:01.078256,16035.292795709982,-10127.598655282018,1237.9398767926589,0.04979564545964573,3.9554994786161477,-0.19300853062422244,40735U
2025-06-29T22:47:01.078256,16036.641008966202,-9889.105108499696,1226.2241636780275,-0.006663946213597808,3.990706703193789,-0.19734903450642047,40735U
2025-06-29T22:48:01.078256,16034.565634324386,-9648.504267830236,1214.2465791487896,-0.06426847516457174,4.0257684679924735,-0.2017350606187179,40735U
2025-06-29T22:49:01.078256,16028.996906223208,-9405.805290957072,1202.0043674926706,-0.12305375730385983,4.060671665255686,-0.20616760943675713,40735U
2025-06-29T22:50:01.078256,16019.862865095387,-9161.018155642158,1189.4947127150656,-0.1830571526673317,4.095402073986193,-0.21064769750052498,40735U
2025-06-29T22:51:01.078256,16007.089262443234,-8914.153729220647,1176.7147376109488,-0.24431764351780572,4.129944268775518,-0.21517635650410014,40735U
2025-06-29T22:52:01.078256,15990.599461102966,-8665.22384381215,1163.6615028982185,-0.306875916742184,4.164281520296938,-0.21975463217115684,40735U
2025-06-29T22:53:01.078256,15970.314330433868,-8414.241377771803,1150.332006426193,-0.370774450753613,4.198395686619978,-0.22438358288425442,40735U
2025-06-29T22:54:01.078256,15946.152136156124,-8161.220343960904,1136.7231824752278,-0.43605760710803815,4.2322670944106875,-0.22906427803130322,40735U
2025-06-29T22:55:01.078256,15918.02842454814,-7906.175985472079,1122.8319011655472,-0.5027717270435436,4.265874408977944,-0.23379779602741393,40735U
2025-06-29T22:56:01.078256,15885.855900702323,-7649.124879515328,1108.654967996366,-0.5709652331440345,4.299194492008462,-0.23858522196420393,40735U
2025-06-29T22:57:01.078256,15849.544300526119,-7390.085050238057,1094.1891235391172,-0.6406887363206156,4.332202245702585,-0.2434276448318059,40735U
2025-06-29T22:58:01.078256,15809.00025616403,-7129.07609134007,1079.4310433124474,-0.7119951482871759,4.3648704418753015,-0.24832615425074897,40735U
2025-06-29T22:59:01.078256,15764.12715450672,-6866.119299429824,1064.3773378703943,-0.784939799686069,4.397169534422227,-0.25328183664179277,40735U
2025-06-29T23:00:01.078256,15714.82498844409,-6601.237819174956,1049.0245531400299,-0.8595805639876407,4.4290674533646195,-0.25829577075112936,40735U
2025-06-29T23:01:01.078256,15660.99020051389,-6334.456801408069,1033.369171049952,-0.9359779872476118,4.460529378479589,-0.26336902243627136,40735U
2025-06-29T23:02:01.078256,15602.515518593387,-6065.803575480655,1017.4076104973124,-1.0141954237504807,4.491517490287473,-0.2685026386037839,40735U
2025-06-29T23:03:01.078256,15539.289783277874,-5795.307837277641,1001.1362287068342,-1.094299177503029,4.521990695907744,-0.27369764017419107,40735U
2025-06-29T23:04:01.078256,15471.197766622368,-5523.001854579472,984.5513230503332,-1.1763586494170413,4.551904326986416,-0.2789550139283809,40735U
2025-06-29T23:05:01.078256,15398.119981856158,-5248.9206913070475,967.6491333846806,-1.260446490003102,4.581209806602969,-0.28427570307445865,40735U
2025-06-29T23:06:01.078256,15319.932483822726,-4973.102452909876,950.4258450085766,-1.3466387570964122,4.609854281632028,-0.2896605963387436,40735U
2025-06-29T23:07:01.078256,15236.50665980776,-4695.5885548700635,932.8775923201238,-1.4350150781045694,4.637780216673855,-0.29511051536531374,40735U
2025-06-29T23:08:01.078256,15147.709010527262,-4416.424016839342,915.0004632891656,-1.5256588159533142,4.664924945163291,-0.30062620016911074,40735U
2025-06-29T23:09:01.078256,15053.400921081427,-4135.6577851071515,896.7905048688145,-1.6186572376532957,4.691220172750088,-0.30620829235041647,40735U
2025-06-29T23:10:01.078256,14953.438421759407,-3853.343086427165,878.2437294905343,-1.7141016840565868,4.716591427449852,-0.3118573157328314,40735U
2025-06-29T23:11:01.078256,14847.671938676358,-3569.5378165732695,859.3561228085737,-1.8120877389420609,4.7409574504033065,-0.3175736540343982,40735U
2025-06-29T23:12:01.078256,14735.946034353456,-3284.304967393656,840.1236528851101,-1.9127153950345823,4.764229520341562,-0.3233575251203049,40735U
2025-06-29T23:13:01.078256,14618.099138512249,-2997.713096563609,820.5422810362397,-2.0160892139100173,4.786310704031237,-0.3292089513147933,40735U
2025-06-29T23:14:01.078256,14493.963269562215,-2709.8368447329754,800.6079745929571,-2.1223184759312144,4.80709502405767,-0.3351277251674547,40735U
2025-06-29T23:15:01.078256,14363.363747520143,-2420.757505311275,780.3167218702432,-2.231517315372155,4.826466534291547,-0.3411133699734893,40735U
2025-06-29T23:16:01.078256,14226.11889942464,-2130.5636527420083,759.6645496824151,-2.3438048346767704,4.844298292268927,-0.3471650942365733,40735U
2025-06-29T23:17:01.078256,14082.039758716795,-1839.351835805957,738.647543795633,-2.45930519031252,4.860451216494433,-0.3532817391341587,40735U
2025-06-29T23:18:01.078256,13930.929760561095,-1547.2273432444972,717.2618727687375,-2.5781476408649455,4.874772815353488,-0.35946171789598264,40735U
2025-06-29T23:19:01.078256,13772.584435708912,-1254.3050498424407,695.5038157044103,-2.700466545796074,4.887095772897893,-0.3657029458338179,40735U
2025-06-29T23:20:01.078256,13606.791106276085,-960.7103520298785,673.3697945135007,-2.826401300580791,4.89723637526546,-0.3720027595613269,40735U
2025-06-29T23:21:01.078256,13433.328587763706,-666.5802030918596,650.8564113902531,-2.9560961906228362,4.904992759932905,-0.37835782371300297,40735U
2025-06-29T23:22:01.078256,13251.966902819435,-372.0642591817221,627.9604923046228,-3.0897001423226493,4.9101429684262445,-0.38476402320761927,40735U
2025-06-29T23:23:01.078256,13062.4670136801,-77.32614854876225,604.6791374442744,-3.227366344758626,4.912442781587511,-0.39121633879983797,40735U
2025-06-29T23:24:01.078256,12864.58058199862,217.45512231792472,581.0097796837042,-3.3692517094817496,4.911623315118573,-0.39770870332072883,40735U
2025-06-29T23:25:01.078256,12658.049766919128,512.0836105545553,556.9502523251617,-3.515516128690579,4.907388352030532,-0.40423383562054843,40735U
2025-06-29T23:26:01.078256,12442.607074902042,806.3447102981219,532.4988675476999,-3.666321483304103,4.899411388019378,-0.4107830487937856,40735U
2025-06-29T23:27:01.078256,12217.975278014468,1100.0032396375677,507.6545072194363,-3.8218303418984583,4.887332365941843,-0.4173460287876814,40735U
2025-06-29T23:28:01.078256,11983.867421311417,1392.8013218089252,482.4167279769393,-3.982204278794047,4.870754076862337,-0.4239105789750836,40735U
2025-06-29T23:29:01.078256,11739.986944678762,1684.4560400266612,456.7858827569473,-4.147601724414677,4.849238208107238,-0.4304623257200508,40735U
2025-06-29T23:30:01.078256,11486.027950240179,1974.6568443240885,430.7632612795166,-4.318175243020951,4.822301024103198,-0.4369843793980206,40735U
2025-06-29T23:31:01.078256,11221.67565335019,2263.062688154113,404.3512523306329,-4.494068111656332,4.789408674445277,-0.443456944780754,40735U
2025-06-29T23:32:01.078256,10946.607063481344,2549.2988725487676,377.55353107095357,-4.675410049323983,4.7499721368985,-0.44985687420758846,40735U
2025-06-29T23:33:01.078256,10660.491951215276,2832.9535766406416,350.3752750030264,-4.862311916795627,4.70334182254437,-0.45615715660989725,40735U
2025-06-29T23:34:01.078256,10362.994169269434,3113.574055774749,322.82341264840903,-5.054859175053105,4.648801898195274,-0.4623263353420728,40735U
2025-06-29T23:35:01.078256,10053.773409279755,3390.6624928434308,294.90690940249203,-5.253103854540048,4.585564420273281,-0.46832784805299776,40735U
2025-06-29T23:36:01.078256,9732.487491981019,3663.6714957259887,266.63709540863056,-5.457054749228441,4.512763428031208,-0.4741192827266716,40735U
2025-06-29T23:37:01.078256,9398.795307000226,3931.9992444353975,238.02804061735927,-5.666665510690195,4.429449216629401,-0.4796515458231829,40735U
2025-06-29T23:38:01.078256,9052.360538609742,4194.984307951997,209.09698231272955,-5.881820282016578,4.334583107032048,-0.4848679415914813,40735U
2025-06-29T23:39:01.078256,8692.856336733183,4451.900172952092,179.86481034429445,-6.102316484137676,4.227033156064701,-0.4897031666174257,40735U
2025-06-29T23:40:01.078256,8319.971115840208,4701.949558164632,150.35661481856633,-6.327844357579698,4.105571412095054,-0.49408223125036194,40735U
2025-06-29T23:41:01.078256,7933.415687865328,4944.258630207446,120.60230000265884,-6.557962883045184,3.968873525688653,-0.49791933057457033,40735U
2025-06-29T23:42:01.078256,7532.931956082648,5177.871292577753,90.63726639015796,-6.79207177304419,3.815521774212939,-0.5011167031139755,40735U
2025-06-29T23:43:01.078256,7118.303411512324,5401.743791629244,60.50315998636079,-7.029379369119154,3.644012854803191,-0.5035635366359824,40735U
2025-06-29T23:44:01.078256,6689.3676765087575,5614.739974475596,30.24868350855576,-7.268866527900628,3.4527721337482475,-0.5051350083946284,40735U
2025-06-29T23:45:01.078256,6246.031324171643,5815.627645539574,-0.06954206360413438,-7.509246974939872,3.240176391653148,-0.5056915827824761,40735U
2025-06-29T23:46:01.078256,5788.287156885884,6003.076600906458,-30.386085782901493,-7.748925194369922,3.004587431852568,-0.5050787327641113,40735U
2025-06-29T23:47:01.078256,5316.234039676322,6175.659069388992,-60.625816500046625,-7.9859537510132315,2.744399154444932,-0.5031273013015743,40735U
2025-06-29T23:48:01.078256,4830.099238627051,6331.853447652684,-90.70306024409443,-8.217993043347699,2.458100731194967,-0.4996547714276514,40735U
2025-06-29T23:49:01.078256,4330.262994774452,6470.052367344282,-120.52086891461501,-8.442277861284692,2.1443581930138214,-0.49446776105995827,40735U
2025-06-29T23:50:01.078256,3817.284754664879,6588.5762477876,-149.97048391701446,-8.655596707976795,1.8021158630436884,-0.4873660882875215,40735U
2025-06-29T23:51:01.078256,3291.930072108736,6685.693528446198,-178.93109908229349,-8.854291470142558,1.430717410371592,-0.47814874577523825,40735U
2025-06-29T23:52:01.078256,2755.1966978311284,6759.648687926178,-207.27004578633301,-9.034286367942466,1.0300436601840088,-0.46662205441932064,40735U
2025-06-29T23:53:01.078256,2208.3378154783168,6808.698878338266,-234.84353511940165,-9.191155687138059,0.6006605839959354,-0.4526101090130421,40735U
2025-06-29T23:54:01.078256,1652.8798292820138,6831.159473863553,-261.49809120244765,-9.32023893729107,0.14396625565169818,-0.4359673594720335,40735U
2025-06-29T23:55:01.078256,1090.6316679871654,6825.4580086169635,-287.07278930046243,-9.416809078466565,-0.33767946973352925,-0.4165927837812497,40735U
2025-06-29T23:56:01.078256,523.6823877515012,6790.194866388654,-311.4023657617516,-9.47629377234511,-0.8408631820724041,-0.3944446293979731,40735U
2025-06-29T23:57:01.078256,-45.61590054555366,6724.207765461985,-334.3211904362894,-9.494541207878674,-1.3610869104643217,-0.36955420147822177,40735U
2025-06-29T23:58:01.078256,-614.6819445635928,6626.6357359367175,-355.6679884760181,-9.46811177353371,-1.8928191214801549,-0.34203678275311855,40735U
2025-06-29T23:59:01.078256,-1180.75683237988,6496.977190482559,-375.29107813895655,-9.394566642034514,-2.4296421251519993,-0.3120976375274169,40735U
2025-06-30T00:00:01.078256,-1740.9717950149397,6335.136168390629,-393.053774590322,-9.272717060579769,-2.964498039719416,-0.2800313236960214,40735U
2025-06-30T00:01:01.078256,-2292.4288344262745,6141.451175198345,-408.83952327601196,-9.102796836230866,-3.490019354418791,-0.24621327465036286,40735U
2025-06-30T00:02:01.078256,-2832.2885909160364,5916.702382868791,-422.55629666107944,-8.88652719118728,-3.9989135808280296,-0.21108374103501093,40735U
2025-06-30T00:03:01.078256,-3357.8584160161818,5662.095192013949,-434.1398320924566,-8.627057661889964,-4.484358982108411,-0.17512547025762984,40735U
2025-06-30T00:04:01.078256,-3866.6732084390965,5379.22091840625,-443.5554062202255,-8.328786184115348,-4.940363901362635,-0.1388376207019825,40735U
2025-06-30T00:05:01.078256,-4356.562359727007,5069.99810137705,-450.79801289460846,-7.997081113687124,-5.362047583002449,-0.10270904538697044,40735U
2025-06-30T00:06:01.078256,-4825.697996160477,4736.600072964559,-455.8910018935756,-7.63794256432051,-5.745814328823222,-0.06719406320146888,40735U
2025-06-30T00:07:01.078256,-5272.622176931886,4381.375568340945,-458.88340599610706,-7.2576466301038725,-6.089411435935115,-0.03269319898154169,40735U
2025-06-30T00:08:01.078256,-5696.25327664987,4006.7691691337664,-459.8463025483709,-6.86241314569856,-6.391879631625555,0.00045966597329723713,40735U
2025-06-30T00:09:01.078256,-6095.873946526216,3615.247406829862,-458.8686076170582,-6.458127684877872,-6.653418439844587,0.03200342999187303,40735U
2025-06-30T00:10:01.078256,-6471.104495827841,3209.234762634541,-456.05268875293143,-6.050135119959501,-6.875195927714774,0.06174985489875659,40735U
2025-06-30T00:11:01.078256,-6821.8661710817,2791.0619918158745,-451.51012226141205,-5.643108922613399,-7.059132699036567,0.08957888513581586,40735U
2025-06-30T00:12:01.078256,-7148.338733647981,2362.927524398189,-445.3578345080977,-5.240990072586358,-7.207685548748703,0.11543074410374646,40735U
2025-06-30T00:13:01.078256,-7450.916157242189,1926.8713724958782,-437.71477485008614,-4.846983070449711,-7.323649204983829,0.13929629683758,40735U
2025-06-30T00:14:01.078256,-7730.163422770034,1484.7600939890863,-428.6991854444147,-4.463593975388059,-7.40998716749647,0.16120691907556806,40735U
2025-06-30T00:15:01.078256,-7986.776481561964,1038.2809019241136,-418.4264687594779,-4.092695712588604,-7.469696223879189,0.18122477929806402,40735U
2025-06-30T00:16:01.078256,-8221.546629857625,588.942886051985,-407.00760944900503,-3.7356079900863124,-7.505704458442192,0.19943410755306595,40735U
2025-06-30T00:17:01.078256,-8435.329862216271,138.0834228104363,-394.54808162802675,-3.3931820291813493,-7.5207995479938345,0.2159337432599309,40735U
2025-06-30T00:18:01.078256,-8629.021272453056,-313.12190520629287,-381.14716173234456,-3.065883228121022,-7.517582603381009,0.23083104382459213,40735U
2025-06-30T00:19:01.078256,-8803.534236938423,-763.6472571158652,-366.89756672391695,-2.7538674292409566,-7.498442368941453,0.24423709632227739,40735U
2025-06-30T00:20:01.078256,-8959.783918501653,-1212.6034195027437,-351.88534349886055,-2.4570484698738895,-7.465544840372268,0.25626309426526184,40735U
2025-06-30T00:21:01.078256,-9098.674536259668,-1659.2244218024991,-336.18994485960087,-2.175156150596476,-7.420833983839254,0.2670177054120543,40735U
2025-06-30T00:22:01.078256,-9221.08982585192,-2102.8544368424223,-319.8844381279231,-1.9077847200709352,-7.3660400067997145,0.2766052501650171,40735U
2025-06-30T00:23:01.078256,-9327.886139566208,-2542.9353324602175,-303.03580299588964,-1.6544325564160574,-7.30269239993754,0.28512452148185174,40735U
2025-06-30T00:24:01.078256,-9419.887686762198,-2978.9950945784453,-285.7052847463627,-1.4145340248801526,-7.232135661233403,0.2926680977011101,40735U
2025-06-30T00:25:01.078256,-9497.883477786032,-3410.637234810229,-267.9487771654213,-1.1874846006340674,-7.155546193901126,0.29932202344125064,40735U
2025-06-30T00:26:01.078256,-9562.625599991983,-3837.531219680436,-249.8172162333641,-0.9726603342979814,-7.07394933381931,0.30516575723725514,40735U
2025-06-30T00:27:01.078256,-9614.828516960706,-4259.4039070789,-231.35697109780276,-0.7694326577605561,-6.988235818353599,0.31027230591762556,40735U
2025-06-30T00:28:01.078256,-9655.169138527615,-4676.031942618964,-212.61022306004807,-0.5771794141462746,-6.899177272971546,0.3147084840641478,40735U
2025-06-30T00:29:01.078256,-9684.28745853355,-5087.235049306536,-193.6153265255333,-0.39529287106825256,-6.80744048229946,0.31853525206304567,40735U
2025-06-30T00:30:01.078256,-9702.787599020254,-5492.870133825386,-174.40714829108884,-0.2231853544515644,-6.713600344859405,0.3218080984329434,40735U
2025-06-30T00:31:01.078256,-9711.239134445705,-5892.8261300664,-155.0173832770975,-0.06029302805675962,-6.618151499584285,0.3245774416786153,40735U
2025-06-30T00:32:01.078256,-9710.178597927194,-6287.019501168135,-135.47484608866398,0.09392175440146895,-6.521518669325023,0.32688903426934157,40735U
2025-06-30T00:33:01.078256,-9700.111094555199,-6675.390325446791,-115.80573864615828,0.23996918191574504,-6.42406580064563,0.3287843569066067,40735U
2025-06-30T00:34:01.078256,-9681.51196519015,-7057.898896865943,-96.0338947097712,0.37833153133025693,-6.326104097410668,0.33030099538367075,40735U
2025-06-30T00:35:01.078256,-9654.828458692728,-7434.522776827616,-76.18100248835566,0.5094633105826119,-6.227899053038034,0.3314729953689802,40735U
2025-06-30T00:36:01.078256,-9620.48138193855,-7805.25424038612,-56.26680673480815,0.6337918326903611,-6.1296765865796115,0.33233119262350047,40735U
2025-06-30T00:37:01.078256,-9578.86670582951,-8170.098066190858,-36.30929183116963,0.7517180909418546,-6.031628383652889,0.3329035176965474,40735U
2025-06-30T00:38:01.078256,-9530.35711234731,-8529.069625328983,-16.324847391036506,0.8636178358821189,-5.933916536535556,0.33321527519837285,40735U
2025-06-30T00:39:01.078256,-9475.303472914096,-8882.19322966038,3.6715821209718382,0.9698427785200197,-5.836677569715134,0.33328939844697386,40735U
2025-06-30T00:40:01.078256,-9414.036252273989,-9229.500705159011,23.66636231459398,1.070721862911689,-5.740025928696991,0.33314668072765047,40735U
2025-06-30T00:41:01.078256,-9346.866835062838,-9571.030160187445,43.64704698826217,1.1665625659015324,-5.644057001454599,0.3328059846596048,40735U
2025-06-30T00:42:01.078256,-9274.088774410815,-9906.82492255013,63.60226817003934,1.2576521931574127,-5.5488497338837215,0.33228443128884205,40735U
2025-06-30T00:43:01.078256,-9195.97896349924,-10236.93262262574,83.52163692101135,1.3442591493994531,-5.454468893181474,0.3315975705611706,40735U
2025-06-30T00:44:01.078256,-9112.798732109288,-10561.404402904398,103.39565383517076,1.426634167440107,-5.36096702630023,0.33075953480274745,40735U
2025-06-30T00:45:01.078256,-9024.794870961541,-10880.294236902959,123.21562826563209,1.5050114857703467,-5.268386154547406,0.32978317676990065,40735U
2025-06-30T00:46:01.078256,-8932.20058714087,-11193.658342722347,142.97360539744645,1.5796099682888811,-5.176759240006025,0.32868019374035284,40735U
2025-06-30T00:47:01.078256,-8835.236394193103,-11501.554678513421,162.66230037280096,1.6506341626630558,-5.0861114546911566,0.3274612390152239,40735U
2025-06-30T00:48:01.078256,-8734.110940625065,-11804.04250883669,182.2750387526829,1.7182752959440983,-4.996461279192535,0.3261360220930941,40735U
2025-06-30T00:49:01.078256,-8629.021780571074,-12101.182032400786,201.80570267170123,1.7827122076151116,-4.907821453918873,0.3247133986689397,40735U
2025-06-30T00:50:01.078256,-8520.156090344834,-12393.034062950053,221.24868210835822,1.844112221357131,-4.820199802904542,0.3232014515054313,40735U
2025-06-30T00:51:01.078256,-8407.691334493646,-12679.659756185398,240.59883075276315,1.9026319575863109,-4.733599947405234,0.3216075631239992,40735U
2025-06-30T00:52:01.078256,-8291.795884831974,-12961.120376565872,259.8514260078393,1.9584180893250225,-4.648021924144956,0.3199384811694267,40735U
2025-06-30T00:53:01.078256,-8172.629595767375,-13237.477098664955,279.0021327084481,2.0116080442842623,-4.563462721037369,0.3182003772152142,40735U
2025-06-30T00:54:01.078256,-8050.344339055283,-13508.790838469547,298.04697018626615,2.0623306562044394,-4.479916741445927,0.31639889969768165,40735U
2025-06-30T00:55:01.078256,-7925.084500931301,-13775.122110630391,316.982282347564,2.110706768566138,-4.397376206531094,0.31453922159465825,40735U
2025-06-30T00:56:01.078256,-7796.987444384914,-14036.53090820285,335.8047104657255,2.1568497937677495,-4.315831503928694,0.31262608339935366,40735U
2025-06-30T00:57:01.078256,-7666.183939154942,-14293.076601876133,354.51116842149605,2.2008662307980624,-4.23527148988058,0.31066383188124175,40735U
2025-06-30T00:58:01.078256,-7532.798561846875,-14544.81785608962,373.0988201520063,2.2428561443257373,-4.155683750970723,0.3086564550729657,40735U
2025-06-30T00:59:01.078256,-7396.9500684023715,-14791.812559774764,391.56505909424635,2.282913607995541,-4.077054830788513,0.30660761387503777,40735U
2025-06-30T01:00:01.078256,-7258.751740987632,-15034.117769761275,409.9074894310116,2.321127114574648,-3.9993704261229004,0.30452067062781374,40735U
2025-06-30T01:01:01.078256,-7118.31171120678,-15271.789665152297,428.1239089678721,2.357579955439179,-3.922615556670529,0.30239871496244786,40735U
2025-06-30T01:02:01.078256,-6975.733261447878,-15504.883511120634,446.2122934815365,2.3923505717220888,-3.8467747117328077,0.3002445872096047,40735U
2025-06-30T01:03:01.078256,-6831.115105894199,-15733.453631005443,464.1707824137361,2.425512879322788,-3.771831976841865,0.29806089961265986,40735U
2025-06-30T01:04:01.078256,-6684.551652846524,-15957.55338535353,481.99766576794053,2.457136569765048,-3.6977711429891453,0.2958500555691078,40735U
2025-06-30T01:05:01.078256,-6536.133249639004,-16177.235157111312,499.69137211067573,2.4872873888067737,-3.624575800653636,0.2936142670964779,40735U
2025-06-30T01:06:01.078256,-6385.946411476641,-16392.55034203986,517.2504575705257,2.516027394525144,-3.552229420614732,0.29135557070027973,40735U
2025-06-30T01:07:01.078256,-6234.074035367206,-16603.54934362678,534.6735957449781,2.543415196482897,-3.4807154232494715,0.2890758418019618,40735U
2025-06-30T01:08:01.078256,-6080.595600238985,-16810.281571848383,551.9595684329842,2.5695061774544303,-3.410017237797508,0.28677680786831583,40735U
2025-06-30T01:09:01.078256,-5925.587354247599,-17012.79544522071,569.1072571193199,2.594352699074928,-3.340118352884782,0.2844600603689136,40735U
2025-06-30T01:10:01.078256,-5769.122490198791,-17211.138395649345,586.1156351439208,2.6180042926670613,-3.27100235943092,0.28212706567496243,40735U
2025-06-30T01:11:01.078256,-5611.271309940813,-17405.35687565062,602.9837604957876,2.6405078363997534,-3.2026529869213243,0.2797791750012254,40735U
2025-06-30T01:12:01.078256,-5452.101378514024,-17595.49636757329,619.7107691769237,2.6619077198404764,-3.1350541338992106,0.27741763348215076,40735U
2025-06-30T01:13:01.078256,-5291.6776687841975,-17781.601394495876,636.2958690868278,2.6822459968768286,-3.0681898934246297,0.2750435884640631,40735U
2025-06-30T01:14:01.078256,-5130.062697229538,-17963.715532518112,652.7383343828013,2.7015625279041844,-3.0020445741524417,0.27265809708692273,40735U
2025-06-30T01:15:01.078256,-4967.316651500384,-18141.881424201583,669.0375002755308,2.7198951121032637,-2.93660271759893,0.27026213322173676,40735U
2025-06-30T01:16:01.078256,-4803.497510323284,-18316.140792944945,685.1927582229985,2.7372796105647264,-2.8718491120954472,0.2678565938231085,40735U
2025-06-30T01:17:01.078256,-4638.6611562764665,-18486.534458109483,701.2035514894135,2.7537500609564844,-2.8077688038642026,0.2654423047504511,40735U
2025-06-30T01:18:01.078256,-4472.86148192546,-18653.102350733352,717.0693710386753,2.7693387843728825,-2.74434710559751,0.26302002610612985,40735U
2025-06-30T01:19:01.078256,-4306.150489769062,-18815.883529695075,732.7897517347749,2.784076484953428,-2.681569602873689,0.26059045713405116,40735U
2025-06-30T01:20:01.078256,-4138.578386413527,-18974.916198205552,748.3642688239433,2.7979923428111255,-2.6194221587015223,0.2581542407179781,40735U
2025-06-30T01:21:01.078256,-3970.193671360738,-19130.237720523757,763.7925346756373,2.811114100767172,-2.5578909164487045,0.2557119675150596,40735U
2025-06-30T01:22:01.078256,-3801.043220768693,-19281.88463880626,779.0741957614151,2.8234681453487678,-2.496962301378037,0.25326417975665033,40735U
2025-06-30T01:23:01.078256,-3631.1723665140303,-19429.892690013374,794.2089298527417,2.835079582470682,-2.436623020986851,0.25081137474543935,40735U
2025-06-30T01:24:01.078256,-3460.624970865914,-19574.296822804296,809.1964434201483,2.8459723081872226,-2.3768600643217477,0.24835400807518632,40735U
2025-06-30T01:25:01.078256,-3289.443497054231,-19715.13121436548,824.0364692179603,2.8561690748711777,-2.317660700418177,0.2458924965968579,40735U
2025-06-30T01:26:01.078256,-3117.669075997033,-19852.429287123185,838.728764040013,2.8656915531479163,-2.259012475996539,0.24342722115277776,40735U
2025-06-30T01:27:01.078256,-2945.3415694333376,-19986.22372529907,853.2731066329651,2.874560389887088,-2.200903212529824,0.24095852909838658,40735U
2025-06-30T01:28:01.078256,-2772.4996296880636,-20116.546491274188,867.6692957550998,2.8827952625310083,-2.143321002783251,0.23848673662941833,40735U
2025-06-30T01:29:01.078256,-2599.180756282114,-20243.42884173266,881.9171483693736,2.890414930016872,-2.0862542069138996,0.23601213093067355,40735U
2025-06-30T01:30:01.078256,-2425.4213495834683,-20366.901343560836,896.0164979605161,2.897437280530431,-2.0296914482070076,0.23353497216110883,40735U
2025-06-30T01:31:01.078256,-2251.2567616842653,-20486.99388948168,909.9671929666713,2.903879376310204,-1.973621608516342,0.23105549528865502,40735U
2025-06-30T01:32:01.078256,-2076.7213446730366,-20603.73571340942,923.7690953170596,2.9097574957048993,-1.918033823466673,0.2285739117869543,40735U
2025-06-30T01:33:01.078256,-1901.8484964621844,-20717.155405510504,937.4220790675998,2.915087172671183,-1.862917477469732,0.22609041120516354,40735U
2025-06-30T01:34:01.078256,-1726.670704318738,-20827.280926962158,950.9260291272648,2.9198832338848577,-1.8082621985976657,0.22360516262096297,40735U
2025-06-30T01:35:01.078256,-1551.2195862362266,-20934.13962440042,964.2808400684082,2.9241598336256542,-1.7540578533526445,0.2211183159860461,40735U
2025-06-30T01:36:01.078256,-1375.5259302777517,-21037.75824405241,977.4864150148451,2.9279304865837883,-1.7002945413661028,0.21863000337256366,40735U
2025-06-30T01:37:01.078256,-1199.6197320090932,-21138.162945550303,990.5426646020742,2.9312080987255973,-1.6469625900560947,0.2161403401282433,40735U
2025-06-30T01:38:01.078256,-1023.5302301364053,-21235.379315424012,1003.4495060042292,2.9340049963453843,-1.5940525492682647,0.21364942594729344,40735U
2025-06-30T01:39:01.078256,-847.2859404519372,-21329.43238027324,1016.206862023044,2.9363329534214193,-1.5415551859213947,0.2111573458635527,40735U
2025-06-30T01:40:01.078256,-670.9146881872331,-21420.346619619366,1028.8146602342636,2.9382032173853605,-1.4894614786760871,0.20866417117182742,40735U
2025-06-30T01:41:01.078256,-494.4436388657637,-21508.145978438723,1041.2728321873587,2.939626533406632,-1.437762612642446,0.2061699602828703,40735U
2025-06-30T01:42:01.078256,-317.89932774065863,-21592.85387938063,1053.581312654768,2.9406131672858717,-1.386449974139733,0.2036747595169719,40735U
2025-06-30T01:43:01.078256,-141.3076878988531,-21674.493234673133,1065.7400389270701,2.9411729270449887,-1.3355151455195815,0.20117860384076258,40735U
2025-06-30T01:44:01.078256,35.30592289261266,-21753.086457720612,1077.7489501508085,2.941315183295082,-1.2849499000621445,0.19868151755142394,40735U
2025-06-30T01:45:01.078256,211.91669652773183,-21828.655474398172,1089.6079867059707,2.9410488884578125,-1.2347461969528752,0.19618351491217031,40735U
2025-06-30T01:46:01.078256,388.5003500224793,-21901.221734047373,1101.3170896202464,2.9403825949105142,-1.1848961763466983,0.19368460074256152,40735U
2025-06-30T01:47:01.078256,565.0331020341924,-21970.806220179067,1112.8762000175072,2.939324472120491,-1.1353921545245338,0.19118477096690775,40735U
2025-06-30T01:48:01.078256,741.4916503796572,-22037.429460889016,1124.2852585980609,2.9378823228293185,-1.0862266191464711,0.1886840131237711,40735U
2025-06-30T01:49:01.078256,917.8531504969669,-22101.111538991572,1135.5442051483992,2.9360635983439844,-1.0373922246049982,0.1861823068393484,40735U
2025-06-30T01:50:01.078256,1094.0951947990216,-22161.872101878544,1146.6529780784012,2.9338754129875655,-0.9888817874804513,0.18367962426726533,40735U
2025-06-30T01:51:01.078256,1270.1957928704358,-22219.730371108308,1157.6115139840217,2.9313245577588685,-0.9406882821006294,0.18117593049715053,40735U
2025-06-30T01:52:01.078256,1446.1333524608062,-22274.705151732374,1168.4197472336539,2.9284175132468313,-0.8928048362055988,0.1786711839341459,40735U
2025-06-30T01:53:01.078256,1621.8866612313514,-22326.814841364936,1179.0776095764647,2.925160461842627,-0.8452247267184662,0.1761653366513685,40735U
2025-06-30T01:54:01.078256,1797.4348692146732,-22376.077439002507,1189.5850297712045,2.9215592992894415,-0.7979413756219615,0.1736583347171511,40735U
2025-06-30T01:55:01.078256,1972.7574719475388,-22422.510553599335,1199.941933233918,2.917619645607254,-0.7509483459410023,0.1711501184987893,40735U
2025-06-30T01:56:01.078256,2147.83429424192,-22466.1314124054,1210.1482417033112,2.9133468554275073,-0.7042393378302874,0.1686406229443507,40735U
2025-06-30T01:57:01.078256,2322.6454745588003,-22506.956869072834,1220.2038729224062,2.9087460277702744,-0.657808184766363,0.16612977784401878,40735U
2025-06-30T01:58:01.078256,2497.171449952395,-22545.003411537487,1230.1087403353529,2.903822015294283,-0.6116488498429037,0.16361750807230563,40735U
2025-06-30T01:59:01.078256,2671.392941554403,-22580.287169681385,1239.8627527982649,2.898579433048374,-0.5657554221679927,0.16110373381238602,40735U
2025-06-30T02:00:01.078256,2845.290940569008,-22612.823922782274,1249.4658143030497,2.8930226667509187,-0.5201221133619385,0.15858837076370308,40735U
2025-06-30T02:01:01.078256,3018.8466947507054,-22642.629106756267,1258.9178237132398,2.8871558806221276,-0.4747432541540813,0.15607133033391252,40735U
2025-06-30T02:02:01.078256,3192.0416953395447,-22669.717821199483,1268.2186745109548,2.880983024792524,-0.4296132910767951,0.1535525198161491,40735U
2025-06-30T02:03:01.078256,3364.8576644379095,-22694.10483623574,1277.368254554596,2.8745078423089847,-0.384726783252528,0.15103184255239313,40735U
2025-06-30T02:04:01.078256,3537.2765427443765,-22715.804599167437,1286.3664458432772,2.8677338757611572,-0.3400783992879986,0.14850919808468396,40735U
2025-06-30T02:05:01.078256,3709.280477786592,-22734.831240958043,1295.213124295889,2.8606644735409716,-0.2956629142308538,0.14598448229255567,40735U
2025-06-30T02:06:01.078256,3880.851812396107,-22751.198582518806,1303.9081595316466,2.8533027957620862,-0.25147520664816436,0.1434575875208651,40735U
2025-06-30T02:07:01.078256,4051.9730735972,-22764.920140831742,1312.4514146616048,2.845651819848813,-0.20751025577504872,0.14092840269589385,40735U
2025-06-30T02:08:01.078256,4222.626961804544,-22776.009134902382,1320.842746085987,2.8377143458132723,-0.16376313875356835,0.13839681343158394,40735U
2025-06-30T02:09:01.078256,4392.796340330134,-22784.478491549686,1329.082003297715,2.8294930012348094,-0.12022902795529135,0.13586270212622364,40735U
2025-06-30T02:10:01.078256,4562.464225179567,-22790.340851037738,1337.1690286914406,2.8209902459554472,-0.07690318838619004,0.1333259480501534,40735U
2025-06-30T02:11:01.078256,4731.613775122427,-22793.60857255446,1345.103657377654,2.812208376504162,-0.03378097517162625,0.13078642742496743,40735U
2025-06-30T02:12:01.078256,4900.228282018628,-22794.293739542096,1352.885717001253,2.803149530262024,0.009142168879966852,0.12824401349469675,40735U
2025-06-30T02:13:01.078256,5068.291161389745,-22792.408164883585,1360.5150275642866,2.7938156893793424,0.0518707156373784,0.1256985765893526,40735U
2025-06-30T02:14:01.078256,5235.785943215927,-22787.96339595022,1367.9914012522352,2.7842086844554004,0.09440905393169907,0.1231499841812795,40735U
2025-06-30T02:15:01.078256,5402.696262947992,-22780.97071951406,1375.314642263526,2.7743301979905377,0.13676149176861177,0.12059810093464417,40735U
2025-06-30T02:16:01.078256,5569.005852719111,-22771.441166530425,1382.4845466418308,2.7641817676197076,0.17893225846924093,0.11804278874841519,40735U
2025-06-30T02:17:01.078256,5734.698532745112,-22759.38551679372,1389.5009021108037,2.753764789136097,0.2209255067413684,0.11548390679313861,40735U
2025-06-30T02:18:01.078256,5899.758202899537,-22744.81430347145,1396.3634879108492,2.7430805193127306,0.26274531468251283,0.11292131154180055,40735U
2025-06-30T02:19:01.078256,6064.168834451913,-22727.737817520156,1403.0720746375991,2.7321300785294906,0.3043956877163065,0.11035485679504548,40735U
2025-06-30T02:20:01.078256,6227.914461958497,-22708.166111987222,1409.6264240817713,2.720914453212449,0.3458805604637897,0.10778439370099119,40735U
2025-06-30T02:21:01.078256,6390.979175293668,-22686.10900620248,1416.0262890700817,2.7094344980918788,0.3872037985509313,0.10520977076986493,40735U
2025-06-30T02:22:01.078256,6553.3471118113885,-22661.576089863414,1422.271413306901,2.697690938284918,0.42836920035364523,0.10263083388367604,40735U
2025-06-30T02:23:01.078256,6715.002448626815,-22634.57672701754,1428.3615312163818,2.685684371208363,0.46938049868161164,0.10004742630110959,40735U
2025-06-30T02:24:01.078256,6875.929395007404,-22605.120059945788,1434.2963677847542,2.673415268326634,0.5102413624020998,0.09745938865781592,40735U
2025-06-30T02:25:01.078256,7036.11218486409,-22573.21501295037,1440.075638402524,2.660883976739625,0.5509553980047851,0.09486655896226341,40735U
2025-06-30T02:26:01.078256,7195.535069333449,-22538.870296050485,1445.6990487063313,2.648090720614625,0.5915261511088298,0.09226877258728462,40735U
2025-06-30T02:27:01.078256,7354.182309440725,-22502.09440858959,1451.1662944201837,2.6350356024663135,0.6319571079128995,0.08966586225746616,40735U
2025-06-30T02:28:01.078256,7512.038168835363,-22462.895642757387,1456.4770611958306,2.6217186042883243,0.6722516965892001,0.08705765803249071,40735U
2025-06-30T02:29:01.078256,7669.0869065902625,-22421.282087029933,1461.6310244520555,2.608139588539576,0.7124132886222526,0.08444398728654254,40735U
2025-06-30T02:30:01.078256,7825.31277005591,-22377.261629531233,1466.6278492126337,2.594298298988251,0.7524452000932389,0.0818246746838688,40735U
2025-06-30T02:31:01.078256,7980.6999877601975,-22330.841961319602,1471.4671899427096,2.5801943614160634,0.7923506929102465,0.07919954215059996,40735U
2025-06-30T02:32:01.078256,8135.232762348107,-22282.03057960156,1476.1486903834407,2.5658272841848673,0.8321329759855537,0.07656840884287223,40735U
2025-06-30T02:33:01.078256,8288.895263552791,-22230.834790876102,1480.6719833846971,2.55119645866746,0.8717952063606262,0.07393109111129861,40735U
2025-06-30T02:34:01.078256,8441.671621169367,-22177.261714019874,1485.0366907349694,2.5363011595463614,0.9113404902735635,0.07128740246222845,40735U
2025-06-30T02:35:01.078256,8593.545918092661,-22121.318283292552,1489.242422990328,2.5211405449751956,0.9507718841873604,0.06863715351463659,40735U
2025-06-30T02:36:01.078256,8744.502183295124,-22063.01125130518,1493.2887792988183,2.5057136566149056,0.9900923957492636,0.0659801519546776,40735U
2025-06-30T02:37:01.078256,8894.524384850029,-22002.347191916037,1497.1753472233959,2.490019419534803,1.029304984710425,0.06331620248599992,40735U
2025-06-30T02:38:01.078256,9043.596422928324,-21939.332503078873,1500.9017025613302,2.4740566419850767,1.0684125637894188,0.06064510677693881,40735U
2025-06-30T02:39:01.078256,9191.702122778035,-21873.973409640992,1504.4674091603604,2.457824015039491,1.10741799948388,0.0579666634043186,40735U
2025-06-30T02:40:01.078256,9338.82522767698,-21806.27596609525,1507.8720187313822,2.4413201121084316,1.1463241128295825,0.05528066779390751,40735U
2025-06-30T02:41:01.078256,9484.949391885535,-21736.246059272264,1511.1150706582196,2.4245433883180594,1.1851336801159595,0.05258691215688339,40735U
2025-06-30T02:42:01.078256,9630.058173459789,-21663.889411038497,1514.1960918013092,2.4074921797701445,1.223849433522471,0.049885185424743864,40735U
2025-06-30T02:43:01.078256,9774.135027157512,-21589.21158089003,1517.11459630053,2.3901647026543675,1.2624740617392494,0.04717527317822459,40735U
2025-06-30T02:44:01.078256,9917.163297176416,-21512.217968564317,1519.8700853712526,2.372559052240829,1.3010102105042018,0.04445695757485833,40735U
2025-06-30T02:45:01.078256,10059.126209874332,-21432.9138165988,1522.462047096975,2.354673201733531,1.33946048309756,0.04173001727226281,40735U
2025-06-30T02:46:01.078256,10200.006866407577,-21351.304212866205,1524.8899562170866,2.3365050009895287,1.3778274407783293,0.03899422734814358,40735U
2025-06-30T02:47:01.078256,10339.788235289065,-21267.394093084964,1527.1532739097518,2.3180521751008185,1.4161136031640955,0.036249359216804715,40735U
2025-06-30T02:48:01.078256,10478.453144857362,-21181.18824330874,1529.2514475697249,2.2993123228368972,1.4543214485527052,0.03349518054214829,40735U
2025-06-30T02:49:01.078256,10615.984275647887,-21092.691302398634,1531.1839105808356,2.2802829149455754,1.4924534141845684,0.030731455147113156,40735U
2025-06-30T02:50:01.078256,10752.364152657858,-21001.907764481537,1532.9500820829762,2.2609612923093216,1.530511896443953,0.02795794291950924,40735U
2025-06-30T02:51:01.078256,10887.575137496595,-20908.841981398262,1534.5493667333517,2.241344663954112,1.5684992509976587,0.025174399714190516,40735U
2025-06-30T02:52:01.078256,11021.599420411316,-20813.498165145706,1535.9811544617587,2.2214301049075256,1.6064177928690715,0.022380577251514783,40735U
2025-06-30T02:53:01.078256,11154.41901218067,-20715.880390316248,1537.2448202197113,2.2012145539023584,1.6442697964456399,0.01957622301201821,40735U
2025-06-30T02:54:01.078256,11286.01573586519,-20615.99259653917,1538.3397237231381,2.1806948109218993,1.682057495417347,0.016761080127248675,40735U
2025-06-30T02:55:01.078256,11416.371218405899,-20513.83859092793,1539.2652091884484,2.15986753458253,1.7197830826437286,0.013934887266679232,40735U
2025-06-30T02:56:01.078256,11545.466882061064,-20409.422050537636,1540.0206050617173,2.1387292393489914,1.757448709946715,0.011097378520626063,40735U
2025-06-30T02:57:01.078256,11673.283935670917,-20302.7465248374,1540.6052237407644,2.1172762925773396,1.7950564878262565,0.008248283279091632,40735U
2025-06-30T02:58:01.078256,11799.80336573916,-20193.815438202393,1541.0183612898459,2.0955049113802584,1.832608485095417,0.005387326106454273,40735U
2025-06-30T02:59:01.078256,11925.005927321658,-20082.63209243029,1541.2592971467554,2.073411159308861,1.8701067284315465,0.0025142266119039976,40735U
2025-06-30T03:00:01.078256,12048.872134710413,-19969.19966928715,1541.3272938220384,2.050990942844855,1.907553201839576,-0.0003713006844604208,40735U
2025-06-30T03:01:01.078256,12171.382251900575,-19853.521233089035,1541.2215965900682,2.02824000769656,1.9449498460231798,-0.003269546489960157,40735U
2025-06-30T03:02:01.078256,12292.516282830496,-19735.599733323437,1540.9414331717394,2.005153934891465,1.9822985576595902,-0.006180806882215882,40735U
2025-06-30T03:03:01.078256,12412.253961380096,-19615.43800731803,1540.486013408457,1.9817281366581252,2.0196011885728398,-0.009105383456650048,40735U
2025-06-30T03:04:01.078256,12530.57474111625,-19493.038782962067,1539.8545289271897,1.957957852089145,2.0568595448003566,-0.012043583478737551,40735U
2025-06-30T03:05:01.078256,12647.45778477121,-19368.404681487267,1539.046152796268,1.933838142576825,2.0940753855471637,-0.01499572004110513,40735U
2025-06-30T03:06:01.078256,12762.881953440346,-19241.53822031493,1538.0600391716491,1.9093638870123568,2.1312504220215334,-0.017962112225592783,40735U
2025-06-30T03:07:01.078256,12876.825795484234,-19112.441815977258,1536.8953229333474,1.8845297767389786,2.16838631614536,-0.020943085270382897,40735U
2025-06-30T03:08:01.078256,12989.26753512109,-18981.117787119445,1535.5511193117122,1.8593303102487329,2.2054846791322444,-0.02393897074232139,40735U
2025-06-30T03:09:01.078256,13100.18506069274,-18847.568357591794,1534.0265235032618,1.8337597876120444,2.242547069925381,-0.026950106714536542,40735U
2025-06-30T03:10:01.078256,13209.55591258811,-18711.795659640222,1532.3206102757326,1.807812304628565,2.2795749934869325,-0.029976837949469298,40735U
2025-06-30T03:11:01.078256,13317.35727081894,-18573.801737189187,1530.4324335618182,1.7814817466841273,2.316569898933838,-0.03301951608775985,40735U
2025-06-30T03:12:01.078256,13423.565942167494,-18433.588549306973,1528.3610260423766,1.7547617823160606,2.3535331774890196,-0.036078499841349775,40735U
2025-06-30T03:13:01.078256,13528.158347030323,-18291.15797368086,1526.1053987162493,1.7276458564382187,2.3904661602864072,-0.03915415519493011,40735U
2025-06-30T03:14:01.078256,13631.110505761833,-18146.511810338696,1523.6645404594142,1.7001271832541027,2.4273701159578756,-0.04224685561087421,40735U
2025-06-30T03:15:01.078256,13732.398024621434,-17999.651785470705,1521.0374175709915,1.67219873881241,2.464246248032418,-0.04535698224124686,40735U
2025-06-30T03:16:01.078256,13831.996081256133,-17850.579555423283,1518.2229733065337,1.6438532531998824,2.5010956921183354,-0.048484924145678794,40735U
2025-06-30T03:17:01.078256,13929.879409703493,-17699.296710868883,1515.220127398121,1.6150832023522095,2.5379195128567136,-0.05163107851540458,40735U
2025-06-30T03:18:01.078256,14026.02228489167,-17545.804781166084,1512.0277755608831,1.5858807994644786,2.574718700630802,-0.05479585090355139,40735U
2025-06-30T03:19:01.078256,14120.398506611426,-17390.10523892498,1508.6447889855635,1.5562379859815407,2.6114941680147914,-0.05797965546175648,40735U
2025-06-30T03:20:01.078256,14212.981382935555,-17232.199504793658,1505.0700138167704,1.5261464221473442,2.648246745943992,-0.06118291518318375,40735U
2025-06-30T03:21:01.078256,14303.74371305661,-17072.088952484206,1501.3022706165082,1.4955974770914702,2.684977179586902,-0.06440606215196748,40735U
2025-06-30T03:22:01.078256,14392.657769516589,-16909.774914055328,1497.340353812626,1.464582218429085,2.721686123898443,-0.0676495377991468,40735U
2025-06-30T03:23:01.078256,14479.695279797477,-16745.258685472098,1493.1830311317747,1.4330914013496614,2.758374138831572,-0.07091379316508742,40735U
2025-06-30T03:24:01.078256,14564.82740724085,-16578.54153246461,1488.8290430165007,1.4011154571682314,2.795041684182661,-0.07419928916837658,40735U
2025-06-30T03:25:01.078256,14648.024731264859,-16409.624696706964,1484.2771020260936,1.3686444813109309,2.831689114044325,-0.07750649688117636,40735U
2025-06-30T03:26:01.078256,14729.257226842556,-16238.509402342142,1479.5258922207988,1.335668220705453,2.868316670836749,-0.08083589781094856,40735U
2025-06-30T03:27:01.078256,14808.494243205336,-16065.19686287855,1474.5740685290148,1.3021760605448405,2.904924478886501,-0.08418798418845852,40735U
2025-06-30T03:28:01.078256,14885.704481733292,-15889.688288485962,1469.420256097117,1.2681570103911484,2.9415125375191353,-0.08756325926192124,40735U
2025-06-30T03:29:01.078256,14960.85597299107,-15711.984893722452,1464.0630496215574,1.233599689583842,2.978080713628739,-0.09096223759707185,40735U
2025-06-30T03:30:01.078256,15033.916052867176,-15532.087905722907,1458.501012662854,1.1984923119148903,3.014628733685198,-0.09438544538296026,40735U
2025-06-30T03:31:01.078256,15104.851337771142,-15349.99857288595,1452.7326769411973,1.162822669531076,3.0511561751356107,-0.09783342074311521,40735U
2025-06-30T03:32:01.078256,15173.627698841057,-15165.718174095984,1446.756541613326,1.1265781160208743,3.087662457153416,-0.10130671405173243,40735U
2025-06-30T03:33:01.078256,15240.21023511117,-14979.248028521284,1440.5710725304018,1.0897455486410326,3.1241468306842917,-0.10480588825441511,40735U
2025-06-30T03:34:01.078256,15304.563245586649,-14790.589506032118,1434.1747014766422,1.0523113896351273,3.160608367733483,-0.10833151919290886,40735U
2025-06-30T03:35:01.078256,15366.650200169692,-14599.744038285467,1427.5658253884624,1.0142615665932173,3.1970459498347203,-0.11188419593319668,40735U
2025-06-30T03:36:01.078256,15426.433709377303,-14406.713130528728,1420.7428055540058,0.975581491799086,3.23345825563494,-0.11546452109614147,40735U
2025-06-30T03:37:01.078256,15483.875492789051,-14211.498374176297,1413.7039667929012,0.9362560405076317,3.2698437475238498,-0.11907311118979143,40735U
2025-06-30T03:38:01.078256,15538.936346158353,-14014.101460218992,1406.447596616184,0.8962695280918099,3.306200657230662,-0.12271059694227174,40735U
2025-06-30T03:39:01.078256,15591.576107117875,-13814.524193531142,1398.9719443664303,0.8556056859947915,3.3425269703032177,-0.12637762363400623,40735U
2025-06-30T03:40:01.078256,15641.753619405064,-13612.768508144876,1391.275220338147,0.814247636418874,3.378820409377257,-0.13007485142783315,40735U
2025-06-30T03:41:01.078256,15689.426695530126,-13408.836483567082,1383.355594878629,0.7721778656785525,3.4150784161349956,-0.1338029556953394,40735U
2025-06-30T03:42:01.078256,15734.552077804194,-13202.730362220818,1375.211197469563,0.7293781961407046,3.4512981318428464,-0.1375626273374812,40735U
2025-06-30T03:43:01.078256,15777.085397640103,-12994.45256810053,1366.8401157898002,0.6858297566702253,3.487476376347826,-0.1413545730972595,40735U
2025-06-30T03:44:01.078256,15816.981133033889,-12784.005726737098,1358.2403947598714,0.6415129514944042,3.523609625400944,-0.1451795158618919,40735U
2025-06-30T03:45:01.078256,15854.192564129393,-12571.392686576854,1349.4100355689252,0.5964074273939555,3.5596939861634973,-0.14903819495155557,40735U
2025-06-30T03:46:01.078256,15888.671726762883,-12356.61654188894,1340.3469946850619,0.5504920391234365,3.5957251707380977,-0.1529313663913148,40735U
2025-06-30T03:47:01.078256,15920.369363877913,-12139.680657324983,1331.049182850173,0.5037448129578959,3.63169846755139,-0.15685980316237744,40735U
2025-06-30T03:48:01.078256,15949.234874695547,-11920.588694264019,1321.5144640606406,0.45614290825613407,3.667608710398616,-0.16082429542828847,40735U
2025-06-30T03:49:01.078256,15975.216261517024,-11699.3446390908,1311.7406545356073,0.40766257692532415,3.703450244941307,-0.16482565073099162,40735U
2025-06-30T03:50:01.078256,15998.260074029717,-11475.952833565601,1301.7255216747576,0.3582791206644329,3.7392168924292473,-0.16886469415102473,40735U
2025-06-30T03:51:01.078256,16018.31135097911,-11250.418007461329,1291.4667830080457,0.3079668458577891,3.774901910394581,-0.1729422684252381,40735U
2025-06-30T03:52:01.078256,16035.313559061771,-11022.745313655349,1280.9621051400331,0.25669901598211736,3.8104979500414324,-0.17705923401458354,40735U
2025-06-30T03:53:01.078256,16049.208528886686,-10792.940365885086,1270.2091026922228,0.20444780138399918,3.8459970100254894,-0.1812164691133689,40735U
2025-06-30T03:54:01.078256,16059.936387841552,-10561.009279393704,1259.2053372471348,0.15118422627690872,3.8813903862876864,-0.18541486959024045,40735U
2025-06-30T03:55:01.078256,16067.435489693773,-10326.958714712127,1247.9483162985514,0.09687811279915114,3.9166686175713092,-0.1896553488497703,40735U
2025-06-30T03:56:01.078256,16071.642340744173,-10090.795924850556,1236.4354922131606,0.04149802196736072,3.9518214262131792,-0.19393883760193215,40735U
2025-06-30T03:57:01.078256,16072.491522342576,-9852.528806194388,1224.664261209478,-0.014988808648136384,3.9868376537574264,-0.198266283525024,40735U
2025-06-30T03:58:01.078256,16069.915609563204,-9612.165953430613,1212.631962360995,-0.0726165307063794,4.0217051908921855,-0.2026386508055212,40735U
2025-06-30T03:59:01.078256,16063.845085826613,-9369.716718862224,1200.3358766315216,-0.13142075452431665,4.056410901156866,-0.20705691953603284,40735U
2025-06-30T04:00:01.078256,16054.208253244524,-9125.191276501073,1187.7732259518557,-0.19143862234456346,4.09094053780835,-0.21152208494990116,40735U
2025-06-30T04:01:01.078256,16040.931138450525,-8878.600691369977,1174.9411723483106,-0.2527088856410642,4.125278653168597,-0.2160351564679436,40735U
2025-06-30T04:02:01.078256,16023.93739366922,-8629.956994488215,1161.836817135296,-0.315271986665374,4.159408499702037,-0.22059715652934367,40735U
2025-06-30T04:03:01.078256,16003.148192762867,-8379.273264059477,1148.4572001857641,-0.3791701444394786,4.193311921989176,-0.22520911917477837,40735U
2025-06-30T04:04:01.078256,15978.482121983145,-8126.563713436506,1134.7992992955371,-0.4444474454010672,4.226969238670195,-0.22987208834527595,40735U
2025-06-30T04:05:01.078256,15949.855065142689,-7871.8437864950165,1120.860029659852,-0.5111499389050457,4.260359113329288,-0.23458711585508205,40735U
2025-06-30T04:06:01.078256,15917.180082909063,-7615.13026111229,1106.6362434830078,-0.5793257377801762,4.29345841317506,-0.23935525899086932,40735U
2025-06-30T04:07:01.078256,15880.367285913015,-7356.441361521983,1092.1247297452835,-0.6490251241290097,4.326242054242208,-0.2441775776826716,40735U
2025-06-30T04:08:01.078256,15839.323701350686,-7095.796880394137,1077.3222141546034,-0.7203006605448102,4.358682831695071,-0.24905513118408965,40735U
2025-06-30T04:09:01.078256,15793.953132750628,-6833.2183115808075,1062.2253593145213,-0.7932073068968716,4.3907512336501515,-0.2539889741901775,40735U
2025-06-30T04:10:01.078256,15744.156012568097,-6568.728994569097,1046.830765144784,-0.8678025428048495,4.422415236751844,-0.25898015231093774,40735U
2025-06-30T04:11:01.078256,15689.829247262762,-6302.354271791911,1031.1349695957842,-0.9441464958828863,4.45364008153035,-0.26402969680634,40735U
2025-06-30T04:12:01.078256,15630.866054512704,-6034.121660076573,1015.1344497045424,-1.022302075779124,4.484388025339632,-0.2691386184747785,40735U
2025-06-30T04:13:01.078256,15567.155792214915,-5764.061037630127,998.8256230456086,-1.10233511397278,4.514618070415901,-0.27430790057120696,40735U
2025-06-30T04:14:01.078256,15498.58377895234,-5492.204848229245,982.2048496449704,-1.1843145091680731,4.544285664293686,-0.27953849061050134,40735U
2025-06-30T04:15:01.078256,15425.03110554529,-5218.588324139093,965.2684344151419,-1.268312378105469,4.573342369524053,-0.2848312908962112,40735U
2025-06-30T04:16:01.078256,15346.37443744258,-4943.249729990985,948.0126302108226,-1.3544042113168537,4.601735499214951,-0.2901871475803342,40735U
2025-06-30T04:17:01.078256,15262.485807622192,-4666.230629575958,930.4336415871508,-1.4426690333174483,4.629407714555368,-0.2956068380404042,40735U
2025-06-30T04:18:01.078256,15173.23239977721,-4387.576178040232,912.5276293735991,-1.5331895664204092,4.656296579989257,-0.3010910563215151,40735U
2025-06-30T04:19:01.078256,15078.476321597875,-4107.335442154158,894.2907161874209,-1.6260523971087322,4.682334071194735,-0.3066403963540475,40735U
2025-06-30T04:20:01.078256,14978.07436803675,-3825.561751643411,875.718993029747,-1.7213481435526505,4.707446030439907,-0.3122553326129848,40735U
2025-06-30T04:21:01.078256,14871.877774542132,-3542.313084920018,856.8085271292566,-1.8191716224347871,4.731551563233621,-0.31793619783276195,40735U
2025-06-30T04:22:01.078256,14759.731960368954,-3257.652492932676,837.5553712229481,-1.919622012723134,4.754562369461128,-0.32368315733149405,40735U
2025-06-30T04:23:01.078256,14641.476262237693,-2971.648565291411,817.9555744925498,-2.0228030133866723,4.776382001382061,-0.3294961794285136,40735U
2025-06-30T04:24:01.078256,14516.94365881456,-2684.3759433042674,798.0051954083326,-2.128822991257136,4.796905039966308,-0.33537500135807974,40735U
2025-06-30T04:25:01.078256,14385.960486742373,-2395.9158851043217,777.700316770621,-2.2377951142690846,4.816016180044805,-0.3413190899880228,40735U
2025-06-30T04:26:01.078256,14248.346149271636,-2106.3568886484813,757.037063283894,-2.3498374641199686,4.833589213653154,-0.34732759654291107,40735U
2025-06-30T04:27:01.078256,14103.912818942026,-1815.7953790444994,736.0116220501915,-2.465073120933,4.849485899742909,-0.3533993044047045,40735U
2025-06-30T04:28:01.078256,13952.465136259665,-1524.3364674069778,714.6202664281334,-2.583630210723524,4.863554707129941,-0.359532568917299,40735U
2025-06-30T04:29:01.078256,13793.799906932158,-1232.0947892750257,692.8593837733672,-2.7056419042886963,4.875629416146706,-0.3657252479517028,40735U
2025-06-30T04:30:01.078256,13627.70580098204,-939.1954315393389,670.7255076563832,-2.831246353478924,4.885527562980569,-0.3719746217927832,40735U
2025-06-30T04:31:01.078256,13453.963057996389,-645.7749578322938,648.2153552464503,-2.960586547563174,4.893048709137225,-0.37827730068298876,40735U
2025-06-30T04:32:01.078256,13272.343203922446,-351.9825434369192,625.3258706578337,-3.093810068443464,4.897972516908838,-0.38462911809947975,40735U
2025-06-30T04:33:01.078256,13082.608786231687,-57.98123195957235,602.0542751781347,-3.2310687186617377,4.900056610212412,-0.3910250075451465,40735U
2025-06-30T04:34:01.078256,12884.513136009116,236.0506727050546,578.3981254416641,-3.3725179902926152,4.899034198789562,-0.3974588602973297,40735U
2025-06-30T04:35:01.078256,12677.800167645028,529.9180642343409,554.3553807749983,-3.5183163357246166,4.894611442658002,-0.40392336117800715,40735U
2025-06-30T04:36:01.078256,12462.204229390622,823.4073252775706,529.9244811298188,-3.6686241927566465,4.886464533071438,-0.4104097989841894,40735U
2025-06-30T04:37:01.078256,12237.450021199535,1116.2844346758422,505.10443723393035,-3.82360270608672,4.874236466344836,-0.4169078477472282,40735U
2025-06-30T04:38:01.078256,12003.252600108122,1408.2928714014301,479.8949348352685,-3.9834120748410533,4.857533488109333,-0.42340531447921764,40735U
2025-06-30T04:39:01.078256,11759.317498062805,1699.1512948417953,454.29645519004896,-4.148209440920632,4.835921188382563,-0.42988784852214407,40735U
2025-06-30T04:40:01.078256,11505.340982729022,1988.55098001878,428.3104142551222,-4.318146215263442,4.808920232964377,-0.43633860705830296,40735U
2025-06-30T04:41:01.078256,11241.010498598176,2276.1529856952416,401.9393233867337,-4.49336471825842,4.77600172501912,-0.4427378707973864,40735U
2025-06-30T04:42:01.078256,10966.00533384537,2561.5850333126264,375.1869747208442,-4.6739939861695134,4.736582203509447,-0.44906260337213993,40735U
2025-06-30T04:43:01.078256,10679.997568100616,2844.4380756338123,348.0586548085147,-4.860144567305586,4.690018304018669,-0.4552859476202304,40735U
2025-06-30T04:44:01.078256,10382.653367808094,3124.2625362615017,320.56139049300316,-5.051902099779868,4.635601134533617,-0.46137665180782,40735U
2025-06-30T04:45:01.078256,10073.634709376898,3400.564205431307,292.7042314248246,-5.249319427382548,4.572550456644564,-0.46729841910934267,40735U
2025-06-30T04:46:01.078256,9752.6016260634,3672.799784381212,264.4985739890729,-5.452406972272804,4.500008814735777,-0.4730091745087779,40735U
2025-06-30T04:47:01.078256,9419.215092500745,3940.372081207702,235.95853171598893,-5.661121044799389,4.417035826236009,-0.478460245024202,40735U
2025-06-30T04:48:01.078256,9073.140681237835,4202.624876442207,207.10135742175711,-5.875349734890888,4.322602939913714,-0.48359545217259725,40735U
2025-06-30T04:49:01.078256,8714.053147554523,4458.837498779321,177.9479222281689,-6.094896001930471,4.2155890920664465,-0.4883501204272275,40735U
2025-06-30T04:50:01.078256,8341.642122581317,4708.219181450408,148.52325620642964,-6.319457568451101,4.094777848625503,-0.49265001274035225,40735U
2025-06-30T04:51:01.078256,7955.6191178709805,4949.903310939734,118.85715440489575,-6.548603240445305,3.9588568202346894,-0.4964102148867869,40735U
2025-06-30T04:52:01.078256,7555.7260656456965,5182.941733985906,88.98485029458217,-6.781745340721272,3.806420381713034,-0.4995340054370022,40735U
2025-06-30T04:53:01.078256,7141.745634136381,5406.299359170737,58.94775587165378,-7.018108076087698,3.6359770174044113,-0.5019117687402767,40735U
2025-06-30T04:54:01.078256,6713.513561669666,5618.849378382093,28.79426343607875,-7.256691896134437,3.4459629430674066,-0.5034200355231538,40735U
2025-06-30T04:55:01.078256,6270.933239131146,5819.3695428985575,-1.4194020064959347,-7.49623428078413,3.2347640041117267,-0.5039207704676429,40735U
2025-06-30T04:56:01.078256,5813.992728235089,6006.540058949474,-31.628299158566453,-7.735167961381135,3.0007481806873173,-0.5032610686195701,40735U
2025-06-30T04:57:01.078256,5342.78431996766,6178.943815412111,-61.75788623444266,-7.971578382103402,2.7423112757000228,-0.5012734715030915,40735U
2025-06-30T04:58:01.078256,4857.526598426216,6335.069813785678,-91.72318091062995,-8.203163280305514,2.457938417903057,-0.497777165824527,40735U
2025-06-30T04:59:01.078256,4358.588763502712,6473.320822119725,-121.42802639348834,-8.427198610724112,2.1462837294139407,-0.49258037543323613,40735U
2025-06-30T05:00:01.078256,3846.5166662907395,6592.02639421287,-150.7645452261429,-8.640516603059424,1.8062696912141172,-0.48548428854283443,40735U
2025-06-30T05:01:01.078256,3322.0596147301144,6689.4624445617355,-179.6128830445487,-8.83950336803247,1.4372061690754376,-0.47628885883298105,40735U
2025-06-30T05:02:01.078256,2786.196518439263,6763.878496477881,-207.8413632393613,-9.020124851736409,1.0389265298017818,-0.46480075684064925,40735U
2025-06-30T05:03:01.078256,2240.1593887809545,6813.533463860132,-235.30718605237223,-9.177990604800195,0.6119346769515386,-0.4508435997849649,40735U
2025-06-30T05:04:01.078256,1685.451654607131,6836.740324281901,-261.8578061336875,-9.3084641405777,0.15755228391969908,-0.4342703300452042,40735U
2025-06-30T05:05:01.078256,1123.8582987661846,6831.919247812707,-287.3331040864938,-9.406825893898034,-0.32194950944831285,-0.4149772366018053,40735U
2025-06-30T05:06:01.078256,557.4446080024293,6797.6576615619,-311.56842345797753,-9.468489388321531,-0.823254162277588,-0.39291864236784046,40735U
2025-06-30T05:07:01.078256,-11.459475634082485,6732.774427402395,-334.3984710663107,-9.489263075576172,-1.3419622930260884,-0.3681207816901573,40735U
2025-06-30T05:08:01.078256,-580.2916641050274,6636.383959782402,-355.66197722696734,-9.46564017112459,-1.87263428539054,-0.3406929853920066,40735U
2025-06-30T05:09:01.078256,-1146.3071802424524,6507.954978889707,-375.20689332046504,-9.395088506386248,-2.408928208343052,-0.3108341298180814,40735U
2025-06-30T05:10:01.078256,-1706.6451196591547,6347.358005424278,-392.895786582206,-9.276304738816787,-2.9438365799860606,-0.2788325372574271,40735U
2025-06-30T05:11:01.078256,-2258.4080412669264,6154.895952849973,-408.6110020912471,-9.109395266159371,-3.4700096749699814,-0.24505821052383486,40735U
2025-06-30T05:12:01.078256,-2798.7493858733283,5931.313417438398,-422.25912641851806,-8.895952053204091,-3.980136406016065,-0.20994738244319114,40735U
2025-06-30T05:13:01.078256,-3324.9617942095374,5677.782425685967,-433.7743245525253,-8.639005379092273,-4.467340733263459,-0.17398064483210454,40735U
2025-06-30T05:14:01.078256,-3834.558875250321,5395.865127854742,-443.120233284753,-8.342854664537224,-4.925546178960348,-0.13765706813751521,40735U
2025-06-30T05:15:01.078256,-4325.34364969685,5087.456687715168,-450.2902620827646,-8.012798351148337,-5.349765431070402,-0.10146741330729232,40735U
2025-06-30T05:16:01.078256,-4795.458644626885,4754.713838023388,-455.306342753616,-7.654799108679543,-5.736285252502444,-0.065869581764278,40735U
2025-06-30T05:17:01.078256,-5243.415049579148,4399.975820264131,-458.2163426054511,-7.2751277374779075,-6.082735268404329,-0.03126886184457758,40735U
2025-06-30T05:18:01.078256,-5668.100926464436,4025.684545823082,-459.0904799160741,-6.880027061013462,-6.38804771095205,0.0019954856081793944,40735U
2025-06-30T05:19:01.078256,-6068.770688730184,3634.3099331472804,-458.01713851324314,-6.4754276966340765,-6.652329500760086,0.0336569027749844,40735U
2025-06-30T05:20:01.078256,-6445.0195904103875,3228.28482722143,-455.09847130395065,-6.066734376637772,-6.876675746964313,0.06352206138512827,40735U
2025-06-30T05:21:01.078256,-6796.747678856206,2809.952102753543,-450.44612571364684,-5.658688183561694,-7.062954757046755,0.09146649085642689,40735U
2025-06-30T05:22:01.078256,-7124.117648932239,2381.524850405371,-444.1773388395786,-5.255299392814119,-7.213590569015364,0.11742684529666932,40735U
2025-06-30T05:23:01.078256,-7427.510494863805,1945.0591826216273,-436.4115577300547,-4.859838843894222,-7.331362172670172,0.1413913166633156,40735U
2025-06-30T05:24:01.078256,-7707.4820265017415,1502.438271122494,-427.2676563698308,-4.474872845158341,-7.419231128648809,0.1633894641063285,40735U
2025-06-30T05:25:01.078256,-7964.722407986054,1055.3657298322337,-416.86175462482316,-4.1023267083822486,-7.480202721989327,0.18348239838519337,40735U
2025-06-30T05:26:01.078256,-8200.020035527343,605.3663060759932,-405.30559839199384,-3.7435639839361685,-7.517220841525252,0.2017539236759992,40735U
2025-06-30T05:27:01.078256,-8414.230378370923,153.79193530358916,-392.705433068054,-3.3994712988242983,-7.533093590108387,0.21830295074207168,40735U
2025-06-30T05:28:01.078256,-8608.249890327532,-298.1685492278983,-379.16129050582,-3.0705416387986633,-7.530444966224554,0.23323727789287194,40735U
2025-06-30T05:29:01.078256,-8782.994750243754,-749.4774603354819,-364.7666085279876,-2.7569515174869554,-7.5116874237818365,0.24666869032558503,40735U
2025-06-30T05:30:01.078256,-8939.383981321007,-1199.2351546174068,-349.60810781232107,-2.458629544318544,-7.47901031503567,0.25870924346399976,40735U
2025-06-30T05:31:01.078256,-9078.326397829484,-1646.6666013205622,-333.76586035432035,-2.1753154105371344,-7.434379821468391,0.26946855664790725,40735U
2025-06-30T05:32:01.078256,-9200.71080145211,-2091.108198614892,-317.3134944669914,-1.9066093225248506,-7.379546740897587,0.2790519352131535,40735U
2025-06-30T05:33:01.078256,-9307.398871340076,-2531.9952191371317,-300.3184919196223,-1.6520125253447804,-7.316059274337364,0.28755914943915967,40735U
2025-06-30T05:34:01.078256,-9399.220241393494,-2968.8501168998796,-282.8425425098329,-1.4109598820297202,-7.245278659028844,0.29508371901801933,40735U
2025-06-30T05:35:01.078256,-9476.969320682938,-3401.2718168578776,-264.9419297168726,-1.1828455977365673,-7.168396087411936,0.3017125755489327,40735U
2025-06-30T05:36:01.078256,-9541.403478646607,-3828.926029682004,-246.66792799932597,-0.9670431751023032,-7.08644982771045,0.30752599935982666,40735U
2025-06-30T05:37:01.078256,-9593.242279837621,-4251.536580755504,-228.0671978472454,-0.7629206112522321,-7.000341828457234,0.3125977486714655,40735U
2025-06-30T05:38:01.078256,-9633.167510344963,-4668.877707942812,-209.18216903436385,-0.5698517346270727,-6.910853362262306,0.3169953178407864,40735U
2025-06-30T05:39:01.078256,-9661.823788167232,-5080.767262359497,-190.05140582079767,-0.3872244548163123,-6.818659460977812,0.32078027693659356,40735U
2025-06-30T05:40:01.078256,-9679.819592441165,-5487.060735568312,-170.70995034431317,-0.21444657556112023,-6.724342031970196,0.32400865737819856,40735U
2025-06-30T05:41:01.078256,-9687.728582002139,-5887.646033468394,-151.1896422239473,-0.05094970735913324,-6.628401637702464,0.32673135817776583,40735U
2025-06-30T05:42:01.078256,-9686.091102817478,-6282.4389175391525,-131.51941371105423,0.10380828383644564,-6.531267980510818,0.32899455487352336,40735U
2025-06-30T05:43:01.078256,-9675.415807392348,-6671.379038049222,-111.7255606058178,0.2503419412200998,-6.433309170314714,0.3308400989585814,40735U
2025-06-30T05:44:01.078256,-9656.181328051733,-7054.426489066067,-91.8319897591129,0.38913771623591625,-6.334839872380716,0.3323058998629512,40735U
2025-06-30T05:45:01.078256,-9628.83796089144,-7431.558821229962,-71.86044435747293,0.5206540825596223,-6.236128440376927,0.3334262846610695,40735U
2025-06-30T05:46:01.078256,-9593.809328871455,-7802.768454616292,-51.83070840827233,0.6453220934513837,-6.137403140688401,0.33423233291731297,40735U
2025-06-30T05:47:01.078256,-9551.494001609213,-8168.060440267319,-31.76079194788005,0.7635462496695631,-6.0388575700627545,0.3347521856606515,40735U
2025-06-30T05:48:01.078256,-9502.267056436132,-8527.450524909329,-11.667098521947464,0.8757055759913946,-5.940655362042266,0.33501132856409477,40735U
2025-06-30T05:49:01.078256,-9446.48157063551,-8880.963478856982,8.43542353990342,0.982154828801163,-5.842934269629176,0.3350328501246139,40735U
2025-06-30T05:50:01.078256,-9384.470038831609,-9228.631652103835,28.53314459504903,1.083225776399315,-5.745809703094074,0.3348376760938562,40735U
2025-06-30T05:51:01.078256,-9316.545712533225,-9570.49372806482,48.61363052721417,1.1792285086731233,-5.649377793343226,0.3344447816740913,40735U
2025-06-30T05:52:01.078256,-9243.003861069767,-9906.593648425358,68.66553167243465,1.2704527444131621,-5.553718043142404,0.333871383123501,40735U
2025-06-30T05:53:01.078256,-9164.122954781224,-10236.979686050348,88.67848264906871,1.3571691135405763,-5.458895620958271,0.3331331104515646,40735U
2025-06-30T05:54:01.078256,-9080.16577247064,-10561.703645986652,108.64301200953464,1.4396303984014291,-5.3649633453084355,0.3322441628593686,40735U
2025-06-30T05:55:01.078256,-8991.380435913657,-10880.820177273528,128.55046072846304,1.5180727235304283,-5.27196340134304,0.3312174485132931,40735U
2025-06-30T05:56:01.078256,-8898.001374730822,-11194.38618061386,148.39290863448778,1.5927166872504286,-5.179928825896802,0.33006471014945615,40735U
2025-06-30T05:57:01.078256,-8800.250225233536,-11502.460298981252,168.16310797926548,1.663768431438534,-5.088884792417963,0.32879663790183705,40735U
2025-06-30T05:58:01.078256,-8698.336667005697,-11805.102479992638,187.85442341740216,1.7314206479820535,-4.998849722945698,0.32742297063689396,40735U
2025-06-30T05:59:01.078256,-8592.459201019932,-12102.373600396257,207.46077774468026,1.7958535220443563,-4.9098362506136874,0.3259525869670014,40735U
2025-06-30T06:00:01.078256,-8482.805873046314,-12394.33514432787,226.97660280848098,1.857235613397993,-4.821852052951681,0.3243935870077675,40735U
2025-06-30T06:01:01.078256,-8369.554946008708,-12681.04892812614,246.39679506547535,1.9157246778735095,-4.7349005734754686,0.3227533658422619,40735U
2025-06-30T06:02:01.078256,-8252.875524805462,-12962.576865467516,265.71667531603646,1.971468431496377,-4.648981646655028,0.3210386795598624,40735U
2025-06-30T06:03:01.078256,-8132.9281369465125,-13238.980767424642,284.931952194251,2.0246052602103157,-4.564092039276509,0.31925570464925707,40735U
2025-06-30T06:04:01.078256,-8009.865272177697,-13510.322172780252,304.03868903679216,2.075264878263182,-4.480225919425412,0.31741009144440446,40735U
2025-06-30T06:05:01.078256,-7883.831884077955,-13776.66220454995,323.0332737932202,2.1235689383984138,-4.397375262780211,0.315507012248866,40735U
2025-06-30T06:06:01.078256,-7754.965856425461,-14038.061449211604,341.9123916759585,2.1696315969841313,-4.315530204578572,0.3135512046974747,40735U
2025-06-30T06:07:01.078256,-7623.398436942757,-14294.579855605072,360.6730002798375,2.2135600371439375,-4.23467934447753,0.3115470108544813,40735U
2025-06-30T06:08:01.078256,-7489.254640850916,-14546.276650866028,379.3123069291454,2.2554549528463457,-4.154810010547649,0.30949841249365523,40735U
2025-06-30T06:09:01.078256,-7352.653626488992,-14793.210271109698,397.8277480355974,2.2954109967775476,-4.075908487794607,0.3074090629576806,40735U
2025-06-30T06:10:01.078256,-7213.7090450888745,-15035.438304880176,416.2169702730667,2.3335171946742808,-3.9979602158739778,0.3052823159512558,40735U
2025-06-30T06:11:01.078256,-7072.5293666360085,-15273.01744765001,434.4778133956071,2.3698573286380142,-3.9209499600352147,0.3031212515838834,40735U
2025-06-30T06:12:01.078256,-6929.218183642637,-15506.003465808606,452.6082945376648,2.4045102917817003,-3.844861958813727,0.3009286999448585,40735U
2025-06-30T06:13:01.078256,-6783.874494385226,-15734.451169004513,470.6065938691336,2.4375504164369692,-3.769680051448954,0.2987072624604305,40735U
2025-06-30T06:14:01.078256,-6636.592967270412,-15958.414389473743,488.47104146118966,2.469047777934019,-3.695387787734934,0.2964593312597493,40735U
2025-06-30T06:15:01.078256,-6487.464187626128,-16177.94596755264,506.20010526376757,2.499068475881772,-3.6219685225266964,0.2941871067483252,40735U
2025-06-30T06:16:01.078256,-6336.574888261934,-16393.09774243779,523.7923800866431,2.52767489469349,-3.54940549691158,0.2918926135687334,40735U
2025-06-30T06:17:01.078256,-6184.008164983098,-16603.920547462138,541.2465774936139,2.5549259449840616,-3.477681907763979,0.28957771510840424,40735U
2025-06-30T06:18:01.078256,-6029.843678162823,-16810.46420923362,558.5615165267802,2.5808772873359165,-3.406780967184308,0.28724412669760496,40735U
2025-06-30T06:19:01.078256,-5874.15784138637,-17012.77755007159,575.7361151865032,2.6055815398137208,-3.3366859531267115,0.2848934276256225,40735U
2025-06-30T06:20:01.078256,-5717.023998104649,-17210.90839324522,592.7693825994918,2.6290884704977584,-3.2673802523533038,0.28252707208981437,40735U
2025-06-30T06:21:01.078256,-5558.512587158296,-17404.90357058663,609.6604118144198,2.651445176204837,-3.198847396704918,0.2801463991802333,40735U
2025-06-30T06:22:01.078256,-5398.691297970783,-17594.80893210104,626.4083731697464,2.6726962484705514,-3.1310710935536594,0.2777526419919808,40735U
2025-06-30T06:23:01.078256,-5237.625216141805,-17780.669357250707,643.0125081842341,2.6928839277808567,-3.064035251190355,0.2753469359479341,40735U
2025-06-30T06:24:01.078256,-5075.376960119641,-17962.52876762784,659.4721239249535,2.7120482469599714,-2.997723999805582,0.272930326406105,40735U
2025-06-30T06:25:01.078256,-4912.006809577812,-18140.430140769105,675.7865878118569,2.7302271645482645,-2.9321217086395057,0.270503775618372,40735U
2025-06-30T06:26:01.078256,-4747.572826072059,-18314.415524898453,691.955322821982,2.747456688936081,-2.8672129998024687,0.26806816910059456,40735U
2025-06-30T06:27:01.078256,-4582.130966510683,-18484.526054411777,707.9778030596048,2.7637709939571695,-2.8029827592057113,0.26562432146815307,40735U
2025-06-30T06:28:01.078256,-4415.735189932789,-18650.801965940333,723.8535496616149,2.779202526587968,-2.73941614498679,0.26317298178560916,40735U
2025-06-30T06:29:01.078256,-4248.437558046937,-18813.282614855038,739.5821270105488,2.793782107347296,-2.6764985937648964,0.2607148384743586,40735U
2025-06-30T06:30:01.078256,-4080.2883299534565,-18972.006492089116,755.1631392298203,2.8075390239423186,-2.61421582502057,0.2582505238179011,40735U
2025-06-30T06:31:01.078256,-3911.3360514402425,-19127.011241174074,770.5962269380864,2.820501118662973,-2.552553843857177,0.255780618100502,40735U
2025-06-30T06:32:01.078256,-3741.6276392107193,-19278.333675400725,785.8810642419402,2.8326948699869257,-2.4914989423685796,0.25330565341155264,40735U
2025-06-30T06:33:01.078256,-3571.2084603823255,-19426.009795024573,801.0173559474342,2.8441454688195633,-2.4310376998112755,0.25082611714491415,40735U
2025-06-30T06:34:01.078256,-3400.122407560321,-19570.074804452746,816.0048349733614,2.8548768897605776,-2.371156981752019,0.24834245521966541,40735U
2025-06-30T06:35:01.078256,-3228.411969779336,-19710.563129352275,830.8432599499125,2.864911957756724,-2.311843938343254,0.24585507504628937,40735U
2025-06-30T06:36:01.078256,-3056.1182995756412,-19847.508433633353,845.5324129883674,2.874272410472813,-2.2530860018575196,0.24336434826001094,40735U
2025-06-30T06:37:01.078256,-2883.2812764392093,-19980.943636266587,860.0720976083786,2.882978956686322,-2.1948708835965265,0.24087061324101997,40735U
2025-06-30T06:38:01.078256,-2709.93956687572,-20110.90092789843,874.4621368105304,2.8910513309874863,-2.1371865702762407,0.23837417743951586,40735U
2025-06-30T06:39:01.078256,-2536.1306812912326,-20237.4117872378,888.7023712830968,2.898508345044742,-2.0800213199756756,0.23587531952182797,40735U
2025-06-30T06:40:01.078256,-2361.891027898927,-20360.50699718876,902.7926577326087,2.9053679356753257,-2.023363657726838,0.2333742913524389,40735U
2025-06-30T06:41:01.078256,-2187.2559638332173,-20480.216660710055,916.7328673288032,2.911647209942376,-1.9672023708129993,0.23087131982538167,40735U
2025-06-30T06:42:01.078256,-2012.2598436421445,-20596.570216386364,930.522884255365,2.9173624874831376,-1.9115265038336866,0.2283666085572766,40735U
2025-06-30T06:43:01.078256,-1836.9360653188558,-20709.596453698363,944.1626043584652,2.922529340257188,-1.8563253535874213,0.22586033945319509,40735U
2025-06-30T06:44:01.078256,-1661.3171140233067,-20819.32352798126,957.6519338856592,2.9271626298893456,-1.8015884638171171,0.22335267415557516,40735U
2025-06-30T06:45:01.078256,-1485.4346036300728,-20925.778975066645,970.9907883086524,2.9312765427690355,-1.747305619855578,0.22084375538545745,40735U
2025-06-30T06:46:01.078256,-1309.3193162358743,-21028.989725600586,984.1790912234876,2.9348846230555745,-1.6934668432054936,0.21833370818459052,40735U
2025-06-30T06:47:01.078256,-1133.0012397459334,-21128.982119036038,997.2167733225801,2.9379998037279407,-1.6400623860821368,0.2158226410661535,40735U
2025-06-30T06:48:01.078256,-956.5096036531864,-21225.781917298325,1010.1037714333272,2.940634435807329,-1.5870827259436404,0.21331064708120318,40735U
2025-06-30T06:49:01.078256,-779.872913116755,-21319.41431812235,1022.840027618353,2.94280031587148,-1.5345185600305682,0.21079780480737337,40735U
2025-06-30T06:50:01.078256,-603.1189814384516,-21409.903968063983,1035.4254883329795,2.9445087119709834,-1.482360799932669,0.20828417926576107,40735U
2025-06-30T06:51:01.078256,-426.2749610295325,-21497.27497518696,1047.8601036357736,2.945770388050014,-1.4306005661985377,0.2057698227714689,40735U
2025-06-30T06:52:01.078256,-249.36737295539362,-21581.55092142845,1060.143826448302,2.9465956269664013,-1.3792291830014545,0.20325477572281087,40735U
2025-06-30T06:53:01.078256,-72.42213513978844,-21662.75487464674,1072.2766118605387,2.9469942521992953,-1.3282381728726793,0.20073906733378044,40735U
2025-06-30T06:54:01.078256,104.5354106968986,-21740.909400356053,1084.2584164787506,2.9469756483263976,-1.2776192515110787,0.19822271631397623,40735U
2025-06-30T06:55:01.078256,281.4804732923072,-21816.036573152523,1096.0891978127217,2.9465487803469768,-1.2273643226772644,0.19570573149987988,40735U
2025-06-30T06:56:01.078256,458.3887872225992,-21888.157987836974,1107.7689136995195,2.9457222119214865,-1.1774654731784697,0.19318811244103903,40735U
2025-06-30T06:57:01.078256,635.2365893463857,-21957.294770239925,1119.297521761225,2.9445041225937962,-1.127914967949262,0.19066984994442945,40735U
2025-06-30T06:58:01.078256,812.0005962535357,-22023.467587755025,1130.6749788942273,2.94290232405738,-1.0787052452319683,0.18815092657999932,40735U
2025-06-30T06:59:01.078256,988.6579826614055,-22086.696659586574,1141.9012407877672,2.94092427552261,-1.0298289118603041,0.18563131715018333,40735U
2025-06-30T07:00:01.078256,1165.1863607082335,-22147.001766717553,1152.9762614697127,2.938577098238486,-0.9812787386482494,0.18311098912593216,40735U
2025-06-30T07:01:01.078256,1341.5637600924144,-22204.4022616044,1163.899992877548,2.935867589218367,-0.9330476558860418,0.18058990305161762,40735U
2025-06-30T07:02:01.078256,1517.7686090139402,-22258.917077605507,1174.67238445291,2.9328022342160414,-0.8851287489438938,0.17806801292096633,40735U
2025-06-30T07:03:01.078256,1693.7797158711217,-22310.564738148976,1185.2933827578051,2.9293872199953026,-0.8375152539845613,0.1755452665260538,40735U
2025-06-30T07:04:01.078256,1869.5762516746772,-22359.363365647117,1195.7629311111382,2.9256284459333353,-0.790200553784122,0.1730216057811732,40735U
2025-06-30T07:05:01.078256,2045.137733138037,-22405.330690163388,1206.0809692439493,2.9215315349955193,-0.7431781736611853,0.17049696702331024,40735U
2025-06-30T07:06:01.078256,2220.4440064078503,-22448.484057838858,1216.2474329720615,2.917101844116781,-0.6964417775136192,0.16797128129078906,40735U
2025-06-30T07:07:01.078256,2395.475231401098,-22488.840439084186,1226.2622538849084,2.9123444740223174,-0.6499851639617527,0.16544447458153833,40735U
2025-06-30T07:08:01.078256,2570.2118667144437,-22526.41643654365,1236.1253590492693,2.9072642785183613,-0.6038022625971893,0.1629164680923415,40735U
2025-06-30T07:09:01.078256,2744.6346550763874,-22561.228292837553,1245.8366707269008,2.9018658732816176,-0.5578871303354959,0.16038717844029274,40735U
2025-06-30T07:10:01.078256,2918.724609311668,-22593.291898088995,1255.3961061049442,2.8961536441742406,-0.5122339478716204,0.15785651786763433,40735U
2025-06-30T07:11:01.078256,3092.462998791589,-22622.62279724128,1264.8035770382285,2.8901317551093464,-0.4668370162359698,0.15532439443101653,40735U
2025-06-30T07:12:01.078256,3265.8313363427624,-22649.236197172064,1274.0589898025037,2.8838041554905303,-0.42169075344968177,0.15279071217618106,40735U
2025-06-30T07:13:01.078256,3438.811365600379,-22673.14697361097,1283.1622448582987,2.877174587246952,-0.3767896912744826,0.15025537129882782,40735U
2025-06-30T07:14:01.078256,3611.385048717674,-22694.369677858507,1292.113236621269,2.8702465914870054,-0.33212847207192825,0.14771826829345258,40735U
2025-06-30T07:15:01.078256,3783.534554579828,-22712.918543334545,1300.911853247192,2.863023514783131,-0.28770184572577273,0.14517929608843466,40735U
2025-06-30T07:16:01.078256,3955.2422472583303,-22728.80749192872,1309.5579764181884,2.8555085151151767,-0.24350466668855297,0.14263834417166277,40735U
2025-06-30T07:17:01.078256,4126.490674880894,-22742.05014018553,1318.0514811397888,2.8477045674816304,-0.19953189109965075,0.14009529870450507,40735U
2025-06-30T07:18:01.078256,4297.26255881351,-22752.659805317337,1326.3922355437728,2.839614469197628,-0.15577857399457415,0.13755004262597428,40735U
2025-06-30T07:19:01.078256,4467.540783151058,-22760.64951105268,1334.580100697001,2.831240844893982,-0.1122398665998017,0.13500245574745331,40735U
2025-06-30T07:20:01.078256,4637.308384499181,-22766.031993324894,1342.6149304156766,2.822586151231009,-0.06891101371106019,0.13245241483851158,40735U
2025-06-30T07:21:01.078256,4806.5485420305595,-22768.819705806207,1350.4965710845372,2.8136526813400207,-0.025787351153062237,0.1298997937043,40735U
2025-06-30T07:22:01.078256,4975.244567800116,-22769.024825291785,1358.22486148047,2.8044425690046384,0.017135696681088445,0.12734446325499463,40735U
2025-06-30T07:23:01.078256,5143.379897303556,-22766.65925693885,1365.799632600122,2.7949577925931104,0.059862619212948824,0.12478629156769376,40735U
2025-06-30T07:24:01.078256,5310.938080264478,-22761.73463936513,1373.2207074910036,2.7852001787523037,0.10239782198573687,0.12222514394118422,40735U
2025-06-30T07:25:01.078256,5477.902771635946,-22754.262349611363,1380.487901085701,2.775171405873189,0.14474562889721657,0.11966088294393049,40735U
2025-06-30T07:26:01.078256,5644.257722803857,-22744.25350797203,1387.6010200388114,2.7648730073369965,0.1869102843602717,0.11709336845561734,40735U
2025-06-30T07:27:01.078256,5809.986772978673,-22731.718982698876,1394.5598625662228,2.754306374550674,0.22889595539280636,0.11452245770255845,40735U
2025-06-30T07:28:01.078256,5975.073840762137,-22716.669394581288,1401.3642182863155,2.743472759779691,0.27070673363825803,0.11194800528727888,40735U
2025-06-30T07:29:01.078256,6139.50291587992,-22699.11512140736,1408.013868062864,2.732373278785524,0.3123466373189936,0.10936986321249209,40735U
2025-06-30T07:30:01.078256,6303.2580510651915,-22679.066302310217,1414.5085838491927,2.7210089132749213,0.3538196131232457,0.10678788089976451,40735U
2025-06-30T07:31:01.078256,6466.323354084104,-22656.53284200298,1420.8481285333191,2.709380513167305,0.39512953802746387,0.104201905203067,40735U
2025-06-30T07:32:01.078256,6628.682979892545,-22631.52441490652,1427.0322557838174,2.6974887986862384,0.4362802210555242,0.10161178041741184,40735U
2025-06-30T07:33:01.078256,6790.32112291276,-22604.05046917359,1433.0607098960634,2.6853343622805848,0.47727540497572646,0.09901734828278831,40735U
2025-06-30T07:34:01.078256,6951.222009420198,-22574.12023061326,1438.9332256385915,2.6729176703804076,0.518118767936983,0.09641844798355713,40735U
2025-06-30T07:35:01.078256,7111.36989003105,-22541.742706518882,1444.6495280993147,2.660239064992314,0.5588139250453044,0.09381491614346575,40735U
2025-06-30T07:36:01.078256,7270.749032281155,-22506.92668940349,1450.2093325313608,2.647298765138491,0.5993644298817559,0.09120658681642058,40735U
2025-06-30T07:37:01.078256,7429.343713285861,-22469.68076064595,1455.6123441982077,2.6340968681434997,0.63977377596254,0.08859329147316973,40735U
2025-06-30T07:38:01.078256,7587.138212473495,-22430.013294051372,1460.8582582179704,2.620633350772259,0.6800453981424814,0.0859748589839904,40735U
2025-06-30T07:39:01.078256,7744.11680438191,-22387.93245932903,1465.9467594065136,2.606908070222572,0.7201826739624141,0.08335111559751097,40735U
2025-06-30T07:40:01.078256,7900.263751511058,-22343.44622549128,1470.8775221192284,2.5929207649749797,0.7601889249415309,0.08072188491574205,40735U
2025-06-30T07:41:01.078256,8055.5632972221865,-22296.562364176614,1475.6502100912207,2.5786710555026144,0.8000674178151014,0.07808698786541818,40735U
2025-06-30T07:42:01.078256,8209.999658674826,-22247.288452900375,1480.264476275663,2.5641584448433274,0.8398213657181034,0.07544624266573063,40735U
2025-06-30T07:43:01.078256,8363.557019799122,-22195.63187823454,1484.7199626802837,2.549382319035575,0.879453929316601,0.07279946479242436,40735U
2025-06-30T07:44:01.078256,8516.219524266095,-22141.599838929626,1489.0163002009172,2.534341947422505,0.9189682178798491,0.07014646693881649,40735U
2025-06-30T07:45:01.078256,8667.971268529589,-22085.199348953945,1493.1531084542612,2.5190364828177816,0.9583672903143431,0.06748705897238276,40735U
2025-06-30T07:46:01.078256,8818.796294800663,-22026.43724049846,1497.1299956058808,2.503464961546914,0.9976541561263669,0.06482104788920674,40735U
2025-06-30T07:47:01.078256,8968.678584072668,-21965.320166906997,1500.9465581968584,2.4876263033527612,1.0368317763455026,0.062148237764158724,40735U
2025-06-30T07:48:01.078256,9117.6020491183,-21901.854605559376,1504.6023809668502,2.471519311172635,1.0759030643908611,0.0594684296980546,40735U
2025-06-30T07:49:01.078256,9265.550527470812,-21836.046860703835,1508.097036673955,2.4551426707853024,1.11487088688526,0.05678142176145279,40735U
2025-06-30T07:50:01.078256,9412.507774377174,-21767.903066243758,1511.4300859110494,2.438494950328497,1.1537380644157502,0.05408700893520209,40735U
2025-06-30T07:51:01.078256,9558.45745575028,-21697.429188465136,1514.6010769191873,2.4215745996826143,1.1925073722496256,0.05138498304708561,40735U
2025-06-30T07:52:01.078256,9703.383140990576,-21624.63102876607,1517.6095453951652,2.404379949734092,1.2311815409731253,0.04867513270680971,40735U
2025-06-30T07:53:01.078256,9847.268295885922,-21549.51422628843,1520.4550142978387,2.3869092114928527,1.2697632571097774,0.045957243235338556,40735U
2025-06-30T07:54:01.078256,9990.096275357071,-21472.08426056175,1523.1369936480355,2.3691604750885533,1.3082551636580673,0.043231096592699116,40735U
2025-06-30T07:55:01.078256,10131.85031617835,-21392.346454097238,1525.654980324889,2.3511317086285537,1.3466598605842441,0.0404964713017022,40735U
2025-06-30T07:56:01.078256,10272.513529619753,-21310.305974956926,1528.0084578573903,2.3328207569212975,1.3849799052570682,0.03775314236840045,40735U
2025-06-30T07:57:01.078256,10412.06889400767,-21225.967839299217,1530.1968962110875,2.3142253400626247,1.4232178128249697,0.035000881199148244,40735U
2025-06-30T07:58:01.078256,10550.49924719712,-21139.33691390304,1532.2197515697153,2.295343051882765,1.4613760565346836,0.03223945551420846,40735U
2025-06-30T07:59:01.078256,10687.787278946891,-21050.417918675008,1534.0764661115882,2.2761713582516445,1.4994570679898462,0.029468629257874496,40735U
2025-06-30T08:00:01.078256,10823.915523187987,-20959.215429143096,1535.7664677804905,2.256707595239901,1.5374632373479247,0.026688162505067194,40735U
2025-06-30T08:01:01.078256,10958.866350177956,-20865.733878940475,1537.2891700508978,2.2369489671324785,1.575396913453918,0.02389781136434573,40735U
2025-06-30T08:02:01.078256,11092.621958531601,-20769.97756228316,1538.6439716872922,2.216892544291571,1.6132604039088971,0.02109732787727858,40735U
2025-06-30T08:03:01.078256,11225.164367118821,-20671.950636445832,1539.8302564973583,2.196535260865313,1.6510559750711968,0.018286459914120635,40735U
2025-06-30T08:04:01.078256,11356.475406819905,-20571.65712424002,1540.8473930788196,2.1758739123383095,1.6887858519879517,0.01546495106573487,40735U
2025-06-30T08:05:01.078256,11486.536712129982,-20469.10091649807,1541.6947345597252,2.1549051529195884,1.7264522182546702,0.012632540531667649,40735U
2025-06-30T08:06:01.078256,11615.32971260125,-20364.285774568205,1542.3716183319193,2.1336254927635308,1.764057215799805,0.009788963004332261,40735U
2025-06-30T08:07:01.078256,11742.835624113255,-20257.21533282518,1542.8773657774661,2.1120312950187543,1.8016029445913746,0.006933948549213844,40735U
2025-06-30T08:08:01.078256,11869.035439961473,-20147.893101200523,1543.2112819878096,2.09011877269949,1.839091462262548,0.004067222481002612,40735U
2025-06-30T08:09:01.078256,11993.909921752389,-20036.32246773832,1543.372655475396,2.067883985373837,1.8765247836523857,0.0011885052355886372,40735U
2025-06-30T08:10:01.078256,12117.43959009425,-19922.506701181217,1543.3607578775263,2.045322835662731,1.9139048802579506,-0.001702487762175157,40735U
2025-06-30T08:11:01.078256,12239.60471507266,-19806.448953591767,1543.1748436521732,2.022431065542881,1.951233679593793,-0.004606046235048787,40735U
2025-06-30T08:12:01.078256,12360.385306497357,-19688.15226301609,1542.8141497655092,1.9992042524469573,1.988513064453844,-0.007522465194381454,40735U
2025-06-30T08:13:01.078256,12479.761103910112,-19567.61955619378,1542.27789537087,1.9756378051531465,2.0257448720713884,-0.010452045085628706,40735U
2025-06-30T08:14:01.078256,12597.711566338363,-19444.853651322683,1541.565281478882,1.9517269594565076,2.0629308931712154,-0.013395091938466518,40735U
2025-06-30T08:15:01.078256,12714.215861783536,-19319.85726088324,1540.6754906184908,1.927466773613255,2.10007287090869,-0.0163519175216397,40735U
2025-06-30T08:16:01.078256,12829.25285642811,-19192.632994530784,1539.607686488572,1.902852123549248,2.137172499689239,-0.019322839502624825,40735U
2025-06-30T08:17:01.078256,12942.80110354929,-19063.18336206162,1538.3610135998683,1.8778776978227452,2.1742314238618747,-0.022308181612236654,40735U
2025-06-30T08:18:01.078256,13054.838832121584,-18931.510776462776,1536.9345969069348,1.8525379923315868,2.2112512362791543,-0.025308273814254986,40735U
2025-06-30T08:19:01.078256,13165.343935095001,-18797.617557051562,1535.327541429796,1.8268273047536434,2.248233476716161,-0.02832345248020881,40735U
2025-06-30T08:20:01.078256,13274.293957331096,-18661.505932714892,1533.5389318649902,1.8007397287091775,2.285179630139954,-0.03135406056940762,40735U
2025-06-30T08:21:01.078256,13381.666083191507,-18523.178045242847,1531.5678321855005,1.7742691476301167,2.3220911248241984,-0.034400447814646885,40735U
2025-06-30T08:22:01.078256,13487.437123700427,-18382.635952844692,1529.4132852303574,1.7474092283382672,2.3589693302784807,-0.0374629709119719,40735U
2025-06-30T08:23:01.078256,13591.58350340181,-18239.881633678244,1527.0743122810288,1.720153414284367,2.395815555029587,-0.04054199371855221,40735U
2025-06-30T08:24:01.078256,13694.08124671951,-18094.916989624577,1524.5499126273855,1.6924949184756795,2.4326310441843035,-0.043637887453896594,40735U
2025-06-30T08:25:01.078256,13794.905963920774,-17947.743850166058,1521.8390631207508,1.6644267160472277,2.46941697680267,-0.04675103090789619,40735U
2025-06-30T08:26:01.078256,13894.032836616074,-17798.363976437762,1518.9407177144776,1.6359415364712429,2.5061744630530995,-0.04988181065452189,40735U
2025-06-30T08:27:01.078256,13991.436602780628,-17646.77906545621,1515.8538069915712,1.607031855385712,2.5429045411374718,-0.05303062127145375,40735U
2025-06-30T08:28:01.078256,14087.091541274256,-17492.990754540097,1512.5772376790335,1.577689886023562,2.5796081739707364,-0.056197865565717736,40735U
2025-06-30T08:29:01.078256,14180.97145583389,-17337.000625938723,1509.109892148525,1.5479075702231109,2.6162862455982783,-0.05938395480537792,40735U
2025-06-30T08:30:01.078256,14273.049658514903,-17178.810211682903,1505.4506279030156,1.5176765689987024,2.6529395573333248,-0.06258930895736511,40735U
2025-06-30T08:31:01.078256,14363.298952552692,-17018.420998677248,1501.5982770490425,1.486988252649879,2.689568823594606,-0.06581435693144314,40735U
2025-06-30T08:32:01.078256,14451.69161461649,-16855.8344340519,1497.5516457542114,1.4558336903856384,2.7261746674234177,-0.06905953683034721,40735U
2025-06-30T08:33:01.078256,14538.199376426315,-16691.05193079312,1493.3095136895781,1.4242036394389792,2.762757615657381,-0.07232529620609365,40735U
2025-06-30T08:34:01.078256,14622.79340570065,-16524.074873675007,1488.8706334565381,1.3920885336456628,2.7993180937361433,-0.07561209232241858,40735U
2025-06-30T08:35:01.078256,14705.44428640262,-16354.90462551428,1484.2337299978556,1.3594784714592256,2.8358564201125946,-0.0789203924233075,40735U
2025-06-30T08:36:01.078256,14786.121998249973,-16183.542533773376,1479.3974999924985,1.3263632033728203,2.8723728002405853,-0.08225067400751203,40735U
2025-06-30T08:37:01.078256,14864.79589545167,-16009.989937537839,1474.3606112338912,1.292732118716573,2.9088673201080404,-0.08560342510893595,40735U
2025-06-30T08:38:01.078256,14941.434684633508,-15834.248174896373,1469.1217019912663,1.2585742317971889,2.945339939281609,-0.08897914458272184,40735U
2025-06-30T08:39:01.078256,15016.006401911993,-15656.318590753604,1463.679380353776,1.2238781673445074,2.9817904834261917,-0.09237834239682578,40735U
2025-06-30T08:40:01.078256,15088.47838907326,-15476.202545109305,1458.0322235570547,1.188632145227825,3.0182186362594075,-0.09580153992878634,40735U
2025-06-30T08:41:01.078256,15158.81726881297,-15293.901421837581,1452.1787772919038,1.1528239644019167,3.0546239308980874,-0.09924927026738205,40735U
2025-06-30T08:42:01.078256,15226.988918989025,-15109.416638005681,1446.1175549948773,1.1164409860409634,3.091005740549596,-0.1027220785187347,40735U
2025-06-30T08:43:01.078256,15292.958445837556,-14922.749653771536,1439.8470371204558,1.0794701158153368,3.127363268497304,-0.1062205221163901,40735U
2025-06-30T08:44:01.078256,15356.690156098804,-14733.901982905849,1433.365670394658,1.041897785264074,3.163695537324539,-0.10974517113475978,40735U
2025-06-30T08:45:01.078256,15418.147527997835,-14542.875203984506,1426.6718670498626,1.0037099322123115,3.2000013773170726,-0.1132966086052513,40735U
2025-06-30T08:46:01.078256,15477.293181020857,-14349.670972303053,1419.7640040407136,0.9648919801802486,3.2362794139784645,-0.11687543083426002,40735U
2025-06-30T08:47:01.078256,15534.088844424792,-14154.291032569796,1412.6404222410908,0.9254288167270528,3.27252805458667,-0.1204822477220364,40735U
2025-06-30T08:48:01.078256,15588.49532441488,-13956.737232435558,1405.299425622054,0.8853047706690436,3.3087454737144744,-0.12411768308134559,40735U
2025-06-30T08:49:01.078256,15640.472469920818,-13757.01153692506,1397.7392804108376,0.8445035881081518,3.3449295976288482,-0.12778237495461242,40735U
2025-06-30T08:50:01.078256,15689.979136897504,-13555.116043841932,1389.9582142311087,0.8030084072031407,3.3810780874763635,-0.13147697592800855,40735U
2025-06-30T08:51:01.078256,15736.97315107375,-13351.053000220058,1381.954415224614,0.7608017316107791,3.4171883211542355,-0.13520215344080716,40735U
2025-06-30T08:52:01.078256,15781.411269066264,-13144.824819905853,1373.726031154665,0.717865402520967,3.453257373756205,-0.13895859008795683,40735U
2025-06-30T08:53:01.078256,15823.249137772595,-12936.434102358959,1365.2711684918793,0.6741805692042817,3.4892819964729185,-0.14274698391360488,40735U
2025-06-30T08:54:01.078256,15862.441251950473,-12725.88365276988,1356.5878914828716,0.629727657986263,3.5252585938146535,-0.14656804869290208,40735U
2025-06-30T08:55:01.078256,15898.940909888088,-12513.176503596253,1347.6742212026043,0.5844863395564245,3.5611831990124014,-0.150422514199118,40735U
2025-06-30T08:56:01.078256,15932.700167060486,-12298.315937636133,1338.528134591515,0.5384354945162606,3.597051447438561,-0.15431112645253625,40735U
2025-06-30T08:57:01.078256,15963.669787665462,-12081.305512757346,1329.1475634784956,0.49155317706269525,3.6328585478745885,-0.1582346479472564,40735U
2025-06-30T08:58:01.078256,15991.799193922412,-11862.149088421524,1319.5303935913064,0.44381657669938857,3.668599251434907,-0.16219385785132212,40735U
2025-06-30T08:59:01.078256,16017.036413013084,-11640.850854148443,1309.6744635561734,0.39520197786093547,3.704267817938514,-0.16618955217503853,40735U
2025-06-30T09:00:01.078256,16039.328021535805,-11417.415360079242,1299.5775638885934,0.34568471732844214,3.739857979499206,-0.17022254390161792,40735U
2025-06-30T09:01:01.078256,16058.619087336128,-11191.847549814493,1289.237435977888,0.29523913930890505,3.775362901082189,-0.17429366307342187,40735U
2025-06-30T09:02:01.078256,16074.853108570513,-10964.1527957167,1278.6517710683845,0.24383854804327637,3.810775137749854,-0.17840375682616377,40735U
2025-06-30T09:03:01.078256,16087.971949850287,-10734.336936884369,1267.8182092406062,0.19145515780102756,3.8460865882915525,-0.1825536893623681,40735U
2025-06-30T09:04:01.078256,16097.915775304726,-10502.406320025606,1256.734338396456,0.1380600401120906,3.8812884449009064,-0.18674434185414157,40735U
2025-06-30T09:05:01.078256,16104.622978393107,-10268.367843478198,1245.3976932529517,0.08362306807914976,3.916371138529998,-0.19097661226396961,40735U
2025-06-30T09:06:01.078256,16108.030108285535,-10032.229004647843,1233.8057543498185,0.028112857606273387,3.951324279511156,-0.19525141507064708,40735U
2025-06-30T09:07:01.078256,16108.07179262282,-9793.997951162324,1221.9559470771349,-0.028503294627339398,3.9861365929943724,-0.19956968088565522,40735U
2025-06-30T09:08:01.078256,16104.68065645469,-9553.683536066847,1209.845640730059,-0.08625947662694854,4.020795848700993,-0.2039323559432706,40735U
