timestamp,x_km,y_km,z_km,vx_km_s,vy_km_s,vz_km_s,name
2025-06-27T09:40:51.371898,-2737.9558507240295,-2661.355187664788,6593.125570785351,2.245616190655795,6.020906426172361,3.3972712375418146,42085U
2025-06-27T09:41:51.371898,-2598.865676723192,-2295.9919180440065,6786.169104383099,2.389439852204104,6.154503585491856,3.0359037192372185,42085U
2025-06-27T09:42:51.371898,-2451.379897939599,-1923.2117611978956,6957.241097100623,2.5253982834689204,6.268089496646711,2.6650894128765548,42085U
2025-06-27T09:43:51.371898,-2295.9835569128263,-1544.2256799547786,7105.812189212503,2.6530587717845537,6.361331831225347,2.286078225150421,42085U
2025-06-27T09:44:51.371898,-2133.1867320674055,-1160.2624042600717,7231.428694930851,2.7720194792168695,6.433970355501218,1.9001423413728715,42085U
2025-06-27T09:45:51.371898,-1963.52265065607,-772.5641013291068,7333.71378759218,2.8819106067397473,6.485817130379338,1.508571254963718,42085U
2025-06-27T09:46:51.371898,-1787.5457369492894,-382.3820432851229,7412.368388612917,2.9823953990987975,6.516756406991819,1.112666837685217,42085U
2025-06-27T09:47:51.371898,-1605.829605074776,9.027710094311807,7467.171763404744,3.0731709927895174,6.526744232634776,0.7137384732522655,42085U
2025-06-27T09:48:51.371898,-1418.9650057246865,400.4085968073428,7497.981828670069,3.1539691105173895,6.515807782536405,0.31309827439497,42085U
2025-06-27T09:49:51.371898,-1227.5577357178406,790.5077904520483,7504.735176576857,3.2245566062527304,6.484044433383847,-0.08794359901343335,42085U
2025-06-27T09:50:51.371898,-1032.226519139685,1178.080375603434,7487.446822250408,3.284735865555445,6.431620594659694,-0.48808350548592083,42085U
2025-06-27T09:51:51.371898,-833.6008684961604,1561.8934468312575,7446.209681829178,3.334345066237383,6.358770313697928,-0.8860287579866628,42085U
2025-06-27T09:52:51.371898,-632.3189340166078,1940.7301183553275,7381.193789025916,3.3732583046733415,6.265793670018579,-1.2805019193551244,42085U
2025-06-27T09:53:51.371898,-429.02534893382204,2313.3934322125024,7292.645258730047,3.401385593188454,6.1530549739939975,-1.6702449476246346,42085U
2025-06-27T09:54:51.371898,-224.3690782622809,2678.710153650335,7180.885006697005,3.4186727339633607,6.02098078429196,-2.0540231832403655,42085U
2025-06-27T09:55:51.371898,-19.001278292226022,3035.5344432655593,7046.307234810257,3.425101074835381,5.870057757880375,-2.4306291714127934,42085U
2025-06-27T09:56:51.371898,186.42682627916497,3382.751396170215,6889.377691786311,3.4206871522580165,5.700830345710208,-2.7988863138462454,42085U
2025-06-27T09:57:51.371898,391.2660409472071,3719.280439199273,6710.6317195331785,3.4054822265351303,5.513898346554873,-3.157652344881166,42085U
2025-06-27T09:58:51.371898,594.8712693777036,4044.0785778721415,6510.672095680553,3.3795717142927453,5.309914330906926,-3.505822627706914,42085U
2025-06-27T09:59:51.371898,796.6035446862536,4356.143485497301,6290.166683081328,3.3430745230064467,5.089580946337407,-3.842333266776477,42085U
2025-06-27T10:00:51.371898,995.8320182105139,4654.516427465712,6049.845897346504,3.296142292282174,4.853648115326384,-4.1661640329149305,42085U
2025-06-27T10:01:51.371898,1191.9359002348353,4938.28501442528,5790.5000037212185,3.238958546503129,4.6029101362791245,-4.476341097899272,42085U
2025-06-27T10:02:51.371898,1384.3063473941224,5206.585778669221,5512.976254840264,3.1717377634122936,4.338202698253229,-4.771939575531115,42085U
2025-06-27T10:03:51.371898,1572.3482917557935,5458.606568712724,5218.175881116125,3.094724363203534,4.060399819828401,-5.052085866459169,42085U
2025-06-27T10:04:51.371898,1755.482206856369,5693.588757678499,4907.050945708692,3.0081916227431527,3.770410722541717,-5.315959804264079,42085U
2025-06-27T10:05:51.371898,1933.1458062560341,5910.8292617666875,4580.601076199507,2.9124405196358096,3.4691766493696505,-5.5627966006190785,42085U
2025-06-27T10:06:51.371898,2104.7956704720245,6109.682365749035,4239.870085240268,2.8077985109785017,3.1576676388440434,-5.791888587704885,42085U
2025-06-27T10:07:51.371898,2269.908798461626,6289.561353103002,3885.9424925592048,2.6946182518051187,2.836879265520153,-6.002586756501071,42085U
2025-06-27T10:08:51.371898,2427.9840801476153,6449.939939086244,3519.939960784954,2.5732762584029523,2.5078293576490376,-6.194302090106569,42085U
2025-06-27T10:09:51.371898,2578.5436868149313,6590.353505743946,3143.0176575798387,2.4441715218710955,2.171554703019754,-6.366506691861754,42085U
2025-06-27T10:10:51.371898,2721.134376554478,6710.400138537393,2756.3605565576363,2.3077240774765855,1.8291077540083325,-6.518734708751672,42085U
2025-06-27T10:11:51.371898,2855.3287122882152,6809.741464975932,2361.179689391778,2.1643735355376057,1.481553342880834,-6.650583051356197,42085U
2025-06-27T10:12:51.371898,2980.726190276804,6888.10329632236,1958.7083613931563,2.0145775797114966,1.1299654183281305,-6.761711912467718,42085U
2025-06-27T10:13:51.371898,3096.954277383495,6945.2760741155635,1550.1983426524998,1.8588104386798798,0.7754238140488853,-6.851845087404078,42085U
2025-06-27T10:14:51.371898,3203.669355744326,6981.115123908628,1136.9160465967457,1.6975613372936948,0.4190110599308099,-6.920770099987148,42085U
2025-06-27T10:15:51.371898,3300.5575738696593,6995.540719248135,720.1387075051435,1.5313329332603693,0.06180924600456001,-6.968338139114549,42085U
2025-06-27T10:16:51.371898,3387.3356035735796,6988.537959514006,301.1505681676055,1.3606397454167514,-0.2951030511464811,-6.994463811803125,42085U
2025-06-27T10:17:51.371898,3463.7513024908526,6960.156465793034,-118.76091154954113,1.1860065795309804,-0.6506537704412458,-6.999124719505644,42085U
2025-06-27T10:18:51.371898,3529.584282292208,6910.509899466469,-538.3088149345756,1.0079669574107573,-1.003780288456021,-6.98236086537498,42085U
2025-06-27T10:19:51.371898,3584.646383044615,6839.775308647172,-956.2104876781234,0.8270615548636607,-1.3534322541324333,-6.944273900952057,42085U
2025-06-27T10:20:51.371898,3628.7820544791894,6748.1923080008855,-1371.1912069119041,0.6438366537585203,-1.6985743294005895,-6.885026221464694,42085U
2025-06-27T10:21:51.371898,3661.8686452225143,6636.062097823982,-1781.9877914020553,0.458842613076664,-2.038188830070568,-6.804839919526927,42085U
2025-06-27T10:22:51.371898,3683.8166013149034,6503.746328525043,-2187.3521448735487,0.2726323634233261,-2.3712782624001574,-6.703995607505552,42085U
2025-06-27T10:23:51.371898,3694.569575577408,6351.665816866374,-2586.05472507326,0.08575992899708101,-2.6968677518503976,-6.582831119159579,42085U
2025-06-27T10:24:51.371898,3694.1044495972037,6180.299120465047,-2976.8879318174363,-0.1012210195033566,-3.014007361672812,-6.441740101347931,42085U
2025-06-27T10:25:51.371898,3682.4312702759453,5990.180977129317,-3358.6694079079984,-0.2877585781136167,-3.321774300115599,-6.281170506632729,42085U
2025-06-27T10:26:51.371898,3659.5931030262545,5781.900615618842,-3730.245247430139,-0.4733039866452235,-3.619275016168319,-6.101622997475189,42085U
2025-06-27T10:27:51.371898,3625.665803807496,5556.099944366277,-4090.493106553688,-0.6573129678077807,-3.905647184866512,-5.9036492724259215,42085U
2025-06-27T10:28:51.371898,3580.75771226281,5313.471624588775,-4438.325212542656,-0.8392470273023027,-4.180061584227482,-5.687850324252468,42085U
2025-06-27T10:29:51.371898,3525.0092682553754,5054.757034053329,-4772.691267224193,-1.0185747143925228,-4.44172386686678,-5.454874639327937,42085U
2025-06-27T10:30:51.371898,3458.592554104056,4780.744127546985,-5092.58124167005,-1.1947728430640459,-4.689876230230603,-5.205416346832892,42085U
2025-06-27T10:31:51.371898,3381.710764788483,4492.265199845575,-5397.028059295507,-1.3673276744612255,-4.923798990155339,-4.940213325407127,42085U
2025-06-27T10:32:51.371898,3294.597608333031,4190.194556682358,-5685.110164973416,-1.5357360618355753,-5.142812063112144,-4.660045273842737,42085U
2025-06-27T10:33:51.371898,3197.516638491004,3875.44609889628,-5955.953978090412,-1.6995065597371644,-5.3462763629970045,-4.365731751248798,42085U
2025-06-27T10:34:51.371898,3090.760521736973,3548.970824598481,-6208.736227732952,-1.8581604996202696,-5.533595118670328,-4.058130190860082,42085U
2025-06-27T10:35:51.371898,2974.65024044163,3211.7542538435073,-6442.686168377704,-2.0112330344060703,-5.704215118621341,-3.7381338903280295,42085U
2025-06-27T10:36:51.371898,2849.5342339517597,2864.813779937502,-6657.08767457318,-2.158274154838628,-5.857627889123088,-3.4066699799434392,42085U
2025-06-27T10:37:51.371898,2715.7874791347585,2509.1959511713994,-6851.281213132492,-2.298849680675771,-5.993370812043363,-3.064697368824476,42085U
2025-06-27T10:38:51.371898,2573.8105117754562,2145.9736864387855,-7024.665691314429,-2.432542229867552,-6.1110281880833925,-2.713204667683674,42085U
2025-06-27T10:39:51.371898,2424.02839003984,1776.2434279023878,-7176.700179347646,-2.558952168881303,-6.2102322506245775,-2.3532080853978616,42085U
2025-06-27T10:40:51.371898,2266.8896010496146,1401.1222336125634,-7306.905505458476,-2.6776985472322177,-6.290664134578666,-1.9857492952686,42085U
2025-06-27T10:41:51.371898,2102.864911451345,1021.7448127743731,-7414.865721295316,-2.7884200190639046,-6.352054803660108,-1.6118932656166232,42085U
2025-06-27T10:42:51.371898,1932.4461627174894,639.26050620845,-7500.229435311986,-2.8907757542947143,-6.394185938343063,-1.2327260482256095,42085U
2025-06-27T10:43:51.371898,1756.14501179364,254.83021447237584,-7562.711011282061,-2.9844463414005635,-6.4168907854393735,-0.8493525171785805,42085U
2025-06-27T10:44:51.371898,1574.4916176094837,-130.37672389477837,-7602.091628677897,-3.0691346833463387,-6.420054968756973,-0.4628940498383019,42085U
2025-06-27T10:45:51.371898,1388.033273909278,-515.1857014578197,-7618.220201170358,-3.144566887508147,-6.403617258690818,-0.07448614114804195,42085U
2025-06-27T10:46:51.371898,1197.3329888354472,-898.4200555786591,-7611.014149001143,-3.210493149656115,-6.3675702968858445,0.3147240579040851,42085U
2025-06-27T10:47:51.371898,1002.9680117224715,-1278.904323721017,-7580.460020462979,-3.266688631198654,-6.311961270324473,0.7035802868763562,42085U
2025-06-27T10:48:51.371898,805.5283076326743,-1655.4675369946362,-7526.6139572084385,-3.3129543279380775,-6.236892527362627,1.0909198165087257,42085U
2025-06-27T10:49:51.371898,605.614980295209,-2026.9465480872514,-7449.601997613051,-3.3491179275674074,-6.142522126406562,1.475576191847066,42085U
2025-06-27T10:50:51.371898,403.8386442985649,-2392.189389148868,-7349.620211959914,-3.3750346520663106,-6.029064306129221,1.856382085430433,42085U
2025-06-27T10:51:51.371898,200.81774763804862,-2750.0586545072374,-7226.934662810436,-3.3905880800512813,-5.896789864413097,2.232172266908037,42085U
2025-06-27T10:52:51.371898,-2.8231539657626596,-3099.434902311977,-7081.881183597671,-3.3956909430225566,-5.746026431623663,2.6017866939081675,42085U
2025-06-27T10:53:51.371898,-206.45516918225903,-3439.2200683327983,-6914.864968245503,-3.39028588835381,-5.577158622410725,2.9640737271024715,42085U
2025-06-27T10:54:51.371898,-409.44688738213,-3768.340884187619,-6726.359964497071,-3.374346200815669,-5.390628049052774,3.317893470211878,42085U
2025-06-27T10:55:51.371898,-611.1662364042243,-4085.7522912603845,-6516.908063648383,-3.3478764734401603,-5.186933178448743,3.662121233205154,42085U
2025-06-27T10:56:51.371898,-810.9823784768007,-4390.4408405024005,-6287.118079546189,-3.3109132176472476,-4.9666290142687,3.995651114178553,42085U
2025-06-27T10:57:51.371898,-1008.2676403823382,-4681.428067215261,-6037.664510037106,-3.2635254017983746,-4.730326585539384,4.317399692417303,42085U
2025-06-27T10:58:51.371898,-1202.3994733002337,-4957.773828806884,-5769.286074563361,-3.205814906741186,-4.478692223102317,4.626309821972594,42085U
2025-06-27T10:59:51.371898,-1392.7624370750293,-5218.579592421083,-5482.784022297551,-3.137916886494476,-4.212446605968169,4.921354511802629,42085U
2025-06-27T11:00:51.371898,-1578.750202946976,-5462.991658288917,-5179.020206104379,-3.06000002201577,-3.9323635606267224,5.201540875185154,42085U
2025-06-27T11:01:51.371898,-1759.7675680621562,-5690.204303666013,-4858.914918711699,-2.972266656019275,-3.6392685978678765,5.465914127787757,42085U
2025-06-27T11:02:51.371898,-1935.2324743635152,-5899.462831330602,-4523.444488767772,-2.8749527970863973,-3.3340371736293895,5.713561610555735,42085U
2025-06-27T11:03:51.371898,-2104.5780237673903,-6090.066505851094,-4173.638635949083,-2.7683279818479485,-3.017592662802901,5.943616810529154,42085U
2025-06-27T11:04:51.371898,-2267.254480870272,-6261.371360218434,-3810.577585951222,-2.652694984823601,-2.690904037777045,6.155263349913975,42085U
2025-06-27T11:05:51.371898,-2422.731253821178,-6412.792855001611,-3435.388948031162,-2.528389366581331,-2.354983246745356,6.34773891128757,42085U
2025-06-27T11:06:51.371898,-2570.4988434562074,-6543.808371951699,-3049.24435974628,-2.39577885222066,-2.0108822904049712,6.520339064799192,42085U
2025-06-27T11:07:51.371898,-2710.070750337611,-6653.959523969934,-2653.3559056314516,-2.2552625337756615,-1.659689999564354,6.672420961701686,42085U
2025-06-27T11:08:51.371898,-2840.9853289859698,-6742.854263587644,-2248.972318736441,-2.107269891955304,-1.3025285202915058,6.8034068575890245,42085U
2025-06-27T11:09:51.371898,-2962.807578356161,-6810.168772592848,-1837.374976176303,-1.9522596346616146,-0.9405495174866392,6.912787428368969,42085U
2025-06-27T11:10:51.371898,-3075.1308574962454,-6855.649116188388,-1419.8737020898009,-1.7907183519149288,-0.5749301120672194,7.000124842311596,42085U
2025-06-27T11:11:51.371898,-3177.5785153542256,-6879.112646080966,-997.802393611865,-1.6231589891282063,-0.2068685712113507,7.0650555525083725,42085U
2025-06-27T11:12:51.371898,-3269.805423868251,-6880.4491381762045,-572.5144876032736,-1.4501191430619322,0.16242022478101162,7.107292775760673,42085U
2025-06-27T11:13:51.371898,-3351.499403794319,-6859.621652080298,-145.37828790107758,-1.2721591872063265,0.5317095115793941,7.126628626280291,42085U
2025-06-27T11:14:51.371898,-3422.38253319362,-6816.667101367875,282.2278252863282,-1.0898602357241156,0.899765534907889,7.122935875598554,42085U
2025-06-27T11:15:51.371898,-3482.2123291163534,-6751.69652554413,708.9202805558581,-0.9038219573898022,1.2653525755680246,7.096169313696248,42085U
2025-06-27T11:16:51.371898,-3530.7827937731595,-6664.895056779316,1133.315270351414,-0.7146602531256847,1.6272380687591654,7.046366690517245,42085U
2025-06-27T11:17:51.371898,-3567.925317370335,-6556.521576789602,1554.0337500104272,-0.5230048127086686,1.984197779055155,6.973649221631266,42085U
2025-06-27T11:18:51.371898,-3593.509430786458,-6426.9080616428955,1969.7064540984377,-0.32949656795665466,2.3350209910332973,6.878221646767968,42085U
2025-06-27T11:19:51.371898,-3607.443402370288,-6276.458614739455,2378.978902772369,-0.1347850611582385,2.6785156748634726,6.760371835146657,42085U
2025-06-27T11:20:51.371898,-3609.6746743238923,-6105.648190710304,2780.5163707018114,0.0604742513523043,3.0135135861742177,6.620469936855597,42085U
2025-06-27T11:21:51.371898,-3600.190135379367,-5915.021015448971,3173.0087911963087,0.2556227397743134,3.338875260213905,6.458967084871551,42085U
2025-06-27T11:22:51.371898,-3579.016227760748,-5705.188709897844,3555.175568637916,0.45000136443452576,3.6534948617035625,6.276393657530655,42085U
2025-06-27T11:23:51.371898,-3546.2188877208946,-5476.828127509168,3925.7702730860583,0.6429534411788431,3.9563048537906482,6.073357116249201,42085U
2025-06-27T11:24:51.371898,-3501.903320233275,-5230.678917452988,4283.58519198942,0.8338273876282066,4.246280452104662,5.850539437936677,42085U
2025-06-27T11:25:51.371898,-3446.213609678498,-4967.540827614679,4627.4557152825055,1.0219794299927816,4.522443833014464,5.608694165743986,42085U
2025-06-27T11:26:51.371898,-3379.3321695733134,-4688.2707631868625,4956.264531726589,1.2067762510848525,4.783868068703663,5.348643105465863,42085U
2025-06-27T11:27:51.371898,-3301.4790355268924,-4393.779618186907,5268.945616146094,1.3875975614064422,5.029680765524383,5.0712726979978235,42085U
2025-06-27T11:28:51.371898,-3212.9110066590847,-4085.0288985110665,5564.4879891640685,1.5638385766675,5.259067386151959,4.777530100692743,42085U
2025-06-27T11:29:51.371898,-3113.9206416630964,-3763.027156154697,5841.939233119686,1.7349123867724618,5.471274240245445,4.468419012238952,42085U
2025-06-27T11:30:51.371898,-3004.8351165318195,-3428.8262549867927,6100.408750007437,1.9002522031440447,5.665611132511595,4.144995276789567,42085U
2025-06-27T11:31:51.371898,-2886.014951684501,-3083.5174889671302,6339.070749473557,2.0593134731832023,5.841453661178033,3.8083623035234235,42085U
2025-06-27T11:32:51.371898,-2757.852616825658,-2728.2275739492857,6557.1669570972535,2.2115758526387985,5.99824516381056,3.4596663376480072,42085U
2025-06-27T11:33:51.371898,-2620.77102234088,-2364.1145342342897,6754.009035337728,2.3565450286322203,6.135498311082247,3.1000916181120965,42085U
2025-06-27T11:34:51.371898,-2475.221906387056,-1992.363504852686,6928.980711607324,2.4937543880004447,6.252796352449048,2.730855456048313,42085U
2025-06-27T11:35:51.371898,-2321.6841270740347,-1614.182470177311,7081.5396099105255,2.6227665274472036,6.349794020657315,2.3532032662869766,42085U
2025-06-27T11:36:51.371898,-2160.661869268114,-1230.7979589337438,7211.218784344372,2.7431746036879887,6.426218104566795,1.9684035822571935,42085U
2025-06-27T11:37:51.371898,-1992.6827755860568,-843.4507150071355,7317.62795447185,2.8546035233133127,6.481867701897512,1.577743082306253,42085U
2025-06-27T11:38:51.371898,-1818.2960111020864,-453.39136267075236,7400.454444145018,2.9567109734542782,6.516614165197884,1.1825216530115852,42085U
2025-06-27T11:39:51.371898,-1638.0702711726935,-61.876084010392596,7459.463826764196,3.049188295503293,6.530400755593508,0.7840475125162117,42085U
2025-06-27T11:40:51.371898,-1452.5917416067111,329.83767458474006,7494.5002812129405,3.1317612051136234,6.523242019736618,0.38363241436717205,42085U
2025-06-27T11:41:51.371898,-1262.4620201844548,720.4954509265127,7505.486663810798,3.2041903624787147,6.4952229058688795,-0.017413050151149734,42085U
2025-06-27T11:42:51.371898,-1068.2960082700392,1108.8499555323745,7492.42430258536,3.26627179748259,6.446497635079975,-0.4177840355627726,42085U
2025-06-27T11:43:51.371898,-870.7197809777088,1493.6651860684256,7455.392520993128,3.3178371947314935,6.377288343740317,-0.8161858981912057,42085U
2025-06-27T11:44:51.371898,-670.3684440538273,1873.720454584217,7394.5478989293015,3.3587540437429846,6.287883512762487,-1.2113385131481014,42085U
2025-06-27T11:45:51.371898,-467.88398533002834,2247.8143152769267,7310.1232794743255,3.388925659703189,6.178636198857631,-1.6019804426264794,42085U
2025-06-27T11:46:51.371898,-263.9131282959414,2614.768381370507,7202.426530345462,3.4082910802313435,6.0499620823533835,-1.9868729473177622,42085U
2025-06-27T11:47:51.371898,-59.10519503586077,2973.4310205060315,7071.8390694699,3.416824843537211,5.902337345479584,-2.3648038340442135,42085U
2025-06-27T11:48:51.371898,145.8900145233523,3322.680918810572,6918.814164485926,3.41453665324617,5.736296394353077,-2.7345911337394253,42085U
2025-06-27T11:49:51.371898,350.42432039567734,3661.4305045484807,6743.87501632297,3.401470935023202,5.55242943724126,-3.095086604741041,42085U
2025-06-27T11:50:51.371898,553.8532309739642,3988.629222962081,6547.612637321149,3.3777062899708703,5.351379931089397,-3.4451790570053906,42085U
2025-06-27T11:51:51.371898,755.5379760209601,4303.266654588619,6330.683534633554,3.3433548496270773,5.133841907780774,-3.783797493348865,42085U
2025-06-27T11:52:51.371898,954.8474983805095,4604.375469998653,6093.807209917136,3.2985615372608015,4.900557191179412,-4.109914064195561,42085U
2025-06-27T11:53:51.371898,1151.1603988422921,4891.03421454736,5837.763486564248,3.2435032400697166,4.652312515689657,-4.422546832603345,42085U
2025-06-27T11:54:51.371898,1343.8668288601639,5162.369917370387,5563.389675957583,3.178387896830971,4.389936556855552,-4.7207623465857695,42085U
2025-06-27T11:55:51.371898,1532.370326093355,5417.560519495166,5271.577594446597,3.1034535055488552,4.114296884410781,-5.003678015977825,42085U
2025-06-27T11:56:51.371898,1716.0895880147673,5655.837116581527,4963.270442941498,3.018967055682455,3.82629684816507,-5.270464291338756,42085U
2025-06-27T11:57:51.371898,1894.46017911414,5876.486012456944,4639.459561197065,2.9252233896189535,3.526872407158906,-5.520346642672035,42085U
2025-06-27T11:58:51.371898,2066.9361675174896,6078.850580272285,4301.181069009015,2.822543998180036,3.216988912616291,-5.752607336090086,42085U
2025-06-27T11:59:51.371898,2232.991687149715,6262.332928775538,3949.5124066648027,2.711275755101401,2.8976378553530715,-5.9665870069752955,42085U
2025-06-27T12:00:51.371898,2392.1224218857997,6426.39537188195,3585.5687870730703,2.5917895956003676,2.5698335884330747,-6.161686028698267,42085U
2025-06-27T12:01:51.371898,2543.8470084664627,6570.561700408155,3210.4995720358356,2.4644791443324654,2.2346100359837826,-6.337365676553215,42085U
2025-06-27T12:02:51.371898,2687.7083552980935,6694.418255530782,2825.484585119482,2.329759298224792,1.8930173991641974,-6.493149087257199,42085U
2025-06-27T12:03:51.371898,2823.274874610364,6797.614804222735,2431.730373521406,2.1880647698495506,1.5461188703018036,-6.628622015127582,42085U
2025-06-27T12:04:51.371898,2950.1416258085346,6879.865217607684,2030.4664312129933,2.0398485971547715,1.1949873661629977,-6.743433386891127,42085U
2025-06-27T12:05:51.371898,3067.931368227202,6940.947953847866,1622.9413954664933,1.8855806254907848,0.8407022911794401,-6.837295657972196,42085U
2025-06-27T12:06:51.371898,3176.295521865242,6980.70634783711,1210.4192286406114,1.7257459679507912,0.4843463412093792,-6.909984974040971,42085U
2025-06-27T12:07:51.371898,3274.915035055809,6999.04871060215,794.1753968057501,1.5608434500733837,0.1270023580583729,-6.961341142554828,42085U
2025-06-27T12:08:51.371898,3363.501158395114,6995.94824191381,375.49305644078254,1.3913840449292876,-0.23024975548146295,-6.991267419975795,42085U
2025-06-27T12:09:51.371898,3441.7961246164605,6971.442760170135,-44.340739974699794,1.2178893045265151,-0.5863360508965028,-6.999730121273532,42085U
2025-06-27T12:10:51.371898,3509.5737344484164,6925.634254127949,-464.038809106224,1.040889793316846,-0.9401914710347935,-6.986758059203732,42085U
2025-06-27T12:11:51.371898,3566.6398488325076,6858.688261523921,-882.3175627879834,0.8609235293688193,-1.2907627013175895,-6.952441821665659,42085U
2025-06-27T12:12:51.371898,3612.832788194173,6770.833080034516,-1297.9006856091294,0.6785344384902807,-1.6370109282794603,-6.896932896169568,42085U
2025-06-27T12:13:51.371898,3648.0236397574577,6662.3588163732475,-1709.5227553296943,0.49427082623708224,-1.9779144996115254,-6.820442651066203,42085U
2025-06-27T12:14:51.371898,3672.116474164394,6533.61627960952,-2115.932797999466,0.30868387233959615,-2.312471480922934,-6.7232411836907815,42085U
2025-06-27T12:15:51.371898,3685.0484729034597,6385.015725014705,-2515.8977702784864,0.12232615161904895,-2.6397021055281167,-6.605656045938227,42085U
2025-06-27T12:16:51.371898,3686.789968264115,6217.025454895738,-2908.205962094992,-0.06424981504264632,-2.9586511146944607,-6.468070858003255,42085U
2025-06-27T12:17:51.371898,3677.3443977144043,6030.170282966349,-3291.670313410791,-0.2504929766626483,-3.268389986922774,-6.3109238210809435,42085U
2025-06-27T12:18:51.371898,3656.7481747458646,5825.029868829286,-3665.131639494665,-0.43585513261010506,-3.568019055968118,-6.1347061397229705,42085U
2025-06-27T12:19:51.371898,3625.0704783414603,5602.236929105117,-4027.4617597146944,-0.6197922757164638,-3.856669518413804,-5.939960364280587,42085U
2025-06-27T12:20:51.371898,3582.412963299718,5362.475331644542,-4377.5665254461455,-0.8017658968206014,-4.133505332670393,-5.727278663437581,42085U
2025-06-27T12:21:51.371898,3528.909393690747,5106.478079107521,-4714.388743243644,-0.9812442501405435,-4.39772501226252,-5.497301036247244,42085U
2025-06-27T12:22:51.371898,3464.725201728418,4835.025187989079,-5036.910989934263,-1.1577035794667172,-4.648563317168143,-5.250713472345175,42085U
2025-06-27T12:23:51.371898,3390.056974318951,4548.941468922463,-5344.158316748954,-1.3306293057547272,-4.885292847771485,-4.988246068120679,42085U
2025-06-27T12:24:51.371898,3305.1318694918505,4249.094213806121,-5635.200840010234,-1.4995171772436937,-5.107225546659836,-4.710671105609956,42085U
2025-06-27T12:25:51.371898,3210.206964836335,3936.390794984266,-5909.156216235583,-1.663874383732063,-5.313714114024393,-4.418801099734174,42085U
2025-06-27T12:26:51.371898,3105.5685399585636,3611.776181374792,-6165.191999786602,-1.8232206370913544,-5.504153342796906,-4.11348681826695,42085U
2025-06-27T12:27:51.371898,2991.53129484522,3276.2303760880213,-6402.527881394558,-1.9770892204821953,-5.677981379857217,-3.795615277595103,42085U
2025-06-27T12:28:51.371898,2868.4375058719907,2930.7657797279044,-6620.437806016385,-2.1250280090434983,-5.834680919669066,-3.4661077159596387,42085U
2025-06-27T12:29:51.371898,2736.6561210343793,2576.424483220055,-6818.2519685236175,-2.266600465047936,-5.9737803365365885,-3.125917544451579,42085U
2025-06-27T12:30:51.371898,2596.581795809476,2214.275493683028,-6995.358685694982,-2.4013866106435504,-6.094854761313754,-2.7760282746204727,42085U
2025-06-27T12:31:51.371898,2448.6338708848302,1845.4118965557373,-7151.206142876444,-2.5289839813287553,-6.1975271078436736,-2.4174514201564112,42085U
2025-06-27T12:32:51.371898,2293.2552928203063,1470.9479569299092,-7285.304013489295,-2.6490085632262277,-6.281469053653018,-2.051224368762061,42085U
2025-06-27T12:33:51.371898,2130.911478547035,1092.0161628190128,-7397.224949312741,-2.7610957170289043,-6.346401978484084,-1.6784082190691298,42085U
2025-06-27T12:34:51.371898,1962.0891244600475,709.7642129363837,-7486.605939146843,-2.864901091183865,-6.392097863120801,-1.3000855763065118,42085U
2025-06-27T12:35:51.371898,1787.2949607333676,325.3519514626041,-7553.149533082389,-2.9601015264565893,-6.4183801496682555,-0.9173582994251122,42085U
2025-06-27T12:36:51.371898,1607.0544513861983,-60.0517477328078,-7596.624929173178,-3.046395953481359,-6.425124562992364,-0.5313451915621492,42085U
2025-06-27T12:37:51.371898,1421.91044056087,-445.27214488125065,-7616.868918835601,-3.123506284254134,-6.412259891440166,-0.14317962511348592,42085U
2025-06-27T12:38:51.371898,1232.4217454440611,-829.1318434227057,-7613.786686800304,-3.19117829777182,-6.379768723264116,0.24599290769347212,42085U
2025-06-27T12:39:51.371898,1039.161696278751,-1210.454041478772,-7587.352460925869,-3.249182519170784,-6.327688133396865,0.6350173279428857,42085U
2025-06-27T12:40:51.371898,842.7166239793866,-1588.0658223806142,-7537.610006669189,-3.297315090782461,-6.2561103133981595,1.02273159592731,42085U
2025-06-27T12:41:51.371898,643.6842959833377,-1960.8014804771371,-7464.672960508383,-3.3353986325166165,-6.165183135560737,1.4079694383448949,42085U
2025-06-27T12:42:51.371898,442.67230114920415,-2327.505877883354,-7368.724996148676,-3.3632830879212774,-6.055110640357728,1.789563184530318,42085U
2025-06-27T12:43:51.371898,240.29638475352843,-2687.037827157733,-7250.019816929204,-3.38084655117101,-5.92615343468432,2.1663467183005665,42085U
2025-06-27T12:44:51.371898,37.178734940003174,-3038.2734941316785,-7108.8809675073835,-3.3879960691251267,-5.778628986736777,2.5371585505093814,42085U
2025-06-27T12:45:51.371898,-166.05377765681823,-3380.1098142556325,-6945.701457647347,-3.384668411497856,-5.612911801930937,2.900845015580083,42085U
2025-06-27T12:46:51.371898,-368.7714049602273,-3711.4679148874015,-6760.943190799833,-3.3708308011203574,-5.429433463037555,3.2562635931402912,42085U
2025-06-27T12:47:51.371898,-570.3433685274078,-4031.2965349419524,-6555.136190150481,-3.3464815952772984,-5.228682516751194,3.602286353434499,42085U
2025-06-27T12:48:51.371898,-770.1397454576871,-4338.57543226136,-6328.877614951097,-3.311650908197607,-5.011204188258786,3.937803522468541,42085U
2025-06-27T12:49:51.371898,-967.5333893364484,-4632.318767970504,-6082.830560248618,-3.2664011639984065,-4.777599905075743,4.261727159885517,42085U
2025-06-27T12:50:51.371898,-1161.9018817720028,-4911.578455976245,-5817.72263360467,-3.2108275687532304,-4.528526611509553,4.572994939430356,42085U
2025-06-27T12:51:51.371898,-1352.629509400776,-5175.447464670998,-5534.344303064938,-3.1450584899060394,-4.264695855625021,4.870574018588184,42085U
2025-06-27T12:52:51.371898,-1539.1092605307542,-5423.0630568405895,-5233.5470114997715,-3.0692557310091066,-3.9868726315444647,5.15346498064445,42085U
2025-06-27T12:53:51.371898,-1720.7448348736818,-5653.60995277644,-4916.241053501017,-2.9836146897460343,-3.6958739613375506,5.420705829081466,42085U
2025-06-27T12:54:51.371898,-1896.9526591007937,-5866.323400684903,-4583.393212281681,-2.8883643874312983,-3.3925672026397926,5.671376010977941,42085U
2025-06-27T12:55:51.371898,-2067.163900256177,-6060.492137696495,-4236.024155482905,-2.7837673586677343,-3.0778680704829755,5.9046004429918435,42085U
2025-06-27T12:56:51.371898,-2230.826468395061,-6235.461224136249,-3875.2055904331755,-2.6701193906018768,-2.7527383646018317,6.119553510669793,42085U
2025-06-27T12:57:51.371898,-2387.4069991962615,-6390.6347332475925,-3502.0571812153944,-2.547749102246596,-2.418183396670251,6.315463009317908,42085U
2025-06-27T12:58:51.371898,-2536.392806746258,-6525.478278293727,-3117.743231853783,-2.4170173556345413,-2.075249115468743,6.491613992572906,42085U
2025-06-27T12:59:51.371898,-2677.29379622274,-6639.521358911335,-2723.4691420134873,-2.278316492114615,-1.7250189318390703,6.64735249320002,42085U
2025-06-27T13:00:51.371898,-2809.6443258343884,-6732.35950878338,-2320.4776437751952,-2.1320693888847373,-1.3686102493684005,6.7820890795860285,42085U
2025-06-27T13:01:51.371898,-2933.005007114373,-6803.656227141884,-1910.0448302743514,-1.9787283328424694,-1.0071707109876693,6.895302210945373,42085U
2025-06-27T13:02:51.371898,-3046.9644325317317,-6853.144677318727,-1493.475989238713,-1.8187737109951283,-0.6418741759762864,6.986541354459228,42085U
2025-06-27T13:03:51.371898,-3151.1408193856823,-6880.629136534451,-1072.1012566788074,-1.652712518962741,-0.2739164461444132,7.055429828449235,42085U
2025-06-27T13:04:51.371898,-3245.1835590936594,-6885.986182349685,-647.2711081386933,-1.481076691483697,0.09548923588641994,7.101667337260498,42085U
2025-06-27T13:05:51.371898,-3328.7746612754345,-6869.165602690801,-220.3517069593441,-1.3044212612446333,0.46511688945945384,7.1250321657841225,42085U
2025-06-27T13:06:51.371898,-3401.630082478348,-6830.191018085366,207.27986910386608,-1.1233223547478317,0.8337326692747975,7.125383004462773,42085U
2025-06-27T13:07:51.371898,-3463.500929976753,-6769.160206681497,634.2404998706716,-0.9383750362475589,1.2000998757763461,7.102660379147183,42085U
2025-06-27T13:08:51.371898,-3514.174531809501,-6686.245124749488,1059.1459688300756,-0.7501910129749135,1.5629840662357772,7.056887664243471,42085U
2025-06-27T13:09:51.371898,-3553.4753650804446,-6581.691617642236,1480.6159576353537,-0.5593962168784287,1.9211582281300594,6.9881716621302425,42085U
2025-06-27T13:10:51.371898,-3581.2658355286203,-6455.818818582934,1897.2790623894664,-0.3666282798836437,2.273407974936366,6.896702736734951,42085U
2025-06-27T13:11:51.371898,-3597.4469024592418,-6309.018235114833,2307.77780451653,-0.17253392117751098,2.6185367236668355,6.7827544943331075,42085U
2025-06-27T13:12:51.371898,-3601.95854429581,-6141.7525255440805,2710.7736087477833,0.022233733783260514,2.955370813358077,6.6466830099559555,42085U
2025-06-27T13:13:51.371898,-3594.7800612477818,-5954.553970188407,3104.951720816329,0.21701788198473254,3.282764524320184,6.488925603140501,42085U
2025-06-27T13:14:51.371898,-3575.930212864071,-5748.022644666953,3489.0260378539297,0.4111607982339657,3.599604959222046,6.309999172007708,42085U
2025-06-27T13:15:51.371898,-3545.467189537794,-5522.824304789081,3861.7438251999065,0.6040065960090732,3.9048167490035928,6.11049809969242,42085U
2025-06-27T13:16:51.371898,-3503.488418318697,-5279.687994780838,4221.890294355193,0.7949039728102224,4.197366549112088,5.891091751858604,42085U
2025-06-27T13:17:51.371898,-3450.1302046539536,-5019.403392593177,4568.293018114449,0.9832089196099921,4.476267294584526,5.652521588316589,42085U
2025-06-27T13:18:51.371898,-3385.567212894204,-4742.817907835067,4899.82616045824,1.1682873748960578,4.740582185959748,5.395597915526805,42085U
2025-06-27T13:19:51.371898,-3310.0117895500775,-4450.8335494443945,5215.414500546184,1.349517804985278,4.989428381805123,5.121196309960234,42085U
2025-06-27T13:20:51.371898,-3223.7131343479464,-4144.403581530403,5514.037232085311,1.5262936937291887,5.221980377684929,4.83025374483616,42085U
2025-06-27T13:21:51.371898,-3126.9563250982865,-3824.528986884874,5794.731521409798,1.698025926379387,5.437473055572966,4.5237644546458,42085U
2025-06-27T13:22:51.371898,-3020.0612032441322,-3492.2547584607437,6056.595809757516,1.8641450541883173,5.635204391917497,4.202775573085906,42085U
2025-06-27T13:23:51.371898,-2903.38112769408,-3148.6660396591956,6298.792847422744,2.0241034282354557,5.814537816701521,3.868382580581492,42085U
2025-06-27T13:24:51.371898,-2777.3016051589016,-2794.8841345597184,6520.552449661426,2.1773771929371457,5.974904219812741,3.5217245975027414,42085U
2025-06-27T13:25:51.371898,-2642.2388057029425,-2432.0624092856215,6721.173966389149,2.323468131671128,6.115803604763261,3.1639795585247454,42085U
2025-06-27T13:26:51.371898,-2498.6379725939423,-2061.3821055425674,6900.028459806039,2.4619053588746946,6.23680639320878,2.7963593024062026,42085U
2025-06-27T13:27:51.371898,-2346.9717357915733,-1684.0480870189513,7056.560586082461,2.592246854817514,6.3375543867578,2.4201046098434773,42085U
2025-06-27T13:28:51.371898,-2187.7383385659696,-1301.2845388260653,7190.2901791160575,2.7140808409676813,6.417761395192213,2.036480220079254,42085U
2025-06-27T13:29:51.371898,-2021.4597867897498,-914.3306395035821,7300.813536112447,2.8270269954351557,6.477213542421103,1.6467698546889409,42085U
2025-06-27T13:30:51.371898,-1848.679930414845,-524.4362243582274,7387.804406331065,2.9307375093650623,6.5157692632512285,1.252271274530615,42085U
2025-06-27T13:31:51.371898,-1669.9624865379028,-132.85745805914098,7451.014685773826,3.024897986353555,6.533359005390063,0.8542913933016866,42085U
2025-06-27T13:32:51.371898,-1485.8890132907386,259.1474664832408,7490.274821871523,3.1092281879617496,6.52998465202132,0.45414146858720206,42085U
2025-06-27T13:33:51.371898,-1297.0568435743987,650.3225868615582,7505.493933349642,3.1834826292110217,6.505718680842839,0.05313238877406277,42085U
2025-06-27T13:34:51.371898,-1104.0769874022933,1039.418372387847,7496.6596514353805,3.247451028563077,6.460703075673818,-0.34742992818633356,42085U
2025-06-27T13:35:51.371898,-907.5720113369878,1425.195853570514,7463.837689415627,3.3009586173330656,6.395148006673467,-0.7462490104150427,42085U
2025-06-27T13:36:51.371898,-708.1739032088078,1806.4306665601175,7407.171148282327,3.343866313773632,6.309330294917898,-1.1420421704151684,42085U
2025-06-27T13:37:51.371898,-506.5219299990203,2181.917000163501,7326.879566823404,3.3760707672212096,6.203591676613149,-1.5335446961249128,42085U
2025-06-27T13:38:51.371898,-303.26049646325055,2550.4714338816048,7223.257725048952,3.3975042777392366,6.0783368816321515,-1.9195138863405923,42085U
2025-06-27T13:39:51.371898,-99.03701176654239,2910.9366562435685,7096.67421029895,3.40813459664998,5.934031540405082,-2.298732923449442,42085U
2025-06-27T13:40:51.371898,105.50022889665108,3262.1850534880004,6947.569755775168,3.407964613242272,5.771199932511209,-2.670014577491759,42085U
2025-06-27T13:41:51.371898,309.70414101467924,3603.1221593843984,6776.455361588155,3.3970319328009797,5.590422589657086,-3.032204736436953,42085U
2025-06-27T13:42:51.371898,512.9309194022903,3932.6899576964834,6583.910208722255,3.3754083509467634,5.392333765113828,-3.3841857582327908,42085U
2025-06-27T13:43:51.371898,714.5420726490686,4249.870029470432,6370.579376606191,3.3431992291209784,5.177618781151084,-3.72487964070203,42085U
2025-06-27T13:44:51.371898,913.9064175158122,4553.686537993512,6137.171375239042,3.3005427759158725,4.947011265563284,-4.053251005752991,42085U
2025-06-27T13:45:51.371898,1110.4020276869733,4843.2090449140305,5884.455503068251,3.2476092388477036,4.701290288046031,-4.368309894670364,42085U
2025-06-27T13:46:51.371898,1303.4181315523542,5117.555151653434,5613.259042047031,3.184600011107442,4.441277406947865,-4.6691143715003625,42085U
2025-06-27T13:47:51.371898,1492.3569539584796,5375.892960878309,5324.4643015149395,3.1117466578063953,4.167833636790814,-4.954772931770703,42085U
2025-06-27T13:48:51.371898,1676.635497142682,5617.443353440986,5019.005522743887,3.0293098662627496,3.8818563469110052,-5.224446714022842,42085U
2025-06-27T13:49:51.371898,1855.6872563425636,5841.482076844546,4697.8656561712305,2.9375783249485474,3.584276101604279,-5.47735151190624,42085U
2025-06-27T13:50:51.371898,2028.9638658638871,6047.341641944882,4362.073023495464,2.836867535830161,3.2760534522504146,-5.712759584915273,42085U
2025-06-27T13:51:51.371898,2195.9366716914474,6234.413025270766,4012.697876932954,2.727518564980852,2.9581756920123357,-5.930001266254618,42085U
2025-06-27T13:52:51.371898,2356.098227040691,6402.1471750184455,3650.84886802502,2.6098967365151666,2.6316535838437543,-6.1284663668058235,42085U
2025-06-27T13:53:51.371898,2508.9637075761225,6550.0563194654,3277.6694384278594,2.4843902750771947,2.297518072659136,-6.307605374748448,42085U
2025-06-27T13:54:51.371898,2654.0722433594497,6677.715077235526,2894.3341451232436,2.3514089023027425,1.9568169926146013,-6.466930451052223,42085U
2025-06-27T13:55:51.371898,2790.9881649423246,6784.761369541259,2502.044932434146,2.2113823928522094,1.6106117804816786,-6.6060162218083525,42085U
2025-06-27T13:56:51.371898,2919.302161377149,6870.897135213327,2102.027363126306,2.0647590957697024,1.2599742060619892,-6.724500369188791,42085U
2025-06-27T13:57:51.371898,3038.632348286158,6935.888850005033,1695.5268207139568,1.9120044270518264,0.9059831304676663,-6.82208402370379,42085U
2025-06-27T13:58:51.371898,3148.6252445000455,6979.56785231628,1283.8046948660824,1.753599339397859,0.5497213028693934,-6.8985319613513605,42085U
2025-06-27T13:59:51.371898,3248.956656148527,7001.830478117001,868.1345615292316,1.5900387751533966,0.19227220598395653,-6.953672610198183,42085U
2025-06-27T14:00:51.371898,3339.332467454374,7002.638008453349,449.7983690444882,1.4218301084454197,-0.16528303986963028,-6.987397871879919,42085U
2025-06-27T14:01:51.371898,3419.489337845366,6982.016433486166,30.08264113884994,1.2494915824313393,-0.5218687048754478,-6.999662764437964,42085U
2025-06-27T14:02:51.371898,3489.195305350178,6940.056037533426,-389.72529277300146,1.0735507474478598,-0.8764174013833861,-6.990484893796681,42085U
2025-06-27T14:03:51.371898,3548.250296582924,6876.910810061404,-808.3410300387611,0.8945429056411957,-1.2278729513019129,-6.959943762010407,42085U
2025-06-27T14:04:51.371898,3596.4865439413165,6792.797687987103,-1224.486780568008,0.7130095673926053,-1.5751931622629867,-6.9081799211514925,42085U
2025-06-27T14:05:51.371898,3633.768910942362,6687.99563501445,-1636.894997152435,0.5294969245210411,-1.9173525065578625,-6.835393982350948,42085U
2025-06-27T14:06:51.371898,3659.995126894436,6562.844564023487,-2044.3119420783758,0.34455434485294234,-2.2533446978691125,-6.741845490025467,42085U
2025-06-27T14:07:51.371898,3675.0959323515835,6417.744108765042,-2445.5011824240682,0.1587328923020214,-2.582185161905703,-6.627851671713649,42085U
2025-06-27T14:08:51.371898,3679.0351370134094,6253.152251280545,-2839.2470070654676,-0.02741612389409308,-2.9029133981656026,-6.493786074188861,42085U
2025-06-27T14:09:51.371898,3671.8095919199145,6069.583811567798,-3224.3577590494356,-0.213342567671547,-3.2145952311865145,-6.340077096606595,42085U
2025-06-27T14:10:51.371898,3653.449077942553,5867.608806049798,-3599.669077622087,-0.3984988598346792,-3.5163249507791168,-6.167206431374025,42085U
2025-06-27T14:11:51.371898,3624.0161126913836,5647.850681377385,-3964.047044810959,-0.5823413250036269,-3.8072273418459943,-5.975707423196895,42085U
2025-06-27T14:12:51.371898,3583.605678041465,5410.984430008841,-4316.391232050961,-0.7643315004811954,-4.086459605458117,-5.766163356360684,42085U
2025-06-27T14:13:51.371898,3532.344870530567,5157.73459386756,-4655.637642897897,-0.9439374063155828,-4.353213173861463,-5.539205679745612,42085U
2025-06-27T14:14:51.371898,3470.3924768953802,4888.873162183759,-4980.761548390533,-1.1206347764402087,-4.606715423006038,-5.295512178360435,42085U
2025-06-27T14:15:51.371898,3397.93847699578,4605.217369387624,-5290.780212087557,-1.2939082513553684,-4.846231287003268,-5.035805099320226,42085U
2025-06-27T14:16:51.371898,3315.2034763280126,4307.62739864234,-5584.755502218688,-1.4632525333707,-5.071064779611767,-4.760849239196924,42085U
2025-06-27T14:17:51.371898,3222.4380702511203,3997.0039962971377,-5861.7963887377,-1.6281735059385118,-5.280560428404866,-4.471449998555954,42085U
2025-06-27T14:18:51.371898,3119.922141947653,3674.2860022071363,-6121.061323349702,-1.7881893190669063,-5.474104627675369,-4.168451408270703,42085U
2025-06-27T14:19:51.371898,3007.9640960153615,3340.447800520992,-6361.76050079573,-1.9428314431960476,-5.651126916365577,-3.852734130903058,42085U
2025-06-27T14:20:51.371898,2886.900029442559,2996.496695185666,-6583.157999815234,-2.0916456942411825,-5.811101187366655,-3.525213439071023,42085U
2025-06-27T14:21:51.371898,2757.092841562837,2643.4702140711806,-6784.573802267522,-2.2341932327431593,-5.9535468343994715,-3.1868371713199144,42085U
2025-06-27T14:22:51.371898,2618.9312844175956,2282.433345286148,-6965.3856888759265,-2.3700515402121023,-6.078029842364465,-2.8385836645969116,42085U
2025-06-27T14:23:51.371898,2472.8289547839004,1914.4757089491434,-7125.031009963721,-2.4988153757943055,-6.1841638265270715,-2.481459661029337,42085U
2025-06-27T14:24:51.371898,2319.2232289554067,1540.708667409643,-7263.008329381151,-2.6200977163320505,-6.271611025188212,-2.1164981853528237,42085U
2025-06-27T14:25:51.371898,2158.5741412012567,1162.2623766876936,-7378.878939580718,-2.7335306827137957,-6.34008324957997,-1.744756388058937,42085U
2025-06-27T14:26:51.371898,1991.3632066781286,780.2827817320555,-7472.268245489105,-2.8387664551266423,-6.389342793632052,-1.3673133481630508,42085U
2025-06-27T14:27:51.371898,1818.0921894405444,395.92855799469714,-7542.867014454023,-2.935478179421405,-6.419203304986045,-0.9852678284669948,42085U
2025-06-27T14:28:51.371898,1639.2818160888996,10.368001789446136,-7590.432489122811,-3.023360866285215,-6.42953061720818,-0.5997359753343379,42085U
2025-06-27T14:29:51.371898,1455.4704355222327,-375.2241280406819,-7614.789359644923,-3.102132284288841,-6.420243541585601,-0.21184895434692644,42085U
2025-06-27T14:30:51.371898,1267.2126252262647,-759.6698144794835,-7615.830591095516,-3.1715338471426553,-6.391314615211454,0.1772494872080623,42085U
2025-06-27T14:31:51.371898,1075.0777445355477,-1141.7910298064094,-7593.518101504454,-3.2313314946629923,-6.342770800297869,0.5664055402268761,42085U
2025-06-27T14:32:51.371898,879.6484353654865,-1520.41302292486,-7547.883285359613,-3.2813165660315673,-6.274694127836179,0.9544579451301007,42085U
2025-06-27T14:33:51.371898,681.5190710195199,-1894.3676428520557,-7479.027376951058,-3.3213066629371095,-6.187222276886969,1.3402407032974213,42085U
2025-06-27T14:34:51.371898,481.29415384559303,-2262.4966941206503,-7387.1216474513085,-3.3511464991370614,-6.080549078969013,1.7225858964766974,42085U
2025-06-27T14:35:51.371898,279.58666274426196,-2623.655319190414,-7272.407429204486,-3.370708731887077,-5.954924935269079,2.1003266209555247,42085U
2025-06-27T14:36:51.371898,77.01635182366066,-2976.7154022148657,-7135.1959603437035,-3.3798947695781023,-5.810657132760643,2.472300041849659,42085U
2025-06-27T14:37:51.371898,-125.79199814864408,-3320.568987665497,-6975.868042589305,-3.3786355488200615,-5.648110043844436,2.837350571096373,42085U
2025-06-27T14:38:51.371898,-328.2103734258802,-3654.1317063870206,-6794.8735049228135,-3.366892273141913,-5.467705192858958,3.1943331706447884,42085U
2025-06-27T14:39:51.371898,-529.6093635432419,-3976.346200661177,-6592.73046579837,-3.344657104469273,-5.269921171798623,3.5421167799368147,42085U
2025-06-27T14:40:51.371898,-729.3600370688356,-4286.185538802568,-6370.024386665922,-3.3119537976203484,-5.055293386870957,3.8795878640924597,42085U
2025-06-27T14:41:51.371898,-926.8358531605036,-4582.6566087184265,-6127.406909853954,-3.268838267258509,-4.824413617163798,4.2056540762919985,42085U
2025-06-27T14:42:51.371898,-1121.4146046074638,-4864.803478758393,-5865.5944743066475,-3.215399076083696,-4.577929366716661,4.519248024733733,42085U
2025-06-27T14:43:51.371898,-1312.480387359741,-5131.710713077042,-5585.366703306198,-3.151757832563699,-4.316542991732405,4.819331131288135,42085U
2025-06-27T14:44:51.371898,-1499.4255908460193,-5382.506627661332,-5287.564559141985,-3.0780694862252282,-4.041010585550837,5.104897565635621,42085U
2025-06-27T14:45:51.371898,-1681.6529026652404,-5616.3664721636715,-4973.088260717813,-2.994522508467567,-3.7521406053489472,5.374978235336149,42085U
2025-06-27T14:46:51.371898,-1858.5773205194628,-5832.515521754181,-4642.894961319489,-2.901338947047106,-3.450792226343058,5.6286448090077545,42085U
2025-06-27T14:47:51.371898,-2029.6281635524408,-6030.232062393454,-4297.996185191785,-2.7987743428250513,-3.1378734115389735,5.865013746670981,42085U
2025-06-27T14:48:51.371898,-2194.25107458537,-6208.850252258118,-3939.4550231865255,-2.6871174980812205,-2.814338687790015,6.083250308430125,42085U
2025-06-27T14:49:51.371898,-2351.910004114409,-6367.762841551741,-3568.383089527638,-2.566690086678141,-2.481186622050039,6.282572510093066,42085U
2025-06-27T14:50:51.371898,-2502.089166370524,-6506.423732629128,-3185.9372436760405,-2.4378460976074816,-2.139456995206712,6.462254992159474,42085U
2025-06-27T14:51:51.371898,-2644.294957258346,-6624.350362275632,-2793.316083339308,-2.3009711049544954,-1.7902276746921113,6.621632766910505,42085U
2025-06-27T14:52:51.371898,-2778.0578236015663,-6721.1258881336,-2391.7562168305444,-2.1564813590566785,-1.4346111911272057,6.760104807178194,42085U
2025-06-27T14:53:51.371898,-2902.9340728436055,-6796.4011616701755,-1982.5283252026843,-2.0048226955852657,-1.073751028484986,6.877137439818917,42085U
2025-06-27T14:54:51.371898,-3018.507612196116,-6849.896470744688,-1566.9330268295066,-1.846469261408359,-0.7088176415659794,6.972267507008399,42085U
2025-06-27T14:55:51.371898,-3124.391606205547,-6881.403035763043,-1146.2965593339575,-1.6819220583638907,-0.34100421887663795,7.045105259245204,42085U
2025-06-27T14:56:51.371898,-3220.2300418275827,-6890.784244599534,-721.9662959330902,-1.5117073084329553,0.028477786814467995,7.095336945410845,42085U
2025-06-27T14:57:51.371898,-3305.699190365679,-6877.976612914774,-295.30611533429004,-1.336374646209724,0.3984033339950855,7.12272706738177,42085U
2025-06-27T14:58:51.371898,-3380.508956045257,-6842.990458186382,132.3083537612376,-1.1564951469608993,0.767538644090368,7.127120269498923,42085U
2025-06-27T14:59:51.371898,-3444.4041015586345,-6785.910277676511,559.494590763074,-0.9726592008976137,1.13464619613825,7.108442836632311,42085U
2025-06-27T15:00:51.371898,-3497.1653416202726,-6706.894822658888,984.8681196102909,-0.7854742464956345,1.4984898285177644,7.066703778568752,42085U
2025-06-27T15:01:51.371898,-3538.610296411332,-6606.176863485763,1407.0474979674627,-0.5955623777371649,1.8578399095850442,7.001995482923971,42085U
2025-06-27T15:02:51.371898,-3568.5942977522172,-6484.062642454575,1824.6593327015962,-0.40355784196493555,2.211478537486804,6.914493923641353,42085U
2025-06-27T15:03:51.371898,-3587.011041908528,-6340.931013894034,2236.3432944988504,-0.21010444658838104,2.558204728507121,6.80445841728294,42085U
2025-06-27T15:04:51.371898,-3593.7930840900963,-6177.232273386729,2640.7571041578612,-0.01585289412841938,2.8968395530798525,6.672230924629023,42085U
2025-06-27T15:05:51.371898,-3588.91217092513,-5993.486680535859,3036.5814631096227,0.17854193399957194,3.2262311790766196,6.518234900459299,42085U
2025-06-27T15:06:51.371898,-3572.379408459893,-5790.282682122008,3422.524901058099,0.372423724003814,3.545259783142894,6.342973699669328,42085U
2025-06-27T15:07:51.371898,-3544.2452645254607,-5568.274844840328,3797.328514303813,0.5651374853752015,3.852842292670311,6.147028552960376,42085U
2025-06-27T15:08:51.371898,-3504.5994056043705,-5328.181509018027,4159.770569287613,0.7560322946891258,4.147936923410268,5.931056130115467,42085U
2025-06-27T15:09:51.371898,-3453.570369598256,-5070.782176750653,4508.670947150728,0.9444640070635324,4.429547480684426,5.695785713236291,42085U
2025-06-27T15:10:51.371898,-3391.3250771207895,-4796.914649732908,4842.895406618241,1.1297979156262694,4.696727395548716,5.442016006176011,42085U
2025-06-27T15:11:51.371898,-3318.0681850999636,-4507.471933670369,5161.359644242614,1.3114113404828704,4.948583471025987,5.1706116096894,42085U
2025-06-27T15:12:51.371898,-3234.041287550319,-4203.398927521155,5463.033132954588,1.4886961300756971,5.184279317540164,4.882499194478626,42085U
2025-06-27T15:13:51.371898,-3139.52196935635,-3885.6889169258793,5746.942721912032,1.6610610594381174,5.4030384608502535,4.578663406312211,42085U
2025-06-27T15:14:51.371898,-3034.822719780565,-3555.379892027651,6012.175982778786,1.827934111630432,5.60414710999866,4.2601425387184,42085U
2025-06-27T15:15:51.371898,-2920.289713164503,-3213.550710468214,6257.884289756962,1.9887646305411821,5.786956576948284,3.9280240094133907,42085U
2025-06-27T15:16:51.371898,-2796.301464926302,-2861.317126681122,6483.285622895404,2.1430253351970587,5.950885343592356,3.5834396766505385,42085U
2025-06-27T15:17:51.371898,-2663.2673714692723,-2499.8277086956814,6687.667086371848,2.2902141876985085,6.095420775599619,3.2275610311068035,42085U
2025-06-27T15:18:51.371898,-2521.6261430077684,-2130.259663544284,6870.387135554149,2.4298561088331723,6.22012048602793,2.8615942978272213,42085U
2025-06-27T15:19:51.371898,-2371.844138591656,-1753.8145920451088,7030.877508664264,2.5615045372768988,6.324613354748988,2.4867754811917844,42085U
2025-06-27T15:20:51.371898,-2214.4136127780866,-1371.7141932442896,7168.644860767709,2.6847428300303724,6.4086002124310655,2.104365383939417,42085U
2025-06-27T15:21:51.371898,-2049.8508834675563,-985.1959381702202,7283.2720995759555,2.7991855033297766,6.47185420010161,1.7156446290638268,42085U
2025-06-27T15:22:51.371898,-1878.6944304011283,-595.5087318055353,7374.419424165372,2.9044793146885914,6.514220817147726,1.3219087109741905,42085U
2025-06-27T15:23:51.371898,-1701.5029337209378,-203.90858135148358,7441.82506917615,3.0003041879572945,6.535617672014962,0.9244630997803435,42085U
2025-06-27T15:24:51.371898,-1518.8532618372894,188.3457120341605,7485.305758358432,3.086373984322818,6.5360339508547485,0.524618419993949,42085U
2025-06-27T15:25:51.371898,-1331.3384176351688,579.9968217761455,7504.756872482693,3.162437123009177,6.5155296199784,0.12368572240843662,42085U
2025-06-27T15:26:51.371898,-1139.5654518058382,969.7931093902416,7500.152337633761,3.228277056089142,6.474234378242716,-0.27702813449807895,42085U
2025-06-27T15:27:51.371898,-944.1533518115324,1356.4927685988837,7471.544240775279,3.283712602290032,6.412346375467395,-0.6762249795592309,42085U
2025-06-27T15:28:51.371898,-745.7309146976099,1738.8678866156529,7419.062180215361,3.328598144989019,6.330130712720021,-1.0726196883025514,42085U
2025-06-27T15:29:51.371898,-544.934611662086,2115.7084100588527,7342.912359240102,3.3628236997673033,6.2279177398561325,-1.4649443965442779,42085U
2025-06-27T15:30:51.371898,-342.40645198547475,2485.8260038177996,7243.376431724724,3.3863148569513832,6.106101165123406,-1.8519525596230537,42085U
2025-06-27T15:31:51.371898,-138.7918536193308,2848.0577920196774,7120.810108997632,3.3990326045377044,5.965135990983428,-2.2324228500536414,42085U
2025-06-27T15:32:51.371898,65.26247256676078,3201.2699710298657,6975.641537635657,3.4009730368000497,5.8055362896186535,-2.605162887500357,42085U
2025-06-27T15:33:51.371898,269.1106181720411,3544.361285167821,6808.369458221188,3.392166953740351,5.627872830917333,-2.9690127958708064,42085U
2025-06-27T15:34:51.371898,472.10954585931955,3876.266356532908,6619.561155407052,3.3726793563855235,5.432770575101593,-3.322848583032912,42085U
2025-06-27T15:35:51.371898,673.6211250073831,4195.958861020958,6409.8502099203815,3.342608842775592,5.2209060416082975,-3.66558533919801,42085U
2025-06-27T15:36:51.371898,873.0141285393731,4502.454543275432,6179.934063400574,3.3020869093471226,4.993004565369329,-3.9961802504197386,42085U
2025-06-27T15:37:51.371898,1069.6661853107125,4794.814063965047,5930.571407212212,3.251277162304958,4.74983745127692,-4.313635423969908,42085U
2025-06-27T15:38:51.371898,1262.9656827034264,5072.145673417769,5662.579406605613,3.1903744435028223,4.492219037365659,-4.617000522602317,42085U
2025-06-27T15:39:51.371898,1452.3136143387571,5333.60770627642,5376.8307718145925,3.119603875325817,4.2210036770911765,-4.905375204938997,42085U
2025-06-27T15:40:51.371898,1637.125368091063,5578.410892481047,5074.250687879432,3.0392198290857486,3.9370826510245993,-5.177911369443863,42085U
2025-06-27T15:41:51.371898,1816.8324498609838,5805.820480523987,4755.81361516687,2.9495048215051165,3.6413810183038864,-5.43381519970539,42085U
2025-06-27T15:42:51.371898,1990.8841388538926,6015.15816957968,4422.539972713464,2.8507683439694387,3.334854418259876,-5.672349009067354,42085U
2025-06-27T15:43:51.371898,2158.749070406414,6205.803847773087,4075.4927166483258,2.7433456293673615,3.0184858327540853,-5.892832883030489,42085U
2025-06-27T15:44:51.371898,2319.916742713209,6377.197134524055,3715.7738260461547,2.627596361503116,2.6932823199003537,-6.094646118315922,42085U
2025-06-27T15:45:51.371898,2473.8989441296,6528.838725588204,3344.520708613557,2.5039033322461157,2.3602717299683342,-6.277228458039362,42085U
2025-06-27T15:46:51.371898,2620.2310980591615,6660.291540101008,2962.9025386233598,2.3726710517692085,2.0204994143679147,-6.440081123088981,42085U
2025-06-27T15:47:51.371898,2758.473522782364,6771.181669622251,2572.1165394686973,2.234324317405776,1.6750249386606333,-6.582767640531247,42085U
2025-06-27T15:48:51.371898,2888.21260393749,6861.19912986251,2173.3842231160406,2.089306746819062,1.3249188105262424,-6.704914470672884,42085U
2025-06-27T15:49:51.371898,3009.0618777289637,6930.098416450366,1767.9475985826725,1.9380792813102656,0.9712592335063334,-6.806211435275275,42085U
2025-06-27T15:50:51.371898,3120.6630233056926,6977.698866758463,1357.0653613560748,1.7811186651893902,0.6151288971471065,-6.8864119503292045,42085U
2025-06-27T15:51:51.371898,3222.6867631217,7003.884830444502,942.009075403127,1.618915907182794,0.25761181385500853,-6.945333067737767,42085U
2025-06-27T15:52:51.371898,3314.8336704592407,7008.605651971341,524.0593590889123,1.4519747298483305,-0.1002097876415381,-6.982855331201037,42085U
2025-06-27T15:53:51.371898,3396.8348836560217,6991.875468942261,104.50208594218877,1.2808100129072804,-0.45725850286384556,-6.998922452526327,42085U
2025-06-27T15:54:51.371898,3468.4527269310306,6953.772830616902,-315.37538923139647,1.1059462362783241,-0.812464717472828,-6.993540815481659,42085U
2025-06-27T15:55:51.371898,3529.4812380426074,6894.440141454765,-734.287968874672,0.9279159284086281,-1.1647694905159467,-6.9667788151451715,42085U
2025-06-27T15:56:51.371898,3579.746603334605,6814.082934960478,-1150.9565063545099,0.747258125244189,-1.5131273479187464,-6.9187660414595005,42085U
2025-06-27T15:57:51.371898,3619.1075010282543,6712.968983475015,-1564.1114458653278,0.5645168448632565,-1.8565089800478614,-6.849692316358755,42085U
2025-06-27T15:58:51.371898,3647.455353895385,6591.4272498654755,-1972.4964002320212,0.38023958241838135,-2.1939038381839686,-6.7598065943790235,42085U
2025-06-27T15:59:51.371898,3664.7144927001395,6449.84668731036,-2374.8716588984253,0.1949758295984487,-2.52432262581222,-6.649415737077105,42085U
2025-06-27T16:00:51.371898,3670.8422320181585,6288.674893556767,-2770.0176190162406,0.00927562233732163,-2.8467996817478682,-6.518883171853088,42085U
2025-06-27T16:01:51.371898,3665.828860233595,6108.416626139356,-3156.7381331808283,-0.17631188003154116,-3.1603952532451554,-6.3686274458918035,42085U
2025-06-27T16:02:51.371898,3649.697545672032,5909.632185099132,-3533.863767989278,-0.3612397815379987,-3.464197658371104,-6.199120685897995,42085U
2025-06-27T16:03:51.371898,3622.504160951744,5692.9356697257745,-3900.2549682085323,-0.5449648002063588,-3.75732533803803,-6.010886974097825,42085U
2025-06-27T16:04:51.371898,3584.337027725448,5458.9931157712235,-4254.805121934314,-0.726948581109718,-4.038928799163655,-5.804500650612739,42085U
2025-06-27T16:05:51.371898,3535.3165840398774,5208.520519450157,-4596.443522681746,-0.9066589710111279,-4.3081924514410135,-5.580584551783643,42085U
2025-06-27T16:06:51.371898,3475.5949765621567,4942.281754359333,-4924.138224868922,-1.0835712543577978,-4.564336341132864,-5.3398081933397155,42085U
2025-06-27T16:07:51.371898,3405.355579910402,4661.086387216251,-5236.898789630588,-1.2571693509813877,-4.806617786140004,-5.082885906472593,42085U
2025-06-27T16:08:51.371898,3324.812445283531,4365.787398047765,-5533.778918318439,-1.426946976414419,-5.0343329173072044,-4.810574933907145,42085U
2025-06-27T16:09:51.371898,3234.209680514301,4057.2788101566566,-5813.878971404311,-1.5924087662508426,-5.24681813151005,-4.523673491966822,42085U
2025-06-27T16:10:51.371898,3133.8207635718345,3736.4932348659545,-6076.348370797617,-1.7530713664462318,-5.443451462495421,-4.22301880343029,42085U
2025-06-27T16:11:51.371898,3023.9477914197405,3404.399335697931,-6320.3878838115215,-1.9084644918582165,-5.623653875712115,-3.9094851046878523,42085U
2025-06-27T16:12:51.371898,2904.920665996926,3061.9992162958665,-6545.251787161646,-2.0581319556608366,-5.786890493455106,-3.5839816293521625,42085U
2025-06-27T16:13:51.371898,2777.0962189332836,2710.325736047704,-6750.249909456123,-2.201632672519345,-5.932671756550549,-3.247450569078452,42085U
2025-06-27T16:14:51.371898,2640.857276448669,2350.4397570394453,-6934.749550629994,-2.3385416385723743,-6.060554528516998,-2.9008650109377023,42085U
2025-06-27T16:15:51.371898,2496.611665713773,1983.4273256548856,-7098.177276696771,-2.4684508913321643,-6.170143147653094,-2.5452268492824524,42085U
2025-06-27T16:16:51.371898,2344.7911637817606,1610.3967918609965,-7240.020588033063,-2.590970452572608,-6.261090431819743,-2.181564668682377,42085U
2025-06-27T16:17:51.371898,2185.8503900369114,1232.4758689876624,-7359.829459181782,-2.70572925712289,-6.33309863980824,-1.8109315932175798,42085U
2025-06-27T16:18:51.371898,2020.2656429545102,850.8086366309107,-7457.217747862566,-2.8123760702207363,-6.385920392123755,-1.4344030962285719,42085U
2025-06-27T16:19:51.371898,1848.5336818330036,466.5524891951574,-7531.864470518501,-2.9105803956994496,-6.419359552774441,-1.0530747635694897,42085U
2025-06-27T16:20:51.371898,1671.170454050557,80.87503254928414,-7583.514941315114,-3.000033376788982,-6.433272072255857,-0.6680600025255696,42085U
2025-06-27T16:21:51.371898,1488.7097683193704,-305.04906868756353,-7611.981771050265,-3.0804486907047193,-6.427566790377567,-0.2804876878685465,42085U
2025-06-27T16:22:51.371898,1301.701914369115,-690.0412905848716,-7617.145721943734,-3.1515634374845267,-6.402206195916286,0.10850026393560012,42085U
2025-06-27T16:23:51.371898,1110.7122294908033,-1072.922493193314,-7598.956413765011,-3.213139022721273,-6.357207138325988,0.4977514015546658,42085U
2025-06-27T16:24:51.371898,916.3196124214011,-1452.5162044926542,-7557.432876242207,-3.264962032935091,-6.292641484921806,0.8861053357610111,42085U
2025-06-27T16:25:51.371898,719.1149851492169,-1827.651941369521,-7492.663942190513,-3.3068451013509197,-6.208636715116938,1.272396435270815,42085U
2025-06-27T16:26:51.371898,519.699703378318,-2197.1685634651467,-7404.8084753208195,-3.3386277608059993,-6.105376441470324,1.6554566294724287,42085U
2025-06-27T16:27:51.371898,318.6839166087771,-2559.9176550952907,-7294.095426258457,-3.360177279429529,-5.983100845540566,2.0341183250262826,42085U
2025-06-27T16:28:51.371898,116.68487906938037,-2914.7669297097946,-7160.823709935847,-3.3713894736326866,-5.842107014883178,2.4072174419450003,42085U
2025-06-27T16:29:51.371898,-85.67478691586064,-3260.6036505283946,-7005.361897240945,-3.372189491844789,-5.6827491660222496,2.7735965730490344,42085U
2025-06-27T16:30:51.371898,-287.7688731369729,-3596.3380600731425,-6828.147713627015,-3.3625325613568946,-5.505438736922465,3.132108268650669,42085U
2025-06-27T16:31:51.371898,-488.96941082375184,-3920.9068103322056,-6629.687337334157,-3.3424046896144817,-5.310644331429514,3.481618445970225,42085U
2025-06-27T16:32:51.371898,-688.6485360986609,-4233.276384241683,-6410.554489961325,-3.311823310364609,-5.098891497385803,3.8210099201506194,42085U
2025-06-27T16:33:51.371898,-886.1803919849635,-4532.446498085687,-6171.389312373082,-3.2708378642387843,-4.870762319705824,4.149186050852832,42085U
2025-06-27T16:34:51.371898,-1080.9430627682948,-4817.453473307259,-5912.897019344303,-3.219530302670586,-4.626894809652197,4.465074495326578,42085U
2025-06-27T16:35:51.371898,-1272.320535841321,-5087.373565117253,-5635.846326949746,-3.1580155035338864,-4.367982071922863,4.767631055612229,42085U
2025-06-27T16:36:51.371898,-1459.7046854628156,-5341.3262342077405,-5341.067647505493,-3.0864415865707815,-4.094771231971357,5.055843604201033,42085U
2025-06-27T16:37:51.371898,-1642.4972721503293,-5578.477346853926,-5029.451047864938,-3.0049901165803297,-3.808062107247816,5.3287360691377526,42085U
2025-06-27T16:38:51.371898,-1820.1119507072963,-5798.042287742336,-4701.943968072482,-2.9138761824818724,-3.5087056077842402,5.585372456257968,42085U
2025-06-27T16:39:51.371898,-1991.9762791794988,-5999.288969029325,-4359.548698773881,-2.813348340764153,-3.1976018537450033,5.8248608831003095,42085U
2025-06-27T16:40:51.371898,-2157.5337203584413,-6181.5407184390715,-4003.3196173644556,-2.7036884124945177,-2.8756980002069876,6.046357596102772,42085U
2025-06-27T16:41:51.371898,-2316.2456268126166,-6344.179028678326,-3634.3601846170855,-2.5852111239961517,-2.5439857625007813,6.249070940061499,42085U
2025-06-27T16:42:51.371898,-2467.5931998528927,-6486.6461501069925,-3253.8197054451666,-2.4582635825018175,-2.20349863888777,6.432265246587454,42085U
2025-06-27T16:43:51.371898,-2611.079412340058,-6608.447508479184,-2862.889859500538,-2.3232245795511663,-1.8553088311170232,6.595264606515099,42085U
2025-06-27T16:44:51.371898,-2746.2308848364833,-6709.153929679429,-2462.801009453693,-2.1805037165978383,-1.500523867435021,6.737456489967995,42085U
2025-06-27T16:45:51.371898,-2872.5997043046473,-6788.4036537383045,-2054.8182970199036,-2.030540349208338,-1.140282936834126,6.858295177129509,42085U
2025-06-27T16:46:51.371898,-2989.7651743785364,-6845.904121033201,-1640.2375390386417,-1.8738023483336494,-0.7757529476319784,6.957304962752,42085U
2025-06-27T16:47:51.371898,-3097.335486186936,-6881.433514465868,-1220.3809381510043,-1.7107846793803008,-0.4081243277867982,7.0340830980951505,42085U
2025-06-27T16:48:51.371898,-3194.949298802237,-6894.842042559576,-796.5926248029773,-1.5420078021544672,-0.0386065885696793,7.08830243533294,42085U
2025-06-27T16:49:51.371898,-3282.2772186292827,-6886.052949827373,-370.2340493885348,-1.3680158971511827,0.3315763227651138,7.119713741506752,42085U
2025-06-27T16:50:51.371898,-3359.023167437654,-6855.06324241478,57.32075470559428,-1.1893749260591184,0.701190851944311,7.128147651808668,42085U
2025-06-27T16:51:51.371898,-3424.9256292779587,-6801.944118895303,484.6900146247693,-1.0066705366946904,1.0689988155694448,7.1135162353154815,42085U
2025-06-27T16:52:51.371898,-3479.7587672030345,-6726.841098169031,910.4891440671557,-0.8205058248114973,1.4337624923761283,7.07581415020205,42085U
2025-06-27T16:53:51.371898,-3523.333401530199,-6629.973838651253,1333.335726435551,-0.63149896729999,1.7942497899872822,7.015119369866261,42085U
2025-06-27T16:54:51.371898,-3555.4978423194916,-6511.635645303223,1751.8545287472148,-0.44028074314803495,2.1492394475956442,6.931593466207039,42085U
2025-06-27T16:55:51.371898,-3576.138569790615,-6372.1926635097,2164.6825192324304,-0.2474919601278789,2.497526233983889,6.825481441406034,42085U
2025-06-27T16:56:51.371898,-3585.180757540221,-6212.082761305378,2570.473861176716,-0.053780806473819574,2.837926099951771,6.697111104859553,42085U
2025-06-27T16:57:51.371898,-3582.588634631412,-6031.81410395021,2967.9048555192226,0.14019985221469078,3.1692812445822556,6.546891997269839,42085U
2025-06-27T16:58:51.371898,-3568.365683887026,-5831.963427306271,3355.6788050129226,0.3337952099893824,3.4904650558336963,6.3753138692101,42085U
2025-06-27T16:59:51.371898,-3542.5546750055337,-5613.174018834928,3732.5307733673076,0.5263512703727248,3.8003868876575293,6.182944726606726,42085U
2025-06-27T17:00:51.371898,-3505.237532408522,-5376.153417269543,4097.232213723347,0.7172175879658576,4.097996638168539,5.970428460418143,42085U
2025-06-27T17:01:51.371898,-3456.535039000437,-5121.670844090768,4448.595442025092,0.9057499812826901,4.382289096266755,5.738482082229055,42085U
2025-06-27T17:02:51.371898,-3396.606378251836,-4850.554381805809,4785.477932326285,1.0913131970329863,4.652308027448625,5.487892591429186,42085U
2025-06-27T17:03:51.371898,-3325.6485181863573,-4563.687915683307,5106.786412769622,1.273283507166192,4.907149973259013,5.219513503031011,42085U
2025-06-27T17:04:51.371898,-3243.895441942273,-4262.007857003209,5411.480742859193,1.4510512213430509,5.145967742821971,4.9342610679465615,42085U
2025-06-27T17:05:51.371898,-3151.617230575013,-3946.4996670307746,5698.577554676348,1.6240230990818625,5.367973579046269,4.633110219649456,42085U
2025-06-27T17:06:51.371898,-3049.1190046566926,-3618.1942018141954,5967.153642816594,1.791624647579625,5.572441986321234,4.317090282583934,42085U
2025-06-27T17:07:51.371898,-2936.7397320026716,-3278.1638985302134,6216.349090014613,1.9533022930885238,5.758712210702516,3.987280478446818,42085U
2025-06-27T17:08:51.371898,-2814.8509095090267,-2927.5188244768847,6445.370117626744,2.1085254156779216,5.9261903676341525,3.644805266592405,42085U
2025-06-27T17:09:51.371898,-2683.8551276164003,-2567.4026099455973,6653.4916523215425,2.2567882391831375,6.074351216080233,3.2908295543334773,42085U
2025-06-27T17:10:51.371898,-2544.184526325399,-2198.9882861120855,6840.0596024540555,2.3976115700867515,6.202739581472538,2.926553811890339,42085U
2025-06-27T17:11:51.371898,-2396.2991519832954,-1823.4740487994638,7004.492839632474,2.530544380946743,6.310971433055604,2.553209125253061,42085U
2025-06-27T17:12:51.371898,-2240.6852242455643,-1442.0789684999045,7146.284882908621,2.655165235745863,6.398734623989007,2.1720522183407938,42085U
2025-06-27T17:13:51.371898,-2077.853322699561,-1056.0386664303726,7265.00528481126,2.7710835561512104,6.465789304916236,1.784360473658954,42085U
2025-06-27T17:14:51.371898,-1908.3365026317745,-666.6009756668881,7360.300720082552,2.8779407291195773,6.511968023619802,1.391426978255936,42085U
2025-06-27T17:15:51.371898,-1732.6883493368014,-275.0216055805993,7431.89577946369,2.9754110575450485,6.537175524856493,0.9945556192547755,42085U
2025-06-27T17:16:51.371898,-1551.4809802160812,117.44017309062183,7479.593472205073,3.0632025567122882,6.5413882655231195,0.5950562506593645,42085U
2025-06-27T17:17:51.371898,-1365.303003713907,509.52580612550395,7503.275442149355,3.141057600188519,6.524653660969692,0.19423995059448124,42085U
2025-06-27T17:18:51.371898,-1174.7574438942233,899.9816811967935,7502.901903261424,3.208753419467334,6.487089078595948,-0.20658561431191344,42085U
2025-06-27T17:19:51.371898,-980.4596391902489,1287.5632862259008,7478.511301366229,3.266102462176797,6.4288805948840055,-0.6061207029914801,42085U
2025-06-27T17:20:51.371898,-783.0351235664187,1671.0392871303686,7430.219709617139,3.3129526140017265,6.3502815317879975,-1.0030778801371092,42085U
2025-06-27T17:21:51.371898,-583.1174980299347,2049.195512283081,7358.219965868119,3.349187289664446,6.251610787975609,-1.3961862521179955,42085U
2025-06-27T17:22:51.371898,-381.34630012232833,2420.838831873241,7262.78056067828,3.374725398383244,6.133250979851553,-1.7841955498260778,42085U
2025-06-27T17:23:51.371898,-178.36487871612394,2784.800921191858,7144.244285152151,3.3895211892085513,5.995646406641098,-2.165880051069959,42085U
2025-06-27T17:24:51.371898,25.181718857339565,3139.9418976556285,7003.026648228816,3.393563981547215,5.839300853122716,-2.5400423362899036,42085U
2025-06-27T17:25:51.371898,228.64884061531325,3485.153822138057,6839.614073390633,3.386877786050394,5.664775242914343,-2.9055168723034868,42085U
2025-06-27T17:26:51.371898,431.3942982161872,3819.3640558956517,6654.56188508002,3.3695208208827125,5.472685154574001,-3.261173419525711,42085U
2025-06-27T17:27:51.371898,632.7804035626718,4141.538465066685,6448.492095399749,3.3415849282291235,5.263698212201264,-3.605920258670922,42085U
2025-06-27T17:28:51.371898,832.1759678096835,4450.684465384869,6222.091001937145,3.3031948957494235,5.038531361741388,-3.93870723336772,42085U
2025-06-27T17:29:51.371898,1028.9582571359222,4745.853900400592,5976.10660779821,3.254507687570467,4.797948043810472,-4.258528605441821,42085U
2025-06-27T17:30:51.371898,1222.5148999001904,5026.145747139361,5711.345875169504,3.195711589324865,4.542755273583672,-4.564425719875354,42085U
2025-06-27T17:31:51.371898,1412.2457400670132,5290.708643761629,5428.671823943,3.127025271706816,4.273800638116113,-4.855489476673334,42085U
2025-06-27T17:32:51.371898,1597.5646320538294,5538.743234424227,5129.00048713924,3.048696777023758,3.991969221388372,-5.130862607090124,42085U
2025-06-27T17:33:51.371898,1777.9011724253132,5769.504327183178,4813.297735048395,2.9610024332771174,3.698180467374103,-5.389741751915326,42085U
2025-06-27T17:34:51.371898,1952.7023641440753,5982.302861428295,4482.575980167673,2.864245700401152,3.393384991494758,-5.631379339818353,42085U
2025-06-27T17:35:51.371898,2121.434209379571,6176.507681998262,4137.890775147394,2.758755953421054,3.0785613509395806,-5.855085264116613,42085U
2025-06-27T17:36:51.371898,2283.5832271836352,6351.547117795428,3780.337316056697,2.644887207450964,2.7547127844606614,-6.060228356781032,42085U
2025-06-27T17:37:51.371898,2438.657892657975,6506.910363397175,3411.0468633423416,2.5230167896302964,2.4228639323852064,-6.2462376590272575,42085U
2025-06-27T17:38:51.371898,2586.189994570961,6642.148662846643,3031.1830928687104,2.3935439632809454,2.0840575476909495,-6.412603488467349,42085U
2025-06-27T17:39:51.371898,2725.7359087210048,6756.876295490888,2641.9383893995573,2.2568885097498557,1.7393512090547605,-6.558878303504934,42085U
2025-06-27T17:40:51.371898,2856.8777846977373,6850.771364420979,2244.530094793243,2.1134892735659325,1.3898140467760856,-6.684677366446733,42085U
2025-06-27T17:41:51.371898,2979.224644050967,6923.576388743594,1840.1967230449802,1.9638026766809205,1.0365234923928668,-6.789679207654279,42085U
2025-06-27T17:42:51.371898,3092.413388242579,6975.098701575217,1430.1941541119577,1.8083012076686693,0.680562062627371,-6.87362589396087,42085U
2025-06-27T17:43:51.371898,3196.109715124586,7005.210656291509,1015.7918181968563,1.647471891815951,0.3230141880112473,-6.936323105511718,42085U
2025-06-27T17:44:51.371898,3290.008943051865,7013.849644175451,598.2688818522589,1.481814748047283,-0.03503690385512591,-6.977640026126592,42085U
2025-06-27T17:45:51.371898,3373.836742099668,7001.017927186317,178.91044689615828,1.311841238576712,-0.3925122409641363,-6.997509053215982,42085U
2025-06-27T17:46:51.371898,3447.3497722086913,6966.78229010758,-240.99622729875753,1.1380727170677392,-0.7483400866623414,-6.995925334180883,42085U
2025-06-27T17:47:51.371898,3510.336228420382,6911.273516820975,-660.1654680519553,0.9610388809082586,-1.1014588384193,-6.972946137070445,42085U
2025-06-27T17:48:51.371898,3562.616293689055,6834.685695891199,-1077.3168905868667,0.7812762329673297,-1.450819838341846,-6.928690064041984,42085U
2025-06-27T17:49:51.371898,3604.0425000620103,6737.27536102523,-1491.1790471941285,0.599326557896444,-1.7953900890928467,-6.863336116843556,42085U
2025-06-27T17:50:51.371898,3634.499999299704,6619.360472289777,-1900.4930159184235,0.4157354176737042,-2.134154869868604,-6.777122624103397,42085U
2025-06-27T17:51:51.371898,3653.9067442635446,6481.3192442268,-2304.0159209497106,0.2310506706682542,-2.4661202481452644,-6.670346040648235,42085U
2025-06-27T17:52:51.371898,3662.213582625582,6323.588827197235,-2700.524377526674,0.04582101802826889,-2.790315484007692,-6.543359629369281,42085U
2025-06-27T17:53:51.371898,3659.404264650336,6146.663848410162,-3088.8178547860075,-0.1394054193193817,-3.105795324996531,-6.3965720363029295,42085U
2025-06-27T17:54:51.371898,3645.4953669627034,5951.094819153789,-3467.721950621916,-0.32408249032477393,-3.4116421905433865,-6.230445769582241,42085U
2025-06-27T17:55:51.371898,3620.53613434611,5737.486414742666,-3836.091573231779,-0.5076673679722395,-3.706968246177381,-6.0454955927440075,42085U
2025-06-27T17:56:51.371898,3584.608241710696,5506.495633631283,-4192.814024620233,-0.6896218663848072,-3.9909173687684154,-5.842286842540154,42085U
2025-06-27T17:57:51.371898,3537.825478433203,5258.82984202235,-4536.811981897864,-0.8694137199268492,-4.262667005096051,-5.621433680904809,42085U
2025-06-27T17:58:51.371898,3480.333357298717,4995.244710128339,-4867.046372732787,-1.046517823955205,-4.521429926976469,-5.3835972900773,42085U
2025-06-27T17:59:51.371898,3412.3086502634037,4716.542045997243,-5182.519141826429,-1.2204174374733523,-4.766455887056118,-5.129484019053226,42085U
2025-06-27T18:00:51.371898,3333.958853241207,4423.5675326375485,-5482.275905609917,-1.3906053484482235,-4.997033180036099,-4.85984348867043,42085U
2025-06-27T18:01:51.371898,3245.5215820122835,4117.2083737104585,-5765.408492931165,-1.5565850031836623,-5.2124901148548455,-4.575466661411518,42085U
2025-06-27T18:02:51.371898,3147.263901308164,3798.3908529477835,-6031.057369554262,-1.7178716014819737,-5.412196403615172,-4.2771838810174705,42085U
2025-06-27T18:03:51.371898,3039.4815889738566,3468.077811943896,-6278.413944731021,-1.8739931598512523,-5.595564473493818,-3.965862885580528,42085U
2025-06-27T18:04:51.371898,2922.498336991777,3127.266050708604,-6506.722758164652,-2.024491545306215,-5.762050707911749,-3.6424067965205924,42085U
2025-06-27T18:05:51.371898,2796.664890995474,2776.9836549946012,-6715.2835458026,-2.168923482593717,-5.911156623202853,-3.307752084436267,42085U
2025-06-27T18:06:51.371898,2662.358129740829,2418.2872540840835,-6903.453182899089,-2.3068615378483925,-6.042429986758656,-2.962866511416558,42085U
2025-06-27T18:07:51.371898,2519.9800858334083,2052.2592124019448,-7070.647502722131,-2.4378950817668112,-6.155465882177375,-2.6087470479917645,42085U
2025-06-27T18:08:51.371898,2369.956908842883,1680.0047580439186,-7216.342989133872,-2.5616312353653865,-6.249907726296479,-2.2464177615354233,42085U
2025-06-27T18:09:51.371898,2212.737771771112,1302.649051066924,-7340.078341057321,-2.677695801257098,-6.325448242146769,-1.8769276716240846,42085U
2025-06-27T18:10:51.371898,2048.7937216879272,921.334194202588,-7441.455906555713,-2.785734183138911,-6.3818303908351375,-1.5013485666565531,42085U
2025-06-27T18:11:51.371898,1878.6164752121185,537.2161885294071,-7520.14298390267,-2.885412295823799,-6.4188482641545646,-1.1207727749561374,42085U
2025-06-27T18:12:51.371898,1702.7171594026931,151.46183658681514,-7575.872986616872,-2.9764174676788295,-6.436347938346036,-0.7363108826649456,42085U
2025-06-27T18:13:51.371898,1521.624998541081,-234.7544045597376,-7608.446468985408,-3.058459336746052,-6.4342282879171915,-0.3490893900150634,42085U
2025-06-27T18:14:51.371898,1335.8859472379447,-620.2536176753811,-7617.732008114821,-3.13127074112887,-6.412441756778633,0.039751702934998426,42085U
2025-06-27T18:15:51.371898,1146.061270289466,-1003.8556643011226,-7603.666938042567,-3.194608603433495,-6.370995082218175,0.42906139026160695,42085U
2025-06-27T18:16:51.371898,952.7260697492644,-1384.3824651418229,-7566.257930925963,-3.248254808168584,-6.3099499654265685,0.8176802429639276,42085U
2025-06-27T18:17:51.371898,756.4677597726264,-1760.6613183407624,-7505.581419819033,-3.2920170700415516,-6.229423680451616,1.2044430893788691,42085U
2025-06-27T18:18:51.371898,557.8844899376666,-2131.5282515672734,-7421.7838570648255,-3.325729790061745,-6.1295896116291635,1.5881818013733733,42085U
2025-06-27T18:19:51.371898,357.583517955589,-2495.83140322297,-7315.081801891654,-3.3492548952856986,-6.010677707763043,1.9677281934832844,42085U
2025-06-27T18:20:51.371898,156.17953295105985,-2852.434427352356,-7185.7618304237185,-3.362482656940067,-5.872974839645401,2.341917040850418,42085U
2025-06-27T18:21:51.371898,-45.70706917299921,-3200.219916027099,-7034.180261020112,-3.3653324805554616,-5.716825045972448,2.709589220151914,42085U
2025-06-27T18:22:51.371898,-247.4519563743236,-3538.0928320694916,-6860.762687661558,-3.3577536606648954,-5.542629651367184,3.0695949757270014,42085U
2025-06-27T18:23:51.371898,-448.42867474455437,-3864.9839440057685,-6666.003314027743,-3.3397260915911007,-5.350847239116088,3.42079731080745,42085U
2025-06-27T18:24:51.371898,-648.0105035276127,-4179.8532540986525,-6450.464080972421,-3.3112609248955454,-5.141993460412043,3.762075501163941,42085U
2025-06-27T18:25:51.371898,-845.5723474209905,-4481.693409226413,-6214.77358032238,-3.2724011632175385,-4.9166406614127744,4.092328725634387,42085U
2025-06-27T18:26:51.371898,-1040.4926620770289,-4769.533083269745,-5959.625748315527,-3.223222179523985,-4.675417309313441,4.410479804942369,42085U
2025-06-27T18:27:51.371898,-1232.155408058266,-5042.440318557181,-5685.77833256779,-3.163832150246456,-4.4190071989317055,4.7154790369927735,42085U
2025-06-27T18:28:51.371898,-1419.9520278092778,-5299.525812834083,-5394.051127224571,-3.0943723904300824,-4.148148422038595,5.006308113514047,42085U
2025-06-27T18:29:51.371898,-1603.2834394967133,-5539.946137183155,-5085.323971917992,-3.0150175788815603,-3.8636320828598167,5.281984099566852,42085U
2025-06-27T18:30:51.371898,-1781.5620408518998,-5762.906869362925,-4760.534511318285,-2.925975861402848,-3.5663007448311,5.541563454132154,42085U
2025-06-27T18:31:51.371898,-1954.2137154429563,-5967.66562617547,-4420.675713432047,-2.8274888205492585,-3.257046595813967,5.784146066809473,42085U
2025-06-27T18:32:51.371898,-2120.679833119856,-6153.534977753424,-4066.793146354261,-2.719831300966059,-2.9368093215530364,6.008879282680152,42085U
2025-06-27T18:33:51.371898,-2280.4192357317033,-6319.885226094088,-3699.9820149152474,-2.6033110802439565,-2.6065736801594195,6.214961884702436,42085U
2025-06-27T18:34:51.371898,-2432.910198631312,-6466.147029797655,-3321.383960551738,-2.478268376386207,-2.2673667737904597,6.401648000693224,42085U
2025-06-27T18:35:51.371898,-2577.6523579676996,-6591.813856802629,-2932.183629761989,-2.3450751843943687,-1.920255017424445,6.568250900084976,42085U
2025-06-27T18:36:51.371898,-2714.1685933465146,-6696.444246983092,-2533.6050186349394,-2.2041344361358024,-1.5663408086217394,6.714146644306722,42085U
2025-06-27T18:37:51.371898,-2842.0068551193604,-6779.66386678931,-2126.907603154857,-2.0558789795346457,-1.206758906359764,6.838777553878487,42085U
2025-06-27T18:38:51.371898,-2960.741925364502,-6841.167338691828,-1713.382267224447,-1.900770375194598,-0.8426725313310932,6.941655455186468,42085U
2025-06-27T18:39:51.371898,-3069.977101551395,-6880.719829031559,-1294.3470425943453,-1.739297510783303,-0.4752692044201146,7.0223646704513785,42085U
2025-06-27T18:40:51.371898,-3169.3457919512857,-6898.158378988165,-871.1426770804654,-1.5719750358367088,-0.10575634431658418,7.080564715639772,42085U
2025-06-27T18:41:51.371898,-3258.5130120707963,-6893.392964746903,-445.1280495595206,-1.399341622032799,0.2646433507083863,7.1159926729948095,42085U
2025-06-27T18:42:51.371898,-3337.176771748786,-6866.407274559306,-17.675452205636738,-1.2219580563822854,0.6346967080529146,7.1284652074652115,42085U
2025-06-27T18:43:51.371898,-3405.06934306702,-6817.2591922350675,409.83423776699914,-1.0404051771379292,1.0031650408361596,7.117880199550571,42085U
2025-06-27T18:44:51.371898,-3461.958399881314,-6746.080978646709,836.0164730075767,-0.8552816644753102,1.3688092275795045,7.084217970903968,42085U
2025-06-27T18:45:51.371898,-3507.648020570574,-6653.079145042907,1259.4880123935668,-0.6672017000960556,1.7303948739374577,7.02754208336518,42085U
2025-06-27T18:46:51.371898,-3541.979546518564,-6538.534014316506,1678.8719326164455,-0.47679251179694276,2.0866975170985826,6.9479996968515145,42085U
2025-06-27T18:47:51.371898,-3564.832289872115,-6402.7989688168,2092.8026479989226,-0.28469182068820126,2.4365078323360194,6.8458214766054875,42085U
2025-06-27T18:48:51.371898,-3576.124085241595,-6246.299385792429,2499.9309111248517,-0.09154521009432033,2.7786368007326088,6.721321045576799,42085U
2025-06-27T18:49:51.371898,-3575.811681207782,-6069.531264054559,2898.92876676795,0.10199656380355915,3.1119207973549825,6.574893983080174,42085U
2025-06-27T18:50:51.371898,-3563.890968749442,-5873.059547917162,3288.4944318418165,0.29528029884336515,3.435226560092846,6.407016376198803,42085U
2025-06-27T18:51:51.371898,-3540.3970449882404,-5657.516156856396,3667.357074661069,0.48765309021496905,3.747456000992198,6.218242935572404,42085U
2025-06-27T18:52:51.371898,-3505.404111936485,-5423.597731594511,4034.2814676820226,0.6784650692288504,4.047550824144058,6.0092046921043805,42085U
2025-06-27T18:53:51.371898,-3459.025211207607,-5172.063109418047,4388.0724890618085,0.8670721168924488,4.334496916981911,5.780606295637049,42085U
2025-06-27T18:54:51.371898,-3401.411796885663,-4903.730543449208,4727.5794498132545,1.05283853239698,4.607328485116921,5.533222940680784,42085U
2025-06-27T18:55:51.371898,-3332.7531499306624,-4619.474682286416,5051.700224990219,1.2351396376512687,4.865131904497412,5.267896947773513,42085U
2025-06-27T18:56:51.371898,-3253.2756385944167,-4320.223327859397,5359.385169221562,1.4133643003242473,5.107049268655064,4.985534031898413,42085U
2025-06-27T18:57:51.371898,-3163.2418303419777,-4006.9539905786232,5649.640798872791,1.5869173593736123,5.332281612904657,4.687099291641772,42085U
2025-06-27T18:58:51.371898,-3062.9494616688826,-3680.690261742084,5921.533225291555,1.7552219387971055,5.540091801636251,4.373612954270964,42085U
2025-06-27T18:59:51.371898,-2952.7302730058304,-3342.4980238711596,6174.191325728801,1.917721637175633,5.729807069003736,4.046145912821482,42085U
2025-06-27T19:00:51.371898,-2832.9487165713685,-2993.481520042312,6406.8096407557705,2.0738825825299223,5.900821207414777,3.7058150914879304,42085U
2025-06-27T19:01:51.371898,-2704.0005455848473,-2634.779303456454,6618.650989180202,2.2231953439775642,6.052596402097403,3.3537786752327423,42085U
2025-06-27T19:02:51.371898,-2566.3112936822376,-2267.560088433529,6809.048793600849,2.365176693625364,6.184664713608571,2.9912312385894677,42085U
2025-06-27T19:03:51.371898,-2420.3346536885483,-1893.018523756577,6977.409111794373,2.49937121401643,6.296629213395233,2.6193988072124816,42085U
2025-06-27T19:04:51.371898,-2266.550765103183,-1512.3709088537123,7123.212371068675,2.625352748227666,6.388164780366446,2.2395338839020527,42085U
2025-06-27T19:05:51.371898,-2105.4644197534653,-1126.8508727134838,7246.0148045298665,2.7427256913530473,6.459018568860603,1.8529104686872149,42085U
2025-06-27T19:06:51.371898,-1937.603195080056,-737.7050347146119,7345.449589875477,2.851126123582519,6.509010160376842,1.4608191001748787,42085U
2025-06-27T19:07:51.371898,-1763.5155244457299,-346.18866573917916,7421.227692838829,2.95022278637739,6.538031412986517,1.0645619428548772,42085U
2025-06-27T19:08:51.371898,-1583.768713721097,46.43863293997104,7473.138418762982,3.0397179043412392,6.5460460234637,0.6654479424764129,42085U
2025-06-27T19:09:51.371898,-1398.9469132051745,438.91721643457106,7501.049676981341,3.1193478562873223,6.533088817902556,0.26478806904914115,42085U
2025-06-27T19:10:51.371898,-1209.6490537041789,829.9916330581817,7504.907963729434,3.188883699712394,6.499264786960089,-0.13610933544662668,42085U
2025-06-27T19:11:51.371898,-1016.4867553220305,1218.414796517095,7484.738070220338,3.2481315534157598,6.444747881924022,-0.5359430898902974,42085U
2025-06-27T19:12:51.371898,-820.082217227867,1602.9520797410835,7440.642523295825,3.2969328433634435,6.369779587607461,-0.9334235747835181,42085U
2025-06-27T19:13:51.371898,-621.0660963651244,1982.385317530073,7372.800766731278,3.3351644171135675,6.274667287670699,-1.3272769902593717,42085U
2025-06-27T19:14:51.371898,-420.07538275890363,2355.5167060740596,7281.4680918400245,3.3627385322115595,6.159782437419612,-1.716249462342378,42085U
2025-06-27T19:15:51.371898,-217.75127877493432,2721.1725882396936,7166.97432650778,3.3796027239564306,6.025558558484866,-2.0991109899002773,42085U
2025-06-27T19:16:51.371898,-14.737089381981068,3078.20711431845,7029.722292204562,3.3857395578593517,5.872489069094182,-2.4746592259297078,42085U
2025-06-27T19:17:51.371898,188.32386982327958,3425.5057686921336,6870.1860388842615,3.381166271984538,5.701124962956323,-2.84172308778974,42085U
2025-06-27T19:18:51.371898,390.7903403534949,3761.9887535941157,6688.908868003461,3.3659343142056675,5.512072349117702,-3.199166191761113,42085U
2025-06-27T19:19:51.371898,592.0251581320902,4086.6142218414657,6486.501154179174,3.340128779246832,5.305989864558611,-3.5458901079009766,42085U
2025-06-27T19:20:51.371898,791.3972544288075,4398.3813510788095,6263.637976271121,3.3038677502249056,5.0835859707906454,-3.8808374316038656,42085U
2025-06-27T19:21:51.371898,988.283614763204,4696.333252725791,6021.056568921163,3.2573015492830013,4.845616145311654,-4.202994668614771,42085U
2025-06-27T19:22:51.371898,1182.0711903732945,4979.559709460386,5759.55360581184,3.2006119018137063,4.592879978473525,-4.5113949305031324,42085U
2025-06-27T19:23:51.371898,1372.1587571053685,5247.199735699497,5479.98232612625,3.134011018722626,4.326218186127644,-4.805120437823787,42085U
2025-06-27T19:24:51.371898,1557.958716848435,5498.4439561742365,5183.249515891492,3.0577406011810853,4.046509548314803,-5.083304828409048,42085U
2025-06-27T19:25:51.371898,1738.8988369071294,5732.536798334359,4870.31235607253,2.9720707723605964,3.754667784256126,-5.345135268472261,42085U
2025-06-27T19:26:51.371898,1914.4239229855755,5948.778494960935,4542.175149447626,2.8772989407292275,3.451638373959782,-5.589854364485235,42085U
2025-06-27T19:27:51.371898,2083.9974217451713,6146.526894022433,4199.885938432459,2.773748599614543,3.1383953368626423,-5.816761874141542,42085U
2025-06-27T19:28:51.371898,2247.102949201212,6325.19907347628,3844.5330261234512,2.6617680678906996,2.815937978054864,-6.0252162151464,42085U
2025-06-27T19:29:51.371898,2403.2457415354306,6484.272759390085,3477.2414129020026,2.541729176822486,2.485287612771721,-6.214635771085833,42085U
2025-06-27T19:30:51.371898,2551.9540252295537,6623.287546441204,3099.16916096258,2.4140259082808955,2.147484279946284,-6.384499994234694,42085U
2025-06-27T19:31:51.371898,2692.780303761423,6741.845920536291,2711.5036991076086,2.2790729897273607,1.8035834556903243,-6.534350305851812,42085U
2025-06-27T19:32:51.371898,2825.302558454223,6839.614083976412,2315.4580800761646,2.1373044515322484,1.4546527775792886,-6.663790795281172,42085U
2025-06-27T19:33:51.371898,2949.125361425566,6916.322584269613,1912.267202543344,1.9891721523381816,1.1017687905486009,-6.7724887200149455,42085U
2025-06-27T19:34:51.371898,3063.8808989445834,6971.766748354883,1503.1840097424715,1.8351442782915777,0.746013725050043,-6.860174809762787,42085U
2025-06-27T19:35:51.371898,3169.2299038720794,7005.806924645441,1089.4756764122174,1.6757038220334133,0.3884723178494017,-6.926643378496774,42085U
2025-06-27T19:36:51.371898,3264.86249622094,7018.368535914618,672.419795471113,1.5113470473607442,0.03022868547732427,-6.971752249378204,42085U
2025-06-27T19:37:51.371898,3350.4989312363864,7009.441946630973,253.30057545840012,1.342581945432403,-0.3276367401439975,-6.995422498404638,42085U
2025-06-27T19:38:51.371898,3425.890254746434,6979.082148892093,-166.59494063202737,1.1699266882951356,-0.6840502049724181,-6.997638023518488,42085U
2025-06-27T19:39:51.371898,3490.818865875366,6927.408271603706,-585.9806249652668,0.9939080853439005,-1.037947546800575,-6.978444946771849,42085U
2025-06-27T19:40:51.371898,3545.0989875369087,6854.60291799657,-1003.5749732714944,0.8150600481061895,-1.3882770224837964,-6.937950857924789,42085U
2025-06-27T19:41:51.371898,3588.577045431798,6760.911336963515,-1418.1047629426198,0.6339220684484208,-1.7340020419370192,-6.876323908546794,42085U
2025-06-27T19:42:51.371898,3621.1319565576746,6646.640434029018,-1828.308652293001,0.45103771495318395,-2.074103803372977,-6.7937917662754,42085U
2025-06-27T19:43:51.371898,3642.6753284990923,6512.157628031513,-2232.940713062568,0.2669531518071215,-2.407583825298759,-6.690640439346595,42085U
2025-06-27T19:44:51.371898,3653.1515709959695,6357.889559801316,-2630.773888861806,0.08221568407802116,-2.733466371879869,-6.567212981834619,42085U
2025-06-27T19:45:51.371898,3652.5379214904574,6184.320659254888,-3020.6033728825796,-0.1026276672457046,-3.050800769398437,-6.423908090214407,42085U
2025-06-27T19:46:51.371898,3640.844386520626,5991.991577398945,-3401.249898826853,-0.2870315576247955,-3.3586636126627067,-6.261178601878633,42085U
2025-06-27T19:47:51.371898,3618.1136009658853,5781.497489747506,-3771.562939617282,-0.4704536764917106,-3.656160861340051,-6.0795299061010954,42085U
2025-06-27T19:48:51.371898,3584.4206072508564,5553.486277600475,-4130.423809055728,-0.6523560682648132,-3.9424298272761593,-5.879518277630835,42085U
2025-06-27T19:49:51.371898,3539.872556682041,5308.656593525168,-4476.748662156758,-0.8322064157914406,-4.216641054891043,-5.661749142637831,42085U
2025-06-27T19:50:51.371898,3484.608335126434,5047.755817215773,-4809.49139042139,-1.0094792857606119,-4.478000097707915,-5.426875286103683,42085U
2025-06-27T19:51:51.371898,3418.7981152414613,4771.577907694028,-5127.646408802658,-1.1836573362129952,-4.725749194938282,-5.175595008975261,42085U
2025-06-27T19:52:51.371898,3342.6428374365278,4480.961157561443,-5430.251331550371,-1.3542324868395543,-4.959168852802545,-4.908650242482834,42085U
2025-06-27T19:53:51.371898,3256.3736216856287,4176.785854721473,-5716.389534504863,-1.520707053290888,-5.177579335896524,-4.62682462597604,42085U
2025-06-27T19:54:51.371898,3160.251112224873,3859.9718566761253,-5985.192601721707,-1.6825948472004824,-5.380342074394601,-4.330941553474243,42085U
2025-06-27T19:55:51.371898,3054.564757057382,3531.4760821630043,-6235.842654559646,-1.8394222440524757,-5.566860993206235,-4.021862192871062,42085U
2025-06-27T19:56:51.371898,2939.632024057839,3192.289924555428,-6467.574561536024,-1.9907292213812882,-5.736583769351942,-3.7004834804064055,42085U
2025-06-27T19:57:51.371898,2815.7975553211554,2843.4365911007976,-6679.678027355196,-2.13607037007171,-5.889003023795141,-3.367736091637623,42085U
2025-06-27T19:58:51.371898,2683.432261240973,2485.9683717359926,-6871.499559536919,-2.27501588172188,-6.023657453744332,-3.024582388735722,42085U
2025-06-27T19:59:51.371898,2542.932355637421,2120.963840902221,-7042.44431101727,-2.407152515130179,-6.140132911024126,-2.6720143425273335,42085U
2025-06-27T20:00:51.371898,2394.718333086116,1749.5249954951787,-7191.977796963118,-2.5320845449642793,-6.238063431500547,-2.3110514263283424,42085U
2025-06-27T20:01:51.371898,2239.233889435495,1372.7743318378714,-7319.627483838131,-2.649434695560943,-6.317132219738825,-1.9427384772975278,42085U
2025-06-27T20:02:51.371898,2076.944786346454,991.8518643707619,-7424.9842484821065,-2.758845062581768,-6.377072592073073,-1.5681435198179972,42085U
2025-06-27T20:03:51.371898,1908.3376605490007,607.9120886166493,-7507.7037046290725,-2.859978024914885,-6.417668880089411,-1.1883555443117937,42085U
2025-06-27T20:04:51.371898,1733.9187783938642,222.1208909127324,-7567.507393894209,-2.9525171487614843,-6.438757295177968,-0.8044822339487347,42085U
2025-06-27T20:05:51.371898,1554.2127361893288,-164.34759258218452,-7604.183837817662,-3.0361680852818207,-6.440226753312712,-0.41764763095499274,42085U
2025-06-27T20:06:51.371898,1369.7611067581572,-550.3141649991069,-7617.589447074344,-3.1106594625036172,-6.422019657593937,-0.028989733685938456,42085U
2025-06-27T20:07:51.371898,1181.121032636278,-934.5978031863782,-7607.649283455386,-3.1757437714196985,-6.3841326343614835,0.3603419846619919,42085U
2025-06-27T20:08:51.371898,988.8637663657579,-1316.0189343594038,-7574.357669712899,-3.2311982453341326,-6.326617216888557,0.7491891448450468,42085U
2025-06-27T20:09:51.371898,793.5731584173323,-1693.4027514823517,-7517.778641850879,-3.2768257305661694,-6.2495804688310255,1.1363871267366208,42085U
2025-06-27T20:10:51.371898,595.8440934150702,-2065.5825633923773,-7438.046237957711,-3.312455545604675,-6.153185537773517,1.520767839133604,42085U
2025-06-27T20:11:51.371898,396.2808755326079,-2431.403175072648,-7335.364617228631,-3.3379443247404383,-6.037652127423836,1.9011626015509613,42085U
2025-06-27T20:12:51.371898,195.4955641888591,-2789.724292774872,-7210.00800243762,-3.353176841108367,-5.903256875306467,2.276405144088645,42085U
2025-06-27T20:13:51.371898,-5.893738508149281,-3139.423947892461,-7062.320438807357,-3.358066802970255,-5.750333621239778,2.6453347298557803,42085U
2025-06-27T20:14:51.371898,-207.2646467338132,-3479.4019325927966,-6892.715362013251,-3.3525576159853205,-5.57927355050136,3.006799402500504,42085U
2025-06-27T20:15:51.371898,-407.99229405387376,-3808.5832392529364,-6701.674967961229,-3.3366231031771854,-5.3905251944364645,3.359659359145281,42085U
2025-06-27T20:16:51.371898,-607.4511778752443,-4125.921494710919,-6489.749377018614,-3.3102681733403623,-5.184594270396748,3.702790446480118,42085U
2025-06-27T20:17:51.371898,-805.0170418869865,-4430.40237926708,-6257.555585570178,-3.273529427765766,-4.962043342353722,4.035087774958151,42085U
2025-06-27T20:18:51.371898,-1000.068792524871,-4721.047019264483,-6005.776198132517,-3.2264756944317816,-4.72349128335585,4.355469443010056,42085U
2025-06-27T20:19:51.371898,-1191.9904448379225,-4996.915340965322,-5735.157933802988,-3.169208478234116,-4.469612521226545,4.662880359994942,42085U
2025-06-27T20:20:51.371898,-1380.1730924484398,-5257.109372346662,-5446.509901554977,-3.1018623154410867,-4.201136049561926,4.956296153296883,42085U
2025-06-27T20:21:51.371898,-1564.0168955906438,-5500.776478392457,-5140.701639822008,-3.024605020384375,-3.918844187200694,5.2347271416272365,42085U
2025-06-27T20:22:51.371898,-1742.9330804950807,-5727.112514478373,-4818.660916951124,-2.9376378124530746,-3.623571070923379,5.497222353268396,42085U
2025-06-27T20:23:51.371898,-1916.3459426778904,-5935.364881572551,-4481.37129043683,-2.8411953117650115,-3.3162008681846737,5.742873564786899,42085U
2025-06-27T20:24:51.371898,-2083.694846005826,-6124.835466228106,-4129.869424372286,-2.735545392458071,-2.997665699187009,5.970819332725356,42085U
2025-06-27T20:25:51.371898,-2244.436208756832,-6294.883447751954,-3765.2421662606916,-2.6209888833822883,-2.6689432605410928,6.180248988039864,42085U
2025-06-27T20:26:51.371898,-2398.0454672995684,-6444.927954528822,-3388.6233861976675,-2.497859107079168,-2.331054146091079,6.370406560667255,42085U
2025-06-27T20:27:51.371898,-2544.019007490947,-6574.450551281056,-3001.190583440915,-2.366521249301806,-1.985058864157983,6.540594599663378,42085U
2025-06-27T20:28:51.371898,-2681.8760534503263,-6682.997539073676,-2604.1612675068104,-2.2273715529444402,-1.6320545544194942,6.690177852918208,42085U
2025-06-27T20:29:51.371898,-2811.160503033873,-6770.182050151479,-2198.78912313071,-2.0808363320886967,-1.273171411814001,6.818586769597426,42085U
2025-06-27T20:30:51.371898,-2931.442699112362,-6835.685920229572,-1786.3599706697405,-1.9273708039079336,-0.9095688291538815,6.9253207882292065,42085U
2025-06-27T20:31:51.371898,-3042.321125661767,-6879.261321657701,-1368.187535777485,-1.7674577383667118,-0.5424312744701455,7.009951373789029,42085U
2025-06-27T20:32:51.371898,-3143.4240177222264,-6900.732141946755,-945.6090443836096,-1.6016059279616977,-0.17296392337758174,7.072124768260465,42085U
2025-06-27T20:33:51.371898,-3234.4108744698474,-6899.995093472599,-519.9806611392777,-1.430348482131385,0.19761192914068829,7.111564420965564,42085U
2025-06-27T20:34:51.371898,-3314.9738649820542,-6877.020541750135,-92.67279148933032,-1.254240953359727,0.5680636492848752,7.128073067454133,42085U
2025-06-27T20:35:51.371898,-3384.8391167628142,-6831.853041478746,334.9347306347236,-1.0738593043609068,0.9371522055959182,7.121534428882676,42085U
2025-06-27T20:36:51.371898,-3443.767877723792,-6764.611571575678,761.4575458863701,-0.8897977280011108,1.3036372359555273,7.091914507548931,42085U
2025-06-27T20:37:51.371898,-3491.557543084622,-6675.489462605369,1185.5117383422264,-0.7026663337397558,1.666282203157581,7.039262458506153,42085U
2025-06-27T20:38:51.371898,-3528.042539551187,-6564.754012345554,1605.7188440082202,-0.5130887162991222,2.023859599876163,6.963711021877122,42085U
2025-06-27T20:39:51.371898,-3553.095060139031,-6432.745787665899,2020.7108720918636,-0.3216994239562599,2.3751561625990507,6.865476505519814,42085U
2025-06-27T20:40:51.371898,-3566.6256441160795,-6279.877613387964,2429.135311658716,-0.12914134524958354,2.7189780535281534,6.744858312953525,42085U
2025-06-27T20:41:51.371898,-3568.583597722047,-6106.633251305141,2829.660096138334,0.06393696602458644,3.0541559695794,6.602238016817922,42085U
2025-06-27T20:42:51.371898,-3558.9572525640788,-5913.565775018827,3220.978498331984,0.2568840069123351,3.3795501384488094,6.438077983483239,42085U
2025-06-27T20:43:51.371898,-3537.774059863504,-5701.295648652824,3601.813929085508,0.4490480615025537,3.6940551632156224,6.252919559638587,42085U
2025-06-27T20:44:51.371898,-3505.1005200162103,-5470.508519796247,3970.9246136234424,0.6397799362105485,3.9966046790937595,6.04738083663602,42085U
2025-06-27T20:45:51.371898,-3461.04194820527,-5221.952739161121,4327.108120664533,0.8284356734609924,4.286175788650633,5.822154012955786,42085U
2025-06-27T20:46:51.371898,-3405.7420780466496,-4956.436621385506,4669.205720838842,1.0143792237616422,4.561793245021112,5.578002379280777,42085U
2025-06-27T20:47:51.371898,-3339.3825064372236,-4674.825463146774,4996.106552553714,1.1969850571431788,4.82253335625278,5.315756954253106,42085U
2025-06-27T20:48:51.371898,-3262.181983888656,-4378.038336236699,5306.751575294164,1.3756406962106384,5.067527587845418,5.036312801956744,42085U
2025-06-27T20:49:51.371898,-3174.3955556571295,-4067.044674494092,5600.137292325002,1.5497491545520274,5.29596584466803,4.740625064501526,42085U
2025-06-27T20:50:51.371898,-3076.313559901506,-3742.8606744621825,5875.319226872996,1.7187312659493756,5.507099417666885,4.429704744733498,42085U
2025-06-27T20:51:51.371898,-2968.2604899135213,-3406.545530352961,6131.415138040949,1.8820278916734514,5.700243584995466,4.104614275078866,42085U
2025-06-27T20:52:51.371898,-2850.5937281563297,-3059.19752435712,6367.607964911238,2.0391019950696614,5.874779861312381,3.7664629088555905,42085U
2025-06-27T20:53:51.371898,-2723.7021604177207,-2701.94999354547,6583.148489493834,2.189440574608242,6.030157892915363,3.416401970093319,42085U
2025-06-27T20:54:51.371898,-2588.004678832892,-2335.9671945858336,6777.357711322698,2.332556448524659,6.165897000027452,3.0556199970458646,42085U
2025-06-27T20:55:51.371898,-2443.9485828639286,-1962.440087274281,6949.628928571314,2.4679898860686014,6.2815873708588965,2.6853378132325028,42085U
2025-06-27T20:56:51.371898,-2292.0078875408244,-1582.5820574621664,7099.429522524205,2.595310082177864,6.3768909149917095,2.3068035580700563,42085U
2025-06-27T20:57:51.371898,-2132.6815483849714,-1197.6245993927248,7226.302444074139,2.7141164740542583,6.451541786132173,1.9212877070565375,42085U
2025-06-27T20:58:51.371898,-1966.4916124590136,-808.8129767634751,7329.867402605994,2.824039899620196,6.505346586336827,1.5300781091196325,42085U
2025-06-27T20:59:51.371898,-1793.9813049268578,-417.4018810292745,7409.821759166431,2.9247435991567268,6.538184265437886,1.1344750662359344,42085U
2025-06-27T21:00:51.371898,-1615.7130603787245,-24.651104588016338,7465.9411271979525,3.0159240625529047,6.550005730585855,0.7357864778487684,42085U
2025-06-27T21:01:51.371898,-1432.2665079922554,368.17875442642224,7498.079685337839,3.0973117255288227,6.54083318161716,0.3353230700441987,42085U
2025-06-27T21:02:51.371898,-1244.2364193683443,759.8305399699789,7506.170207854583,3.168671518935884,6.510759188381213,-0.0656062730562365,42085U
2025-06-27T21:03:51.371898,-1052.2306276182148,1149.0547237081182,7490.223819222546,3.229803275793534,6.459945526266868,-0.46569906058723765,42085U
2025-06-27T21:04:51.371898,-856.8679259920575,1534.6135145455557,7450.329480133548,3.2805420011094113,6.388621786006615,-0.8636636159983399,42085U
2025-06-27T21:05:51.371898,-658.7759540395887,1915.2848791006586,7386.653212926401,3.3207580097674105,6.2970837734611,-1.258223356929034,42085U
2025-06-27T21:06:51.371898,-458.5890789876931,2289.8664610434344,7299.4370749956,3.35035693787852,6.18569171455247,-1.6481209246785846,42085U
2025-06-27T21:07:51.371898,-256.94627971499125,2657.1793880630034,7188.997889235953,3.369279632996376,6.054868279876682,-2.0321221555322273,42085U
2025-06-27T21:08:51.371898,-54.489040401599745,3016.071956038803,7055.725741004109,3.3775019285274297,5.905096442832227,-2.409019887447159,42085U
2025-06-27T21:09:51.371898,148.14073936082465,3365.423180755428,6900.082251446699,3.3750343075410614,5.736917184401022,-2.777637596608922,42085U
2025-06-27T21:10:51.371898,350.30281149917374,3704.146208232217,6722.598637368873,3.3619214610280186,5.5509270570456195,-3.136832859168355,42085U
2025-06-27T21:11:51.371898,551.360617206308,4031.1915754366273,6523.873568108543,3.338241745490342,5.347775619575333,-3.485500634084144,42085U
2025-06-27T21:12:51.371898,750.683289552639,4345.550313822789,6304.570830146821,3.3041065445878646,5.128162754306554,-3.822576363461205,42085U
2025-06-27T21:13:51.371898,947.6476152712868,4646.25688878648,6065.416810433534,3.259659539432383,4.892835877415428,-4.14703888712064,42085U
2025-06-27T21:14:51.371898,1141.6399502886213,4932.391968769552,5807.197809636037,3.205075892020159,4.642587053057846,-4.457913168408043,42085U
2025-06-27T21:15:51.371898,1332.058083830249,5203.085018375133,5530.7571967394915,3.140561346235804,4.378250021618779,-4.754272828464751,42085U
2025-06-27T21:16:51.371898,1518.3130461971396,5457.516710489082,5236.992416627136,3.066351250847845,4.100697152336251,-5.035242486400012,42085U
2025-06-27T21:17:51.371898,1699.8308555733854,5694.921153035216,4926.851862457516,2.9827095089511277,3.8108363305203548,-5.299999903025303,42085U
2025-06-27T21:18:51.371898,1876.0541995044864,5914.587926636102,4601.3316248188175,2.889927458388518,3.509607789630922,-5.547777926083564,42085U
2025-06-27T21:19:51.371898,2046.4440469701967,6115.863930101373,4261.4721297822725,2.7883226878012692,3.1979808985755533,-5.777866235235326,42085U
2025-06-27T21:20:51.371898,2210.481187273125,6298.155031326789,3908.354678087538,2.678237793105563,2.876950914717618,-5.989612885471317,42085U
2025-06-27T21:21:51.371898,2367.6676922756938,6460.927521861181,3543.0978977624573,2.5600390793607284,2.547535713214212,-6.182425648117844,42085U
2025-06-27T21:22:51.371898,2517.5282988369618,6603.70937407256,3166.854122519346,2.434115213178335,2.2107725034288617,-6.355773149179476,42085U
2025-06-27T21:23:51.371898,2659.611708637696,6726.09130053149,2780.8057082479604,2.3008758310005275,1.867714543238063,-6.50918580543929,42085U
2025-06-27T21:24:51.371898,2793.4918029238042,6827.727615908236,2386.1612998671703,2.1607501087497343,1.5194278620800274,-6.64225655948416,42085U
2025-06-27T21:25:51.371898,2918.768770052712,6908.336902357918,1984.152060673466,2.014185298500423,1.1669880035388298,-6.754641415646508,42085U
2025-06-27T21:26:51.371898,3035.0701440855196,6967.702480030765,1576.0278761513246,1.8616452379433133,0.811476798118474,-6.846059779729057,42085U
2025-06-27T21:27:51.371898,3142.051753031089,7005.672684990434,1163.0535439731195,1.7036088384893844,0.45397917661698906,-6.916294606294909,42085U
2025-06-27T21:28:51.371898,3239.3985757100195,7022.16095744228,746.504961628676,1.5405685578923902,0.09558003416410106,-6.965192358237097,42085U
2025-06-27T21:29:51.371898,3326.8255065667904,7017.145743762608,327.66532276913966,1.3730288632407857,-0.2626388454820818,-6.992662784273853,42085U
2025-06-27T21:30:51.371898,3404.078028109665,6990.670216368032,-92.17866704648996,1.2015046900877695,-0.619601796353829,-6.998678520921282,42085U
2025-06-27T21:31:51.371898,3470.93279099988,6942.8418159698895,-511.74054497341115,1.0265199033380723,-0.9742421990724536,-6.98327452635705,42085U
2025-06-27T21:32:51.371898,3527.1981021383085,6873.831621212457,-929.7378061382253,0.8486057652999552,-1.3255053244764161,-6.946547354382922,42085U
2025-06-27T21:33:51.371898,3572.714321406617,6783.87355109391,-1344.8955703390552,0.6682994160344962,-1.67235108541203,-6.888654277402381,42085U
2025-06-27T21:34:51.371898,3607.3541680070334,6673.263405909147,-1755.9501915683845,0.48614237079695793,-2.0137566909832336,-6.809812267933113,42085U
2025-06-27T21:35:51.371898,3631.022937607526,6542.357752733487,-2161.652802332692,0.3026790389710744,-2.348719198584277,-6.710296848657694,42085U
2025-06-27T21:36:51.371898,3643.658631735032,6391.572661679373,-2560.7727853636097,0.11845526844614446,-2.676257960124426,-6.590440821363732,42085U
2025-06-27T21:37:51.371898,3645.2320010646513,6221.3822993094145,-2952.101165934517,-0.06598308110635172,-2.995416959962313,-6.450632885327726,42085U
2025-06-27T21:38:51.371898,3635.7465044275873,6032.317385673655,-3334.4539186212064,-0.250091533134725,-3.3052670431939153,-6.291316155746019,42085U
2025-06-27T21:39:51.371898,3615.2381855021035,5824.9635214589525,-3706.6751829641644,-0.43332835493242144,-3.6049080340592012,-6.112986592703265,42085U
2025-06-27T21:40:51.371898,3583.775469260006,5599.959391698914,-4067.640383083594,-0.6151558824163389,-3.8934707453198065,-5.916191350896488,42085U
2025-06-27T21:41:51.371898,3541.458880315009,5357.994852392998,-4416.259246872925,-0.7950418077867102,-4.170118880504825,-5.701527059895747,42085U
2025-06-27T21:42:51.371898,3488.420685359792,5099.808906228518,-4751.478720934809,-0.9724604294964696,-4.434050831896244,-5.4696380441265315,42085U
2025-06-27T21:43:51.371898,3424.8244618870276,4826.187573402379,-5072.285777911315,-1.146893864542482,-4.68450137800486,-5.221214491016539,42085U
2025-06-27T21:44:51.371898,3350.8645953621944,4537.961663277461,-5377.71011332503,-1.3178332236685184,-4.920743285080836,-4.95699057484481,42085U
2025-06-27T21:45:51.371898,3266.765706968546,4236.004452355251,-5666.826729400538,-1.4847797505847906,-5.142088817826431,-4.677742542835395,42085U
2025-06-27T21:46:51.371898,3172.782013955582,3921.229273700042,-5938.75840370511,-1.6472459268222164,-5.347891165022257,-4.3842867688685105,42085U
2025-06-27T21:47:51.371898,3069.196624523212,3594.5870226466595,-6192.678040671452,-1.8047565442563156,-5.537545786103818,-4.077477778971206,42085U
2025-06-27T21:48:51.371898,2956.320769043844,3257.0635832657986,-6427.810904270185,-1.95684974771492,-5.710491684921764,-3.758206251421758,42085U
2025-06-27T21:49:51.371898,2834.4929692823143,2909.677179720718,-6643.436730205741,-2.1030780503750512,-5.866212616916515,-3.427396992936389,42085U
2025-06-27T21:50:51.371898,2704.0781471172277,2553.475656311,-6838.891716046205,-2.243009324864103,-6.00423823575183,-3.0860068910051344,42085U
2025-06-27T21:51:51.371898,2565.466674102628,2189.5336896777562,-7013.570387656653,-2.3762277730975425,-6.1241451850711135,-2.735022841037197,42085U
2025-06-27T21:52:51.371898,2419.0733630430454,1818.949936355806,-7166.927340186315,-2.502334877900108,-6.2255581404610885,-2.3754596455977546,42085U
2025-06-27T21:53:51.371898,2265.3364025903065,1442.8441186035188,-7298.478851669089,-2.620950339368011,-6.30815080593489,-2.008357881690613,42085U
2025-06-27T21:54:51.371898,2104.7162357148013,1062.354051236254,-7407.804367034859,-2.731712998728527,-6.371646868281555,-1.634781730800031,42085U
2025-06-27T21:55:51.371898,1937.6943827642929,678.6326120472008,-7494.547850000729,-2.834281752137555,-6.415820911480591,-1.2558167652857462,42085U
2025-06-27T21:56:51.371898,1764.7722097021056,292.84465831961484,-7558.418999927751,-2.928336456427658,-6.440499292063302,-0.8725676837498316,42085U
2025-06-27T21:57:51.371898,1586.4696420237021,-93.83610806402636,-7599.1943302938835,-3.013578828276386,-6.445560974830394,-0.4861559872044073,42085U
2025-06-27T21:58:51.371898,1403.3238247910283,-480.2303243230365,-7616.718104960883,-3.089733337612133,-6.43093832673128,-0.09771758729282871,42085U
2025-06-27T21:59:51.371898,1215.8877292023783,-865.156196519794,-7610.9031279138235,-3.156548095319916,-6.396617864999136,0.29159966251969716,42085U
2025-06-27T22:00:51.371898,1024.7287061392349,-1247.4327722939756,-7581.731381638967,-3.2137957344583645,-6.342640953847004,0.6806385219353493,42085U
2025-06-27T22:01:51.371898,830.4269872051339,-1625.883253163655,-7529.2545087957205,-3.2612742832650796,-6.269104442198158,1.0682350139146257,42085U
2025-06-27T22:02:51.371898,633.5741338989401,-1999.3383424850533,-7453.59413134707,-3.298808027224166,-6.176161233086193,1.4532211782512812,42085U
2025-06-27T22:03:51.371898,434.7714357512796,-2366.639624574913,-7354.942000857927,-3.326248356412933,-6.064020773559294,1.834427936144966,42085U
2025-06-27T22:04:51.371898,234.62825850054912,-2726.64296980961,-7233.559973272166,-3.343474593255827,-5.932949452202463,2.210688072079342,42085U
2025-06-27T22:05:51.371898,33.76034369408798,-3078.2219597303215,-7089.779801153851,-3.350394794713695,-5.783270889798254,2.580839337770876,42085U
2025-06-27T22:06:51.371898,-167.21193852465248,-3420.271325304966,-6924.002736148948,-3.346946521849514,-5.615366107230118,2.9437276810721356,42085U
2025-06-27T22:07:51.371898,-367.6653812467536,-3751.7103905436848,-6736.69893430667,-3.333097568665676,-5.42967355353942,3.29821060051534,42085U
2025-06-27T22:08:51.371898,-566.9757745520257,-4071.486512640887,-6528.4066569168135,-3.3088466411287163,-5.22668897612812,3.6431606236805743,42085U
2025-06-27T22:09:51.371898,-764.5197779396207,-4378.578508745087,-6299.731259685679,-3.2742239764155556,-5.006965114497683,3.977468904805874,42085U
2025-06-27T22:10:51.371898,-959.6768275840706,-4672.0000583545725,-6051.343963405732,-3.2292918916585696,-4.771111198674179,4.3000489340606585,42085U
2025-06-27T22:11:51.371898,-1151.8310739172548,-4950.803069221442,-5783.980399788331,-3.174145250864769,-4.519792233629061,4.609840347726499,42085U
2025-06-27T22:12:51.371898,-1340.3733443581425,-5214.080993550598,-5498.43892682903,-3.1089118382636247,-4.253728051589745,4.905812825237193,42085U
2025-06-27T22:13:51.371898,-1524.7031253044315,-5460.972080216139,-5195.578708980535,-3.0337526261244765,-3.97369211517799,5.186970055673447,42085U
2025-06-27T22:14:51.371898,-1704.2305567900103,-5690.662547731221,-4876.317558504911,-2.948861925099166,-3.6805100558139663,5.452353752980996,42085U
2025-06-27T22:15:51.371898,-1878.3784324977717,-5902.38966180703,-4541.6295356829505,-2.8544674054077612,-3.3750579338017355,5.701047695939521,42085U
2025-06-27T22:16:51.371898,-2046.5841971273278,-6095.444700567255,-4192.542307051475,-2.750829977707403,-3.058260208942119,5.932181765854876,42085U
2025-06-27T22:17:51.371898,-2208.3019324589245,-6269.175789865359,-3830.134262517591,-2.6382435232735975,-2.731087413389883,6.144935952151841,42085U
2025-06-27T22:18:51.371898,-2363.0043228490563,-6422.990590711793,-3455.5313940432598,-2.517034464182415,-2.3945535217460168,6.3385442935948895,42085U
2025-06-27T22:19:51.371898,-2510.184590354816,-6556.3588205840815,-3069.903940580198,-2.3875611655026283,-2.0497130170043367,6.512298720842399,42085U
2025-06-27T22:20:51.371898,-2649.3583892296815,-6668.814590382534,-2674.462806041758,-2.2502131630785835,-1.6976576548974083,6.665552764515666,42085U
2025-06-27T22:21:51.371898,-2780.0656491799054,-6759.9585390303755,-2270.4557592848164,-2.105410212282994,-1.3395129333314924,6.7977250920089975,42085U
2025-06-27T22:22:51.371898,-2901.8723565273986,-6829.459748206686,-1859.1634273205477,-1.953601155121555,-0.9764342778948537,6.908302835927516,42085U
2025-06-27T22:23:51.371898,-3014.3722623119393,-6877.057420459252,-1441.8950952179237,-1.7952626052361333,-0.6096029587591627,6.996844677366405,42085U
2025-06-27T22:24:51.371898,-3117.1885063850896,-6902.562304967327,-1019.9843283842456,-1.6308974526447273,-0.2402217585896933,7.062983648255032,42085U
2025-06-27T22:25:51.371898,-3209.9751467117608,-6905.85785651119,-594.7844350512652,-1.4610331924253799,0.1304895847715813,7.106429618694265,42085U
2025-06-27T22:26:51.371898,-3292.4185834064137,-6886.901114744377,-167.66378881992142,-1.2862200839463678,0.5012991331851043,7.1269714376039754,42085U
2025-06-27T22:27:51.371898,-3364.2388674899457,-6845.723292638807,259.9989670205203,-1.1070291496130265,0.8709676694343719,7.1244786980389545,42085U
2025-06-27T22:28:51.371898,-3425.1908849572374,-6782.430064957947,686.8198100210755,-0.92405002438831,1.2382537504468165,7.098903102176972,42085U
2025-06-27T22:29:51.371898,-3475.0654074889067,-6697.201549781092,1111.4142991485594,-0.7378886694946322,1.6019188555722463,7.050279405164765,42085U
2025-06-27T22:30:51.371898,-3513.690002013368,-6590.291978416816,1532.402579457938,-0.5491649656661133,1.9607325909658397,6.9787259216424165,42085U
2025-06-27T22:31:51.371898,-3540.9297923145086,-6462.0290514670405,1948.4144040571596,-0.3585102030470494,2.313477909754501,6.884444583755384,42085U
2025-06-27T22:32:51.371898,-3556.688066968741,-6312.812981293738,2358.0941460264203,-0.16656448628047182,2.658956306981931,6.767720544695977,42085U
2025-06-27T22:33:51.371898,-3560.9067290660337,-6143.115223652646,2760.105772747509,0.02602592553266885,2.995992948344118,6.628921327175196,42085U
2025-06-27T22:34:51.371898,-3553.566584400247,-5953.476903747641,3153.1377552318713,0.21861132352679805,3.32344169244836,6.468495521587157,42085U
2025-06-27T22:35:51.371898,-3534.6874660836106,-5744.506944383446,3535.907885493664,0.4105412774958196,3.640189967726088,6.286971043872306,42085U
2025-06-27T22:36:51.371898,-3504.3281948249796,-5516.879906206699,3907.1679757985753,0.6011673670459424,3.945163467174343,6.084952968089703,42085U
2025-06-27T22:37:51.371898,-3462.586375389,-5271.333552191313,4265.7084146980005,0.7898458947484177,4.237330626723787,5.863120953365893,42085U
2025-06-27T22:38:51.371898,-3409.5980310011346,-5008.666150508677,4610.362556111651,0.9759405611784777,4.51570685616447,5.62222628909901,42085U
2025-06-27T22:39:51.371898,-3345.5370786557028,-4729.733531671036,4940.010919345944,1.1588250826760285,4.779358495139715,5.363088585954565,42085U
2025-06-27T22:40:51.371898,-3270.6146494262975,-4435.445917445045,5253.58517964651,1.3378857338326595,5.027406470528258,5.086592143337358,42085U
2025-06-27T22:41:51.371898,-3185.078258886147,-4126.764540165798,5550.071931035445,1.5125237982758561,5.259029635789307,4.793682026322452,42085U
2025-06-27T22:42:51.371898,-3089.2108337255763,-3804.6980722878716,5828.516205044232,1.682157912859696,5.473467776883113,4.4853598869636,42085U
2025-06-27T22:43:51.371898,-2983.329601450374,-3470.2988866168575,6088.024731307945,1.8462262922875157,5.670024273762952,4.162679565848853,42085U
2025-06-27T22:44:51.371898,-2867.7848507727035,-3124.6591682378908,6327.768928098272,2.004188823053323,5.848068410504675,3.826742510272173,42085U
2025-06-27T22:45:51.371898,-2742.9585708907966,-2768.9068993822502,6546.987613102877,2.155529017563137,6.00703733112778,3.47869304517183,42085U
2025-06-27T22:46:51.371898,-2609.2629783233933,-2404.2017384927194,6744.989426913726,2.2997558212497995,6.146437641861051,3.1197135322200893,42085U
2025-06-27T22:47:51.371898,-2467.1389403140324,-2031.7308145485867,6921.154963774112,2.436405267400545,6.26584666398118,2.7510194511674073,42085U
2025-06-27T22:48:51.371898,-2317.054304057005,-1652.7044573259939,7074.938606116265,2.5650419762282413,6.364913344344384,2.373854435833406,42085U
2025-06-27T22:49:51.371898,-2159.502141129774,-1268.351883723749,7205.870061278447,2.685260496401417,6.443358833304567,1.989485295079576,42085U
2025-06-27T22:50:51.371898,-1994.998916551657,-879.9168595988493,7313.555600508168,2.796686488777779,6.500976741848867,1.5991970467745538,42085U
2025-06-27T22:51:51.371898,-1824.082591844064,-488.65335577452754,7397.679001919256,2.8989777534350445,6.537633091473314,1.2042879902769852,42085U
2025-06-27T22:52:51.371898,-1647.310671348442,-95.8212160160147,7458.002200477067,2.9918251022546913,6.55326597158393,0.8060648403811542,42085U
2025-06-27T22:53:51.371898,-1465.2582008810007,297.318146147643,7494.365649333558,3.074953080278739,6.547884920062758,0.4058379430870077,42085U
2025-06-27T22:54:51.371898,-1278.5157275808758,689.5060058204908,7506.688397927965,3.14812053982994,6.521570043119532,0.004916591040234957,42085U
2025-06-27T22:55:51.371898,-1087.687229548709,1079.4905253766467,7494.967893219305,3.211121071971828,6.474470890703439,-0.3953955459074138,42085U
2025-06-27T22:56:51.371898,-893.3880235909148,1466.0308793019337,7459.2795112339045,3.263783300297665,6.406805103625141,-0.793804861783462,42085U
2025-06-27T22:57:51.371898,-696.2426590857846,1847.9012921312744,7399.77582680922,3.305971042298743,6.318856848190658,-1.1890321160017394,42085U
2025-06-27T22:58:51.371898,-496.8828056849395,2223.894977261093,7316.68563000945,3.3375833436900244,6.210975053633636,-1.5798165858358835,42085U
2025-06-27T22:59:51.371898,-295.9451422561667,2592.8279652747897,7210.312698194491,3.3585543910936626,6.083571467002001,-1.9649200619352727,42085U
2025-06-27T23:00:51.371898,-94.06925417290327,2953.542811232011,7081.034333156178,3.3688533084188577,5.937118539463113,-2.3431306802394967,42085U
2025-06-27T23:01:51.371898,108.10445423875296,3304.912171146228,6929.299673110341,3.368483842156983,5.7721471572831735,-2.7132665846942725,42085U
2025-06-27T23:02:51.371898,309.93682557089073,3645.8422386114407,6755.62778966159,3.3574839406572274,5.589244230051895,-3.0741794160037155,42085U
2025-06-27T23:03:51.371898,510.7919872761427,3975.27603324349,6560.605580150476,3.3359252322798314,5.389050148094175,-3.424757622298881,42085U
2025-06-27T23:04:51.371898,710.0393557044815,4292.196533275234,6344.885466059617,3.3039124071624135,5.172256120462554,-3.7639295880868784,42085U
2025-06-27T23:05:51.371898,907.0556005192823,4595.629645296437,6109.182908404682,3.261582507193235,4.939601404455652,-4.090666578205034,42085U
2025-06-27T23:06:51.371898,1101.2265640406483,4884.647004773602,5854.273751264021,3.2091041286763873,4.691870437260424,-4.403985493785818,42085U
2025-06-27T23:07:51.371898,1291.9491303196266,5158.368601610944,5580.991404821721,3.14667654210619,4.429889880082286,-4.702951437456117,42085U
2025-06-27T23:08:51.371898,1478.63303900965,5415.965225645419,5290.223879500514,3.0745287334457054,4.15452558499116,-4.98668008520286,42085U
2025-06-27T23:09:51.371898,1660.7026393668018,5656.660727600656,4982.910682947943,2.9929183713277974,3.8666794946678915,-5.254339862553921,42085U
2025-06-27T23:10:51.371898,1837.5985799827693,5879.73409166146,4660.039591808811,2.9021307046667224,3.5672864852688178,-5.505153922976434,42085U
2025-06-27T23:11:51.371898,2008.77943013757,6084.521316480147,4322.643310358865,2.8024773952758344,3.257311162712999,-5.738401926710495,42085U
2025-06-27T23:12:51.371898,2173.7232289523236,6270.417102082862,3971.796028189733,2.694295290228412,2.9377446228196162,-5.9534216186438735,42085U
2025-06-27T23:13:51.371898,2331.928958826866,6436.876340810626,3608.609889217135,2.577945138864195,2.6096011858594,-6.149610204305178,42085U
2025-06-27T23:14:51.371898,2482.9179399666427,6583.415411107196,3234.2313843199886,2.4538102595217453,2.2739151162036864,-6.326425523617759,42085U
2025-06-27T23:15:51.371898,2626.235143130526,6709.613273643235,2849.8376799168614,2.322295161259776,1.931737337849022,-6.48338702270391,42085U
2025-06-27T23:16:51.371898,2761.450418073051,6815.112369947496,2456.632894729099,2.1838241260038354,1.5841321566300672,-6.620076524763183,42085U
2025-06-27T23:17:51.371898,2888.1596355038314,6899.619324391932,2055.844336868079,2.0388397567079823,1.2321739998963233,-6.736138801854407,42085U
2025-06-27T23:18:51.371898,3005.9857407417967,6962.905451039651,1648.7187132252711,1.8878014972487003,0.8769441843115472,-6.831281950271774,42085U
2025-06-27T23:19:51.371898,3114.579717602854,7004.807067514106,1236.518322915934,1.7311841298529909,0.5195277222099874,-6.905277573112759,42085U
2025-06-27T23:20:51.371898,3213.6214614209584,7025.225618670424,820.5172462458204,1.5694762559019724,0.16101017661500908,-6.957960774562308,42085U
2025-06-27T23:21:51.371898,3302.8205604586333,7024.127613441574,401.99754033949876,1.4031787659401638,-0.19752542540775297,-6.989229971345598,42085U
2025-06-27T23:22:51.371898,3381.9169853172043,7001.544378788978,-17.754547832193296,1.2328033046448994,-0.5550016119506203,-6.999046527712813,42085U
2025-06-27T23:23:51.371898,3450.6816862968763,6957.57163519812,-437.45234072280755,1.058870736379325,-0.9103494095606547,-6.987434221186205,42085U
2025-06-27T23:24:51.371898,3508.91709898615,6892.368898623488,-855.8124519723378,0.8819096167519437,-1.2625112029486631,-6.954478547106128,42085U
2025-06-27T23:25:51.371898,3556.4575586699434,6806.158714196034,-1271.5584613795884,0.7024546753459523,-1.6104435042845555,-6.900325870735771,42085U
2025-06-27T23:26:51.371898,3593.169624436264,6699.225727357764,-1683.4245343704206,0.5210453144572392,-1.9531196262012926,-6.825182436306908,42085U
2025-06-27T23:27:51.371898,3618.952314127212,6571.915598377785,-2090.158977837709,0.33822412829805565,-2.28953225364474,-6.72931324289401,42085U
2025-06-27T23:28:51.371898,3633.737251519707,6424.633766431006,-2490.5277248386083,0.15453544668744096,-2.6186959107758483,-6.613040797377537,42085U
2025-06-27T23:29:51.371898,3637.488727332142,6257.8440695814525,-2883.3177412569516,-0.029476093235453603,-2.9396493202382032,-6.4767437549864955,42085U
2025-06-27T23:30:51.371898,3630.203675832344,6072.067227110589,-3267.340348157778,-0.2132669442620755,-3.251457653223064,-6.320855457988499,42085U
2025-06-27T23:31:51.371898,3611.911568970183,5867.879190662265,-3641.434454180013,-0.396296012875118,-3.5532146698857385,-6.145862383013175,42085U
2025-06-27T23:32:51.371898,3582.6742300715277,5645.909370648225,-4004.469692910109,-0.5780259876437561,-3.8440447507597675,-5.952302507252106,42085U
2025-06-27T23:33:51.371898,3542.5855692110604,5406.838744269248,-4355.349460755881,-0.7579246309725112,-4.123104820867105,-5.7407636033725655,42085U
2025-06-27T23:34:51.371898,3491.7712424277743,5151.397851364109,-4693.013851381955,-0.9354660335189948,-4.389586169208329,-5.511881472417382,42085U
2025-06-27T23:35:51.371898,3430.3882369608,4880.364684105133,-5016.44248326932,-1.1101318311841273,-4.642716167217681,-5.266338123244508,42085U
2025-06-27T23:36:51.371898,3358.6243846654666,4594.5624763228825,-5324.657217413271,-1.2814123851467734,-4.881759890563869,-5.004859906197585,42085U
2025-06-27T23:37:51.371898,3276.697805721042,4294.857397964895,-5616.7247625746795,-1.4488079259551065,-5.106021649354452,-4.728215607699601,42085U
2025-06-27T23:38:51.371898,3184.8562846664086,3982.1561598912836,-5891.759165832339,-1.611829663181809,-5.314846432334511,-4.437214511348764,42085U
2025-06-27T23:39:51.371898,3083.3765806992983,3657.4035338806775,-6148.924186456301,-1.7700008625961037,-5.507621271053223,-4.132704429876384,42085U
2025-06-27T23:40:51.371898,2972.5636740526593,3321.5797923809796,-6387.435551319876,-1.9228578931856792,-5.683776530184745,-3.8155697110280222,42085U
2025-06-27T23:41:51.371898,2852.7499501219977,2975.6980721946506,-6606.563090193267,-2.0699512466694228,-5.842787130224714,-3.486729219069112,42085U
2025-06-27T23:42:51.371898,2724.2943228642553,2620.8016659497234,-6805.632749310641,-2.210846532366911,-5.984173708630802,-3.1471342922208723,42085U
2025-06-27T23:43:51.371898,2587.581298827249,2257.961244887343,-6984.028481572848,-2.345125450422802,-6.107503725128604,-2.797766674929912,42085U
2025-06-27T23:44:51.371898,2443.0199830025213,1888.2720161983066,-7141.19401164514,-2.472386746420188,-6.212392516362206,-2.4396364224876614,42085U
2025-06-27T23:45:51.371898,2291.0430275308327,1512.8508178831084,-7276.634474028913,-2.592247150345541,-6.298504304328889,-2.073779774181074,42085U
2025-06-27T23:46:51.371898,2132.1055241337826,1132.8331538992168,-7389.917921936169,-2.704342302687164,-6.36555316210558,-1.7012569899017222,42085U
2025-06-27T23:47:51.371898,1966.6838410008565,749.3701722008767,-7480.676704480572,-2.808327670156715,-6.413303939259414,-1.3231501439935232,42085U
2025-06-27T23:48:51.371898,1795.274404739773,363.6255881931689,-7548.608709322526,-2.903879453114404,-6.441573148044234,-0.9405608691244501,42085U
2025-06-27T23:49:51.371898,1618.3924278983088,-23.227443895199134,-7593.478467481016,-2.9906954862588835,-6.450229810039733,-0.5546080421398817,42085U
2025-06-27T23:50:51.371898,1436.5705825023288,-410.0095091390605,-7615.118116557605,-3.0684961335103296,-6.439196261305878,-0.16642540324469424,42085U
2025-06-27T23:51:51.371898,1250.3576200251862,-795.5381568032374,-7613.428218123451,-3.1370251772801834,-6.408448912430708,0.22284090052050606,42085U
2025-06-27T23:52:51.371898,1060.3169382201572,-1178.6311689855709,-7588.378424509121,-3.196050701488149,-6.3580189580709074,0.6120348566550722,42085U
2025-06-27T23:53:51.371898,867.0250953123423,-1558.1098696515028,-7540.007989726107,-3.24536596676855,-6.287993028756767,0.9999932223952736,42085U
2025-06-27T23:54:51.371898,671.0702721641112,-1932.8024702302787,-7468.426118754005,-3.2847902753180303,-6.198513775892849,1.3855482622165367,42085U
2025-06-27T23:55:51.371898,473.05068320420145,-2301.547447371569,-7373.812148965673,-3.314169821790257,-6.089780379074085,1.7675305953119875,42085U
2025-06-27T23:56:51.371898,273.57293714662944,-2663.1969477887174,-7256.415557053705,-3.3333785255603483,-5.96204896309836,2.1447721595706053,42085U
2025-06-27T23:57:51.371898,73.25034882486992,-3016.620214342517,-7116.555784483678,-3.342318838584121,-5.8156329104376,2.5161092970895225,42085U
2025-06-27T23:58:51.371898,-127.29879617142794,-3360.707026657784,-6954.6218742529445,-3.340922521988363,-5.650903053477596,2.8803859644322656,42085U
2025-06-27T23:59:51.371898,-327.4530219433117,-3694.371148618321,-6771.071911598446,-3.329151383474546,-5.468287729602952,3.236457068694037,42085U
2025-06-28T00:00:51.371898,-526.5894852151254,-4016.553774076221,-6566.432261289129,-3.3069979666277876,-5.268272681231756,3.58319192798668,42085U
2025-06-28T00:01:51.371898,-724.0858376086943,-4326.2269610402345,-6341.296594281997,-3.27448618232263,-5.051400782248608,3.9194778522241007,42085U
2025-06-28T00:02:51.371898,-919.3221235228427,-4622.397043511421,-6096.324696823467,-3.2316718716384805,-4.818271571977973,4.244223837131186,42085U
2025-06-28T00:03:51.371898,-1111.6827092410545,-4904.108009017168,-5832.24105556118,-3.1786432890669323,-4.569540577929744,4.55636436124616,42085U
2025-06-28T00:04:51.371898,-1300.5582382137918,-5170.444828788297,-5549.83321290505,-3.1155214943403875,-4.305918409064798,4.854863272402607,42085U
2025-06-28T00:05:51.371898,-1485.3476067654926,-5420.53672646007,-5249.949887740598,-3.0424606409594226,-4.028169602287405,5.138717746834482,42085U
2025-06-28T00:06:51.371898,-1665.459953759346,-5653.56037016535,-4933.498857672381,-2.959648149471231,-3.7371112063050447,5.406962300697811,42085U
2025-06-28T00:07:51.371898,-1840.316657044546,-5868.7429719778065,-4601.444600241328,-2.867304753768496,-3.433611088889957,5.658672830548025,42085U
2025-06-28T00:08:51.371898,-2009.3533288140575,-6065.365277866159,-4254.805692026012,-2.7656844091537534,-3.118585955937902,5.892970656215464,42085U
2025-06-28T00:09:51.371898,-2172.021801336158,-6242.764430672252,-3894.6519661898533,-2.6550740516571163,-2.7929990735246575,6.109026536674326,42085U
2025-06-28T00:10:51.371898,-2327.792093910151,-6400.336688157087,-3522.1014308504937,-2.5357931991047584,-2.457857687369931,6.306064626990785,42085U
2025-06-28T00:11:51.371898,-2476.154351343391,-6537.539977884687,-3138.316952619679,-2.4081933857117814,-2.114210137701461,6.483366342332125,42085U
2025-06-28T00:12:51.371898,-2616.620743779434,-6653.896270667507,-2744.502711747497,-2.2726574234991777,-1.763142671394231,6.6402740934105795,42085U
2025-06-28T00:13:51.371898,-2748.727317333797,-6748.993754489669,-2341.900437486118,-2.129598485594705,-1.405775957382831,6.776194856679586,42085U
2025-06-28T00:14:51.371898,-2872.035784732829,-6822.488791273185,-1931.7854345234766,-1.97945900844305,-1.0432613156224317,6.890603542158557,42085U
2025-06-28T00:15:51.371898,-2986.1352450133422,-6874.107639565634,-1515.4624135905772,-1.8227094120886667,-0.6767766742186223,6.983046121976032,42085U
2025-06-28T00:16:51.371898,-3090.643821337073,-6903.647927208612,-1094.2611415748793,-1.659846639964652,-0.3075222736616858,7.053142483619468,42085U
2025-06-28T00:17:51.371898,-3185.2102061133996,-6910.979859292346,-669.5319286281007,-1.4913925219747772,0.06328385871796345,7.10058897347346,42085U
2025-06-28T00:18:51.371898,-3269.5151029064114,-6896.047148200648,-242.64097181333278,-1.3178919670501648,0.43441063699486304,7.125160598506629,42085U
2025-06-28T00:19:51.371898,-3343.272555037737,-6858.867654290461,185.03442327787744,-1.1399109937324279,0.8046188168979538,7.1267128569090845,42085U
2025-06-28T00:20:51.371898,-3406.2311513735776,-6799.533727704419,612.1107198063658,-0.958034609637453,1.1726660341624788,7.105183172035078,42085U
2025-06-28T00:21:51.371898,-3458.1751005035203,-6718.212243957279,1037.2031012649434,-0.7728645528292669,1.5373119443847774,7.060591908109125,42085U
2025-06-28T00:22:51.371898,-3498.925165369288,-6615.144328233416,1458.9304715650037,-0.5850169101262324,1.897323425668817,6.9930429507249485,42085U
2025-06-28T00:23:51.371898,-3528.3394513693424,-6490.644765743977,1875.9204769317396,-0.39511962913021964,2.2514798038720296,6.902723840108748,42085U
2025-06-28T00:24:51.371898,-3546.314042036953,-6345.101097977704,2286.8145223218016,-0.20380994226554688,2.5985780594585677,6.789905450323781,42085U
2025-06-28T00:25:51.371898,-3552.7834775449187,-6178.972407194393,2690.272754819792,-0.011731722303541236,2.9374379748708632,6.654941212943917,42085U
2025-06-28T00:26:51.371898,-3547.721072510663,-5992.787794009293,3084.978986545417,0.1804672102960197,3.2669071819356015,6.4982658890981675,42085U
2025-06-28T00:27:51.371898,-3531.139070837171,-5787.144555357517,3469.6455300102443,0.3721378073911859,3.5858660701115954,6.320393899063682,42085U
2025-06-28T00:28:51.371898,-3503.0886366073246,-5562.706072463309,3843.0179195967667,0.5626325195347551,3.8932325183322867,6.1219172236394375,42085U
2025-06-28T00:29:51.371898,-3463.659681326975,-5320.19942063481,4203.879493865037,0.7513080079578859,4.187966415731443,5.90350289625769,42085U
2025-06-28T00:30:51.371898,-3412.9805290638865,-5060.412714721039,4551.055814707345,0.9375278219559886,4.469073939603317,5.665890109081284,42085U
2025-06-28T00:31:51.371898,-3351.2174222343815,-4784.192205876191,4883.418900933846,1.1206650223540393,4.735611562449007,5.409886960106455,42085U
2025-06-28T00:32:51.371898,-3278.573871926724,-4492.4391468512395,5199.891255646861,1.300104732901275,4.986689763805067,5.136366871472863,42085U
2025-06-28T00:33:51.371898,-3195.289857704367,-4186.106444359136,5499.449668706015,1.4752466028692275,5.2214764266328615,4.846264711726882,42085U
2025-06-28T00:34:51.371898,-3101.6408827878327,-3866.195118124386,5781.12877766221,1.6455071657593339,5.439199902265754,4.540572656659323,42085U
2025-06-28T00:35:51.371898,-2997.9368913602657,-3533.750587026364,6044.024372701395,1.8103220808175269,5.63915173215878,4.220335824535061,42085U
2025-06-28T00:36:51.371898,-2884.521055472743,-3189.858803287877,6287.296433340148,1.9691482459485599,5.820689018856507,3.886647722068856,42085U
2025-06-28T00:37:51.371898,-2761.7684396335985,-2835.642255944113,6510.1718868255775,2.1214657725770083,5.983236442604672,3.5406455373981864,42085U
2025-06-28T00:38:51.371898,-2630.0845516547397,-2472.255864881335,6711.947080359793,2.266779814956476,6.126287923786199,3.1835053156229822,42085U
2025-06-28T00:39:51.371898,-2489.9037886961178,-2100.8827865676762,6891.989961371767,2.40462224834317,6.24940793480069,2.816437051275871,42085U
2025-06-28T00:40:51.371898,-2341.687787704035,-1722.7301522397709,7049.74196206177,2.534553192278052,6.352232468068994,2.4406797304355727,42085U
2025-06-28T00:41:51.371898,-2185.923689588171,-1339.0247587867211,7184.719586322641,2.6561623769269045,6.434469669492235,2.0574963531851678,42085U
2025-06-28T00:42:51.371898,-2023.1223265326264,-951.0087319057936,7296.515698884522,2.7690703519832565,6.495900148907097,1.6681689648249831,42085U
2025-06-28T00:43:51.371898,-1853.8163418048207,-559.9351803365652,7384.800518116047,2.8729295390170315,6.536376980845684,1.273993721781256,42085U
2025-06-28T00:44:51.371898,-1678.5582513168242,-167.06385911887574,7449.32231534837,2.967425129345443,6.555825410241977,0.8762760155722001,42085U
2025-06-28T00:45:51.371898,-1497.9184560275592,226.34314108793853,7489.907824859686,3.0522758304975635,6.554242278644731,0.4763256756043684,42085U
2025-06-28T00:46:51.371898,-1312.48321405728,619.0256625322659,7506.462369776502,3.1272344651458406,6.531695187036708,0.07545226903246113,42085U
2025-06-28T00:47:51.371898,-1122.852581132134,1009.7296916086059,7498.969710120128,3.1920884269930454,6.488321411561791,-0.3250394865075065,42085U
2025-06-28T00:48:51.371898,-929.6383276972434,1397.211498621479,7467.491620062899,3.246659998542498,6.4243265883765535,-0.7238541837362611,42085U
2025-06-28T00:49:51.371898,-733.4618407430585,1780.2416928150221,7412.167202173949,3.2908065359628558,6.339983183524756,-1.119710048629247,42085U
2025-06-28T00:50:51.371898,-534.9520180824638,2157.6091803151226,7333.211947042234,3.324420526407878,6.2356287632361695,-1.5113431156868746,42085U
2025-06-28T00:51:51.371898,-334.7431625143657,2528.125013485764,7230.916547182007,3.3474295231869275,6.111664079432637,-1.8975112474524567,42085U
2025-06-28T00:52:51.371898,-133.47288300499753,2890.626121028173,7105.645474567141,3.35979596413218,5.968550984533383,-2.2769979914823213,42085U
2025-06-28T00:53:51.371898,68.21999027698816,3243.9789089316005,6957.835331520827,3.3615168783954137,5.806810188937078,-2.648616269057877,42085U
2025-06-28T00:54:51.371898,269.6974705212941,3587.0827231246353,6787.992985020491,3.3526234867554803,5.627018873862417,-3.0112118907933962,42085U
2025-06-28T00:55:51.371898,470.32445216253143,3918.8731653876985,6596.693494772431,3.333180700349272,5.4298081715820805,-3.3636668949693096,42085U
2025-06-28T00:56:51.371898,669.4707160911898,4238.325254763016,6384.57784567984,3.3032865225729235,5.215860524517552,-3.704902704926056,42085U
2025-06-28T00:57:51.371898,866.5128964515261,4544.456427355902,6152.350495575086,3.263071358751519,4.985906934189583,-4.033883102233661,42085U
2025-06-28T00:58:51.371898,1060.8364035481186,4836.329368060411,5900.77674931908,3.2126972380589485,4.740724110651985,-4.349617012636272,42085U
2025-06-28T00:59:51.371898,1251.8372976409917,5113.054668374322,5630.679970587068,3.1523569520914356,4.481131532776981,-4.651161101998646,42085U
2025-06-28T01:00:51.371898,1438.924108666519,5373.793305093077,5342.938642866141,3.082273114466086,4.207988429607668,-4.937622179680918,42085U
2025-06-28T01:01:51.371898,1621.5195971869432,5617.758935305308,5038.483291375236,3.002697145829242,3.9221906929291537,-5.208159406980317,42085U
2025-06-28T01:02:51.371898,1799.062452138508,5844.220003743878,4718.293277791441,2.9139081887190637,3.624667731231604,-5.461986308516476,42085U
2025-06-28T01:03:51.371898,1971.0089212291075,6052.501659193193,4383.393479810812,2.816211956826348,3.316379275314156,-5.698372584737263,42085U
2025-06-28T01:04:51.371898,2136.8343701246777,6241.98747730559,4034.8508676926467,2.7099395233322072,2.9983121458979007,-5.916645724089588,42085U
2025-06-28T01:05:51.371898,2296.0347668654313,6412.120987844117,3673.770990021006,2.5954460531610852,2.671476993749223,-6.116192413852856,42085U
2025-06-28T01:06:51.371898,2448.128088266354,6562.407005040314,3301.294380964031,2.4731094841635213,2.3369050229423936,-6.296459749173609,42085U
2025-06-28T01:07:51.371898,2592.65564538088,6692.412760432029,2918.5929013165305,2.3433291624249493,1.9956447079908601,-6.456956240468711,42085U
2025-06-28T01:08:51.371898,2729.183325445323,6801.768838227067,2526.8660255592263,2.2065244370699926,1.6487585156203317,-6.597252620080932,42085U
2025-06-28T01:09:51.371898,2857.3027480642686,6890.169913909157,2127.337087077317,2.063133220093103,1.297319641944716,-6.716982449854947,42085U
2025-06-28T01:10:51.371898,2976.6323337518897,6957.375297470819,1721.2494935206898,1.9136105168753277,0.9424087756974749,-6.815842532154404,42085U
2025-06-28T01:11:51.371898,3086.81828330157,7003.209283305058,1309.862924078056,1.7584269331423665,0.5851108979723488,-6.893593127734169,42085U
2025-06-28T01:12:51.371898,3187.5354668136497,7027.561309414453,894.449520170103,1.5980671641690496,0.22651212862411962,-6.95005798480207,42085U
2025-06-28T01:13:51.371898,3278.488221569083,7030.385929193436,476.290080738866,1.433028472032415,-0.13230337093782776,-6.985124184531918,42085U
2025-06-28T01:14:51.371898,3359.4110582878575,7011.702599600773,56.67027292917323,1.2638191566554418,-0.4902564293594808,-6.998741809200572,42085U
2025-06-28T01:15:51.371898,3430.0692756522976,6971.595290058469,-363.1231314706379,1.0909570262639927,-0.846275822788456,-6.990923439995748,42085U
2025-06-28T01:16:51.371898,3490.25948330559,6910.2119168847885,-781.8059839466976,0.9149678726931959,-1.1993011503392352,-6.961743492357923,42085U
2025-06-28T01:17:51.371898,3539.8100338474874,6827.763608487403,-1198.1004421701582,0.7363839567340009,-1.5482856205981015,-6.911337397456918,42085U
2025-06-28T01:18:51.371898,3578.581364642063,6724.523806904556,-1610.7385990930345,0.5557425083999589,-1.8921987431189486,-6.839900639044417,42085U
2025-06-28T01:19:51.371898,3606.4662505220394,6600.8272115826085,-2018.4660500064713,0.37358424662551143,-2.2300289198621215,-6.747687655450174,42085U
2025-06-28T01:20:51.371898,3623.3899687175262,6457.068571516641,-2420.045389942697,0.19045192248363874,-2.5607859325854005,-6.635010616886989,42085U
2025-06-28T01:21:51.371898,3629.3103775522104,6293.70133205393,-2814.259634419917,0.0068888895376621965,-2.883503323294207,-6.502238088485907,42085U
2025-06-28T01:22:51.371898,3624.217910635026,6111.2361427702635,-3199.915557146644,-0.17656229557136874,-3.1972406659727777,-6.349793589589541,42085U
2025-06-28T01:23:51.371898,3608.1354884277907,5910.2392328714395,-3575.8469389232732,-0.3593612397516017,-3.5010857289414616,-6.178154059777892,42085U
2025-06-28T01:24:51.371898,3581.11834918971,5691.330660558997,-3940.9177225697276,-0.540971045320773,-3.7941565282754475,-5.987848241891346,42085U
2025-06-28T01:25:51.371898,3543.253801385427,5455.182442717532,-4294.025069297414,-0.7208596057130726,-4.075603273787582,-5.779454991936468,42085U
2025-06-28T01:26:51.371898,3494.6608996965974,5202.516571152771,-4634.102312480455,-0.8985008642346893,-4.34461021006701,-5.553601525229248,42085U
2025-06-28T01:27:51.371898,3435.4900467968764,4934.102921423381,-4960.121805294682,-1.0733760356608884,-4.600397355986443,-5.310961607438472,42085U
2025-06-28T01:28:51.371898,3365.9225230381394,4650.757060082146,-5271.097659150405,-1.2449747910368885,-4.8422221469043025,-5.052253698357233,42085U
2025-06-28T01:29:51.371898,3286.1699461538915,4353.337955873987,-5566.088370252683,-1.4127964065880394,-5.069380984485839,-4.778239055258417,42085U
2025-06-28T01:30:51.371898,3196.4736630156845,4042.7456001393293,-5844.199331968753,-1.5763508781480453,-5.281210699627776,-4.489719801597149,42085U
2025-06-28T01:31:51.371898,3097.104075383261,3719.918541350701,-6104.585230961892,-1.7351600029657366,-5.477089934379537,-4.187536965626325,42085U
2025-06-28T01:32:51.371898,2988.359901470956,3385.8313383690297,-6346.452325265303,-1.8887584311452128,-5.656440449000683,-3.8725684922039583,42085U
2025-06-28T01:33:51.371898,2870.567375018236,3041.491936669274,-6569.060602601912,-2.0366946892911053,-5.818728360357447,-3.5457272297280533,42085U
2025-06-28T01:34:51.371898,2744.0793834013725,2687.9389714421573,-6771.725817321633,-2.1785321791729837,-5.963465317745271,-3.2079588927428038,42085U
2025-06-28T01:35:51.371898,2609.274546163401,2326.2390011544167,-6953.821404311769,-2.313850154372394,-6.090209621911753,-2.8602399993575824,42085U
2025-06-28T01:36:51.371898,2466.5562351767,1957.4836748544292,-7114.780268142221,-2.4422446779270115,-6.198567292544756,-2.503575781236111,42085U
2025-06-28T01:37:51.371898,2316.35153748721,1582.7868362393942,-7254.096445544221,-2.5633295639376974,-6.288193088788311,-2.138998062563324,42085U
2025-06-28T01:38:51.371898,2159.110161733679,1203.2815672843951,-7371.3266390810395,-2.6767373059426656,-6.358791486449048,-1.7675631031310797,42085U
2025-06-28T01:39:51.371898,1995.3032888899209,820.11717406749,-7466.091619565276,-2.78211999459153,-6.410117614472212,-1.3903493995186234,42085U
2025-06-28T01:40:51.371898,1825.4223679524193,434.4561173271496,-7538.077494412098,-2.8791502267653883,-6.4419781520060075,-1.0084554373198034,42085U
2025-06-28T01:41:51.371898,1649.9778570928206,47.47089026074943,-7587.036838701,-2.9675220077904982,-6.454232185953051,-0.622997386512235,42085U
2025-06-28T01:42:51.371898,1469.497910725146,-339.65915386595253,-7612.789685258305,-3.0469516477816296,-6.446792027346027,-0.23510673141451288,42085U
2025-06-28T01:43:51.371898,1284.5270129025018,-725.7510215825212,-7615.224369582582,-3.117178652435958,-6.419623983206871,0.15407217374419183,42085U
2025-06-28T01:44:51.371898,1095.6245574657942,-1109.621343591241,-7594.298224926796,-3.177966607783865,-6.372749078782015,0.5433846327781273,42085U
2025-06-28T01:45:51.371898,903.3633754244112,-1490.0896803503354,-7550.038122339274,-3.22910405750092,-6.306243723223527,0.9316682280292772,42085U
2025-06-28T01:46:51.371898,708.3282101559975,-1865.9818651094254,-7482.5408499679315,-3.2704053704088207,-6.220240309944327,1.3177555419592448,42085U
2025-06-28T01:47:51.371898,511.1141411779795,-2236.1333800893135,-7391.97332546382,-3.301711594757605,-6.1149277410548954,1.7004769876687535,42085U
2025-06-28T01:48:51.371898,312.3249574708877,-2599.392760837769,-7278.572634902493,-3.322891294805316,-5.990551863534263,2.078663755069688,42085U
2025-06-28T01:49:51.371898,112.57148161757266,-2954.625023043516,-7142.645891289723,-3.3338413641171996,-5.847415803142751,2.451150878010412,42085U
2025-06-28T01:50:51.371898,-87.53015362218387,-3300.715105233603,-6984.569905457477,-3.334487808915502,-5.685880180601487,2.8167804258781635,42085U
2025-06-28T01:51:51.371898,-287.36027427255897,-3636.5713198543026,-6804.7906619987425,-3.3247864937519784,-5.5063631932852335,3.1744048211143605,42085U
2025-06-28T01:52:51.371898,-486.297477129166,-3961.1288042246533,-6603.8225928637685,-3.304723840771888,-5.309340544659428,3.5228902816670695,42085U
2025-06-28T01:53:51.371898,-683.7204817362659,-4273.3529617996455,-6382.247641352974,-3.2743174729229803,-5.095345202973188,3.861120384728695,42085U
2025-06-28T01:54:51.371898,-879.0100187257851,-4572.24288307388,-6140.7141095230045,-3.23361679066127,-4.864966970357752,4.187999745170674,42085U
2025-06-28T01:55:51.371898,-1071.550750263267,-4856.834734348526,-5879.935282471677,-3.182703471048449,-4.618851843495958,4.502457798970323,42085U
2025-06-28T01:56:51.371898,-1260.733217674059,-5126.20510146997,-5600.687823610702,-3.1216918776505476,-4.35770114747243,4.803452678653619,42085U
2025-06-28T01:57:51.371898,-1445.9558106287705,-5379.474274572812,-5303.809935870288,-3.0507293693596624,-4.082270425300825,5.089975164436517,42085U
2025-06-28T01:58:51.371898,-1626.626751556265,-5615.8094588393615,-4990.199284817006,-2.9699964961941383,-3.793368066976083,5.361052691395759,42085U
2025-06-28T01:59:51.371898,-1802.1660882407307,-5834.427895354534,-4660.810680904135,-2.8797070703065324,-3.4918536637210926,5.615753389719481,42085U
2025-06-28T02:00:51.371898,-1972.0076868603664,-6034.599875316541,-4316.653519508587,-2.7801081008582207,-3.178636075384284,5.853190131957876,42085U
2025-06-28T02:01:51.371898,-2135.6012170558524,-6215.651630189214,-3958.788979030333,-2.6714795821144954,-2.85467120167943,6.072524558299835,42085U
2025-06-28T02:02:51.371898,-2292.414119993412,-6376.968079879872,-3588.326979121489,-2.554134125076272,-2.5209594511088955,6.2729710483275465,42085U
2025-06-28T02:03:51.371898,-2441.9335498240366,-6517.995420718378,-3206.4229030602423,-2.4284164241934847,-2.1785429049397527,6.453800605524421,42085U
2025-06-28T02:04:51.371898,-2583.6682784565105,-6638.243534926568,-2814.2740903575427,-2.2947025521880917,-1.8285021774466743,6.614344619114713,42085U
2025-06-28T02:05:51.371898,-2717.150553173821,-6737.288203421135,-2413.1161078485525,-2.153399077732019,-1.4719529777247682,6.753998466664127,42085U
2025-06-28T02:06:51.371898,-2841.937896338868,-6814.773104196537,-2004.2188097582255,-2.0049420026573936,-1.1100423826454302,6.87222492032123,42085U
2025-06-28T02:07:51.371898,-2957.6148362782114,-6870.411579206746,-1588.8821994784003,-1.8497955174824166,-0.7439448348685711,6.968557319686696,42085U
2025-06-28T02:08:51.371898,-3063.794558403653,-6903.988153601084,-1168.4321080330647,-1.6884505762840678,-0.37485788415980176,7.042602475081396,42085U
2025-06-28T02:09:51.371898,-3160.1204657450885,-6915.359792373043,-744.215706385779,-1.52142329429055,-0.003997694481753041,7.094043266464879,42085U
2025-06-28T02:10:51.371898,-3246.267638327686,-6904.456880942515,-317.5968708092292,-1.3492531739498697,0.36740565667039826,7.122640905427509,42085U
2025-06-28T02:11:51.371898,-3321.9441812322225,-6871.283917893724,110.04857753517433,-1.1725011676097759,0.738113056523637,7.128236830515371,42085U
2025-06-28T02:12:51.371898,-3386.892451730864,-6815.919910014976,537.3377359276026,-0.9917475872577863,1.106881379424794,7.110754209608141,42085U
2025-06-28T02:13:51.371898,-3440.8901565849665,-6738.518461902558,962.885561946055,-0.8075898739657231,1.472468617147049,7.070199027091975,42085U
2025-06-28T02:14:51.371898,-3483.751311418072,-6639.3075546671225,1385.3098682169177,-0.6206402417108525,1.8336390786488501,7.006660738074188,42085U
2025-06-28T02:15:51.371898,-3515.327055025137,-6518.589010679138,1803.2363434789409,-0.43152321205053584,2.1891686192433535,6.920312476779226,42085U
2025-06-28T02:16:51.371898,-3535.5063125317497,-6376.737643769792,2215.303572734401,-0.24087305767220543,2.5378498582178546,6.811410811440638,42085U
2025-06-28T02:17:51.371898,-3544.2163024586007,-6214.200096818468,2620.1680289546857,-0.04933117407971971,2.878497343733515,6.680295043342339,42085U
2025-06-28T02:18:51.371898,-3541.4228839543043,-6031.493371168451,3016.50900882124,0.1424566004068467,3.2099526243202687,6.52738605304745,42085U
2025-06-28T02:19:51.371898,-3527.1307417146895,-5829.203054766229,3403.0334853452746,0.3338426956008773,3.531089187471428,6.353184702155526,42085U
2025-06-28T02:20:51.371898,-3501.383407384337,-5607.981258280286,3778.480850886315,0.5241805304056943,3.8408172276815997,6.158269804032745,42085U
2025-06-28T02:21:51.371898,-3464.2631175137926,-5368.544270678706,4141.627525078054,0.7128272229891434,4.1380882087205135,5.94329568174908,42085U
2025-06-28T02:22:51.371898,-3415.8905094019224,-5111.669947794614,4491.291403443259,0.8991462698895978,4.421899187922313,5.708989335826995,42085U
2025-06-28T02:23:51.371898,-3356.424157364408,-4838.194849255881,4826.336124003475,1.0825101745933432,4.691296873708789,5.456147248271381,42085U
2025-06-28T02:24:51.371898,-3286.059953117304,-4549.01114077017,5145.675130936167,1.262303007248987,4.945381391367762,5.1856318526329055,42085U
2025-06-28T02:25:51.371898,-3205.0303350323834,-4245.063280128878,5448.275516249329,1.4379228785649059,5.1833097361618075,4.8983677025119405,42085U
2025-06-28T02:26:51.371898,-3113.603371991367,-3927.3445063973973,5733.161622508888,1.6087843125370405,5.404298897057626,4.595337372891152,42085U
2025-06-28T02:27:51.371898,-3012.081708431355,-3596.8931526078386,5999.4183918001745,1.7743205044158072,5.60762863861729,4.277577129997258,42085U
2025-06-28T02:28:51.371898,-2900.8013779217385,-3254.7888028481184,6246.194448311297,1.9339854522033593,5.792643932795071,3.946172406027819,42085U
2025-06-28T02:29:51.371898,-2780.1304932422363,-2902.148314972123,6472.704904133421,2.0872559519139973,5.9587570364278015,3.6022531150808748,42085U
2025-06-28T02:30:51.371898,-2650.4678214381356,-2540.12173024005,6678.233880056468,2.2336334487889404,6.105449214018365,3.246988846026623,42085U
2025-06-28T02:31:51.371898,-2512.241252717292,-2169.888091069369,6862.136735251757,2.3726457385758657,6.232272108909485,2.8815839669358123,42085U
2025-06-28T02:32:51.371898,-2365.906172325252,-1792.6511877436496,7023.842001756914,2.5038485148281318,6.338848769078657,2.5072726740889086,42085U
2025-06-28T02:33:51.371898,-2211.9437447012483,-1409.6352544294596,7162.853021578444,2.626826759903538,6.4248743365059315,2.125314016629339,42085U
2025-06-28T02:34:51.371898,-2050.859119283052,-1022.0806342027203,7278.7492859945705,2.741195978923382,6.490116411355167,1.7369869256653407,42085U
2025-06-28T02:35:51.371898,-1883.179567311082,-631.2394320335402,7371.187478252446,2.8466032773591334,6.534415104049784,1.3435852741766998,42085U
2025-06-28T02:36:51.371898,-1709.4525588834913,-238.37117382510485,7439.90222231365,2.9427282841385174,6.557682789730211,0.9464129915067012,42085U
2025-06-28T02:37:51.371898,-1530.2437893582253,155.26151129754825,7484.7065415977795,3.0292839231885704,6.559903580563611,0.546779253625975,42085U
2025-06-28T02:38:51.371898,-1346.1351639869285,548.3971692003736,7505.492032817527,3.106017037167597,6.541132531975549,0.14599376779277468,42085U
2025-06-28T02:39:51.371898,-1157.7227494187748,939.7797441610239,7502.22876099216,3.1727088677809285,6.501494599125357,-0.254637832213621,42085U
2025-06-28T02:40:51.371898,-965.6147004371537,1328.1627331569061,7474.964882582863,3.229175397542774,6.441183359903411,-0.6538184663988547,42085U
2025-06-28T02:41:51.371898,-770.4291699973863,1712.3132576187115,7423.826004425799,3.2752675581544337,6.360459520440676,-1.0502639526029447,42085U
2025-06-28T02:42:51.371898,-572.7922103328966,2091.016040149775,7349.014286761093,3.3108713108363856,6.259649218646496,-1.442707204352442,42085U
2025-06-28T02:43:51.371898,-373.33567259103984,2463.0772745839713,7250.80729918532,3.3359076040050435,6.1391421406830196,-1.8299022741914928,42085U
2025-06-28T02:44:51.371898,-172.69511215685395,2827.3283785849967,7129.556638805,3.3503322136455203,5.999389464597245,-2.210628235535278,42085U
2025-06-28T02:45:51.371898,28.492293472540595,3182.629618776832,6985.686320255961,3.354135471626311,5.840901644613191,-2.583692897213735,42085U
2025-06-28T02:46:51.371898,229.58980768818836,3527.8735991439526,6819.690947590674,3.3473418870537244,5.664246048879049,-2.9479363457752608,42085U
2025-06-28T02:47:51.371898,429.96317235011065,3861.9886041559453,6632.133678332933,3.3300096655947176,5.470044462801395,-3.3022343113254,42085U
2025-06-28T02:48:51.371898,628.9826139227717,4183.941788749352,6423.643990270755,3.3022301315273075,5.258970469512156,-3.645501353202857,42085U
2025-06-28T02:49:51.371898,826.0248124049272,4492.742207961692,6194.915261805142,3.26412705712358,5.031746718518016,-3.9766938621950176,42085U
2025-06-28T02:50:51.371898,1020.4748275515369,4787.443679652715,5946.702176904189,3.2158559038445365,4.789142093192361,-4.294812876289272,42085U
2025-06-28T02:51:51.371898,1211.7279771417154,5067.147474377258,5679.817965930073,3.157602979739613,4.5319687874892844,-4.598906707185993,42085U
2025-06-28T02:52:51.371898,1399.191662304024,5331.004827100746,5395.131493810522,3.0895845174004513,4.261079302083475,-4.8880733749995935,42085U
2025-06-28T02:53:51.371898,1582.2871351719975,5578.219266076389,5093.564207214213,3.0120456768219728,3.9773633700598237,-5.1614628487764405,42085U
2025-06-28T02:54:51.371898,1760.451204407472,5808.048754831306,4776.08695256488,2.925259477574329,3.681744822283396,-5.41827909068401,42085U
2025-06-28T02:55:51.371898,1933.137874407821,6019.807643854084,4443.716676873875,2.829525664779198,3.3751784026438183,-5.6577819020123545,42085U
2025-06-28T02:56:51.371898,2099.81991429557,6212.8684292211865,4097.5130234991175,2.7251695135123906,3.0586465434843952,-5.879288569474312,42085U
2025-06-28T02:57:51.371898,2259.9903530888932,6386.663316062814,3738.5748350259614,2.612540576408683,2.733156111655095,-6.0821753107266225,42085U
2025-06-28T02:58:51.371898,2413.1638977589523,6540.685585435472,3368.0365755204643,2.4920113794174874,2.3997351357609302,-6.265878518552352,42085U
2025-06-28T02:59:51.371898,2558.87827120176,6674.490763842594,2987.0646844169,2.3639760708385777,2.0594295252837385,-6.429895803754257,42085U
2025-06-28T03:00:51.371898,2696.695467485132,6787.697595322053,2596.8538742617116,2.228849028942531,1.713299792313714,-6.573786837504102,42085U
2025-06-28T03:01:51.371898,2826.202922071979,6879.9888166910205,2198.6233844508038,2.087063433643795,1.3624177866261409,-6.6971739946621796,42085U
2025-06-28T03:02:51.371898,2947.0145950723186,6951.111737205526,1793.613202949294,1.9390698078296946,1.0078634547499108,-6.799742800418112,42085U
2025-06-28T03:03:51.371898,3058.7719659290256,7000.878624540743,1383.0802677879135,1.7853345340528108,0.6507216334999802,-6.881242183485438,42085U
2025-06-28T03:04:51.371898,3161.1449383012314,7029.166899628842,968.2946598660567,1.626338352350861,0.2920788881571615,-6.941484539997981,42085U
2025-06-28T03:05:51.371898,3253.8326542623436,7035.9191434911445,550.5357982836639,1.4625748449690643,-0.06697959490838992,-6.98034561317761,42085U
2025-06-28T03:06:51.371898,3336.564217281926,7021.142919769087,131.08864904953225,1.2945489137105315,-0.4253730518833669,-6.997764194756447,42085U
2025-06-28T03:07:51.371898,3409.0993238019755,6984.910417184082,-288.7600424054759,1.122775255533234,-0.7820281127549239,-6.993741655015616,42085U
2025-06-28T03:08:51.371898,3471.2288035478455,6927.3579166360605,-707.7254849501578,0.9477768418421304,-1.1358816922017172,-6.96834130912843,42085U
2025-06-28T03:09:51.371898,3522.775069029231,6848.685088077931,-1124.52853226596,0.7700834066894768,-1.4858837930083788,-6.921687628247125,42085U
2025-06-28T03:10:51.371898,3563.5924749804963,6749.154122674958,-1537.8993212493579,0.5902299488031022,-1.831000215784295,-6.85396530443001,42085U
2025-06-28T03:11:51.371898,3593.5675887629945,6629.088706069797,-1946.5808499841135,0.4087552520050535,-2.170215169757091,-6.7654181790531815,42085U
2025-06-28T03:12:51.371898,3612.6193729993856,6488.872838822746,-2349.3324875628164,0.22620042817207447,-2.502533780456169,-6.656348044771696,42085U
2025-06-28T03:13:51.371898,3620.699281929148,6328.949510283454,-2744.9334086462836,0.04310748643000814,-2.826984491186541,-6.527113331378463,42085U
2025-06-28T03:14:51.371898,3617.7912731647198,6149.8192322694085,-3132.1859462735993,-0.13998206823284798,-3.1426213563104772,-6.378127686041592,42085U
2025-06-28T03:15:51.371898,3603.9117366857417,5952.038438985983,-3509.9188570417505,-0.32252860428468055,-3.448526225464587,-6.209858458380917,42085U
2025-06-28T03:16:51.371898,3579.109343034537,5736.21775961389,-3876.9904933850185,-0.5039956988233427,-3.7438108189484636,-6.022825100658822,42085U
2025-06-28T03:17:51.371898,3543.4648127684336,5503.020169928376,-4232.291878254682,-0.683851437104709,-4.027618695577497,-5.817597493019833,42085U
2025-06-28T03:18:51.371898,3497.090609283522,5253.159029188323,-4574.74967806027,-0.8615696755223977,-4.299127115307878,-5.594794203204835,42085U
2025-06-28T03:19:51.371898,3440.1305571507414,4987.396008364473,-4903.3290702376935,-1.036631267717391,-4.557548799865256,-5.355080689509773,42085U
2025-06-28T03:20:51.371898,3372.759388099258,4706.538915552071,-5217.03650228444,-1.20852525407193,-4.8021335954480655,-5.099167454946923,42085U
2025-06-28T03:21:51.371898,3295.1822167460473,4411.439424156048,-5514.922339512522,-1.376750015385962,-5.032170042291368,-4.827808159623352,42085U
2025-06-28T03:22:51.371898,3207.6339481063737,4102.990709144294,-5796.083399127042,-1.540814392043856,-5.24698685646352,-4.541797697281052,42085U
2025-06-28T03:23:51.371898,3110.378618829466,3782.124996345565,-6059.665368531192,-1.7002387704411832,-5.4459543297058675,-4.241970240763996,42085U
2025-06-28T03:24:51.371898,3003.708673990626,3449.81102943564,-6304.865105980123,-1.8545561388425047,-5.628485653399066,-3.929197259910077,42085U
2025-06-28T03:25:51.371898,2887.9441811404,3107.0514589165323,-6530.932821854176,-2.003313115173404,-5.79403817283744,-3.6043855140324954,42085U
2025-06-28T03:26:51.371898,2763.431983163257,2754.880157051342,-6737.174138899971,-2.146070949505561,-5.942114577909927,-3.268475019771031,42085U
2025-06-28T03:27:51.371898,2630.5447913417656,2394.3594623930726,-6922.952029783469,-2.2824065041590105,-6.072264036007294,-2.9224369936963903,42085U
2025-06-28T03:28:51.371898,2489.680219860168,2026.5773572437706,-7087.688630220478,-2.411913214415652,-6.184083272501985,-2.567271767661617,42085U
2025-06-28T03:29:51.371898,2341.259762816999,1652.6445811061851,-7230.86692579843,-2.5342020328077832,-6.277217603478536,-2.204006673538954,42085U
2025-06-28T03:30:51.371898,2185.727714659911,1273.691682965738,-7352.032310375972,-2.648902359804564,-6.351361924527056,-1.833693892699682,42085U
2025-06-28T03:31:51.371898,2023.5500348097648,890.8660150675246,-7450.7940136538655,-2.7556629634684455,-6.406261658360066,-1.4574082644122288,42085U
2025-06-28T03:32:51.371898,1855.213157110282,505.3286707386263,-7526.826395157431,-2.8541528902900537,-6.441713662783744,-1.0762450462795936,42085U
2025-06-28T03:33:51.371898,1681.2227446362342,118.25136877470155,-7579.870101460231,-2.94406236893031,-6.45756709915948,-0.6913176189581124,42085U
2025-06-28T03:34:51.371898,1502.1023903154003,-269.1867130504097,-7609.7330830277915,-3.0251037080103984,-6.4537242599542815,-0.30375512670728577,42085U
2025-06-28T03:35:51.371898,1318.3922637791554,-655.8021526594684,-7616.291466574028,-3.0970121883940207,-6.430141352318094,0.08529995513968212,42085U
2025-06-28T03:36:51.371898,1130.6477048576678,-1040.4105436093669,-7599.490278317454,-3.159546949610553,-6.38682923287178,0.47469433489955937,42085U
2025-06-28T03:37:51.371898,939.4377641840229,-1421.8297970396059,-7559.3440130131,-3.21249186918229,-6.323854087074042,0.8632665104940587,42085U
2025-06-28T03:38:51.371898,745.343691467759,-1798.883481954169,-7495.937043135083,-3.255656432657551,-6.241338044692458,1.2498494752997904,42085U
2025-06-28T03:39:51.371898,548.9573721592751,-2170.404199610986,-7409.423862111914,-3.2888765911254363,-6.139459721077346,1.6332735318440497,42085U
2025-06-28T03:40:51.371898,350.8797134340794,-2535.2369871668575,-7300.029155088002,-3.312015601922056,-6.018454672164441,2.0123692202770713,42085U
2025-06-28T03:41:51.371898,151.718980709128,-2892.2427449717566,-7168.047690323694,-3.324964847145383,-5.878615749467081,2.385970367163498,42085U
2025-06-28T03:42:51.371898,-47.91091376169659,-3240.3016810807385,-7013.844024067067,-3.327644623506194,-5.720293339800882,2.752917258432381,42085U
2025-06-28T03:43:51.371898,-247.39216826048454,-3578.316765626255,-6837.852011557466,-3.320004895976803,-5.543895473169308,3.1120599382771683,42085U
2025-06-28T03:44:51.371898,-446.10489253126116,-3905.2171867020893,-6640.574116770234,-3.302026006686909,-5.349887781171137,3.4622616334445975,42085U
2025-06-28T03:45:51.371898,-643.4289493203447,-4219.96179835649,-6422.580513603472,-3.273719329583798,-5.1387932875211355,3.8024022997097,42085U
2025-06-28T03:46:51.371898,-838.745833016376,-4521.5425501977925,-6184.507971457949,-3.2351278605525553,-4.911192011846294,4.131382284442883,42085U
2025-06-28T03:47:51.371898,-1031.4405812525333,-4808.987887002095,-5927.058518583991,-3.186326732008237,-4.667720367871783,4.448126096079964,42085U
2025-06-28T03:48:51.371898,-1220.9037146698254,-5081.366105596459,-5650.997877180186,-3.1274236404560956,-4.409070337481483,4.751586268055148,42085U
2025-06-28T03:49:51.371898,-1406.5331993512712,-5337.788655207581,-5357.153665031412,-3.0585591751921903,-4.135988402948252,5.040747301422579,42085U
2025-06-28T03:50:51.371898,-1587.736425727421,-5577.413366430998,-5046.413359479573,-2.9799070362107223,-3.8492742209054294,5.3146296670332625,42085U
2025-06-28T03:51:51.371898,-1763.9321970428014,-5799.447593026105,-4719.7220207254395,-2.8916741295150516,-3.5497790233750273,5.572293844835634,42085U
2025-06-28T03:52:51.371898,-1934.5527197718825,-6003.151249901897,-4378.079772863325,-2.7941005284131517,-3.238403733380383,5.812844374705806,42085U
2025-06-28T03:53:51.371898,-2099.0455876971996,-6187.839729955828,-4022.53904264454,-2.687459290026011,-2.91609678533765,6.035433890271368,42085U
2025-06-28T03:54:51.371898,-2256.8757507312353,-6352.886681895487,-3654.2015577313155,-2.57205611715254,-2.5838516435076055,6.239267104559108,42085U
2025-06-28T03:55:51.371898,-2407.527458990109,-6497.726630831138,-3274.215108125888,-2.4482288568156436,-2.242704015260955,6.4236047140492705,42085U
2025-06-28T03:56:51.371898,-2550.5061721278803,-6621.8574233009185,-2883.770076517292,-2.3163468282527164,-1.8937287597136052,6.587767185935101,42085U
2025-06-28T03:57:51.371898,-2685.3404235358867,-6724.842478503844,-2484.0957454402383,-2.1768099747901313,-1.5380364963469697,6.731138392143316,42085U
2025-06-28T03:58:51.371898,-2811.583628708924,-6806.31282787794,-2076.456391368761,-2.0300478359351946,-1.1767699224791146,6.853169053019202,42085U
2025-06-28T03:59:51.371898,-2928.8158269002543,-6865.968925787878,-1662.1471781195467,-1.8765183380956236,-0.8110998527951999,6.953379953576656,42085U
2025-06-28T04:00:51.371898,-3036.645345136018,-6903.582214980829,-1242.4898641839936,-1.7167064045596803,-0.44222099849368574,7.031364895886159,42085U
2025-06-28T04:01:51.371898,-3134.7103737481166,-6918.996431630593,-818.8283407980999,-1.551122387695102,-0.07134750785592463,7.086793352541371,42085U
2025-06-28T04:02:51.371898,-3222.680442817734,-6912.128636210867,-392.524019651925,-1.3803003287032491,0.30029170589986853,7.119412788205622,42085U
2025-06-28T04:03:51.371898,-3300.2577893028,-6882.96995810461,35.04890891029971,-1.2047960526429442,0.6714578198658073,7.129050618972485,42085U
2025-06-28T04:04:51.371898,-3367.1786051486743,-6831.5860437476185,462.50832457503327,-1.025185108765866,1.0409071068125042,7.1156157826393835,42085U
2025-06-28T04:05:51.371898,-3423.214157352615,-6758.117200193107,888.4691084662866,-0.842060568419444,1.4073960548251727,7.07909989693218,42085U
2025-06-28T04:06:51.371898,-3468.1717717540287,-6662.778228239686,1311.5481318134903,-0.6560306948325112,1.7696865630262122,7.019577987153795,42085U
2025-06-28T04:07:51.371898,-3501.8956732502365,-6545.857941648704,1730.3692754224603,-0.46771650094123884,2.1265511735094975,6.937208769571202,42085U
2025-06-28T04:08:51.371898,-3524.267676171682,-6407.7183714482635,2143.5684527975504,-0.2777492130013572,2.4767782985813462,6.832234481994965,42085U
2025-06-28T04:09:51.371898,-3535.207719675132,-6248.7936568388595,2549.7986093923187,-0.0867676590282195,2.8191774020688123,6.704980258331994,42085U
2025-06-28T04:10:51.371898,-3534.6742442109608,-6069.588626729805,2947.734670438857,0.10458439792756147,3.152584093837106,6.5558530492802625,42085U
2025-06-28T04:11:51.371898,-3522.664406365606,-5870.677078406565,3336.078410104494,0.29566096103706074,3.4758650977283296,6.385340096664135,42085U
2025-06-28T04:12:51.371898,-3499.214130654218,-5652.699762212023,3713.5632153516117,0.4858165145846708,3.7879230548718876,6.194006974058363,42085U
2025-06-28T04:13:51.371898,-3464.3979981154016,-5416.362083371227,4078.9587188248297,0.6744087316941689,4.087701126680832,5.982495211196836,42085U
2025-06-28T04:14:51.371898,-3418.3289728188156,-5162.431534177949,4431.075276308479,0.8608011545267277,4.374187364747384,5.751519524115403,42085U
2025-06-28T04:15:51.371898,-3361.157968614909,-4891.734871641396,4768.768265792759,1.0443658273651855,4.646418818234495,5.501864676930153,42085U
2025-06-28T04:16:51.371898,-3293.073259613937,-4605.1550573506165,5090.9421868969575,1.224485864072002,4.903485353112014,5.234382004538484,42085U
2025-06-28T04:17:51.371898,-3214.299738961778,-4303.62797772543,5396.554541296052,1.4005579327490272,5.144533161615524,4.949985628289006,42085U
2025-06-28T04:18:51.371898,-3125.0980314667045,-3988.1389639774266,5684.619476836941,1.5719946419884814,5.3687679445039755,4.649648398763777,42085U
2025-06-28T04:19:51.371898,-3025.763466512067,-3659.719131988707,5954.211180176228,1.7382268148446463,5.575457752957541,4.334397601230793,42085U
2025-06-28T04:20:51.371898,-2916.624918457999,-3319.441562944857,6204.467004964723,1.898705638514224,5.763935481174892,4.0053104600745515,42085U
2025-06-28T04:21:51.371898,-2798.043522382886,-2968.4173459249764,6434.590324820238,2.052904679648488,5.9336010048157535,3.6635094786093103,42085U
2025-06-28T04:22:51.371898,-2670.4112735412455,-2607.7915037752714,6643.853102520275,2.2003217571757596,6.08392296429498,3.3101576501734016,42085U
2025-06-28T04:23:51.371898,-2534.149519322117,-2238.7388234963,6831.598168974175,2.3404806664393942,6.214440195493123,2.946453575355984,42085U
2025-06-28T04:24:51.371898,-2389.707352783571,-1862.4596120752317,6997.241207573728,2.472932750312061,6.324762813649099,2.5736265186875618,42085U
2025-06-28T04:25:51.371898,-2237.559917019146,-1480.1753982126365,7140.272441448406,2.597258314695508,6.414572958998593,2.192931436206937,42085U
2025-06-28T04:26:51.371898,-2078.206629696704,-1093.1245997755507,7260.258022936421,2.7130678874161194,6.483625215082003,1.8056440031059833,42085U
2025-06-28T04:27:51.371898,-1912.1693371028377,-702.5581760620049,7356.841126224627,2.8200033209644255,6.531746712565243,1.4130556682179605,42085U
2025-06-28T04:28:51.371898,-1739.9904069406805,-309.73528312385736,7429.742745593684,2.9177387407800115,6.558836932893148,1.0164687595512132,42085U
2025-06-28T04:29:51.371898,-1562.2307689830186,84.08105049910331,7478.762203026421,3.0059813418407813,6.5648672271462765,0.6171916624709283,42085U
2025-06-28T04:30:51.371898,-1379.467912478561,477.62821122684375,7503.777370106257,3.0844720371809458,6.549880066131976,0.21653408955119463,42085U
2025-06-28T04:31:51.371898,-1192.2938489681574,869.648235617892,7504.744610147906,3.1529859626357117,6.51398803804421,-0.1841975413551914,42085U
2025-06-28T04:32:51.371898,-1001.3130488966527,1258.8919787849052,7481.698447379702,3.2113328426047905,6.457372610025628,-0.5837046066048892,42085U
2025-06-28T04:33:51.371898,-807.1403601158964,1644.1232024930248,7434.750970747049,3.2593572219588345,6.380282669711517,-0.9807006417131887,42085U
2025-06-28T04:34:51.371898,-610.3989160706842,2024.1225703049204,7364.090980543914,3.296938569402879,6.283032862382543,-1.373915561574058,42085U
2025-06-28T04:35:51.371898,-411.7180411579691,2397.6915380071127,7269.982886620687,3.323991257678171,6.1660017387604515,-1.7620997274125727,42085U
2025-06-28T04:36:51.371898,-211.73116044410907,2763.656128394862,7152.765367376585,3.3404644259587295,6.029629727797611,-2.1440278533463464,42085U
2025-06-28T04:37:51.371898,-11.073720628214549,3120.8705802875998,7012.84979913854,3.346341729700808,5.874416948089095,-2.518502746597958,42085U
2025-06-28T04:38:51.371898,189.61887114778014,3468.220862399738,6850.718465871088,3.3416409830591203,5.700920870819281,-2.8843588763359524,42085U
2025-06-28T04:39:51.371898,389.713284324193,3804.6280434146465,6666.922559462049,3.32641369881561,5.509753846476148,-3.240465766859737,42085U
2025-06-28T04:40:51.371898,588.5802717347124,4129.0515102929385,6462.079981101354,3.3007445305932652,5.301580506960542,-3.585731211397121,42085U
2025-06-28T04:41:51.371898,785.5966404192218,4440.4920275090035,6236.872954518479,3.264750621968005,5.077115054200649,-3.919104303199361,42085U
2025-06-28T04:42:51.371898,980.1471809131546,4737.994630553655,5992.045462074668,3.2185808669580425,4.837118445968098,-4.239578280927163,42085U
2025-06-28T04:43:51.371898,1171.626549740931,5020.651347666537,5728.400514926743,3.1624150862744203,4.582395489291455,-4.546193185551702,42085U
2025-06-28T04:44:51.371898,1359.441100100433,5287.603744392566,5446.797268679339,3.0964631236628684,4.313791851662276,-4.838038326200289,42085U
2025-06-28T04:45:51.371898,1543.0106559814967,5538.045286177373,5148.147996135056,3.020963866660792,4.032191000133648,-5.114254552566132,42085U
2025-06-28T04:46:51.371898,1721.7702252245788,5771.223514844375,4833.41492892691,2.936184196133475,3.738511078401304,-5.374036331718954,42085U
2025-06-28T04:47:51.371898,1895.1716473010736,5986.44203543684,4503.60697996606,2.8424178690352817,3.4337017320097223,-5.616633627423381,42085U
2025-06-28T04:48:51.371898,2062.685171876084,6183.062310551262,4159.77635876731,2.7399843389613805,3.118740891932911,-5.841353580401172,42085U
2025-06-28T04:49:51.371898,2223.800964507383,6360.505259943184,3803.0150918135337,2.6292275192057066,2.794631526911505,-6.047561988384153,42085U
2025-06-28T04:50:51.371898,2378.030536142335,6518.252663855235,3434.451460173985,2.5105144932078653,2.4623983750550686,-6.234684585308257,42085U
2025-06-28T04:51:51.371898,2524.90809338789,6655.848369184167,3055.2463666162685,2.38423417745193,2.123084665337363,-6.402208119582557,42085U
2025-06-28T04:52:51.371898,2663.9918068599486,6772.899298280317,2666.5896444187915,2.2507959420562464,1.777748839679223,-6.549681232045139,42085U
2025-06-28T04:53:51.371898,2794.8649952544506,6869.076260843639,2269.696320014852,2.1106281944591276,1.4274612863273048,-6.676715134968767,42085U
2025-06-28T04:54:51.371898,2917.137223130413,6944.114570046813,1865.8028414630646,1.964176931746427,1.0733010951663267,-6.782984094301026,42085U
2025-06-28T04:55:51.371898,3030.4453107458253,6997.814464666116,1456.1632845525583,1.8119042672774608,0.7163528454459002,-6.868225718193712,42085U
2025-06-28T04:56:51.371898,3134.4542546414636,7030.041339633525,1042.045548104462,1.654286937333444,0.3577034361414868,-6.932241055782304,42085U
2025-06-28T04:57:51.371898,3228.8580580228504,7040.725788028279,624.7275497258098,1.49181479353105,-0.0015610312031535112,-6.974894511095978,42085U
2025-06-28T04:58:51.371898,3313.3804703381124,7029.863458098214,205.49343291886518,1.3249892867097353,-0.36035830778187233,-6.9961135778903145,42085U
2025-06-28T04:59:51.371898,3387.7756357936946,6997.514729434093,-214.37020396833813,1.1543219479041065,-0.7176129822094142,-6.995888402079757,42085U
2025-06-28T05:00:51.371898,3451.8286508786896,6943.804212907116,-633.5780469162822,0.9803328718584756,-1.0722593865057282,-6.974271179280618,42085U
2025-06-28T05:01:51.371898,3505.356031285752,6868.920079416566,-1050.8497640094263,0.8035492083178368,-1.4232444161130133,-6.9313753957397175,42085U
2025-06-28T05:02:51.371898,3548.206088912422,6773.113222875893,-1464.913652821514,0.624503666050464,-1.7695302575625549,-6.8673749215981585,42085U
2025-06-28T05:03:51.371898,3580.259219903608,6656.696263187874,-1874.5102289958033,0.44373303421288574,-2.11009701838297,-6.782502966006661,42085U
2025-06-28T05:04:51.371898,3601.4281049460756,6520.042395220483,-2278.395748195128,0.26177672527126916,-2.4439452548706155,-6.677050904053564,42085U
2025-06-28T05:05:51.371898,3611.657823250474,6363.5840899914365,-2675.345654208924,0.07917534324248737,-2.770098394424339,-6.551366985773987,42085U
2025-06-28T05:06:51.371898,3610.9258818503854,6187.811654403994,-3064.1579466139565,-0.10353071947315526,-3.0876050502482206,-6.405854937671757,42085U
2025-06-28T05:07:51.371898,3599.242162012021,5993.271655942222,-3443.6564620078475,-0.2858026539304009,-3.3955412273480334,-6.240972467189994,42085U
2025-06-28T05:08:51.371898,3576.6487846792984,5780.56521874583,-3812.6940634227585,-0.46710457296426555,-3.693012419838319,-6.057229680418676,42085U
2025-06-28T05:09:51.371898,3543.2198969772708,5550.34619742184,-4170.155733128761,-0.6469048144046673,-3.979155600663167,-5.85518742300629,42085U
2025-06-28T05:10:51.371898,3499.0613818623606,5303.319234850123,-4514.961564569213,-0.8246772081597347,-4.253141105833307,-5.635455553777415,42085U
2025-06-28T05:11:51.371898,3444.3104930399913,5040.237710066597,-4846.069649707628,-0.9999023067416243,-4.5141744162415725,-5.398691159919445,42085U
2025-06-28T05:12:51.371898,3379.13541727065,4761.901582103735,-5162.478858528334,-1.172068579375752,-4.761497840960421,-5.14559672182688,42085U
2025-06-28T05:13:51.371898,3303.7347661551103,4469.1551354126495,-5463.231507862361,-1.3406735703866295,-4.994392106669217,-4.876918234769056,42085U
2025-06-28T05:14:51.371898,3218.33699943123,4162.884632207622,-5747.415917072189,-1.505225023066323,-5.212177858466082,-4.593443293503055,42085U
2025-06-28T05:15:51.371898,3123.1997817290226,3844.0158767594185,-6014.168848434441,-1.6652419707016075,-5.414217077785541,-4.295999144793684,42085U
2025-06-28T05:16:51.371898,3018.609274623784,3513.511696336509,-6262.677830290345,-1.820255796846418,-5.599914423444305,-3.9854507115545896,42085U
2025-06-28T05:17:51.371898,2904.8793656984562,3172.3693431519273,-6492.183361198776,-1.969811267272374,-5.7687185019706995,-3.662698590999436,42085U
2025-06-28T05:18:51.371898,2782.350836183813,2821.617821337383,-6701.980993411943,-2.1134675362971236,-5.920123073319603,-3.3286770278222653,42085U
2025-06-28T05:19:51.371898,2651.390468589765,2462.315142635808,-6891.423294006865,-2.2507991303737906,-6.053668197833389,-2.98435186202814,42085U
2025-06-28T05:20:51.371898,2512.390095581671,2095.5455142019414,-7059.9216819373405,-2.381396911910463,-6.16894132986921,-2.6307184496482168,42085U
2025-06-28T05:21:51.371898,2365.7655911906572,1722.4164616163105,-7206.94813913531,-2.5048690262794944,-6.265578362881185,-2.2687995532063905,42085U
2025-06-28T05:22:51.371898,2211.9558052922844,1344.0558899933167,-7332.036793571903,-2.620841834852884,-6.3432646299121656,-1.899643197517904,42085U
2025-06-28T05:23:51.371898,2051.421442138111,961.6090858754322,-7434.785371910643,-2.728960836672618,-6.401735862432652,-1.524320485193474,42085U
2025-06-28T05:24:51.371898,1884.6438835932345,576.2356624856194,-7514.856519040118,-2.8288915810211033,-6.440779109263607,-1.143923365149359,42085U
2025-06-28T05:25:51.371898,1712.1239576243422,189.10645086298234,-7571.978981373341,-2.9203205726993486,-6.460233615953225,-0.7595623465116368,42085U
2025-06-28T05:26:51.371898,1534.3806525011846,-198.59966056478612,-7605.948650356711,-3.002956171253232,-6.459991663463082,-0.3723641495780512,42085U
2025-06-28T05:27:51.371898,1351.9497771280676,-585.698935299358,-7616.629462151304,-3.0765294847118985,-6.439999363377946,0.016530714999380428,42085U
2025-06-28T05:28:51.371898,1165.3825679138222,-971.0060440985308,-7603.954148946623,-3.14079525762651,-6.400257405112866,0.4059704479016862,42085U
2025-06-28T05:29:51.371898,975.2442426327775,-1353.337363108115,-7567.924836856173,-3.195532752327638,-6.340821748783032,0.7947945527536754,42085U
2025-06-28T05:30:51.371898,782.1125018124502,-1731.5143111947539,-7508.613484841606,-3.2405466213743632,-6.261804255560375,1.1818365263990662,42085U
2025-06-28T05:31:51.371898,586.5759783354075,-2104.3667223419225,-7426.16215863322,-3.2756677681534163,-6.163373245507021,1.5659266559211074,42085U
2025-06-28T05:32:51.371898,389.23263614300856,-2470.7362483553748,-7320.783133178941,-3.300754191528619,-6.045753971090807,1.9458949295197614,42085U
2025-06-28T05:33:51.371898,190.68811919556603,-2829.479786396456,-7192.758816779924,-3.3156918093537255,-5.909228992898811,2.3205740670363055,42085U
2025-06-28T05:34:51.371898,-8.445947829089716,-3179.4729250422392,-7042.4414897775305,-3.320395254571844,-5.754138442518153,2.6888026742605096,42085U
2025-06-28T05:35:51.371898,-207.5537052237618,-3519.613401661441,-6870.252850465464,-3.3148086365541816,-5.580880156200227,3.0494285231642535,42085U
2025-06-28T05:36:51.371898,-406.0168480009598,-3848.8245629150874,-6676.683360827995,-3.2989062593094993,-5.3899096618099005,3.4013119579041944,42085U
2025-06-28T05:37:51.371898,-603.2164568624368,-4166.058819141562,-6462.291384773994,-3.2726932872487384,-5.1817400007389525,3.7433294238355606,42085U
2025-06-28T05:38:51.371898,-798.5348669849118,-4470.301082300616,-6227.7021117576105,-3.2362063483476287,-4.956941365970894,4.074377113930777,42085U
2025-06-28T05:39:51.371898,-991.3575706007324,-4760.572176032905,-5973.606259072304,-3.189514063841563,-4.716140537371481,4.393374723925682,42085U
2025-06-28T05:40:51.371898,-1181.0751486963652,-5035.932205274366,-5700.758546685159,-3.1327174930409933,-4.460020095577912,4.699269304286793,42085U
2025-06-28T05:41:51.371898,-1367.0852264699179,-5295.4838717769135,-5409.975939245157,-3.065950481496231,-4.189317396591674,4.991039193771157,42085U
2025-06-28T05:42:51.371898,-1548.7944464779125,-5538.375720832605,-5102.135650879358,-2.989379900596968,-3.9048232903853863,5.267698015979584,42085U
2025-06-28T05:43:51.371898,-1725.6204526963982,-5763.805303540186,-4778.172909555941,-2.903205766777985,-3.607380568494174,5.528298716998017,42085U
2025-06-28T05:44:51.371898,-1896.9938780134844,-5971.022238083479,-4439.078479173038,-2.8076612288429947,-3.297882127706861,5.771937619020855,42085U
2025-06-28T05:45:51.371898,-2062.3603269947375,-6159.331152769388,-4085.895939089025,-2.7030124125173827,-2.9772688395605527,5.9977584618716175,42085U
2025-06-28T05:46:51.371898,-2221.1823451192904,-6328.094493004596,-3719.718722556796,-2.589558112209564,-2.646527118372098,6.2049564016381495,42085U
2025-06-28T05:47:51.371898,-2372.941365103743,-6476.73517401747,-3341.6869174197373,-2.4676293210938662,-2.30668618395107,6.3927819333254865,42085U
2025-06-28T05:48:51.371898,-2517.1396204169328,-6604.739060966904,-2952.983834467559,-2.3375885920210986,-1.9588150188977924,6.560544702561452,42085U
2025-06-28T05:49:51.371898,-2653.3020156672937,-6711.657258152174,-2554.8323509903385,-2.1998292233976287,-1.6040190244168744,6.7076171700527425,42085U
2025-06-28T05:50:51.371898,-2780.9779432239598,-6797.108189357929,-2148.4910392896513,-2.0547742660301553,-1.243436382807623,6.833438091736018,42085U
2025-06-28T05:51:51.371898,-2899.743035231923,-6860.77945195321,-1735.2500921537414,-1.9028753489764447,-0.878234139128857,6.93751577745763,42085U
2025-06-28T05:52:51.371898,-3009.2008401051776,-6902.429428212114,-1316.4270595606647,-1.7446113246426396,-0.5096040189018377,7.019431091573632,42085U
2025-06-28T05:53:51.371898,-3108.9844126483044,-6921.888638444655,-893.3624130685273,-1.5804867356726056,-0.13875800298794036,7.078840160119127,42085U
2025-06-28T05:54:51.371898,-3198.757807161798,-6919.060821905186,-467.4149564720603,-1.411030108546623,0.2330763151168689,7.115476751143481,42085U
2025-06-28T05:55:51.371898,-3278.217463243461,-6893.923733075517,-39.95710327581382,-1.2367920811832884,0.6046605605188845,7.129154297436898,42085U
2025-06-28T05:56:51.371898,-3347.0934744975257,-6846.529642777181,387.6299566559745,-1.0583433741763795,0.974750564198513,7.119767534140525,42085U
2025-06-28T05:57:51.371898,-3405.150731009031,-6777.005535628506,813.9611773343923,-0.8762726175318739,1.3421014708584702,7.08729372758604,42085U
2025-06-28T05:58:51.371898,-3452.1899272199767,-6685.552997594764,1237.6526384868139,-0.6911840468567778,1.7054729294631428,7.031793476074099,42085U
2025-06-28T05:59:51.371898,-3488.048427748686,-6572.447789748066,1657.3265626775594,-0.5036950848308298,2.063634326780398,6.953411068086532,42085U
2025-06-28T06:00:51.371898,-3512.6009847090922,-6438.039106817244,2071.616340632211,-0.31443382542662907,2.4153700230896584,6.852374388531234,42085U
2025-06-28T06:01:51.371898,-3525.7603011963024,-6282.748521622315,2479.1715372743,-0.12403643968557894,2.7594845487771242,6.728994368925719,42085U
2025-06-28T06:02:51.371898,-3527.4774367877467,-6107.0686190111055,2878.6628508906424,0.06685547711632932,3.0948077207952833,6.583663982817763,42085U
2025-06-28T06:03:51.371898,-3517.7420521469517,-5911.561325398258,3268.7869980938826,0.2575975963992776,3.4201996389292244,6.416856793092561,42085U
2025-06-28T06:04:51.371898,-3496.582491084243,-5696.855942410126,3648.2714978244894,0.447545564465771,3.7345555234448926,6.229125063006834,42085U
2025-06-28T06:05:51.371898,-3464.065699705222,-5463.6468954153415,4015.879328529372,0.6360577071355824,4.03681035796033,6.021097447700636,42085U
2025-06-28T06:06:51.371898,-3420.296983538492,-5212.691209836073,4370.413433839948,0.8224977104073172,4.325943304208312,5.7934762874613925,42085U
2025-06-28T06:07:51.371898,-3365.419604759315,-4944.805730058828,4710.721053516762,1.0062372574395504,4.600981858666013,5.5470345280616,42085U
2025-06-28T06:08:51.371898,-3299.6142227927076,-4660.864097457791,5035.697858115017,1.1866586031723352,4.861005724738081,5.282612296972298,42085U
2025-06-28T06:09:51.371898,-3223.098182672452,-4361.793505500113,5344.291867693224,1.3631570692042618,5.105150378173493,5.001113167121496,42085U
2025-06-28T06:10:51.371898,-3136.1246565341994,-4048.5712511025517,5635.507136907742,1.5351434430644268,5.332610307580413,4.703500142075536,42085U
2025-06-28T06:11:51.371898,-3038.981644518273,-3722.2211023345067,5908.407190972729,1.7020462677318922,5.542641916174301,4.390791398044183,42085U
2025-06-28T06:12:51.371898,-2931.990842144419,-3383.8095032372585,6162.118199151165,1.8633140090918654,5.734566075130631,4.06405581896974,42085U
2025-06-28T06:13:51.371898,-2815.506381887151,-3034.4416369339747,6395.831874662947,2.018417090943112,5.907770323037113,3.7244083611565233,42085U
2025-06-28T06:14:51.371898,-2689.9134572260996,-2675.257368368995,6608.808092092231,2.1668497891226877,6.061710709847767,3.3730052834849347,42085U
2025-06-28T06:15:51.371898,-2555.6268378726572,-2307.427087954006,6800.377215517572,2.3081319782450183,6.195913287359536,3.011039278289386,42085U
2025-06-28T06:16:51.371898,-2413.0892851821977,-1932.1474771237715,6969.942132648782,2.4418107264235656,6.30997525150244,2.639734536521517,42085U
2025-06-28T06:17:51.371898,-2262.7698769614117,-1550.637216357111,7116.979992197424,2.56746173510564,6.403565744601567,2.260341778963993,42085U
2025-06-28T06:18:51.371898,-2105.162250979229,-1164.1326556162082,7241.0436435206,2.6846906227787244,6.476426328207967,1.8741332830827917,42085U
2025-06-28T06:19:51.371898,-1940.7827764943129,-773.8834664223988,7341.76277924549,2.7931340527729343,6.528371139090732,1.4823979326899785,42085U
2025-06-28T06:20:51.371898,-1770.168663044754,-381.14829397376343,7418.844783086506,2.8924607066629084,6.5592867425293635,1.0864363150492582,42085U
2025-06-28T06:21:51.371898,-1593.876015601907,12.809573196208971,7472.075286420844,2.9823721058673875,6.569131698169037,0.6875558874350398,42085U
2025-06-28T06:22:51.371898,-1412.4778450002784,406.72649944805806,7501.318438376252,3.0626032849368507,6.557935854419625,0.2870662325747735,42085U
2025-06-28T06:23:51.371898,-1226.5620423192163,799.3427485430761,7506.516895225912,3.132923320724506,6.525799387738723,-0.11372558009902599,42085U
2025-06-28T06:24:51.371898,-1036.729325622081,1189.406665783375,7487.691535783207,3.193135722159713,6.472891603181826,-0.5135195128243777,42085U
2025-06-28T06:25:51.371898,-843.5911671755082,1575.6787820770799,7444.940910256301,3.243078685697849,6.399449512383362,-0.9110269451066335,42085U
2025-06-28T06:26:51.371898,-647.7677089667502,1956.9358271509311,7378.440430676582,3.282625221732689,6.305776204704927,-1.3049749160854216,42085U
2025-06-28T06:27:51.371898,-449.8856740370659,2331.9746400082267,7288.441311568616,3.3116831573425953,6.192239026709375,-1.6941102149136107,42085U
2025-06-28T06:28:51.371898,-250.57628084189275,2699.6159655836395,7175.269269999031,3.3301950207293483,6.059267584441778,-2.0772033118520015,42085U
2025-06-28T06:29:51.371898,-50.47316755293204,3058.7081273448234,7039.322994543103,3.3381378126190957,5.907351582274842,-2.4530521239860272,42085U
2025-06-28T06:30:51.371898,149.78966707248057,3408.130566352905,6881.072393055546,3.3355226697557283,5.73703851134998,-2.8204856104460645,42085U
2025-06-28T06:31:51.371898,349.57989991143774,3746.7972380207857,6701.056629436087,3.322394425449351,5.548931199953092,-3.1783671927810366,42085U
2025-06-28T06:32:51.371898,548.2688907137535,4073.659858499451,6499.881959853227,3.2988310719673484,5.343685237537122,-3.525597996718174,42085U
2025-06-28T06:33:51.371898,745.233654549943,4387.7109932849,6278.219379139837,3.2649431293901228,5.122006283566967,-3.8611199119740287,42085U
2025-06-28T06:34:51.371898,939.8587939192155,4687.986981283438,6036.802088305973,3.2208729254133357,4.884647271925954,-4.183918467102845,42085U
2025-06-28T06:35:51.371898,1131.5383852231082,4973.570688204896,5776.422794330709,3.166793790472734,4.632405521296102,-4.493025516611769,42085U
2025-06-28T06:36:51.371898,1319.6778145633414,5243.594083775054,5497.930853600499,3.102909172505016,4.3661197617072265,-4.787521737769099,42085U
2025-06-28T06:37:51.371898,1503.695558079772,5497.240637882145,5202.229270551353,3.0294516756414662,4.086667087332526,-5.0665389347219545,42085U
2025-06-28T06:38:51.371898,1683.024902305288,5733.747531398045,4890.271563246902,2.9466820271604424,3.794959845580612,-5.32926214774682,42085U
2025-06-28T06:39:51.371898,1857.115600282581,5952.407678046101,4563.0585077814,2.854887977099105,3.491942472580038,-5.574931565706,42085U
2025-06-28T06:40:51.371898,2025.4354594679683,6152.571554332554,4221.634773523798,2.754383135035578,3.1785882852458807,-5.802844240100747,42085U
2025-06-28T06:41:51.371898,2187.471857734045,6333.648835206821,3867.085461325123,2.645505748696922,2.8558962402490877,-6.012355599499765,42085U
2025-06-28T06:42:51.371898,2342.7331840869583,6495.109833780843,3500.5325568715916,2.5286174292114914,2.524887670338115,-6.2028807636044405,42085U
2025-06-28T06:43:51.371898,2490.750201023174,6636.486744100881,3123.1313114000095,2.4041018280034248,2.1866030085885493,-6.373895656774197,42085U
2025-06-28T06:44:51.371898,2631.07732577989,6757.37468664317,2736.0665619597803,2.2723632705003944,1.8420985112265926,-6.524937921497276,42085U
2025-06-28T06:45:51.371898,2763.2938280615977,6857.432556868146,2340.5490033521437,2.133825351998628,1.4924429897104081,-6.6556076330188,42085U
2025-06-28T06:46:51.371898,2887.0049421737085,6936.383677839572,1937.8114237388802,1.9889295011706847,1.1387145626890325,-6.765567817150276,42085U
2025-06-28T06:47:51.371898,3001.8428918384507,6994.016258562494,1529.104915747267,1.8381335168221793,0.7819974383302869,-6.854544774137964,42085U
2025-06-28T06:48:51.371898,3107.467826323709,7030.183660330917,1115.6950746531306,1.6819100835768912,0.42337873726076036,-6.922328212367958,42085U
2025-06-28T06:49:51.371898,3203.568666864002,7044.804473983094,698.8581949424777,1.5207452722027315,0.06394536602291584,-6.968771196597503,42085U
2025-06-28T06:50:51.371898,3289.8638627053724,7037.862411541006,279.87747619273944,1.3551370302624646,-0.2952190495151532,-6.993789916316747,42085U
2025-06-28T06:51:51.371898,3366.1020564438613,7009.406016248131,-139.96075117064456,1.1855936686960606,-0.6530371619193981,-6.997363280730006,42085U
2025-06-28T06:52:51.371898,3432.062658661521,6959.548195515411,-559.3707701490987,1.0126323497928418,-1.0084408229313517,-6.979532347690179,42085U
2025-06-28T06:53:51.371898,3487.5563321788077,6888.465581730221,-977.0711818656968,0.8367775818098588,-1.360373919774766,-6.940399594694517,42085U
2025-06-28T06:54:51.371898,3532.4253865429023,6796.3977262740655,-1391.7885616085207,0.6585597252211451,-1.707795120490824,-6.880128040740842,42085U
2025-06-28T06:55:51.371898,3566.5440836491794,6683.646132428154,-1802.26105770725,0.47851351525676655,-2.049680522712432,-6.798940228429747,42085U
2025-06-28T06:56:51.371898,3589.8188556482887,6550.5731331170355,-2207.2419253220064,0.29717660500246934,-2.3850262013125505,-6.69711707616468,42085U
2025-06-28T06:57:51.371898,3602.188436518732,6397.600619650201,-2605.5029878215973,0.11508813289590489,-2.712850651424681,-6.574996610635856,42085U
2025-06-28T06:58:51.371898,3603.6239088849497,6225.208627765646,-2995.8380190446824,-0.06721268202932681,-3.032197124436528,-6.432972589962212,42085U
2025-06-28T06:59:51.371898,3594.1286678289985,6033.93378736049,-3377.066040347552,-0.24918791432118387,-3.342135855668127,-6.271493027901999,42085U
2025-06-28T07:00:51.371898,3573.7383035813878,5824.367642311227,-3748.034526945908,-0.43030227342959126,-3.6417661835503092,-6.091058629419574,42085U
2025-06-28T07:01:51.371898,3542.5204050806956,5597.154846745621,-4107.622518638922,-0.6100244104613972,-3.930218561191758,-5.89222114761452,42085U
2025-06-28T07:02:51.371898,3500.5742864625495,5352.991244023763,-4454.743630570702,-0.7878281892488056,-4.206656462256126,-5.675581671571338,42085U
2025-06-28T07:03:51.371898,3448.030638577757,5092.621834539067,-4788.348960195619,-0.9631939211879254,-4.470278184018035,-5.441788854092805,42085U
2025-06-28T07:04:51.371898,3385.051107645043,4816.838638241503,-5107.429887107472,-1.135609563883553,-4.720318551344472,-5.191537087522238,42085U
2025-06-28T07:05:51.371898,3311.8278031202644,4526.478457547913,-5411.020762814264,-1.3045718841832252,-4.956050526100094,-4.925564634971953,42085U
2025-06-28T07:06:51.371898,3228.5827368105156,4222.420546020421,-5698.201487921677,-1.4695875867067716,-5.176786727113384,-4.644651723249173,42085U
2025-06-28T07:07:51.371898,3135.567195182453,3905.5841878918804,-5968.099974496264,-1.6301744094504378,-5.381880866327321,-4.349618602637625,42085U
2025-06-28T07:08:51.371898,3033.061046710019,3576.926193186389,-6219.894491629575,-1.7858621884688743,-5.570729107094905,-4.041323577456378,42085U
2025-06-28T07:09:51.371898,2921.37198598497,3237.4383128518457,-6452.815892393398,-1.9361938939920733,-5.742771350738036,-3.720661010013311,42085U
2025-06-28T07:10:51.371898,2800.834716172389,2888.1445779797937,-6666.149720480756,-2.0807266406178866,-5.897492457472665,-3.388559299204364,42085U
2025-06-28T07:11:51.371898,2671.810071242232,2530.0985668601497,-6859.238194849561,-2.219032674418105,-6.034423407593391,-3.0459788336202003,42085U
2025-06-28T07:12:51.371898,2534.6840792490057,2164.380603309603,-7031.482070633442,-2.350700339900645,-6.153142408407165,-2.6939099176305024,42085U
2025-06-28T07:13:51.371898,2389.8669677703633,1792.0948894311978,-7182.342374456891,-2.47533502977676,-6.253275951806274,-2.333370667550857,42085U
2025-06-28T07:14:51.371898,2237.792112456752,1414.3665757199294,-7311.342012092116,-2.592560120383241,-6.33449982657502,-1.9654048736882401,42085U
2025-06-28T07:15:51.371898,2078.914929497115,1032.3387712431495,-7418.067246122908,-2.7020178953982814,-6.39654008853646,-1.59107982284793,42085U
2025-06-28T07:16:51.371898,1913.7117126687422,647.169496485947,-7502.169040950245,-2.8033704601705876,-6.4391739904783005,-1.2114840747806155,42085U
2025-06-28T07:17:51.371898,1742.6784155298537,260.0285813989659,-7563.364272081639,-2.896300648543246,-6.462230872456297,-0.8277251851138125,42085U
2025-06-28T07:18:51.371898,1566.3293792254453,-127.90548880261868,-7601.436796210757,-2.980512923508677,-6.465593011584627,-0.4409273665488998,42085U
2025-06-28T07:19:51.371898,1385.1960063241609,-515.448777437089,-7616.238378119123,-3.0557342723756187,-6.449196428800509,-0.05222907956413298,42085U
2025-06-28T07:20:51.371898,1199.825381093394,-901.4151468959994,-7607.689469932042,-3.1217150963700706,-6.413031648364528,0.33721945642399,42085U
2025-06-28T07:21:51.371898,1010.7788366475256,-1284.6195527832783,-7575.779837752391,-3.1782300937433616,-6.357144404058876,0.7262588405181013,42085U
2025-06-28T07:22:51.371898,818.6304694882289,-1663.8813781061256,-7520.569030190458,-3.225079134526627,-6.281636284206423,1.1137231652112742,42085U
2025-06-28T07:23:51.371898,623.9656020891991,-2038.027803471898,-7442.186682824969,-3.262088124071374,-6.186665305794414,1.4984427968808047,42085U
2025-06-28T07:24:51.371898,427.3791943734652,-2405.897208632971,-7340.832652187102,-3.2891098514653176,-6.072446406189707,1.879247269186321,42085U
2025-06-28T07:25:51.371898,229.47420518265486,-2766.3426000187815,-7216.7769724735,-3.306024817831694,-5.9392518392214,2.2549682954003654,42085U
2025-06-28T07:26:51.371898,30.8599051583244,-3118.2350580808898,-7070.359627888087,-3.3127420384304433,-5.787411460833331,2.6244429040913846,42085U
2025-06-28T07:27:51.371898,-167.84985716784558,-3460.467197388611,-6901.990133302082,-3.3091998114067023,-5.61731288811599,2.986516700651076,42085U
2025-06-28T07:28:51.371898,-366.0384338346538,-3791.9566314368044,-6712.146915829306,-3.295366445001279,-5.429401514369823,3.3400472549005698,42085U
2025-06-28T07:29:51.371898,-563.0881977197209,-4111.6494330886735,-6501.376489958946,-3.2712409340776536,-5.224180361976245,3.68390761245761,42085U
2025-06-28T07:30:51.371898,-758.3824013198495,-4418.523580498352,-6270.292419080943,-3.236853575959304,-5.002209754299232,4.016989924739784,42085U
2025-06-28T07:31:51.371898,-951.3070701352912,-4711.592377235125,-6019.574056610605,-3.1922665148387837,-4.7641067876655985,4.3382091894319865,42085U
2025-06-28T07:32:51.371898,-1141.2529261084137,-4989.907834222852,-5749.965060460351,-3.1375742034434784,-4.510544584691793,4.646507090050999,42085U
2025-06-28T07:33:51.371898,-1327.617335881308,-5252.563999997785,-5462.271675353372,-3.0729037702518425,-4.242251310893342,4.940855919911353,42085U
2025-06-28T07:34:51.371898,-1509.8062779390123,-5498.700224738382,-5157.3607784088945,-2.9984152803691146,-3.9600089376298406,5.220262572442104,42085U
2025-06-28T07:35:51.371898,-1687.2363219935426,-5727.504342534041,-4836.157684571744,-2.9143018782183243,-3.6646517360308954,5.483772576469997,42085U
2025-06-28T07:36:51.371898,-1859.3366132585752,-5938.215755476796,-4499.643709801262,-2.8207898004963345,-3.3570644886121115,5.730474151863382,42085U
2025-06-28T07:37:51.371898,-2025.5508535822466,-6130.128402409398,-4148.853491465453,-2.7181382483976724,-3.0381804078104366,5.959502257906967,42085U
2025-06-28T07:38:51.371898,-2185.3392707579987,-6302.593594568004,-3784.8720671008,-2.6066391089292518,-2.7089787536274885,6.170042604027805,42085U
2025-06-28T07:39:51.371898,-2338.180566737939,-6455.022699947461,-3408.8317145769583,-2.4866165162262317,-2.370482145929803,6.361335590104597,42085U
2025-06-28T07:40:51.371898,-2483.5738349495823,-6586.889658017812,-3021.9085587222194,-2.3584262451264912,-2.0237535706620484,6.532680141647318,42085U
2025-06-28T07:41:51.371898,-2621.040436479092,-6697.7333064531285,-2625.318951591355,-2.2224549308524297,-1.669893083220628,6.683437403704652,42085U
2025-06-28T07:42:51.371898,-2750.1258245443996,-6787.159501810559,-2220.315635770667,-2.0791191104669875,-1.3100342164453722,6.813034256501581,42085U
2025-06-28T07:43:51.371898,-2870.401306459249,-6854.843016638326,-1808.1837023646588,-1.9288640837821454,-0.9453401050195825,6.920966615590165,42085U
2025-06-28T07:44:51.371898,-2981.4657321924774,-6900.529196298738,-1390.2363575626966,-1.7721625935692318,-0.5769993424374374,7.00680247974556,42085U
2025-06-28T07:45:51.371898,-3082.947098665591,-6924.035359867885,-967.810513901122,-1.6095133272098436,-0.20622159100575777,7.070184690980068,42085U
2025-06-28T07:46:51.371898,-3174.50405911441,-6925.251930813689,-542.2622244658775,-1.4414392442843582,0.1657670305133611,7.110833372886959,42085U
2025-06-28T07:47:51.371898,-3255.8273271693333,-6904.143284744341,-114.96198028358243,-1.2684857369721212,0.5377287531385506,7.128548016046032,42085U
2025-06-28T07:48:51.371898,-3326.640965782831,-6860.748303343016,312.710107008137,-1.0912186324837219,0.9084191257847877,7.123209182391358,42085U
2025-06-28T07:49:51.371898,-3386.703551754007,-6795.180625637005,739.3692135080283,-0.9102220489946669,1.2765921102140294,7.094779804208072,42085U
2025-06-28T07:50:51.371898,-3435.8092073542953,-6707.628589958673,1163.630777323501,-0.7260961186648939,1.6410052652464386,7.043306057713563,42085U
2025-06-28T07:51:51.371898,-3473.7884914420306,-6598.354862307298,1584.1155125809273,-0.5394545932426067,2.0004249807480834,6.968917795906634,42085U
2025-06-28T07:52:51.371898,-3500.5091434491164,-6467.695749274084,1999.4544361904273,-0.35092234942621586,2.353631720653736,6.87182853043082,42085U
2025-06-28T07:53:51.371898,-3515.876674715452,-6316.060196205641,2408.2938799029594,-0.16113281255364115,2.699425233715794,6.752334957485672,42085U
2025-06-28T07:54:51.371898,-3519.8348028173755,-6143.928473808443,2809.3004600588756,0.0292746817339056,3.036629690817362,6.61081602821033,42085U
2025-06-28T07:55:51.371898,-3512.365725763607,-5951.850558892634,3201.1659776207684,0.21965756746641268,3.3640987085364666,6.447731569335008,42085U
2025-06-28T07:56:51.371898,-3493.490234194159,-5740.444217373606,3582.612221610493,0.40937274918546573,3.680720220180021,6.2636204651234735,42085U
2025-06-28T07:57:51.371898,-3463.2676609915393,-5510.392799956144,3952.395649907229,0.5977793028476033,3.9854211576687737,6.059098416600233,42085U
2025-06-28T07:58:51.371898,-3421.795668976753,-5262.442763069392,4309.3119225119935,0.7842411563167245,4.277171910405142,5.834855298650727,42085U
2025-06-28T07:59:51.371898,-3369.2098785925023,-4997.400929580375,4652.200263788002,0.9681297296306055,4.554990530493885,5.591652139715843,42085U
2025-06-28T08:00:51.371898,-3305.683338652508,-4716.131505551479,4979.9476318346715,1.1488265162005553,4.817946657339721,5.330317752384173,42085U
2025-06-28T08:01:51.371898,-3231.425844340426,-4419.552870805266,5291.492674997594,1.3257255873538527,5.0651651386084735,5.051745046156923,42085U
2025-06-28T08:02:51.371898,-3146.6831076571743,-4108.634162297636,5585.829457523042,1.4982360041186384,5.295829328709419,4.756887055973832,42085U
2025-06-28T08:03:51.371898,-3051.7357864314927,-3784.3916702834063,5862.010938475427,1.66578412182568,5.5091840502174225,4.446752721733641,42085U
2025-06-28T08:04:51.371898,-2946.8983788109845,-3447.8850679630777,6119.152190231504,1.8278157749254604,5.704538207918761,4.122402454998452,42085U
2025-06-28T08:05:51.371898,-2832.5179908379487,-3100.2134957551825,6356.433345076266,1.983798331325493,5.881267049313379,3.784943529378373,42085U
2025-06-28T08:06:51.371898,-2708.9729852784594,-2742.511521536498,6573.102260633784,2.1332226075029044,6.038814069364104,3.435525330770346,42085U
2025-06-28T08:07:51.371898,-2576.6715203196886,-2375.944998168595,6768.476897017733,2.2756046375810257,6.176692560957817,3.075334502745349,42085U
2025-06-28T08:08:51.371898,-2436.049987076815,-2001.7068393848642,6941.947400664774,2.410487291440973,6.2944868158809895,2.7055900209899812,42085U
2025-06-28T08:09:51.371898,-2287.5713550693067,-1621.0127346931597,7092.9778917767535,2.5374417387189347,6.391852984051144,2.3275382289106115,42085U
2025-06-28T08:10:51.371898,-2131.7234349383434,-1235.0968233607641,7221.107954137188,2.656068757192658,6.468519601262283,1.9424478643647984,42085U
2025-06-28T08:11:51.371898,-1969.017067702057,-845.2073468460843,7325.953827753746,2.7659998855484322,6.524287797769283,1.551605105111388,42085U
2025-06-28T08:12:51.371898,-1799.9842497808675,-452.60229821624375,7407.20930631828,2.866898421836599,6.559031201662731,1.1563086580189326,42085U
2025-06-28T08:13:51.371898,-1625.1762029035087,-58.545086220891044,7464.646342845395,2.9584602700398217,6.572695552172674,0.7578649144786577,42085U
2025-06-28T08:14:51.371898,-1445.1613978111184,335.6997692611855,7498.115368072792,3.040414638110884,6.56529803882638,0.3575831918451599,42085U
2025-06-28T08:15:51.371898,-1260.523540454643,728.8708946270185,7507.545327264546,3.1125245915663236,6.536926382796038,-0.04322892178009817,42085U
2025-06-28T08:16:51.371898,-1071.8595291141269,1119.7142580038285,7492.943441980515,3.1745874672759533,6.487737676863489,-0.44327010450696575,42085U
2025-06-28T08:17:51.371898,-879.7773905851018,1506.9872888985326,7454.394704160861,3.2264351524699855,6.417957000245444,-0.841249706642676,42085U
2025-06-28T08:18:51.371898,-684.894203277911,1889.4629091170295,7392.061110543784,3.2679342342182767,6.327875824121835,-1.2358920149813106,42085U
2025-06-28T08:19:51.371898,-487.83401477464696,2265.9334629154255,7306.180646002083,3.2989860247398433,6.217850223149111,-1.625940366413532,42085U
2025-06-28T08:20:51.371898,-289.2257610822484,2635.214535203718,7197.066024864493,3.3195264679023975,6.08829890757076,-2.010161103375882,42085U
2025-06-28T08:21:51.371898,-89.70119452203586,2996.148647432658,7065.103199696336,3.3295259321919883,5.9397010898124485,-2.3873473649075985,42085U
2025-06-28T08:22:51.371898,110.10717309251987,3347.608821559307,6910.749647368108,3.3289888952987146,5.7725941987159155,-2.7563227080917643,42085U
2025-06-28T08:23:51.371898,309.568105623936,3688.50200322465,6734.532442546698,3.317953525299002,5.587571453857785,-3.115944555464085,42085U
2025-06-28T08:24:51.371898,508.0536500269712,4017.772335964853,6537.046129021838,3.2964911632371257,5.385279311758354,-3.4651074645751008,42085U
2025-06-28T08:25:51.371898,704.9411101838468,4334.404278952686,6318.950399528089,3.264705711739479,5.166414795222962,-3.802746216354235,42085U
2025-06-28T08:26:51.371898,899.6149815847524,4637.425561407561,6080.967594955996,3.2227329341466042,4.9317227166019535,-4.12783871925415,42085U
2025-06-28T08:27:51.371898,1091.4688415344754,4925.9099674444915,5823.880034063369,3.1707396685344404,4.681992805405614,-4.439408726404082,42085U
2025-06-28T08:28:51.371898,1279.907189819001,5198.979945755757,5548.527185001696,3.108922960923243,4.418056750470068,-4.736528363201697,42085U
2025-06-28T08:29:51.371898,1464.3472350209563,5455.809039140311,5255.802690162915,3.0375091219454853,4.140785166732735,-5.018320462957705,42085U
2025-06-28T08:30:51.371898,1644.2206219289728,5695.624129515334,4946.651256031341,2.956752711264543,3.8510844966350444,-5.2839607084012465,42085U
2025-06-28T08:31:51.371898,1818.975095755463,5917.7074946790135,4622.065419877893,2.8669354540992886,3.5498938561967615,-5.532679577096834,42085U
2025-06-28T08:32:51.371898,1988.0760991493262,6121.3986737281,4283.082205271128,2.768365094313828,3.2381818358974646,-5.76376408911663,42085U
2025-06-28T08:33:51.371898,2151.0082982757253,6306.096138681754,3930.7796784864863,2.6613741886690265,2.9169432666241475,-5.976559355684408,42085U
2025-06-28T08:34:51.371898,2307.277034533369,6471.2587705232045,3566.273417963236,2.54631884699119,2.587195961075152,-6.170469927967873,42085U
2025-06-28T08:35:51.371898,2456.4096987872313,6616.407138532799,3190.712908995191,2.423577423188833,2.24997744113719,-6.344960945739596,42085U
2025-06-28T08:36:51.371898,2597.9570253151687,6741.124582456398,2805.277875827949,2.293549162225057,1.9063416618413747,-6.499559086262871,42085U
2025-06-28T08:37:51.371898,2731.494302997266,6845.058097721899,2411.1745632762104,2.1566528083230487,1.5573557425420694,-6.6338533144747505,42085U
2025-06-28T08:38:51.371898,2856.622501616402,6927.919024581148,2009.6319798610728,2.0133251798330747,1.2040967159272804,-6.747495436327274,42085U
2025-06-28T08:39:51.371898,2972.9693114838356,6989.483542707263,1601.8981143007147,1.8640197163121655,0.8476483053497816,-6.840200457993481,42085U
2025-06-28T08:40:51.371898,3080.19009495256,7029.592973413648,1189.236136965403,1.7092050034532933,0.4890977407510123,-6.911746754531722,42085U
2025-06-28T08:41:51.371898,3177.968748732871,7048.153892273491,772.9205976240726,1.5493632815389353,0.12953262312206368,-6.961976052511712,42085U
2025-06-28T08:42:51.371898,3266.0184762704407,7045.138055499907,354.2336304780963,1.3849889430825857,-0.22996215298548656,-6.990793232014894,42085U
2025-06-28T08:43:51.371898,3344.0824697895523,7020.582143992074,-65.53882291353183,1.2165870252509967,-0.5883074099354099,-6.998165954313164,42085U
2025-06-28T08:44:51.371898,3411.9345019351504,6974.587329455097,-485.11076264860253,1.0446717025307193,-0.9444326221591522,-6.984124122378802,42085U
2025-06-28T08:45:51.371898,3469.379427266431,6907.318667454452,-903.1998417570016,0.8697647849073622,-1.2972787684395348,-6.948759182166003,42085U
2025-06-28T08:46:51.371898,3516.2535941546503,6819.004322666967,-1318.5310305702556,0.6923942265755249,-1.6458010946250996,-6.8922232733093205,42085U
2025-06-28T08:47:51.371898,3552.4251679200106,6709.9346319334845,-1729.8402255831422,0.5130926498789317,-1.9889717810179361,-6.814728238490165,42085U
2025-06-28T08:48:51.371898,3577.794366300408,6580.461011000837,-2135.8777947842846,0.33239588880859594,-2.3257825096805673,-6.716544501210456,42085U
2025-06-28T08:49:51.371898,3592.2936085766923,6430.994711061011,-2535.4120520308725,0.15084155596209578,-2.6552469279638204,-6.597999822070839,42085U
2025-06-28T08:50:51.371898,3595.887579882782,6262.005431352964,-2927.232653651104,-0.031032363604504527,-2.9764030056492308,-6.459477943866954,42085U
2025-06-28T08:51:51.371898,3588.573212403659,6074.019794184021,-3310.1539110708723,-0.21268888871373448,-3.2883152842098675,-6.301417135881291,42085U
2025-06-28T08:52:51.371898,3570.3795853060137,5867.619688758226,-3683.0180138616524,-0.39359338621678835,-3.590077017795724,-6.1243086476559165,42085U
2025-06-28T08:53:51.371898,3541.3677453566447,5643.4404901683265,-4044.698158193089,-0.5732148811464919,-3.8808122066296113,-5.928695082278495,42085U
2025-06-28T08:54:51.371898,3501.630450261071,5402.169159818194,-4394.101576236334,-0.7510273316426536,-4.1596775245349775,-5.715168698800101,42085U
2025-06-28T08:55:51.371898,3451.291836799529,5144.542233401975,-4730.172462589382,-0.9265108679988328,-4.425864143283843,-5.484369652834152,42085U
2025-06-28T08:56:51.371898,3390.5070158470785,4871.343702358537,-5051.894794302601,-1.0991529957632933,-4.678599457352168,-5.23698418364854,42085U
2025-06-28T08:57:51.371898,3319.4615963578594,4583.402794540026,-5358.295041453326,-1.2684497633447886,-4.917148713395109,-4.9737427552467866,42085U
2025-06-28T08:58:51.371898,3238.3711403227394,4281.5916594500295,-5648.444765740209,-1.4339068951707237,-5.140816549519863,-4.695418157836045,42085U
2025-06-28T08:59:51.371898,3147.4805506650114,3966.822963246268,-5921.463104717828,-1.5950408918362482,-5.348948449813519,-4.40282357509117,42085U
2025-06-28T09:00:51.371898,3047.063393916448,3640.0473982674785,-6176.5191396885275,-1.7513800991872295,-5.540932120055444,-4.096810621307565,42085U
2025-06-28T09:01:51.371898,2937.4211594097824,3302.251111569733,-6412.834145382307,-1.9024657486093104,-5.716198790679944,-3.778267351294633,42085U
2025-06-28T09:02:51.371898,2818.8824565831733,2954.4530566003473,-6629.6837196921115,-2.0478529711031457,-5.874224453087441,-3.448116244491095,42085U
2025-06-28T09:03:51.371898,2691.8021518444984,2597.7022718139074,-6826.399791763002,-2.187111787934962,-6.014531035223691,-3.1073121634035985,42085U
2025-06-28T09:04:51.371898,2556.5604462862484,2233.0750897202784,-7002.372506696512,-2.319828080775355,-6.136687521979559,-2.7568402850766502,42085U
2025-06-28T09:05:51.371898,2413.5618953810736,1861.6722795692613,-7157.051985016482,-2.445604544263074,-6.240311025398735,-2.397714002932064,42085U
2025-06-28T09:06:51.371898,2263.2343716308333,1484.6161266302072,-7289.949954854256,-2.5640616238503413,-6.325067808918735,-2.0309727949995584,42085U
2025-06-28T09:07:51.371898,2106.0279709919905,1103.047450826106,-7400.641254552899,-2.674838441597465,-6.390674268917043,-1.6576800533266378,42085U
2025-06-28T09:08:51.371898,1942.4138637634228,718.1225673386069,-7488.765203068526,-2.7775937122844483,-6.436897875696735,-1.2789208682352313,42085U
2025-06-28T09:09:51.371898,1772.883090506882,331.0101917290169,-7554.026835165736,-2.872006651792896,-6.463558074735389,-0.8957997601235321,42085U
2025-06-28T09:10:51.371898,1597.9453034814646,-57.111707873052445,-7596.1979979743555,-2.9577778791852505,-6.470527147555161,-0.5094383507238731,42085U
2025-06-28T09:11:51.371898,1418.1274540121228,-445.0591088799079,-7615.118305008293,-3.034630313275338,-6.457731029972201,-0.12097296514123498,42085U
2025-06-28T09:12:51.371898,1233.9724261957256,-831.6451798314251,-7610.695943250238,-3.102310063743913,-6.425150083772522,0.26844784433220215,42085U
2025-06-28T09:13:51.371898,1046.037617369072,-1215.6835703597344,-7582.908328399377,-3.1605873160217284,-6.372819816071867,0.6576658617063454,42085U
2025-06-28T09:14:51.371898,854.8934658378007,-1595.9917420497402,-7531.802602872627,-3.2092572082443347,-6.300831538782252,1.0455158669371845,42085U
2025-06-28T09:15:51.371898,661.1219264874102,-1971.3943362340121,-7457.495970662511,-3.2481406975972056,-6.209332958763514,1.4308284000470095,42085U
2025-06-28T09:16:51.371898,465.3148950868579,-2340.726574157255,-7360.175862704847,-3.2770854123269078,-6.098528687432125,1.8124326371642148,42085U
2025-06-28T09:17:51.371898,268.0725823300683,-2702.8376842697508,-7240.099926011758,-3.2959664846214434,-5.968680656866772,2.189159384740274,42085U
2025-06-28T09:18:51.371898,70.00183897638696,-3056.5943505983505,-7097.595829507817,-3.3046873584728425,-5.8201084278522766,2.5598441966374037,42085U
2025-06-28T09:19:51.371898,-128.28556619047896,-3400.8841752818357,-6933.060879276365,-3.303180565560954,-5.653189373871292,2.9233306169207003,42085U
2025-06-28T09:20:51.371898,-326.17471342501545,-3734.6191473775543,-6746.961435815555,-3.291408461157929,-5.468358723856894,3.2784735489669212,42085U
2025-06-28T09:21:51.371898,-523.0493414622217,-4056.739109034627,-6539.832125917997,-3.2693639110807204,-5.26610944558439,3.6241427490157494,42085U
2025-06-28T09:22:51.371898,-718.2936961430898,-4366.215209035275,-6312.274841964656,-3.2370709198399283,-5.04699195097826,3.9592264395002714,42085U
2025-06-28T09:23:51.371898,-911.2944144358183,-4662.053332606469,-6064.957521755407,-3.194585189377382,-4.8116136043590485,4.2826350345019275,42085U
2025-06-28T09:24:51.371898,-1101.4424394190746,-4943.297495273454,-5798.612702522233,-3.1419945971812147,-4.5606380148163925,4.593304966480836,42085U
2025-06-28T09:25:51.371898,-1288.1349611254384,-5209.033187430152,-5514.035843472113,-3.0794195821406087,-4.294784094475237,4.890202600137868,42085U
2025-06-28T09:26:51.371898,-1470.7773774382802,-5458.390655223191,-5212.083412122859,-3.007013426282739,-4.014824865474891,5.172328215891116,42085U
2025-06-28T09:27:51.371898,-1648.785268532272,-5690.5481023567945,-4893.670730796714,-2.9249624205379425,-3.721585999987548,5.438720042116254,42085U
2025-06-28T09:28:51.371898,-1821.5863776399356,-5904.734796519084,-4559.769580948293,-2.833485902928967,-3.4159440795916542,5.688458312049823,42085U
2025-06-28T09:29:51.371898,-1988.6225902381584,-6100.234063352995,-4211.405564508182,-2.732836158087609,-3.0988245627667848,5.920669318187607,42085U
2025-06-28T09:30:51.371898,-2149.3519030955395,-6276.38615027258,-3849.6552231090186,-2.623298167774615,-2.771199452167876,6.134529434209457,42085U
2025-06-28T09:31:51.371898,-2303.2503740193333,-6432.59094198469,-3475.6429179101588,-2.5051892031172565,-2.4340846566325904,6.329269072009972,42085U
2025-06-28T09:32:51.371898,-2449.814042599345,-6568.310509334869,-3090.5374747421642,-2.3788582505821334,-2.0885370465417243,6.504176539384236,42085U
2025-06-28T09:33:51.371898,-2588.5608117973557,-6683.071473092972,-2695.548601396889,-2.244685265247434,-1.7356512050999802,6.658601762402513,42085U
2025-06-28T09:34:51.371898,-2719.0322798702427,-6776.467164526864,-2291.923086096715,-2.1030802467186893,-1.3765558822948474,6.791959835550876,42085U
2025-06-28T09:35:51.371898,-2840.7955118744385,-6848.159565111756,-1880.9407884181508,-1.9544821350077237,-1.0124101626099093,6.90373436239063,42085U
2025-06-28T09:36:51.371898,-2953.4447398773445,-6897.881008484288,-1463.9104362109176,-1.7993575258408305,-0.6443993619519232,6.993480549823956,42085U
2025-06-28T09:37:51.371898,-3056.6029810198015,-6925.435628785412,-1042.1652442692625,-1.6381992071270937,-0.2737306735715038,7.060828020084636,42085U
2025-06-28T09:38:51.371898,-3149.923562726513,-6930.700540832224,-617.0583726736671,-1.4715245206689969,0.09837141305080438,7.1054833062951515,42085U
2025-06-28T09:39:51.371898,-3233.091544667884,-6913.626739112759,-189.958244739872,-1.2998735555685499,0.47066989245923313,7.1272319998471065,42085U
