timestamp,x_km,y_km,z_km,vx_km_s,vy_km_s,vz_km_s,name
2025-06-28T04:04:20.682902,12648.23805804458,40072.22028487373,0.016068735319927654,-2.9033672346031554,0.97869532330177,0.35837874207690706,43646U
2025-06-28T04:05:20.682902,12473.916954048174,40130.553422841826,21.51716308545079,-2.9074155396257306,0.9657710836429639,0.3583753489273235,43646U
2025-06-28T04:06:20.682902,12299.354672549995,40188.110657163474,43.01785094468736,-2.911406607776639,0.9528314632244717,0.35836502877045334,43646U
2025-06-28T04:07:20.682902,12124.554649176049,40244.89107281488,64.51771683188005,-2.9153403902782804,0.9398767225001146,0.3583477853314707,43646U
2025-06-28T04:08:20.682902,11949.520322443192,40300.893770400355,86.01634549329513,-2.9192168395498035,0.9269071219625722,0.35832362247042776,43646U
2025-06-28T04:09:20.682902,11774.2551336869,40356.11786615474,107.51332191076217,-2.9230359092057583,0.913922922137634,0.3582925441819029,43646U
2025-06-28T04:10:20.682902,11598.76252699021,40410.56249194488,129.00823130965907,-2.9267975540547058,0.9009243835785544,0.3582545545946462,43646U
2025-06-28T04:11:20.682902,11423.045949111847,40464.226795271345,150.50065916698213,-2.930501730097827,0.887911766860367,0.3582096579712249,43646U
2025-06-28T04:12:20.682902,11247.10884941465,40517.10993926944,171.99019121936917,-2.934148394527487,0.874885332574225,0.35815785870766337,43646U
2025-06-28T04:13:20.682902,11070.954679794197,40569.2111027101,193.47641347109447,-2.9377375057257806,0.8618453413217809,0.35809916133308367,43646U
2025-06-28T04:14:20.682902,10894.586894607659,40620.52948000025,214.9589122020178,-2.9412690232630414,0.8487920537095883,0.3580335705093421,43646U
2025-06-28T04:15:20.682902,10718.008950602236,40671.064281183004,236.43727397557703,-2.944742907896344,0.8357257303434962,0.3579610910306647,43646U
2025-06-28T04:16:20.682902,10541.224306844133,40720.81473193743,257.91108564669713,-2.9481591215679606,0.8226466318230884,0.3578817278232793,43646U
2025-06-28T04:17:20.682902,10364.236424647594,40769.780073578,279.3799343696902,-2.9515176274037964,0.809555018736146,0.35779548594504673,43646U
2025-06-28T04:18:20.682902,10187.048767503815,40817.95956305376,300.84340760616266,-2.9548183897118085,0.7964511516531163,0.3577023705850892,43646U
2025-06-28T04:19:20.682902,10009.664801010127,40865.35247294705,322.30109313286204,-2.9580613739803914,0.7833352911216123,0.3576023870634168,43646U
2025-06-28T04:20:20.682902,9832.08799279904,40911.9580914721,343.75257904954555,-2.961246546876743,0.7702076976609177,0.35749554083055185,43646U
2025-06-28T04:21:20.682902,9654.321812468,40957.77572247296,365.1974537867459,-2.9643738762451903,0.7570686317565604,0.3573818374671514,43646U
2025-06-28T04:22:20.682902,9476.369731508343,41002.804685421506,386.6353061136247,-2.967443331105513,0.743918353854837,0.35726128268362756,43646U
2025-06-28T04:23:20.682902,9298.235223235008,41047.04431541485,408.0657251457244,-2.9704548816512317,0.7307571243574109,0.3571338823197657,43646U
2025-06-28T04:24:20.682902,9119.921762716294,41090.49396317247,429.4883003526979,-2.9734084992478658,0.7175852036159265,0.35699964234434167,43646U
2025-06-28T04:25:20.682902,8941.432826703165,41133.15299503318,450.90262156609634,-2.976304156431178,0.7044028519266027,0.35685856885473516,43646U
2025-06-28T04:26:20.682902,8762.771893559919,41175.02079295134,472.3082789869647,-2.9791418269053866,0.6912103295249445,0.3567106680765441,43646U
2025-06-28T04:27:20.682902,8583.942443193091,41216.09675449346,493.7048631936555,-2.9819214855413625,0.6780078965803342,0.3565559463631935,43646U
2025-06-28T04:28:20.682902,8404.947956982202,41256.380292833805,515.0919651493991,-2.984643108374797,0.664795813190776,0.3563944101955458,43646U
2025-06-28T04:29:20.682902,8225.791917709937,41295.87083674995,536.4691762099377,-2.9873066726043445,0.6515743393776118,0.3562260661815081,43646U
2025-06-28T04:30:20.682902,8046.477809491949,41334.56783061821,557.8360881311959,-2.9899121565897477,0.6383437350802207,0.35605092105563635,43646U
2025-06-28T04:31:20.682902,7867.009117707606,41372.470734408394,579.1922930768137,-2.9924595398499454,0.6251042601508079,0.35586898167874054,43646U
2025-06-28T04:32:20.682902,7687.389328930796,41409.5790236784,600.5373836256932,-2.994948803061133,0.6118561743492061,0.3556802550374861,43646U
2025-06-28T04:33:20.682902,7507.6219308595355,41445.892189568745,621.8709527796378,-2.9973799280548374,0.5985997373376031,0.3554847482439934,43646U
2025-06-28T04:34:20.682902,7327.710412247981,41481.409738796276,643.1925939707303,-2.9997528978159367,0.585335208675465,0.3552824685354373,43646U
2025-06-28T04:35:20.682902,7147.658262836262,41516.13119364803,664.5019010689421,-3.00206769648068,0.5720628478143086,0.3550734232736441,43646U
2025-06-28T04:36:20.682902,6967.468973281957,41550.056091974526,685.7984683895356,-3.004324309334676,0.5587829140926094,0.35485761994468595,43646U
2025-06-28T04:37:20.682902,6787.146035091231,41583.18398718285,707.0818907005093,-3.0065227228108578,0.5454956667306989,0.35463506615847595,43646U
2025-06-28T04:38:20.682902,6606.692940549783,41615.514448229434,728.3517632300421,-3.0086629244874317,0.5322013648256623,0.3544057696483588,43646U
2025-06-28T04:39:20.682902,6426.113182654415,41647.04705961248,749.6076816738669,-3.010744903085811,0.5189002673462956,0.3541697382707031,43646U
2025-06-28T04:40:20.682902,6245.410255044342,41677.78142136413,770.8492422026529,-3.0127686484685126,0.5055926331280547,0.3539269800044891,43646U
2025-06-28T04:41:20.682902,6064.5876519330595,41707.717149042284,792.0760414693176,-3.0147341516370436,0.49227872086806373,0.3536775029508973,43646U
2025-06-28T04:42:20.682902,5883.648868039632,41736.85387372223,813.2876766164056,-3.0166414047297767,0.47895878912009104,0.3534213153328943,43646U
2025-06-28T04:43:20.682902,5702.597398521041,41765.19124198779,834.4837452833127,-3.018490401019779,0.4656330962896185,0.3531584254948177,43646U
2025-06-28T04:44:20.682902,5521.4367389036615,41792.728915922315,855.663845613626,-3.0202811349126515,0.4523019006288588,0.35288884190195924,43646U
2025-06-28T04:45:20.682902,5340.17038501587,41819.46657309944,876.8275762623007,-3.022013601944326,0.43896546023187005,0.3526125731401471,43646U
2025-06-28T04:46:20.682902,5158.8018329200595,41845.40390657324,897.9745364029178,-3.0236877987788535,0.42562403302964325,0.3523296279153269,43646U
2025-06-28T04:47:20.682902,4977.3345788447605,41870.540624868525,919.1043257348987,-3.0253037232061746,0.4122778767852043,0.3520400150531399,43646U
2025-06-28T04:48:20.682902,4795.77211911767,41894.876451970435,940.2165444906154,-3.026861374139861,0.3989272490888047,0.35174374349850257,43646U
2025-06-28T04:49:20.682902,4614.117950098017,41918.41112731408,961.3107934425793,-3.028360751614851,0.3855724073530689,0.3514408223151819,43646U
2025-06-28T04:50:20.682902,4432.375568109278,41941.14440577357,982.3866739105476,-3.0298018567851526,0.3722136088081862,0.3511312606853724,43646U
2025-06-28T04:51:20.682902,4250.5484693723465,41963.07605765112,1003.4437877685997,-3.031184691921543,0.35885111049714774,0.35081506790926914,43646U
2025-06-28T04:52:20.682902,4068.64014993823,41984.20586866552,1024.4817374522538,-3.032509260409239,0.34548516927096046,0.35049225340464096,43646U
2025-06-28T04:53:20.682902,3886.6541056217216,42004.53363994053,1045.5001259654325,-3.033775566745554,0.33211604178394893,0.3501628267064039,43646U
2025-06-28T04:54:20.682902,3704.593831934442,42024.059187992985,1066.4985568875377,-3.034983616537535,0.3187439844890206,0.3498267974661899,43646U
2025-06-28T04:55:20.682902,3522.4628240183615,42042.78234472045,1087.476634380418,-3.0361334164995846,0.3053692536329841,0.3494841754519182,43646U
2025-06-28T04:56:20.682902,3340.2645765793873,42060.7029573889,1108.4339631953508,-3.0372249744510644,0.29199210525187824,0.34913497054736264,43646U
2025-06-28T04:57:20.682902,3158.0025838213346,42077.82088861967,1129.370148679946,-3.0382582993138834,0.2786127951663528,0.34877919275172015,43646U
2025-06-28T04:58:20.682902,2975.6803393797077,42094.13601637672,1150.2847967850873,-3.039233401110063,0.2652315789770357,0.34841685217917645,43646U
2025-06-28T04:59:20.682902,2793.3013362556503,42109.64823395299,1171.1775140718198,-3.040150290959295,0.25184871205993875,0.34804795905847197,43646U
2025-06-28T05:00:20.682902,2610.8690667505975,42124.357449956966,1192.0479077181674,-3.0410089810764753,0.2384644495619155,0.34767252373246627,43646U
2025-06-28T05:01:20.682902,2428.387022399922,42138.26358829879,1212.8955855260447,-3.041809484769223,0.22507904639606666,0.34729055665770087,43646U
2025-06-28T05:02:20.682902,2245.858693908178,42151.36658817598,1233.7201559279815,-3.0425518164353935,0.2116927572372739,0.346902068403963,43646U
2025-06-28T05:03:20.682902,2063.287571083338,42163.66640405916,1254.5212279939562,-3.04323599156055,0.1983058365176684,0.3465070696538455,43646U
2025-06-28T05:04:20.682902,1880.6771427716576,42175.16300567722,1275.2984114381434,-3.043862026715454,0.18491853842216377,0.34610557120230906,43646U
2025-06-28T05:05:20.682902,1698.0308967928459,42185.85637800245,1296.051316625611,-3.044429939553511,0.17153111688402062,0.34569758395624134,43646U
2025-06-28T05:06:20.682902,1515.3523198748271,42195.74652123526,1316.7795545790793,-3.0449397488082184,0.15814382558039394,0.3452831189340153,43646U
2025-06-28T05:07:20.682902,1332.6448975893954,42204.8334507887,1337.482736985538,-3.0453914742905934,0.14475691792796108,0.34486218726504875,43646U
2025-06-28T05:08:20.682902,1149.912114287394,42213.117197272666,1358.1604762029312,-3.0457851368865794,0.13137064707852297,0.34443480018936035,43646U
2025-06-28T05:09:20.682902,967.1574530343596,42220.59780647796,1378.812385266768,-3.0461207585544496,0.1179852659146582,0.3440009690571268,43646U
2025-06-28T05:10:20.682902,784.3843955462751,42227.27533935988,1399.4380778967281,-3.0463983623221913,0.10460102704538861,0.34356070532823835,43646U
2025-06-28T05:11:20.682902,601.5964221255485,42233.14987202179,1420.0371685032073,-3.046617972284867,0.09121818280188401,0.34311402057185364,43646U
2025-06-28T05:12:20.682902,418.79701159688784,42238.22149569831,1440.6092721938878,-3.046779613601981,0.07783698523316304,0.3426609264659546,43646U
2025-06-28T05:13:20.682902,235.9896412435423,42242.490316738185,1461.1540047802553,-3.046883312494812,0.06445768610183711,0.3422014347968989,43646U
2025-06-28T05:14:20.682902,53.17778674389596,42245.95645658703,1481.670982784053,-3.046929096243747,0.05108053687989356,0.3417355574589743,43646U
2025-06-28T05:15:20.682902,-129.6350778922411,42248.620051769736,1502.1598234437756,-3.0469169931855915,0.037705788744463384,0.34126330645395003,43646U
2025-06-28T05:16:20.682902,-312.44548038677823,42250.481253872735,1522.620144721094,-3.0468470327108728,0.024333692573649313,0.34078469389062804,43646U
2025-06-28T05:17:20.682902,-495.2499502565868,42251.54022952581,1543.0515653072614,-3.04671924526113,0.010964498942353981,0.34029973198439556,43646U
2025-06-28T05:18:20.682902,-678.0450188765603,42251.79716038388,1563.4537046295156,-3.04653366232619,-0.0024015418818678566,0.3398084330567734,43646U
2025-06-28T05:19:20.682902,-860.8272195420542,42251.25224310838,1583.8261828573866,-3.0462903164414263,-0.015764179942893187,0.33931080953496795,43646U
2025-06-28T05:20:20.682902,-1043.5930875320253,42249.90568934846,1604.1686209090772,-3.045989241185013,-0.029123165600162017,0.33880687395141906,43646U
2025-06-28T05:21:20.682902,-1226.33916017122,42247.757725721945,1624.4806404577328,-3.0456304711751634,-0.04247824953272047,0.3382966389433493,43646U
2025-06-28T05:22:20.682902,-1409.0619768925328,42244.80859379607,1644.7618639377201,-3.045214042067357,-0.05582918274327072,0.33778011725231244,43646U
2025-06-28T05:23:20.682902,-1591.7580792991268,42241.058550067886,1665.011914550868,-3.0447399905515513,-0.06917571656218581,0.33725732172374123,43646U
2025-06-28T05:24:20.682902,-1774.4240112266893,42236.507865944455,1685.2304162727144,-3.04420835434939,-0.08251760265152894,0.33672826530649413,43646U
2025-06-28T05:25:20.682902,-1957.0563188048532,42231.156827722916,1705.416993858658,-3.0436191722113892,-0.09585459300899518,0.3361929610524034,43646U
2025-06-28T05:26:20.682902,-2139.651550518985,42225.005736570194,1725.5712728501392,-3.0429724839141232,-0.10918643997187215,0.3356514221158211,43646U
2025-06-28T05:27:20.682902,-2322.206257271868,42218.05490850244,1745.692879580797,-3.0422683302573894,-0.12251289622097959,0.3351036617531647,43646U
2025-06-28T05:28:20.682902,-2504.71699244468,42210.30467436444,1765.781441182543,-3.0415067530613715,-0.13583371478454656,0.3345496933224635,43646U
2025-06-28T05:29:20.682902,-2687.1803119584815,42201.75537980849,1785.8365855916845,-3.040687795163782,-0.14914864904211583,0.33398953028290373,43646U
2025-06-28T05:30:20.682902,-2869.5927743348902,42192.407385273385,1805.857941554953,-3.039811500417005,-0.16245745272837592,0.33342318619437333,43646U
2025-06-28T05:31:20.682902,-3051.9509407569726,42182.26106596281,1825.84513863553,-3.0388779136852193,-0.17575987993699949,0.3328506747170075,43646U
2025-06-28T05:32:20.682902,-3234.251375129785,42171.31681182384,1845.7978072190526,-3.037887080841522,-0.18905568512444437,0.33227200961073317,43646U
2025-06-28T05:33:20.682902,-3416.490644141208,42159.57502752495,1865.7155785196214,-3.036839048765028,-0.20234462311376586,0.33168720473481117,43646U
2025-06-28T05:34:20.682902,-3598.665317321582,42147.03613243399,1885.5980845856848,-3.0357338653379706,-0.21562644909832843,0.3310962740473831,43646U
2025-06-28T05:35:20.682902,-3780.7719671043346,42133.70056059579,1905.444958306006,-3.034571579442793,-0.22890091864558268,0.330499231605013,43646U
2025-06-28T05:36:20.682902,-3962.807168885729,42119.56876070962,1925.2558334155428,-3.033352240959222,-0.24216778770076508,0.32989609156223115,43646U
2025-06-28T05:37:20.682902,-4144.767501084452,42104.641196106466,1945.0303445012908,-3.0320759007613383,-0.2554268125905736,0.3292868681710781,43646U
2025-06-28T05:38:20.682902,-4326.649545201472,42088.91834472597,1964.7681270081544,-3.0307426107146416,-0.2686777500268576,0.32867157578064693,43646U
2025-06-28T05:39:20.682902,-4508.449885879336,42072.40069909322,1984.4688172447381,-3.029352423673094,-0.2819203571102516,0.328050228836626,43646U
2025-06-28T05:40:20.682902,-4690.165110961085,42055.08876629535,2004.1320523891095,-3.027905393476173,-0.2951543913337736,0.32742284188084336,43646U
2025-06-28T05:41:20.682902,-4871.791811549853,42036.98306795785,2023.7574704945966,-3.026401574945899,-0.3083796105864607,0.32678942955080686,43646U
2025-06-28T05:42:20.682902,-5053.32658206746,42018.08414022069,2043.3447104954982,-3.0248410238838597,-0.32159577315692406,0.32615000657924875,43646U
2025-06-28T05:43:20.682902,-5234.766020312711,41998.39253371437,2062.8934122127393,-3.023223797068241,-0.3348026377368675,0.3255045877936678,43646U
2025-06-28T05:44:20.682902,-5416.106727520662,41977.908813535345,2082.4032163596235,-3.0215499522508167,-0.3479999634246743,0.3248531881158706,43646U
2025-06-28T05:45:20.682902,-5597.345308420368,41956.63355922188,2101.8737645474152,-3.0198195481539734,-0.36118750972886315,0.3241958225615147,43646U
2025-06-28T05:46:20.682902,-5778.47837129313,41934.56736472904,2121.304699290968,-3.0180326444676924,-0.37436503657158043,0.32353250623965196,43646U
2025-06-28T05:47:20.682902,-5959.50252803079,41911.710838403946,2140.6956640143553,-3.016189301846531,-0.38753230429207813,0.3228632543522675,43646U
2025-06-28T05:48:20.682902,-6140.41439419303,41888.06460296052,2160.046303056371,-3.0142895819066235,-0.40068907365011636,0.32218808219382666,43646U
2025-06-28T05:49:20.682902,-6321.210589065252,41863.62929545431,2179.356261676103,-3.0123335472226325,-0.4138351058293913,0.3215070051508131,43646U
2025-06-28T05:50:20.682902,-6501.887735716075,41838.40556725676,2198.6251860584402,-3.0103212613247305,-0.4269701624409325,0.3208200387012738,43646U
2025-06-28T05:51:20.682902,-6682.4424610543565,41812.39408402962,2217.8527233195414,-3.0082527886955517,-0.44009400552645106,0.3201271984143596,43646U
2025-06-28T05:52:20.682902,-6862.871395886336,41785.595525699006,2237.0385215122833,-3.0061281947671454,-0.4532063975616893,0.31942849994986977,43646U
2025-06-28T05:53:20.682902,-7043.17117497261,41758.010586429096,2256.182229631704,-3.003947545917928,-0.46630710145974924,0.31872395905779227,43646U
2025-06-28T05:54:20.682902,-7223.338437084599,41729.63997459601,2275.283497620381,-3.0017109094696144,-0.479395880574373,0.31801359157784803,43646U
2025-06-28T05:55:20.682902,-7403.369825061326,41700.48441276105,2294.341976373818,-2.9994183536841605,-0.49247249870323784,0.3172974134390327,43646U
2025-06-28T05:56:20.682902,-7583.261985865485,41670.544637644205,2313.357317745773,-2.997069947760686,-0.5055367200911924,0.3165754406591606,43646U
2025-06-28T05:57:20.682902,-7763.011570639748,41639.82140009701,2332.3291745535826,-2.994665761832403,-0.518588309433495,0.3158476893444065,43646U
2025-06-28T05:58:20.682902,-7942.615234762622,41608.31546507558,2351.257200583452,-2.9922058669635248,-0.5316270318790178,0.3151141756888498,43646U
2025-06-28T05:59:20.682902,-8122.0696379043075,41576.027611613186,2370.141050595707,-2.9896903351461797,-0.5446526530334367,0.3143749159740174,43646U
2025-06-28T06:00:20.682902,-8301.371444082282,41542.958632792805,2388.980380330043,-2.9871192392973236,-0.5576649389623958,0.3136299265684271,43646U
2025-06-28T06:01:20.682902,-8480.517321716365,41509.1093357195,2407.774846510693,-2.9844926532556353,-0.5706636561946226,0.3128792239271325,43646U
2025-06-28T06:02:20.682902,-8659.503943684518,41474.480541492325,2426.524106851658,-2.9818106517784133,-0.5836485717250907,0.3121228245912655,43646U
2025-06-28T06:03:20.682902,-8838.327987377439,41439.07308517655,2445.227820061827,-2.979073310538464,-0.5966194530180826,0.3113607451875814,43646U
2025-06-28T06:04:20.682902,-9016.98613475345,41402.88781577515,2463.885645850096,-2.9762807061209977,-0.6095760680102716,0.31059300242800364,43646U
2025-06-28T06:05:20.682902,-9195.475072393323,41365.92559620055,2482.497244930489,-2.9734329160204993,-0.6225181851137835,0.3098196131091676,43646U
2025-06-28T06:06:20.682902,-9373.791491554653,41328.18730324586,2501.062279027211,-2.9705300186376147,-0.6354455732192226,0.30904059411196655,43646U
2025-06-28T06:07:20.682902,-9551.932088225814,41289.673827556275,2519.5804108796633,-2.9675720932760234,-0.6483580016986544,0.3082559624010975,43646U
2025-06-28T06:08:20.682902,-9729.893563180713,41250.386073599846,2538.051304247527,-2.9645592201392974,-0.6612552404086446,0.3074657350246047,43646U
2025-06-28T06:09:20.682902,-9907.672622032314,41210.32495963849,2556.4746239157057,-2.961491480327779,-0.6741370596931937,0.3066699291134271,43646U
2025-06-28T06:10:20.682902,-10085.265975285958,41169.491417698715,2574.8500356992467,-2.958368955835443,-0.6870032303866537,0.3058685618809464,43646U
2025-06-28T06:11:20.682902,-10262.670338393717,41127.88639354188,2593.1772064483666,-2.955191729546744,-0.6998535238167093,0.3050616506225301,43646U
2025-06-28T06:12:20.682902,-10439.882431807077,41085.510846634716,2611.4558040532816,-2.951959885233479,-0.7126877118072327,0.3042492127150812,43646U
2025-06-28T06:13:20.682902,-10616.898981030281,41042.365750119396,2629.6854974491084,-2.94867350755164,-0.725505566681174,0.3034312656165852,43646U
2025-06-28T06:14:20.682902,-10793.716716673553,40998.45209078347,2647.865956620745,-2.945332682038254,-0.7383068612634404,0.3026078268656565,43646U
2025-06-28T06:15:20.682902,-10970.332374505271,40953.770869029715,2665.996852607633,-2.9419374951082378,-0.7510913688836902,0.3017789140810891,43646U
2025-06-28T06:16:20.682902,-11146.742695505212,40908.32309884578,2684.077857508628,-2.938488034051232,-0.7638588633791932,0.30094454496140266,43646U
2025-06-28T06:17:20.682902,-11322.94442591635,40862.10980777357,2702.1086444866933,-2.934984387028448,-0.7766091190975847,0.3001047372843943,43646U
2025-06-28T06:18:20.682902,-11498.934317297599,40815.13203687859,2720.0888877737198,-2.9314266430694924,-0.7893419108996766,0.29925950890668507,43646U
2025-06-28T06:19:20.682902,-11674.709126575284,40767.39084071909,2738.0182626751734,-2.927814892069222,-0.8020570141621711,0.29840887776327324,43646U
2025-06-28T06:20:20.682902,-11850.265616095496,40718.887287315,2755.896445574844,-2.92414922478455,-0.8147542047804295,0.2975528618670815,43646U
2025-06-28T06:21:20.682902,-12025.600553675176,40669.62245811673,2773.7231139394466,-2.9204297328312987,-0.827433259171145,0.2966914793085112,43646U
2025-06-28T06:22:20.682902,-12200.71071265402,40619.59744797387,2791.497946323314,-2.9166565086810112,-0.8400939542750624,0.29582474825499083,43646U
2025-06-28T06:23:20.682902,-12375.59287194546,40568.8133651035,2809.220622372966,-2.912829645657786,-0.852736067559635,0.29495268695053034,43646U
2025-06-28T06:24:20.682902,-12550.243816087836,40517.27133105873,2826.8908228317096,-2.908949237935096,-0.8653593770216719,0.2940753137152719,43646U
2025-06-28T06:25:20.682902,-12724.660335295195,40464.9724806967,2844.5082295441953,-2.90501538053261,-0.8779636611899679,0.2931926469450436,43646U
2025-06-28T06:26:20.682902,-12898.839225507938,40411.91796214668,2862.072525460918,-2.901028169313022,-0.8905486991279067,0.2923047051109137,43646U
2025-06-28T06:27:20.682902,-13072.777288443596,40358.108936777826,2879.583394642769,-2.8969877009788516,-0.9031142704360668,0.29141150675874306,43646U
2025-06-28T06:28:20.682902,-13246.4713316466,40303.54657916692,2897.040522265451,-2.8928940730692863,-0.9156601552547562,0.2905130705087414,43646U
2025-06-28T06:29:20.682902,-13419.918168538788,40248.23207706597,2914.4435946239614,-2.8887473839569764,-0.9281861342665817,0.28960941505502213,43646U
2025-06-28T06:30:20.682902,-13593.11461846935,40192.16663136942,2931.792299137024,-2.8845477328448603,-0.9406919886989843,0.28870055916515697,43646U
2025-06-28T06:31:20.682902,-13766.057506764178,40135.35145608165,2949.08632435144,-2.8802952197629796,-0.9531775003267133,0.2877865216797345,43646U
2025-06-28T06:32:20.682902,-13938.743664775702,40077.78777828383,2966.3253599464965,-2.8759899455652893,-0.9656424514743401,0.2868673215119157,43646U
2025-06-28T06:33:20.682902,-14111.169929932326,40019.47683810088,2983.509096738299,-2.87163201192647,-0.9780866250187302,0.2859429776469909,43646U
2025-06-28T06:34:20.682902,-14283.33314578704,39960.41988866849,3000.6372266840467,-2.867221521338748,-0.9905098043914503,0.2850135091419415,43646U
2025-06-28T06:35:20.682902,-14455.230162067104,39900.61819609943,3017.7094428863984,-2.862758577108693,-1.002911773581254,0.2840789351249937,43646U
2025-06-28T06:36:20.682902,-14626.857834722223,39840.073039450304,3034.725439597658,-2.8582432833540414,-1.0152923171364399,0.2831392747951824,43646U
2025-06-28T06:37:20.682902,-14798.213025973468,39778.785710687764,3051.684912224053,-2.853675745000504,-1.0276512201672723,0.28219454742190975,43646U
2025-06-28T06:38:20.682902,-14969.292604361432,39716.75751465484,3068.587557329925,-2.8490560677785743,-1.0399882683483286,0.2812447723445057,43646U
2025-06-28T06:39:20.682902,-15140.093444794527,39653.989769036896,3085.433072641924,-2.844384358220345,-1.0523032479208645,0.28028996897179015,43646U
2025-06-28T06:40:20.682902,-15310.612428597136,39590.48380432758,3102.221157053164,-2.839660723656312,-1.0645959456951475,0.27933015678163475,43646U
2025-06-28T06:41:20.682902,-15480.846443557053,39526.240963794706,3118.9515106273357,-2.834885272212193,-1.0768661490527491,0.2783653553205269,43646U
2025-06-28T06:42:20.682902,-15650.792383973445,39461.2626034458,3135.6238346028354,-2.830058112805732,-1.0891136459488584,0.2773955842031312,43646U
2025-06-28T06:43:20.682902,-15820.447150704133,39395.55009199366,3152.237831396825,-2.8251793551435154,-1.101338224914548,0.27642086311185626,43646U
2025-06-28T06:44:20.682902,-15989.807651212803,39329.10481082176,3168.7932046092924,-2.8202491097177855,-1.1135396750590276,0.275441211796418,43646U
2025-06-28T06:45:20.682902,-16158.870799616057,39261.92815394947,3185.2896590270666,-2.81526748780325,-1.1257177860718788,0.2744566500734063,43646U
2025-06-28T06:46:20.682902,-16327.633516730448,39194.021527997094,3201.726900627842,-2.8102346014538986,-1.1378723482252888,0.2734671978258512,43646U
2025-06-28T06:47:20.682902,-16496.09273011882,39125.386352151,3218.104636584116,-2.8051505634998164,-1.1500031523762282,0.2724728750027903,43646U
2025-06-28T06:48:20.682902,-16664.24537413709,39056.024058128314,3234.4225752671714,-2.800015487543999,-1.1621099899686491,0.27147370161883627,43646U
2025-06-28T06:49:20.682902,-16832.088389980134,38985.93609014186,3250.6804262509595,-2.7948294879591735,-1.1741926530356248,0.2704696977537475,43646U
2025-06-28T06:50:20.682902,-16999.61872572842,38915.1239048644,3266.877900316042,-2.78959267988461,-1.1862509342015308,0.2694608835519944,43646U
2025-06-28T06:51:20.682902,-17166.83333639344,38843.58897139343,3283.0147094534286,-2.784305179222941,-1.1982846266841405,0.26844727922233275,43646U
2025-06-28T06:52:20.682902,-17333.729183963675,38771.33277121528,3299.090566868431,-2.77896710263699,-1.2102935242967483,0.26742890503737304,43646U
2025-06-28T06:53:20.682902,-17500.303237449818,38698.35679816956,3315.105186984468,-2.7735785675465876,-1.2222774214502405,0.26640578133315385,43646U
2025-06-28T06:54:20.682902,-17666.552472930634,38624.66255841288,3331.058285446898,-2.7681396921253856,-1.2342361131552115,0.2653779285087121,43646U
2025-06-28T06:55:20.682902,-17832.47387359747,38550.25157038325,3346.949579126736,-2.7626505952977034,-1.2461693950239632,0.26434536702565964,43646U
2025-06-28T06:56:20.682902,-17998.064429799637,38475.12536476352,3362.778786124429,-2.7571113967353345,-1.258077063272585,0.26330811740775506,43646U
2025-06-28T06:57:20.682902,-18163.321139089003,38399.28548444534,3378.545625773566,-2.7515222168543834,-1.269958914722953,0.2622662002404797,43646U
2025-06-28T06:58:20.682902,-18328.241006264478,38322.733484492695,3394.249818644548,-2.7458831768121006,-1.281814746804735,0.2612196361706147,43646U
2025-06-28T06:59:20.682902,-18492.821043416592,38245.47093210529,3409.8910865482912,-2.7401943985037045,-1.2936443575573813,0.2601684459058157,43646U
2025-06-28T07:00:20.682902,-18657.05826997157,38167.49940658201,3425.4691525398403,-2.7344560045592226,-1.3054475456320913,0.2591126502141918,43646U
2025-06-28T07:01:20.682902,-18820.949712735186,38088.82049928414,3440.983740921975,-2.728668118340329,-1.3172241102937525,0.2580522699238842,43646U
2025-06-28T07:02:20.682902,-18984.49240593685,38009.43581359844,3456.43457724883,-2.7228308639371797,-1.3289738514228933,0.25698732592264467,43646U
2025-06-28T07:03:20.682902,-19147.6833912729,37929.34696490021,3471.82138832943,-2.716944366165254,-1.3406965695175752,0.2559178391574165,43646U
2025-06-28T07:04:20.682902,-19310.5197179505,37848.55558051604,3487.143902231263,-2.7110087505621974,-1.3523920656953303,0.2548438306339141,43646U
2025-06-28T07:05:20.682902,-19472.99844273023,37767.063299686866,3502.401848283741,-2.705024143384672,-1.3640601416949947,0.25376532141620756,43646U
2025-06-28T07:06:20.682902,-19635.116629969714,37684.87177353029,3517.5949570817493,-2.6989906716052054,-1.3757005998786218,0.25268233262630263,43646U
2025-06-28T07:07:20.682902,-19796.871351666152,37601.98266500342,3532.7229604890663,-2.6929084629090303,-1.3873132432332984,0.2515948854437261,43646U
2025-06-28T07:08:20.682902,-19958.259687499023,37518.39764886515,3547.7855916418143,-2.6867776456909573,-1.3988978753729933,0.25050300110511026,43646U
2025-06-28T07:09:20.682902,-20119.278724872765,37434.11841163856,3562.7825849518963,-2.680598349052215,-1.4104543005403787,0.24940670090377653,43646U
2025-06-28T07:10:20.682902,-20279.92555895887,37349.14665157303,3577.7136761103534,-2.674370702797315,-1.421982323608625,0.248306006189324,43646U
2025-06-28T07:11:20.682902,-20440.19729273782,37263.484078606656,3592.578602090725,-2.66809483743093,-1.4334817500831658,0.24720093836721685,43646U
2025-06-28T07:12:20.682902,-20600.091037041602,37177.13241432779,3607.37710115244,-2.6617708841547247,-1.4449523861035163,0.24609151889836933,43646U
2025-06-28T07:13:20.682902,-20759.603910594724,37090.09339193745,3622.1089128440694,-2.655398974864266,-1.4563940384449696,0.24497776929873852,43646U
2025-06-28T07:14:20.682902,-20918.733040056202,37002.3687562107,3636.7737780066527,-2.6489792421458622,-1.4678065145203727,0.24385971113891203,43646U
2025-06-28T07:15:20.682902,-21077.47556006091,36913.96026345856,3651.3714387769683,-2.6425118192734525,-1.479189622381841,0.2427373660436988,43646U
2025-06-28T07:16:20.682902,-21235.82861326041,36824.86968148961,3665.9016385907385,-2.6359968402054896,-1.4905431707224448,0.24161075569172294,43646U
2025-06-28T07:17:20.682902,-21393.789350364197,36735.098789571464,3680.364122185879,-2.6294344395818126,-1.501866968877911,0.2404799018150143,43646U
2025-06-28T07:18:20.682902,-21551.35493018063,36644.64937839194,3694.7586356056954,-2.622824752720535,-1.5131608268283228,0.2393448261986021,43646U
2025-06-28T07:19:20.682902,-21708.522519656988,36553.52325002083,3709.0849262020074,-2.616167915614941,-1.5244245551997224,0.23820555068011248,43646U
2025-06-28T07:20:20.682902,-21865.289293920505,36461.72221787054,3723.3427426383464,-2.6094640649303664,-1.5356579652658127,0.23706209714935944,43646U
2025-06-28T07:21:20.682902,-22021.652436318294,36369.2481066576,3737.531834893049,-2.6027133380011036,-1.5468608689495593,0.23591448754794453,43646U
2025-06-28T07:22:20.682902,-22177.609138457356,36276.10275236342,3751.6519542623464,-2.595915872827298,-1.5580330788248018,0.23476274386885354,43646U
2025-06-28T07:23:20.682902,-22333.156600244598,36182.288002195295,3765.702853363452,-2.5890718080718518,-1.5691744081178658,0.2336068881560539,43646U
2025-06-28T07:24:20.682902,-22488.292029926335,36087.80571454722,3779.684286137593,-2.582181283057334,-1.5802846707091367,0.23244694250409548,43646U
2025-06-28T07:25:20.682902,-22643.01264412787,35992.657758960566,3793.59600785304,-2.575244437762892,-1.5913636811346321,0.23128292905770972,43646U
2025-06-28T07:26:20.682902,-22797.31566789289,35896.8460160846,3807.437775108119,-2.5682614128211614,-1.6024112545875682,0.23011487001141062,43646U
2025-06-28T07:27:20.682902,-22951.19833472222,35800.37237763733,3821.209345834148,-2.5612323495152007,-1.6134272069198712,0.22894278760909909,43646U
2025-06-28T07:28:20.682902,-23104.657886613448,35703.23874636539,3834.910479298454,-2.554157389775386,-1.624411354643756,0.22776670414366124,43646U
2025-06-28T07:29:20.682902,-23257.691574098844,35605.447036004916,3848.5409361072307,-2.5470366761763756,-1.6353635149331802,0.22658664195657857,43646U
2025-06-28T07:30:20.682902,-23410.29665628446,35506.99917124161,3862.1004782084765,-2.5398703519340144,-1.6462835056253728,0.22540262343752876,43646U
2025-06-28T07:31:20.682902,-23562.470400888356,35407.897087670724,3875.58886889488,-2.532658560902282,-1.6571711452223188,0.22421467102399312,43646U
2025-06-28T07:32:20.682902,-23714.21008427891,35308.14273175731,3889.0058728066697,-2.5254014475702276,-1.6680262528922296,0.2230228072008627,43646U
2025-06-28T07:33:20.682902,-23865.512991512638,35207.738060796204,3902.351255934443,-2.5180991570589186,-1.6788486484709846,0.22182705450004728,43646U
2025-06-28T07:34:20.682902,-24016.37641637196,35106.685042871984,3915.624785621961,-2.5107518351183993,-1.6896381524635757,0.22062743550008534,43646U
2025-06-28T07:35:20.682902,-24166.797661403365,35004.98565681845,3928.826230568983,-2.5033596281246187,-1.7003945860455683,0.21942397282574985,43646U
2025-06-28T07:36:20.682902,-24316.774037954245,34902.641892178726,3941.955360833979,-2.495922683076413,-1.7111177710644732,0.21821668914766368,43646U
2025-06-28T07:37:20.682902,-24466.30286621041,34799.65574916483,3955.0119478368806,-2.4884411475924666,-1.7218075300411626,0.2170056071819099,43646U
2025-06-28T07:38:20.682902,-24615.381475233437,34696.02923861697,3967.9957643618272,-2.480915169908261,-1.7324636861712825,0.2157907496896425,43646U
2025-06-28T07:39:20.682902,-24764.00720299722,34591.76438196328,3980.9065845598207,-2.4733448988730653,-1.7430860633265977,0.2145721394767037,43646U
2025-06-28T07:40:20.682902,-24912.17739642477,34486.86321117928,3993.744183951407,-2.4657304839469134,-1.7536744860563562,0.21334979939323703,43646U
2025-06-28T07:41:20.682902,-25059.889411425116,34381.32776874681,4006.5083394293483,-2.4580720751975638,-1.7642287795886693,0.21212375233330155,43646U
2025-06-28T07:42:20.682902,-25207.140612929226,34275.1601076136,4019.1988292612045,-2.450369823297511,-1.7747487698318107,0.21089402123449186,43646U
2025-06-28T07:43:20.682902,-25353.92837492639,34168.362291152334,4031.815433091964,-2.442623879520967,-1.7852342833755586,0.20966062907755423,43646U
2025-06-28T07:44:20.682902,-25500.250080500304,34060.9363931197,4044.3579319466107,-2.4348343957408547,-1.7956851474925037,0.20842359888600462,43646U
2025-06-28T07:45:20.682902,-25646.10312186488,33952.88449761527,4056.8261082326876,-2.4270015244258047,-1.8061011901393562,0.20718295372574866,43646U
2025-06-28T07:46:20.682902,-25791.48490039965,33844.2086990407,4069.219745742806,-2.4191254186371807,-1.8164822399582052,0.20593871670470518,43646U
2025-06-28T07:47:20.682902,-25936.392826685693,33734.9111020582,4081.538629657191,-2.4112062320260623,-1.8268281262778305,0.20469091097242276,43646U
2025-06-28T07:48:20.682902,-26080.824320540472,33624.99382154969,4093.7825465461337,-2.4032441188302864,-1.8371386791149258,0.20343955971970776,43646U
2025-06-28T07:49:20.682902,-26224.776811053238,33514.45898257516,4105.951284372476,-2.39523923387145,-1.8474137291753718,0.20218468617824426,43646U
2025-06-28T07:50:20.682902,-26368.247736620036,33403.30872033135,4118.0446324940585,-2.3871917325519356,-1.8576531078554783,0.20092631362021898,43646U
2025-06-28T07:51:20.682902,-26511.234544977993,33291.545180110545,4130.062381666106,-2.379101770851967,-1.8678566472431752,0.19966446535795085,43646U
2025-06-28T07:52:20.682902,-26653.734693240483,33179.170517258615,4142.0043240436635,-2.370969505326612,-1.8780241801192663,0.19839916474351238,43646U
2025-06-28T07:53:20.682902,-26795.745647931133,33066.186897133826,4153.870253183944,-2.3627950931028443,-1.8881555399586016,0.197130435168361,43646U
2025-06-28T07:54:20.682902,-26937.264885018143,32952.59649506491,4165.659964048693,-2.354578691876587,-1.8982505609312765,0.19585830006296642,43646U
2025-06-28T07:55:20.682902,-27078.289889948555,32838.40149630928,4177.373253006524,-2.346320459909755,-1.908309077903824,0.19458278289643915,43646U
2025-06-28T07:56:20.682902,-27218.8181576817,32723.60409601145,4189.009917835195,-2.338020556027324,-1.9183309264403492,0.1933039071761643,43646U
2025-06-28T07:57:20.682902,-27358.84719272335,32608.20649916088,4200.56975772395,-2.329679139614383,-1.9283159428037242,0.19202169644742906,43646U
2025-06-28T07:58:20.682902,-27498.37450915888,32492.210920550206,4212.05257327572,-2.321296370613209,-1.938263963956695,0.1907361742930587,43646U
2025-06-28T07:59:20.682902,-27637.397630686726,32375.619584733144,4223.458166509403,-2.3128724095203363,-1.948174827563036,0.1894473643330489,43646U
2025-06-28T08:00:20.682902,-27775.914090651753,32258.434725982304,4234.786340862084,-2.3044074173836306,-1.9580483719886748,0.18815529022419944,43646U
2025-06-28T08:01:20.682902,-27913.9214320778,32140.658588247312,4246.036901191204,-2.2959015557993863,-1.9678844363027779,0.1868599756597518,43646U
2025-06-28T08:02:20.682902,-28051.41720770103,32022.293425112166,4257.209653776773,-2.2873549869093948,-1.977682860278887,0.1855614443690233,43646U
2025-06-28T08:03:20.682902,-28188.39898000218,31903.34149975329,4268.304406323497,-2.2787678733980536,-1.9874434843959783,0.18425972011704633,43646U
2025-06-28T08:04:20.682902,-28324.86432123909,31783.805084897078,4279.320967962913,-2.270140378489471,-1.9971661498395503,0.18295482670420712,43646U
2025-06-28T08:05:20.682902,-28460.81081347928,31663.686462777314,4290.259149255518,-2.261472665944547,-2.006850698502704,0.1816467879658828,43646U
2025-06-28T08:06:20.682902,-28596.23604863165,31542.98792509294,4301.118762192837,-2.252764900058113,-2.0164969729871816,0.18033562777208503,43646U
2025-06-28T08:07:20.682902,-28731.137628478813,31421.71177296526,4311.899620199503,-2.244017245656023,-2.02610481660443,0.17902137002709864,43646U
2025-06-28T08:08:20.682902,-28865.513164708438,31299.860316895658,4322.601538135289,-2.2352298680923046,-2.035674073376614,0.1777040386691273,43646U
2025-06-28T08:09:20.682902,-28999.360278945427,31177.435876722448,4333.22433229716,-2.226402933246249,-2.0452045880376817,0.17638365766993247,43646U
2025-06-28T08:10:20.682902,-29132.676602782853,31054.440781578483,4343.767820421244,-2.21753660751957,-2.054696206034351,0.17506025103448145,43646U
2025-06-28T08:11:20.682902,-29265.459777813358,30930.877369848466,4354.231821684834,-2.208631057833545,-2.064148773527114,0.17373384280059226,43646U
2025-06-28T08:12:20.682902,-29397.707455660428,30806.74798912561,4364.616156708346,-2.199686451626134,-2.0735621373912627,0.17240445703857724,43646U
2025-06-28T08:13:20.682902,-29529.417298009022,30682.054996169212,4374.920647557249,-2.1907029568491563,-2.0829361452178485,0.17107211785089402,43646U
2025-06-28T08:14:20.682902,-29660.586976636456,30556.800756861456,4385.145117743991,-2.1816807419654305,-2.0922706453146667,0.16973684937179126,43646U
2025-06-28T08:15:20.682902,-29791.214173443135,30430.98764616431,4395.289392229906,-2.1726199759459357,-2.1015654867072415,0.16839867576695786,43646U
2025-06-28T08:16:20.682902,-29921.296580482554,30304.618048076678,4405.35329742706,-2.163520828266987,-2.110820519139754,0.16705762123317539,43646U
2025-06-28T08:17:20.682902,-30050.831899991994,30177.694355590953,4415.336661200144,-2.154383468907395,-2.1200355930760235,0.16571370999796606,43646U
2025-06-28T08:18:20.682902,-30179.81784442226,30050.218970650025,4425.239312868281,-2.14520806834565,-2.129210559700425,0.1643669663192468,43646U
2025-06-28T08:19:20.682902,-30308.252136467712,29922.194304103974,4435.06108320685,-2.135994797557107,-2.1383452709188298,0.16301741448498214,43646U
2025-06-28T08:20:20.682902,-30436.132509095944,29793.622775666692,4444.801804449276,-2.126743828011173,-2.147439579359524,0.16166507881283734,43646U
2025-06-28T08:21:20.682902,-30563.456705577428,29664.506813872573,4454.461310288809,-2.1174553316684968,-2.1564933383741263,0.16030998364983373,43646U
2025-06-28T08:22:20.682902,-30690.22247951471,29534.848856033124,4464.039435880258,-2.108129480978179,-2.1655064020384787,0.15895215337200552,43646U
2025-06-28T08:23:20.682902,-30816.427594871926,29404.65134819331,4473.536017841746,-2.0987664488749633,-2.1744786251535633,0.15759161238405422,43646U
2025-06-28T08:24:20.682902,-30942.069826003633,29273.9167450882,4482.950894256402,-2.089366408776464,-2.1834098632463705,0.1562283851190087,43646U
2025-06-28T08:25:20.682902,-31067.146957683693,29142.647510099327,4492.283904674052,-2.079929534580371,-2.1922999725707806,0.1548624960378825,43646U
2025-06-28T08:26:20.682902,-31191.656785134113,29010.84611521102,4501.534890112895,-2.0704560006616823,-2.2011488101084393,0.1534939696293347,43646U
2025-06-28T08:27:20.682902,-31315.597114053682,28878.51504096665,4510.70369306116,-2.0609459818699123,-2.209956233569621,0.1521228304093275,43646U
2025-06-28T08:28:20.682902,-31438.96576064591,28745.656776425156,4519.790157478698,-2.0513996535263654,-2.2187221013940572,0.15074910292079294,43646U
2025-06-28T08:29:20.682902,-31561.760551647792,28612.273819116937,4528.794128798639,-2.041817191421334,-2.227446272751813,0.14937281173328998,43646U
2025-06-28T08:30:20.682902,-31683.97932435771,28478.368675000067,4537.71545392895,-2.0321987718113577,-2.2361286075441114,0.14799398144266906,43646U
2025-06-28T08:31:20.682902,-31805.619926663054,28343.94385841659,4546.553981254003,-2.0225445714164914,-2.244768966404151,0.14661263667073945,43646U
2025-06-28T08:32:20.682902,-31926.6802170682,28209.001892048444,4555.30956063613,-2.0128547674175414,-2.253367210697934,0.1452288020649307,43646U
2025-06-28T08:33:20.682902,-32047.158064722105,28073.54530687344,4563.982043417156,-2.003129537453335,-2.2619232025250855,0.14384250229795992,43646U
2025-06-28T08:34:20.682902,-32167.051349445563,27937.576642121217,4572.5712824198945,-1.9933690596179872,-2.2704368047196506,0.14245376206749905,43646U
2025-06-28T08:35:20.682902,-32286.357961758535,27801.09844522931,4581.077131949642,-1.9835735124581764,-2.27890788085089,0.1410626060958421,43646U
2025-06-28T08:36:20.682902,-32405.0758029072,27664.113271798702,4589.499447795646,-1.9737430749704186,-2.2873362952240788,0.13966905912957364,43646U
2025-06-28T08:37:20.682902,-32523.202784890713,27526.62368555014,4597.8380872325415,-1.9638779265983697,-2.295721912881266,0.1382731459392407,43646U
2025-06-28T08:38:20.682902,-32640.736830488288,27388.632258279278,4606.0929090218015,-1.953978247230086,-2.3040645996020857,0.13687489131901906,43646U
2025-06-28T08:39:20.682902,-32757.675873285454,27250.141569812946,4614.263773413127,-1.944044217195345,-2.312364221904486,0.1354743200863884,43646U
2025-06-28T08:40:20.682902,-32874.01785770068,27111.154207964453,4622.350542145837,-1.9340760172629357,-2.3206206470455175,0.13407145708180224,43646U
2025-06-28T08:41:20.682902,-32989.760739011464,26971.672768489516,4630.353078450244,-1.9240738286379764,-2.328833743022067,0.13266632716836305,43646U
2025-06-28T08:42:20.682902,-33104.902483380625,26831.699855041566,4638.271247049004,-1.9140378329592103,-2.3370033785716147,0.13125895523149375,43646U
2025-06-28T08:43:20.682902,-33219.441067882035,26691.23807912759,4646.104914158435,-1.9039682122963462,-2.3451294231729656,0.12984936617861545,43646U
2025-06-28T08:44:20.682902,-33333.374480526625,26550.290060063282,4653.853947489843,-1.8938651491473575,-2.353211747046991,0.12843758493882015,43646U
2025-06-28T08:45:20.682902,-33446.700720287794,26408.85842492881,4661.518216250805,-1.8837288264358318,-2.361250221157342,0.12702363646254958,43646U
2025-06-28T08:46:20.682902,-33559.41779712702,26266.945808523975,4669.097591146437,-1.8735594275082925,-2.3692447172111795,0.12560754572127122,43646U
2025-06-28T08:47:20.682902,-33671.52373201899,26124.55485332387,4676.591944380648,-1.8633571361315533,-2.377195107659872,0.12418933770715786,43646U
2025-06-28T08:48:20.682902,-33783.016556976916,25981.68820943389,4684.00114965738,-1.853122136490049,-2.3851012656997153,0.12276903743276563,43646U
2025-06-28T08:49:20.682902,-33893.89431507743,25838.348534545225,4691.325082181818,-1.8428546131831967,-2.3929630652726233,0.1213466699307138,43646U
2025-06-28T08:50:20.682902,-34004.15506048527,25694.53849389014,4698.563618661572,-1.8325547512227571,-2.400780381066815,0.11992226025336784,43646U
2025-06-28T08:51:20.682902,-34113.79685847832,25550.2607601968,4705.716637307881,-1.8222227360301693,-2.4085530885175213,0.11849583347251634,43646U
2025-06-28T08:52:20.682902,-34222.817785471656,25405.518013645025,4712.784017836739,-1.8118587534339623,-2.416281063807637,0.11706741467905896,43646U
2025-06-28T08:53:20.682902,-34331.21592904213,25260.312941820936,4719.765641470045,-1.8014629896670953,-2.4239641838684127,0.11563702898268627,43646U
2025-06-28T08:54:20.682902,-34438.989387952686,25114.648239672126,4726.6613909367325,-1.7910356313643367,-2.431602326380129,0.11420470151156326,43646U
2025-06-28T08:55:20.682902,-34546.13627217597,24968.526609462962,4733.471150473841,-1.7805768655596772,-2.4391953697727273,0.11277045741201833,43646U
2025-06-28T08:56:20.682902,-34652.654702918735,24821.950760729214,4740.194805827631,-1.7700868796836793,-2.4467431932265034,0.11133432184822302,43646U
2025-06-28T08:57:20.682902,-34758.54281264511,24674.92341023324,4746.832244254616,-1.7595658615609027,-2.454245676672734,0.10989632000188361,43646U
2025-06-28T08:58:20.682902,-34863.798745100474,24527.447281918794,4753.383354522624,-1.7490139994072822,-2.4617027007943295,0.10845647707192507,43646U
2025-06-28T08:59:20.682902,-34968.420655334565,24379.52510686609,4759.848026911813,-1.738431481827557,-2.4691141470264664,0.10701481827418143,43646U
2025-06-28T09:00:20.682902,-35072.406709724986,24231.159623246545,4766.226153215673,-1.7278184978126636,-2.476479897557223,0.10557136884108384,43646U
2025-06-28T09:01:20.682902,-35175.75508600025,24082.353576277328,4772.517626742025,-1.7171752367371411,-2.4837998353282216,0.10412615402134787,43646U
2025-06-28T09:02:20.682902,-35278.46397326259,23933.109718176667,4778.722342313983,-1.7065018883565855,-2.491073844035222,0.10267919907966784,43646U
2025-06-28T09:03:20.682902,-35380.53157201088,23783.430808118057,4784.840196270899,-1.6957986428050416,-2.498301808128767,0.1012305292964047,43646U
2025-06-28T09:04:20.682902,-35481.956094163186,23633.319612185303,4790.871086469302,-1.6850656905924521,-2.5054836128147744,0.09978016996727962,43646U
2025-06-28T09:05:20.682902,-35582.73576307932,23482.77890332698,4796.814912283805,-1.674303222602092,-2.512619144055155,0.0983281464030659,43646U
2025-06-28T09:06:20.682902,-35682.86881358299,23331.81146131125,4802.671574607997,-1.6635114300880078,-2.5197082885684066,0.09687448392928324,43646U
2025-06-28T09:07:20.682902,-35782.35349198422,23180.42007268019,4808.440975855331,-1.6526905046724591,-2.526750933830216,0.09541920788589013,43646U
2025-06-28T09:08:20.682902,-35881.188056101164,23028.607530704638,4814.123019959966,-1.641840638343381,-2.533746968074047,0.09396234362698098,43646U
2025-06-28T09:09:20.682902,-35979.37077528206,22876.376635338445,4819.717612377617,-1.6309620234518283,-2.540696280291728,0.09250391652047978,43646U
2025-06-28T09:10:20.682902,-36076.89993042703,22723.73019317298,4825.22466008638,-1.6200548527094354,-2.5475987602340417,0.09104395194783571,43646U
2025-06-28T09:11:20.682902,-36173.773814009306,22570.671017391935,4830.644071587511,-1.6091193191859074,-2.554454298411282,0.08958247530372448,43646U
2025-06-28T09:12:20.682902,-36269.990730097095,22417.201927725153,4835.975756906246,-1.5981556163064525,-2.5612627860938506,0.08811951199574039,43646U
2025-06-28T09:13:20.682902,-36365.548994374374,22263.325750403656,4841.219627592531,-1.5871639378492994,-2.5680241153128036,0.08665508744409993,43646U
2025-06-28T09:14:20.682902,-36460.446934162464,22109.045318113305,4846.375596721799,-1.5761444779431348,-2.5747381788604358,0.0851892270813358,43646U
2025-06-28T09:15:20.682902,-36554.682888440606,21954.363469949636,4851.443578895693,-1.5650974310646228,-2.5814048702908203,0.08372195635200097,43646U
2025-06-28T09:16:20.682902,-36648.25520786685,21799.283051372015,4856.423490242762,-1.554022992035889,-2.5880240839203736,0.08225330071236793,43646U
2025-06-28T09:17:20.682902,-36741.162254798895,21643.806914157598,4861.315248419179,-1.5429213560219928,-2.5945957148284102,0.08078328563012775,43646U
2025-06-28T09:18:20.682902,-36833.40240331435,21487.937916356015,4866.118772609406,-1.531792718528461,-2.6011196588576704,0.07931193658409554,43646U
2025-06-28T09:19:20.682902,-36924.97403923122,21331.67892224308,4870.833983526846,-1.5206372753987638,-2.6075958126148846,0.07783927906390987,43646U
2025-06-28T09:20:20.682902,-37015.87556012811,21175.032802275316,4875.460803414508,-1.5094552228118423,-2.6140240734712967,0.07636533856973798,43646U
2025-06-28T09:21:20.682902,-37106.105375364146,21018.002433043795,4879.99915604559,-1.4982467572796134,-2.6204043395632026,0.07489014061197821,43646U
2025-06-28T09:22:20.682902,-37195.66190609906,20860.590697228396,4884.448966724131,-1.4870120756444885,-2.6267365097924764,0.0734137107109658,43646U
2025-06-28T09:23:20.682902,-37284.54358531285,20702.80048355171,4888.810162285565,-1.475751375076897,-2.6330204838271074,0.07193607439667636,43646U
2025-06-28T09:24:20.682902,-37372.748857825354,20544.634686733236,4893.082671097299,-1.4644648530728177,-2.639256162101703,0.07045725720843331,43646U
2025-06-28T09:25:20.682902,-37460.276180315785,20386.096207443217,4897.266423059273,-1.453152707451306,-2.6454434458180294,0.06897728469461382,43646U
2025-06-28T09:26:20.682902,-37547.12402134206,20227.187952256492,4901.361349604494,-1.4418151363520182,-2.651582236945512,0.06749618241235317,43646U
2025-06-28T09:27:20.682902,-37633.29086135979,20067.912833606937,4905.3673836995395,-1.4304523382327876,-2.6576724382217414,0.06601397592725855,43646U
2025-06-28T09:28:20.682902,-37718.775192741465,19908.273769740674,4909.284459845068,-1.4190645118671275,-2.6637139531529996,0.06453069081311033,43646U
2025-06-28T09:29:20.682902,-37803.57551979533,19748.27368467035,4913.112514076308,-1.407651856341802,-2.6697066860147536,0.06304635265157485,43646U
2025-06-28T09:30:20.682902,-37887.69035878402,19587.915508128885,4916.851483963508,-1.3962145710543765,-2.6756505418521512,0.0615609870319128,43646U
2025-06-28T09:31:20.682902,-37971.1182379431,19427.20217552328,4920.501308612387,-1.3847528557107758,-2.681545426480525,0.060074619550689906,43646U
2025-06-28T09:32:20.682902,-38053.85769749963,19266.136627888347,4924.061928664576,-1.3732669103228392,-2.6873912464858867,0.05858727581148601,43646U
2025-06-28T09:33:20.682902,-38135.90728969034,19104.721811840594,4927.533286298015,-1.3617569352058994,-2.693187909225411,0.057098981424608584,43646U
2025-06-28T09:34:20.682902,-38217.26557877977,18942.960679531723,4930.915325227362,-1.3502231309763366,-2.6989353228279307,0.055609762006801594,43646U
2025-06-28T09:35:20.682902,-38297.93114107834,18780.856188602433,4934.2079907043535,-1.3386656985491583,-2.7046333961944184,0.054119643180959895,43646U
2025-06-28T09:36:20.682902,-38377.902564960146,18618.41130213605,4937.411229518188,-1.3270848391355787,-2.7102820389984714,0.05262865057584059,43646U
2025-06-28T09:37:20.682902,-38457.1784508806,18455.62898861234,4940.524989995853,-1.3154807542406055,-2.7158811616867737,0.05113680982577845,43646U
2025-06-28T09:38:20.682902,-38535.75741139411,18292.512221860667,4943.549222002453,-1.3038536456606062,-2.721430675479598,0.04964414657039677,43646U
2025-06-28T09:39:20.682902,-38613.63807117132,18129.063981014133,4946.483876941522,-1.2922037154809254,-2.7269304923712503,0.0481506864543256,43646U
2025-06-28T09:40:20.682902,-38690.819067016615,17965.28725046256,4949.32890775532,-1.2805311660734477,-2.732380525130569,0.04665645512691219,43646U
2025-06-28T09:41:20.682902,-38767.29904788495,17801.185019806562,4952.084268925099,-1.2688362000942268,-2.7377806873013553,0.045161478241941645,43646U
2025-06-28T09:42:20.682902,-38843.07667489906,17636.760283810585,4954.749916471363,-1.2571190204810594,-2.74313089320287,0.04366578145734871,43646U
2025-06-28T09:43:20.682902,-38918.15062136622,17472.016042356478,4957.3258079541165,-1.2453798304510948,-2.7484310579302833,0.04216939043493515,43646U
2025-06-28T09:44:20.682902,-38992.51957279488,17306.955300397083,4959.811902473075,-1.2336188334984561,-2.7536810973551265,0.040672330840088325,43646U
2025-06-28T09:45:20.682902,-39066.18222691123,17141.581067909512,4962.208160667882,-1.2218362333918398,-2.758880928125755,0.0391746283414977,43646U
2025-06-28T09:46:20.682902,-39139.13729367582,16975.896359848353,4964.514544718306,-1.2100322341721186,-2.7640304676678094,0.03767630861087054,43646U
2025-06-28T09:47:20.682902,-39211.38349529937,16809.904196099524,4966.73101834439,-1.1982070401499982,-2.769129634184645,0.03617739732265546,43646U
2025-06-28T09:48:20.682902,-39282.91956625927,16643.607601433177,4968.85754680663,-1.1863608559036063,-2.7741783466578003,0.034677920153757355,43646U
2025-06-28T09:49:20.682902,-39353.74425331547,16477.00960545692,4970.894096906106,-1.1744938862761145,-2.779176524847437,0.033177902783256316,43646U
2025-06-28T09:50:20.682902,-39423.85631552617,16310.113242569423,4972.840636984595,-1.1626063363733914,-2.7841240892927863,0.031677370892129936,43646U
2025-06-28T09:51:20.682902,-39493.25452426364,16142.921551913563,4974.6971369247,-1.1506984115616234,-2.789020961312582,0.030176350162972942,43646U
2025-06-28T09:52:20.682902,-39561.93766322978,15975.437577329407,4976.463568149916,-1.138770317464936,-2.793867063005511,0.028674866279716053,43646U
2025-06-28T09:53:20.682902,-39629.90452847146,15807.664367307752,4978.139903624716,-1.1268222599630549,-2.798662317250642,0.02717294492734945,43646U
2025-06-28T09:54:20.682902,-39697.15392839579,15639.604974942946,4979.726117854598,-1.1148544451889266,-2.803406647707871,0.025670611791642064,43646U
2025-06-28T09:55:20.682902,-39763.68468378526,15471.26245788636,4981.22218688613,-1.102867079526381,-2.8080999788183436,0.024167892558865818,43646U
2025-06-28T09:56:20.682902,-39829.49562781274,15302.639878299133,4982.628088306969,-1.0908603696077548,-2.8127422358048926,0.02266481291551523,43646U
2025-06-28T09:57:20.682902,-39894.58560605624,15133.74030280579,4983.943801245867,-1.078834522311581,-2.8173333446724613,0.021161398548034272,43646U
2025-06-28T09:58:20.682902,-39958.95347651378,14964.566802446534,4985.169306372658,-1.0667897447601842,-2.821873232208543,0.019657675142533065,43646U
2025-06-28T09:59:20.682902,-40022.59810961778,14795.122452630969,4986.304585898238,-1.0547262443173875,-2.826361825983594,0.018153668384517707,43646U
2025-06-28T10:00:20.682902,-40085.51838824955,14625.410333090793,4987.34962357451,-1.042644228586148,-2.8307990543514636,0.016649403958610712,43646U
2025-06-28T10:01:20.682902,-40147.713207753455,14455.433527833045,4988.304404694325,-1.0305439054062346,-2.8351848464498044,0.015144907548277759,43646U
2025-06-28T10:02:20.682902,-40209.18147595128,14285.195125092563,4989.168916091414,-1.0184254828518622,-2.8395191322005147,0.013640204835548383,43646U
2025-06-28T10:03:20.682902,-40269.922113156055,14114.69821728536,4989.943146140283,-1.0062891692293818,-2.843801842310136,0.01213532150074436,43646U
2025-06-28T10:04:20.682902,-40329.93405218596,13943.945900961395,4990.627084756109,-0.9941351730749469,-2.84803290827028,0.010630283222203466,43646U
2025-06-28T10:05:20.682902,-40389.21623837804,13772.941276757429,4991.220723394612,-0.9819637031521775,-2.8522122623580386,0.00912511567600563,43646U
2025-06-28T10:06:20.682902,-40447.76762960171,13601.687449350029,4991.724055051905,-0.9697749684498506,-2.8563398376363986,0.007619844535700178,43646U
2025-06-28T10:07:20.682902,-40505.587196272405,13430.187527408003,4992.1370742643485,-0.9575691781795406,-2.8604155679546572,0.006114495472027224,43646U
2025-06-28T10:08:20.682902,-40562.67392136457,13258.444623545938,4992.459777108356,-0.9453465417733584,-2.8644393879488255,0.004609094152652417,43646U
2025-06-28T10:09:20.682902,-40619.026800425214,13086.461854275823,4992.69216120022,-0.9331072688815422,-2.8684112330420466,0.0031036662418830246,43646U
2025-06-28T10:10:20.682902,-40674.64484158644,12914.242339961344,4992.834225695886,-0.9208515693702559,-2.87233103944499,0.0015982374004080283,43646U
2025-06-28T10:11:20.682902,-40729.52706557877,12741.789204769297,4992.885971290741,-0.9085796533191753,-2.876198744156266,9.283328501440895e-05,43646U
2025-06-28T10:12:20.682902,-40783.6725057437,12569.105576622775,4992.847400219362,-0.8962917310192148,-2.880014284962836,-0.0014125204516804645,43646U
2025-06-28T10:13:20.682902,-40837.08020804622,12396.194587154236,4992.718516255266,-0.8839880129702384,-2.883777600440396,-0.0029177981614980017,43646U
2025-06-28T10:14:20.682902,-40889.74923108747,12223.059371657459,4992.499324710626,-0.8716687098787065,-2.8874886299538023,-0.004422974200976489,43646U
2025-06-28T10:15:20.682902,-40941.67864611693,12049.703069040652,4992.189832435993,-0.8593340326553988,-2.8911473136574553,-0.005928022931637459,43646U
2025-06-28T10:16:20.682902,-40992.867537044636,11876.128821779083,4991.790047819974,-0.8469841924131113,-2.8947535924957015,-0.007432918720257804,43646U
2025-06-28T10:17:20.682902,-41043.31500045323,11702.33977586737,4991.299980788917,-0.8346194004643355,-2.8983074082032387,-0.008937635939142525,43646U
2025-06-28T10:18:20.682902,-41093.02014560998,11528.339080772213,4990.719642806584,-0.822239868318963,-2.9018087033055093,-0.010442148966394716,43646U
2025-06-28T10:19:20.682902,-41141.982094478415,11354.129889385027,4990.049046873767,-0.8098458076819974,-2.9052574211190896,-0.011946432186184556,43646U
2025-06-28T10:20:20.682902,-41190.19998172992,11179.715357974414,4989.288207527938,-0.7974374304512523,-2.9086535057520937,-0.013450459989020287,43646U
2025-06-28T10:21:20.682902,-41237.67295475547,11005.098646138475,4988.437140842859,-0.7850149487150396,-2.9119969021045646,-0.014954206772020083,43646U
2025-06-28T10:22:20.682902,-41284.400173676775,10830.28291675746,4987.495864428165,-0.7725785747498909,-2.9152875558688645,-0.016457646939180032,43646U
2025-06-28T10:23:20.682902,-41330.380811357514,10655.271335946518,4986.464397428963,-0.7601285210182803,-2.91852541353006,-0.017960754901641236,43646U
2025-06-28T10:24:20.682902,-41375.61405341464,10480.06707300711,4985.342760525371,-0.747665000166268,-2.9217104223663366,-0.01946350507796769,43646U
2025-06-28T10:25:20.682902,-41420.099098228995,10304.673300380759,4984.130975932088,-0.7351882250212993,-2.9248425304493533,-0.020965871894404894,43646U
2025-06-28T10:26:20.682902,-41463.83515695639,10129.093193600485,4982.829067397914,-0.7226984085898503,-2.9279216866446616,-0.022467829785155952,43646U
2025-06-28T10:27:20.682902,-41506.82145353817,9953.329931243416,4981.437060205265,-0.7101957640551588,-2.930947840612073,-0.02396935319264888,43646U
2025-06-28T10:28:20.682902,-41549.057224711796,9777.386694883106,4979.954981169673,-0.697680504774935,-2.933920942806063,-0.025470416567805517,43646U
2025-06-28T10:29:20.682902,-41590.541720021116,9601.266669042105,4978.382858639267,-0.6851528442790957,-2.9368409444761374,-0.02697099437030748,43646U
2025-06-28T10:30:20.682902,-41631.274201826855,9424.973041143689,4976.72072249425,-0.6726129962674366,-2.9397077976672334,-0.028471061068870165,43646U
2025-06-28T10:31:20.682902,-41671.25394531648,9248.50900146475,4974.96860414633,-0.6600611746073979,-2.942521455220097,-0.02997059114150485,43646U
2025-06-28T10:32:20.682902,-41710.48023851443,9071.877743087634,4973.126536538172,-0.6474975933317478,-2.9452818707716655,-0.031469559075791007,43646U
2025-06-28T10:33:20.682902,-41748.952382291754,8895.082461852426,4971.194554142807,-0.6349224666363079,-2.9479889987554517,-0.0329679393691435,43646U
2025-06-28T10:34:20.682902,-41786.669690376024,8718.126356309258,4969.172692963039,-0.6223360088776799,-2.950642794401929,-0.03446570652907944,43646U
2025-06-28T10:35:20.682902,-41823.63148936072,8541.012627670354,4967.060990530826,-0.6097384345709538,-2.953243213738906,-0.03596283507348794,43646U
2025-06-28T10:36:20.682902,-41859.83711871483,8363.744479762301,4964.8594859066525,-0.5971299583874391,-2.9557902135919107,-0.037459299530895586,43646U
2025-06-28T10:37:20.682902,-41895.285930792095,8186.3251189778475,4962.5682196788875,-0.5845107951523585,-2.958283751584571,-0.038955074440738056,43646U
2025-06-28T10:38:20.682902,-41929.97729084008,8008.757754228818,4960.187233963117,-0.5718811598426312,-2.9607237861389866,-0.04045013435362034,43646U
2025-06-28T10:39:20.682902,-41963.91057700941,7831.045596896973,4957.716572401462,-0.5592412675845027,-2.963110276476121,-0.04194445383159452,43646U
2025-06-28T10:40:20.682902,-41997.08518036249,7653.191860787214,4955.156280161902,-0.5465913336513509,-2.9654431826161654,-0.04343800744841785,43646U
2025-06-28T10:41:20.682902,-42029.50050488227,7475.199762078947,4952.506403937538,-0.5339315734613608,-2.967722465378921,-0.044930769789825575,43646U
2025-06-28T10:42:20.682902,-42061.15596748101,7297.072519278325,4949.766991945894,-0.5212622025752607,-2.969948086384175,-0.046422715453796726,43646U
2025-06-28T10:43:20.682902,-42092.05099801167,7118.813353152436,4946.938093927867,-0.5085834366927807,-2.9721200080522943,-0.04791381905096991,43646U
2025-06-28T10:44:20.682902,-42122.185039261065,6940.425486769907,4944.019761148405,-0.4958954916566787,-2.974238193603526,-0.049404055204169496,43646U
2025-06-28T10:45:20.682902,-42151.55754698726,6761.912145283676,4941.012046393023,-0.48319858343843036,-2.9763026070604157,-0.05089339855008813,43646U
2025-06-28T10:46:20.682902,-42180.16798990359,6583.276556020388,4937.915003969169,-0.4704929281457301,-2.9783132132465098,-0.052381823738402854,43646U
2025-06-28T10:47:20.682902,-42208.015849689014,6404.521948422819,4934.728689705362,-0.45777874201953916,-2.9802699777868766,-0.053869305432124016,43646U
2025-06-28T10:48:20.682902,-42235.10062100569,6225.651553940378,4931.45316094929,-0.44505624142744377,-2.9821728671091843,-0.055355818308373224,43646U
2025-06-28T10:49:20.682902,-42261.42181150024,6046.668606020672,4928.088476567657,-0.43232564286419867,-2.984021848443612,-0.05684133705832048,43646U
2025-06-28T10:50:20.682902,-42286.97894181247,5867.576340053306,4924.634696945193,-0.419587162948882,-2.985816889823313,-0.05832583638751732,43646U
2025-06-28T10:51:20.682902,-42311.77154558294,5688.377993321499,4921.091883983768,-0.4068410184225993,-2.987557960084789,-0.05980929101616627,43646U
2025-06-28T10:52:20.682902,-42335.79916946001,5509.076804954269,4917.460101101525,-0.3940874261462351,-2.98924502886826,-0.061291675679385274,43646U
2025-06-28T10:53:20.682902,-42359.0613731071,5329.676015878064,4913.739413231969,-0.3813266030981627,-2.99087806661803,-0.06277296512747499,43646U
2025-06-28T10:54:20.682902,-42381.55772920967,5150.178868768044,4909.929886823046,-0.36855876637193075,-2.9924570445828644,-0.06425313412619112,43646U
2025-06-28T10:55:20.682902,-42403.28782348191,4970.588608000626,4906.03158983621,-0.35578413317404545,-2.9939819348163548,-0.06573215745700448,43646U
2025-06-28T10:56:20.682902,-42424.25125467366,4790.908479604641,4902.044591745477,-0.34300292082164413,-2.995452710177281,-0.06721000991737308,43646U
2025-06-28T10:57:20.682902,-42444.447634576805,4611.141731212836,4897.968963536445,-0.33021534674020725,-2.9968693443299976,-0.06868666632101145,43646U
2025-06-28T10:58:20.682902,-42463.87658803184,4431.291612014228,4893.80477770533,-0.3174216284613211,-2.998231811744782,-0.07016210149815161,43646U
2025-06-28T10:59:20.682902,-42482.53775293405,4251.361372705222,4889.552108257956,-0.3046219836203582,-2.999540087698209,-0.0716362902958164,43646U
2025-06-28T11:00:20.682902,-42500.43078023974,4071.3542654410544,4885.21103070873,-0.2918166299541837,-3.000794148273523,-0.07310920757808725,43646U
2025-06-28T11:01:20.682902,-42517.55533397225,3891.273543788014,4880.781622079636,-0.279005785298911,-3.001993970360996,-0.0745808282263679,43646U
2025-06-28T11:02:20.682902,-42533.911091227805,3711.1224626744165,4876.263960899159,-0.2661896675875748,-3.0031395316582987,-0.07605112713965712,43646U
2025-06-28T11:03:20.682902,-42549.49774218129,3530.9042783425,4871.658127201252,-0.25336849484786855,-3.004230810670861,-0.07752007923481313,43646U
2025-06-28T11:04:20.682902,-42564.314990091865,3350.6222482998705,4866.964202524229,-0.2405424851998483,-3.0052677867122415,-0.07898765944682361,43646U
2025-06-28T11:05:20.682902,-42578.36255130842,3170.2796312707997,4862.182269909687,-0.22771185685363024,-3.00625043990449,-0.08045384272907502,43646U
2025-06-28T11:06:20.682902,-42591.640155274916,2989.8796871479954,4857.312413901383,-0.21487682810711703,-3.0071787511785093,-0.08191860405361902,43646U
2025-06-28T11:07:20.682902,-42604.147544535575,2809.425676944027,4852.354720544122,-0.20203761734370498,-3.0080527022744215,-0.0833819184114411,43646U
2025-06-28T11:08:20.682902,-42615.88447473994,2628.9208627424487,4847.309277382591,-0.18919444302996558,-3.0088722757419286,-0.08484376081273216,43646U
2025-06-28T11:09:20.682902,-42626.850714647844,2448.3685076495335,4842.176173460222,-0.17634752371337373,-3.009637454940676,-0.08630410628715461,43646U
2025-06-28T11:10:20.682902,-42637.0460461341,2267.771875745668,4836.955499318,-0.16349707802000807,-3.010348224040613,-0.08776292988411175,43646U
2025-06-28T11:11:20.682902,-42646.4702641932,2087.1342320364806,4831.647346993272,-0.15064332465223676,-3.0110045680223574,-0.08922020667301894,43646U
2025-06-28T11:12:20.682902,-42655.12317694388,1906.4588424045057,4826.2518100185525,-0.1377864823864366,-3.011606472677551,-0.09067591174357002,43646U
2025-06-28T11:13:20.682902,-42663.00460563339,1725.7489735601957,4820.768983420282,-0.12492677007067038,-3.0121539246092244,-0.09213002020601023,43646U
2025-06-28T11:14:20.682902,-42670.114384641776,1545.007892993343,4815.198963717594,-0.11206440662238644,-3.0126469112321526,-0.09358250719140436,43646U
2025-06-28T11:15:20.682902,-42676.45236148596,1364.2388689245545,4809.541848921057,-0.09919961102613017,-3.0130854207732196,-0.09503334785190594,43646U
2025-06-28T11:16:20.682902,-42682.01839682373,1183.4451702562326,4803.797738531406,-0.08633260233121098,-3.0134694422717705,-0.09648251736102922,43646U
2025-06-28T11:17:20.682902,-42686.812364457495,1002.6300665240605,4797.966733538242,-0.07346359964941236,-3.013798965579976,-0.09792999091391787,43646U
2025-06-28T11:18:20.682902,-42690.83415133801,821.7968278478843,4792.048936418735,-0.06059282215265161,-3.0140739813631847,-0.09937574372761801,43646U
2025-06-28T11:19:20.682902,-42694.08365756792,640.9487248834607,4786.044451136309,-0.04772048907070668,-3.014294481100281,-0.10081975104134552,43646U
2025-06-28T11:20:20.682902,-42696.560796405094,460.0890287729541,4779.953383139279,-0.034846819688848354,-3.014460457084044,-0.10226198811676147,43646U
2025-06-28T11:21:20.682902,-42698.26549426596,279.22101109669416,4773.775839359525,-0.021972033345564905,-3.014571902421501,-0.10370243023823947,43646U
2025-06-28T11:22:20.682902,-42699.197690728615,98.34794382389902,4767.511928211103,-0.00909634943020798,-3.0146288110342825,-0.10514105271314042,43646U
2025-06-28T11:23:20.682902,-42699.35733853576,-82.52690073596331,4761.161759588867,0.0037800126193103427,-3.014631177658977,-0.106577830872082,43646U
2025-06-28T11:24:20.682902,-42698.7444035976,-263.4002499821191,4754.725444867066,0.016656833318851497,-3.0145789978474844,-0.1080127400692117,43646U
2025-06-28T11:25:20.682902,-42697.35886499449,-444.2688310715496,4748.2030968979125,0.02953389314038765,-3.0144722679673692,-0.10944575568247954,43646U
2025-06-28T11:26:20.682902,-42695.20071497957,-625.1293709678686,4741.594830010163,0.04241097251432787,-3.014310985202213,-0.1108768531139108,43646U
2025-06-28T11:27:20.682902,-42692.269958981095,-805.9785964903035,4734.900760007649,0.05528785183185629,-3.014095147551966,-0.1123060077898786,43646U
2025-06-28T11:28:20.682902,-42688.56661560479,-986.8132343624344,4728.121004167831,0.068164311447251,-3.0138247538332994,-0.11373319516137521,43646U
2025-06-28T11:29:20.682902,-42684.090716636005,-1167.6300112619497,4721.255681240281,0.08104013168027766,-3.013499803679948,-0.11515839070429162,43646U
2025-06-28T11:30:20.682902,-42678.84230704163,-1348.4256538685709,4714.304911445215,0.09391509281845532,-3.0131202975430744,-0.11658156991968259,43646U
2025-06-28T11:31:20.682902,-42672.82144497207,-1529.1968889141872,4707.268816471949,0.10678897511947917,-3.012686236691604,-0.11800270833404886,43646U
2025-06-28T11:32:20.682902,-42666.02820176282,-1709.9404432311667,4700.147519477386,0.11966155881351623,-3.0121976232125762,-0.11942178149960599,43646U
2025-06-28T11:33:20.682902,-42658.46266193621,-1890.653043801701,4692.941145084443,0.13253262410557662,-3.0116544600114956,-0.12083876499456145,43646U
2025-06-28T11:34:20.682902,-42650.124923202704,-2071.331417807407,4685.649819380493,0.14540195117790305,-3.0110567508126733,-0.12225363442339222,43646U
2025-06-28T11:35:20.682902,-42641.01509646228,-2251.9722926774193,4678.273669915797,0.15826932019225692,-3.0104045001595745,-0.12366636541711351,43646U
2025-06-28T11:36:20.682902,-42631.13330580556,-2432.5723961385124,4670.812825701875,0.17113451129235088,-3.009697713415163,-0.12507693363356107,43646U
2025-06-28T11:37:20.682902,-42620.479688514824,-2613.1284562638643,4663.267417209911,0.1839973046061822,-3.0089363967622424,-0.12648531475766456,43646U
2025-06-28T11:38:20.682902,-42609.054395064864,-2793.6372015223324,4655.637576369104,0.196857480248412,-3.0081205572038034,-0.12789148450172422,43646U
2025-06-28T11:39:20.682902,-42596.85758912372,-2974.0953608276,4647.923436565031,0.20971481832272895,-3.007250202563355,-0.12929541860568752,43646U
2025-06-28T11:40:20.682902,-42583.8894475533,-3154.4996635873467,4640.125132637976,0.22256909892422527,-3.0063253414852795,-0.1306970928374259,43646U
2025-06-28T11:41:20.682902,-42570.150160409765,-3334.8468397527786,4632.24280088124,0.23542010214179362,-3.0053459834351584,-0.13209648299301346,43646U
2025-06-28T11:42:20.682902,-42555.63993094391,-3515.1336198679064,4624.276579039448,0.24826760806051157,-3.004312138700119,-0.133493564897006,43646U
2025-06-28T11:43:20.682902,-42540.35897560115,-3695.356735118463,4616.226606306822,0.2611113967640036,-3.003223818389169,-0.134888314402716,43646U
2025-06-28T11:44:20.682902,-42524.30752402181,-3875.51291738142,4608.093023325474,0.27395124833684525,-3.0020810344335334,-0.13628070739249273,43646U
2025-06-28T11:45:20.682902,-42507.485819040754,-4055.5988992746506,4599.875972183618,0.28678694286698314,-3.0008837995869855,-0.13767071977800388,43646U
2025-06-28T11:46:20.682902,-42489.89411668719,-4235.611414205928,4591.575596413829,0.2996182604481069,-2.999632127426186,-0.13905832750051195,43646U
2025-06-28T11:47:20.682902,-42471.5326861843,-4415.547196422062,4583.192040991263,0.31244498118203856,-2.9983260323510152,-0.1404435065311534,43646U
2025-06-28T11:48:20.682902,-42452.40180994859,-4595.402981059279,4574.72545233182,0.32526688518120644,-2.9969655295848976,-0.141826232871225,43646U
2025-06-28T11:49:20.682902,-42432.50178358929,-4775.1755041914275,4566.175978290377,0.33808375257097417,-2.9955506351751424,-0.14320648255245647,43646U
2025-06-28T11:50:20.682902,-42411.83291590737,-4954.861502880187,4557.543768158922,0.35089536349210965,-2.9940813659932632,-0.1445842316372969,43646U
2025-06-28T11:51:20.682902,-42390.39552889463,-5134.457715224684,4548.828972664692,0.3637014981032166,-2.992557739735307,-0.14595945621919787,43646U
2025-06-28T11:52:20.682902,-42368.18995773262,-5313.96088040993,4540.031743968356,0.37650193658308695,-2.990979774922186,-0.1473321324228872,43646U
2025-06-28T11:53:20.682902,-42345.21655079118,-5493.367738757559,4531.152235662067,0.3892964591332167,-2.9893474908999957,-0.1487022364046613,43646U
2025-06-28T11:54:20.682902,-42321.47566962714,-5672.675031774678,4522.190602767602,0.40208484598019306,-2.9876609078403393,-0.15006974435266301,43646U
2025-06-28T11:55:20.682902,-42296.9676889827,-5851.879502203552,4513.147001734426,0.41486687737814293,-2.98592004674065,-0.15143463248716538,43646U
2025-06-28T11:56:20.682902,-42271.69299678371,-6030.977894071026,4504.021590437769,0.42764233361116644,-2.984124929424512,-0.1527968770608557,43646U
2025-06-28T11:57:20.682902,-42245.65199413777,-6209.966952738384,4494.81452817665,0.44041099499580627,-2.9822755785419774,-0.15415645435912106,43646U
2025-06-28T11:58:20.682902,-42218.84509533224,-6388.843424950628,4485.525975671938,0.45317264188347384,-2.9803720175698842,-0.1555133407003311,43646U
2025-06-28T11:59:20.682902,-42191.272727832096,-6567.604058886432,4476.156095064334,0.46592705466293444,-2.978414270812168,-0.15686751243612568,43646U
2025-06-28T12:00:20.682902,-42162.935332277535,-6746.245604207426,4466.705049912388,0.4786740137627422,-2.976402363400179,-0.15821894595169805,43646U
2025-06-28T12:01:20.682902,-42133.833362481564,-6924.76481210826,4457.17300519046,0.49141329965373837,-2.974336321292992,-0.15956761766608474,43646U
2025-06-28T12:02:20.682902,-42103.96728542744,-7103.158435365651,4447.560127286711,0.5041446928514769,-2.972216171277719,-0.16091350403244659,43646U
2025-06-28T12:03:20.682902,-42073.33758126577,-7281.42322838894,4437.866584001004,0.5168679739187635,-2.9700419409698102,-0.16225658153836325,43646U
2025-06-28T12:04:20.682902,-42041.94474331177,-7459.55594726889,4428.092544542873,0.5295829234680753,-2.96781365881337,-0.16359682670611414,43646U
2025-06-28T12:05:20.682902,-42009.78927804207,-7637.553349828011,4418.238179529406,0.5422893221640881,-2.965531354081453,-0.1649342160929706,43646U
2025-06-28T12:06:20.682902,-41976.871705091566,-7815.41219567032,4408.303660983139,0.5549869507261707,-2.963195056876367,-0.16626872629148506,43646U
2025-06-28T12:07:20.682902,-41943.19255725012,-7993.129246230732,4398.289162329944,0.5676755899308557,-2.960804798129979,-0.16760033392977794,43646U
2025-06-28T12:08:20.682902,-41908.7523804589,-8170.701264824983,4388.194858396878,0.5803550206143571,-2.9583606096040063,-0.168929015671828,43646U
2025-06-28T12:09:20.682902,-41873.5517338069,-8348.12501669947,4378.02092541003,0.5930250236750747,-2.95586252389032,-0.17025474821776315,43646U
2025-06-28T12:10:20.682902,-41837.591189526975,-8525.39726908138,4367.76754099232,0.6056853800761356,-2.9533105744112267,-0.17157750830415344,43646U
2025-06-28T12:11:20.682902,-41800.871332992036,-8702.514791227892,4357.434884161345,0.618335870847866,-2.9507047954197763,-0.17289727270429842,43646U
2025-06-28T12:12:20.682902,-41763.3927627108,-8879.474354476544,4347.023135327125,0.6309762770903556,-2.9480452220000357,-0.174214018228522,43646U
2025-06-28T12:13:20.682902,-41725.15609032361,-9056.272732294756,4336.5324762899045,0.6436063799759608,-2.9453318900673877,-0.17552772172446326,43646U
2025-06-28T12:14:20.682902,-41686.161940598,-9232.906700330053,4325.963090237887,0.6562259607518676,-2.9425648363688075,-0.1768383600773711,43646U
2025-06-28T12:15:20.682902,-41646.410951424135,-9409.37303645961,4315.3151617449785,0.6688348007426071,-2.939744098483152,-0.1781459102103964,43646U
2025-06-28T12:16:20.682902,-41605.90377381006,-9585.668520840618,4304.588876768492,0.681432681352634,-2.9368697148214276,-0.17945034908488786,43646U
2025-06-28T12:17:20.682902,-41564.6410718769,-9761.78993595958,4293.784422646877,0.6940193840688369,-2.933941724627086,-0.18075165370068322,43646U
2025-06-28T12:18:20.682902,-41522.623522853755,-9937.73406668309,4282.90198809736,0.7065946904631557,-2.9309601679762762,-0.18204980109641059,43646U
2025-06-28T12:19:20.682902,-41479.851817072544,-10113.497700307058,4271.941763213639,0.7191583821950952,-2.927925085778138,-0.1833447683497781,43646U
2025-06-28T12:20:20.682902,-41436.3266579627,-10289.077626607117,4260.903939463524,0.7317102410143247,-2.9248365197750568,-0.18463653257787427,43646U
2025-06-28T12:21:20.682902,-41392.04876204573,-10464.470637888255,4249.78870968657,0.7442500487632322,-2.9216945125429357,-0.18592507093746147,43646U
2025-06-28T12:22:20.682902,-41347.01885892939,-10639.673529035479,4238.596268091659,0.7567775873795506,-2.9184991074914577,-0.18721036062527885,43646U
2025-06-28T12:23:20.682902,-41301.23769130212,-10814.683097563095,4227.326810254644,0.7692926388988987,-2.9152503488643475,-0.1884923788783351,43646U
2025-06-28T12:24:20.682902,-41254.70601492682,-10989.496143665507,4215.980533115856,0.7817949854574273,-2.911948281739625,-0.18977110297421207,43646U
2025-06-28T12:25:20.682902,-41207.42459863514,-11164.109470266345,4204.557634977747,0.7942844092943562,-2.9085929520298732,-0.19104651023135832,43646U
2025-06-28T12:26:20.682902,-41159.39422432075,-11338.519883069563,4193.058315502344,0.8067606927546558,-2.9051844064824697,-0.19231857800939528,43646U
2025-06-28T12:27:20.682902,-41110.61568693321,-11512.7241906089,4181.482775708824,0.8192236182916165,-2.9017226926798507,-0.19358728370941414,43646U
2025-06-28T12:28:20.682902,-41061.089794471365,-11686.719204298075,4169.831217971001,0.831672968469479,-2.898207859039754,-0.19485260477427754,43646U
2025-06-28T12:29:20.682902,-41010.81736797654,-11860.501738481149,4158.103846014808,0.8441085259660741,-2.8946399548154536,-0.19611451868892257,43646U
2025-06-28T12:30:20.682902,-40959.79924152569,-12034.068610482143,4146.300864915782,0.8565300735754274,-2.891019030096013,-0.19737300298066016,43646U
2025-06-28T12:31:20.682902,-40908.03626222424,-12207.416640656082,4134.422481096467,0.8689373942104585,-2.8873451358065028,-0.1986280352194842,43646U
2025-06-28T12:32:20.682902,-40855.52929019904,-12380.542652438215,4122.4689023239025,0.881330270905564,-2.8836183237082462,-0.1998795930183679,43646U
2025-06-28T12:33:20.682902,-40802.279198590906,-12553.44347239476,4110.440337706999,0.893708486819311,-2.879838646399044,-0.20112765403357316,43646U
2025-06-28T12:34:20.682902,-40748.286873547106,-12726.115930272837,4098.3369976939475,0.9060718252370841,-2.876006157313398,-0.2023721959649525,43646U
2025-06-28T12:35:20.682902,-40693.55321421361,-12898.556859051014,4086.159094069574,0.91842006957377,-2.872120910722733,-0.20361319655625798,43646U
2025-06-28T12:36:20.682902,-40638.079132727355,-13070.763094988997,4073.9068399527337,0.9307530033764024,-2.868182961735617,-0.20485063359544275,43646U
2025-06-28T12:37:20.682902,-40581.86555420812,-13242.731477678482,4061.5804497936088,0.9430704103268832,-2.8641923662979694,-0.2060844849149728,43646U
2025-06-28T12:38:20.682902,-40524.913416750416,-13414.458850092902,4049.180139371055,0.9553720742446382,-2.8601491811932767,-0.20731472839213075,43646U
2025-06-28T12:39:20.682902,-40467.22367141517,-13585.94205863782,4036.706125789906,0.9676577790893217,-2.8560534640427986,-0.2085413419493248,43646U
2025-06-28T12:40:20.682902,-40408.797282221174,-13757.17795320144,4024.158627478232,0.9799273089635354,-2.851905273305767,-0.209764303554399,43646U
2025-06-28T12:41:20.682902,-40349.63522613647,-13928.163387204477,4011.5378641846423,0.992180448115509,-2.8477046682795852,-0.2109835912209399,43646U
2025-06-28T12:42:20.682902,-40289.73849306948,-14098.895217650806,3998.844056975488,1.0044169809418482,-2.843451709100025,-0.21219918300858945,43646U
2025-06-28T12:43:20.682902,-40229.10808586007,-14269.370305177814,3986.0774282321163,1.0166366919902496,-2.8391464567414033,-0.2134110570233549,43646U
2025-06-28T12:44:20.682902,-40167.745020270435,-14439.585514106044,3973.238201648097,1.0288393659621986,-2.8347889730167988,-0.21461919141791677,43646U
2025-06-28T12:45:20.682902,-40105.6503249757,-14609.537712490459,3960.3266022263697,1.041024787715764,-2.830379320578195,-0.2158235643919462,43646U
2025-06-28T12:46:20.682902,-40042.82504155436,-14779.22377217042,3947.3428562764243,1.0531927422683238,-2.8259175629166755,-0.21702415419241597,43646U
2025-06-28T12:47:20.682902,-39979.270224478976,-14948.640568819546,3934.2871914115008,1.0653430147992808,-2.821403764362607,-0.21822093911390955,43646U
2025-06-28T12:48:20.682902,-39914.98694110609,-15117.784981996592,3921.159836545682,1.0774753906528627,-2.816837990085793,-0.21941389749893953,43646U
2025-06-28T12:49:20.682902,-39849.97627166616,-15286.653895196165,3907.96102189098,1.0895896553409106,-2.812220306095624,-0.2206030077382639,43646U
2025-06-28T12:50:20.682902,-39784.23930925379,-15455.244195898049,3894.6909789545166,1.1016855945455855,-2.807550779241275,-0.2217882482711948,43646U
2025-06-28T12:51:20.682902,-39717.77715981706,-15623.552775618618,3881.3499405355224,1.1137629941222182,-2.802829477211819,-0.2229695975859205,43646U
2025-06-28T12:52:20.682902,-39650.5909421473,-15791.576529960566,3867.938140722439,1.1258216401020567,-2.7980564685364,-0.2241470342198187,43646U
2025-06-28T12:53:20.682902,-39582.68178786824,-15959.312358663821,3854.4558148899314,1.1378613186950985,-2.793231822584365,-0.22532053675977629,43646U
2025-06-28T12:54:20.682902,-39514.05084142545,-16126.757165655386,3840.9031996959397,1.1498818162928546,-2.7883556095654143,-0.22649008384250405,43646U
2025-06-28T12:55:20.682902,-39444.69926007514,-16293.90785910044,3827.280533078647,1.161882919471213,-2.7834279005297167,-0.22765565415485947,43646U
2025-06-28T12:56:20.682902,-39374.6282138731,-16460.76135145206,3813.5880542534856,1.173864414993211,-2.7784487673680625,-0.22881722643416172,43646U
2025-06-28T12:57:20.682902,-39303.838885663456,-16627.31455950217,3799.8260037100954,1.1858260898118929,-2.773418282811963,-0.22997477946851458,43646U
2025-06-28T12:58:20.682902,-39232.33247106698,-16793.56440443204,3785.9946232092425,1.1977677310731605,-2.7683365204337806,-0.23112829209712796,43646U
2025-06-28T12:59:20.682902,-39160.11017846974,-16959.50781186211,3772.0941557797923,1.2096891261185652,-2.7632035546468456,-0.23227774321063488,43646U
2025-06-28T13:00:20.682902,-39087.17322901096,-17125.141711903125,3758.1248457155707,1.2215900624882121,-2.7580194607055515,-0.23342311175141797,43646U
2025-06-28T13:01:20.682902,-39013.52285657115,-17290.463039206465,3744.0869385722585,1.233470327923609,-2.7527843147054565,-0.23456437671393118,43646U
2025-06-28T13:02:20.682902,-38939.16030776008,-17455.468733014197,3729.9806811642857,1.2453297103705034,-2.747498193583395,-0.23570151714502097,43646U
2025-06-28T13:03:20.682902,-38864.08684190429,-17620.15573720987,3715.806321561659,1.2571679979817854,-2.7421611751175563,-0.23683451214425155,43646U
2025-06-28T13:04:20.682902,-38788.303731034364,-17784.52100036935,3701.564109086755,1.2689849791203924,-2.736773337927553,-0.23796334086423312,43646U
2025-06-28T13:05:20.682902,-38711.81225987278,-17948.56147581049,3687.254294311207,1.2807804423621438,-2.731334761474534,-0.23908798251094082,43646U
2025-06-28T13:06:20.682902,-38634.61372582046,-18112.274121644456,3672.877129052607,1.2925541764987019,-2.7258455260612218,-0.24020841634404735,43646U
2025-06-28T13:07:20.682902,-38556.7094389442,-18275.65590082546,3658.432866371349,1.3043059705404263,-2.7203057128320087,-0.24132462167724425,43646U
2025-06-28T13:08:20.682902,-38478.10072196318,-18438.703781201926,3643.9217605673275,1.316035613719333,-2.7147154037729866,-0.24243657787857364,43646U
2025-06-28T13:09:20.682902,-38398.78891023569,-18601.414735566526,3629.344067176693,1.3277428954919919,-2.7090746817120253,-0.24354426437075416,43646U
2025-06-28T13:10:20.682902,-38318.775351745506,-18763.785741706983,3614.700042968546,1.3394276055424734,-2.7033836303188052,-0.24464766063151064,43646U
2025-06-28T13:11:20.682902,-38238.06140708821,-18925.813782456422,3599.989945941637,1.3510895337852855,-2.6976423341048608,-0.24574674619390388,43646U
2025-06-28T13:12:20.682902,-38156.6484494572,-19087.49584574399,3585.2140353210275,1.3627284703683231,-2.6918508784236135,-0.24684150064666074,43646U
2025-06-28T13:13:20.682902,-38074.5378646298,-19248.828924645062,3570.372571554775,1.3743442056758084,-2.6860093494704094,-0.24793190363450301,43646U
2025-06-28T13:14:20.682902,-37991.73105095261,-19409.810017432297,3555.4658163104973,1.385936530331293,-2.68011783428252,-0.24901793485848367,43646U
2025-06-28T13:15:20.682902,-37908.22941932751,-19570.436127625555,3540.49403247206,1.3975052352005886,-2.674176420739178,-0.25009957407631395,43646U
2025-06-28T13:16:20.682902,-37824.0343931967,-19730.704264042928,3525.457484136106,1.409050111394785,-2.668185197561562,-0.25117680110270074,43646U
2025-06-28T13:17:20.682902,-37739.14740852792,-19890.611440851048,3510.356436608641,1.420570950273231,-2.6621442543128104,-0.25224959580967826,43646U
2025-06-28T13:18:20.682902,-37653.56991379974,-20050.154677615352,3495.191156401627,1.432067543446506,-2.656053681398016,-0.2533179381269409,43646U
2025-06-28T13:19:20.682902,-37567.30336998603,-20209.330999351092,3479.9619112294426,1.443539682779469,-2.6499135700641943,-0.25438180804218197,43646U
2025-06-28T13:20:20.682902,-37480.349250540865,-20368.137436573525,3464.6689700054453,1.4549871603942517,-2.6437240124002805,-0.25544118560142687,43646U
2025-06-28T13:21:20.682902,-37392.70904138301,-20526.571025348214,3449.3126028384686,1.4664097686732613,-2.637485101337097,-0.25649605090936795,43646U
2025-06-28T13:22:20.682902,-37304.38424087981,-20684.628807342382,3433.8930810292127,1.4778073002622827,-2.631196930647293,-0.25754638412970776,43646U
2025-06-28T13:23:20.682902,-37215.37635983194,-20842.307829874393,3418.4106770668013,1.4891795480734322,-2.624859594945335,-0.2585921654854894,43646U
2025-06-28T13:24:20.682902,-37125.68692145685,-20999.60514596485,3402.8656646251457,1.5005263052882636,-2.6184731896874323,-0.25963337525943925,43646U
2025-06-28T13:25:20.682902,-37035.31746137266,-21156.51781438696,3387.2583185593703,1.5118473653608078,-2.6120378111714837,-0.2606699937943052,43646U
2025-06-28T13:26:20.682902,-36944.26952758174,-21313.04289971707,3371.5889149022005,1.5231425220206427,-2.605553556537004,-0.2617020014931968,43646U
2025-06-28T13:27:20.682902,-36852.54468045402,-21469.177472385105,3355.857730860325,1.534411569275969,-2.5990205237650574,-0.26272937881992475,43646U
2025-06-28T13:28:20.682902,-36760.144492710206,-21624.91860872517,3340.0650448107544,1.545654301416694,-2.592438811678159,-0.26375210629934326,43646U
2025-06-28T13:29:20.682902,-36667.07054940485,-21780.26339102584,3324.2111362971473,1.5568705130175173,-2.5858085199401977,-0.2647701645176907,43646U
2025-06-28T13:30:20.682902,-36573.32444790914,-21935.208907580633,3308.2962860261223,1.5680599989410269,-2.579129749056335,-0.2657835341229319,43646U
2025-06-28T13:31:20.682902,-36478.90779789338,-22089.752252738886,3292.3207758635144,1.5792225543408382,-2.572402600372875,-0.26679219582510366,43646U
2025-06-28T13:32:20.682902,-36383.82222130962,-22243.890526955794,3276.2848888306753,1.5903579746646803,-2.565627176077168,-0.2677961303966559,43646U
2025-06-28T13:33:20.682902,-36288.069352374005,-22397.62083684276,3260.188909100727,1.6014660556575204,-2.5588035791974897,-0.2687953186727959,43646U
2025-06-28T13:34:20.682902,-36191.65083754843,-22550.94029521847,3244.033121994726,1.6125465933647354,-2.551931913602875,-0.26978974155183694,43646U
2025-06-28T13:35:20.682902,-36094.568335522905,-22703.84602115873,3227.8178139779384,1.623599384135217,-2.5450122840030054,-0.2707793799955398,43646U
2025-06-28T13:36:20.682902,-35996.823517196906,-22856.335140047144,3211.5432726559725,1.6346242246245448,-2.53804479594804,-0.27176421502946224,43646U
2025-06-28T13:37:20.682902,-35898.41806566106,-23008.40478362551,3195.2097867709763,1.6456209117981364,-2.531029555828462,-0.2727442277433038,43646U
2025-06-28T13:38:20.682902,-35799.35367617841,-23160.05209004427,3178.8176461977464,1.6565892429344313,-2.5239666708749025,-0.2737193992912558,43646U
2025-06-28T13:39:20.682902,-35699.63205616558,-23311.274203912686,3162.3671419398925,1.6675290156280431,-2.5168562491579665,-0.2746897108923466,43646U
2025-06-28T13:40:20.682902,-35599.25492517347,-23462.068276349833,3145.858566125859,1.678440027792995,-2.5096983995880224,-0.27565514383079587,43646U
2025-06-28T13:41:20.682902,-35498.2240148684,-23612.43146503409,3129.292212005108,1.6893220776658515,-2.502493231915044,-0.2766156794563571,43646U
2025-06-28T13:42:20.682902,-35396.54106901238,-23762.360934254255,3112.668373944097,1.7001749638089734,-2.49524085672836,-0.2775712991846736,43646U
2025-06-28T13:43:20.682902,-35294.207843443364,-23911.85385495969,3095.9873474223205,1.710998485113724,-2.4879413854564536,-0.27852198449762844,43646U
2025-06-28T13:44:20.682902,-35191.226106055954,-24060.907404810234,3079.2494290284026,1.7217924408036493,-2.4805949303667534,-0.27946771694369194,43646U
2025-06-28T13:45:20.682902,-35087.59763678067,-24209.518768227186,3062.4549164559903,1.7325566304377649,-2.473201604565358,-0.28040847813827907,43646U
2025-06-28T13:46:20.682902,-34983.32422756407,-24357.685136443462,3045.604108499766,1.7432908539137772,-2.465761521996805,-0.2813442497641007,43646U
2025-06-28T13:47:20.682902,-34878.40768234854,-24505.403707553378,3028.69730505144,1.7539949114712992,-2.4582747974438313,-0.2822750135715137,43646U
2025-06-28T13:48:20.682902,-34772.84981705126,-24652.6716865635,3011.734807095628,1.7646686036951487,-2.450741546527079,-0.2832007513788794,43646U
2025-06-28T13:49:20.682902,-34666.65245954363,-24799.486285442792,2994.7169167057714,1.7753117315186018,-2.443161885704827,-0.28412144507291626,43646U
2025-06-28T13:50:20.682902,-34559.81744963025,-24945.844723172642,2977.643937040047,1.7859240962266492,-2.4355359322727033,-0.2850370766090543,43646U
2025-06-28T13:51:20.682902,-34452.34663902777,-25091.744225797258,2960.516172337225,1.796505499459299,-2.427863804363389,-0.28594762801179174,43646U
2025-06-28T13:52:20.682902,-34344.24189134316,-25237.18202647402,2943.3339279124807,1.8070557432148737,-2.420145620946293,-0.28685308137505294,43646U
2025-06-28T13:53:20.682902,-34235.50508205274,-25382.155365523256,2926.097510153297,1.8175746298532736,-2.4123815018272556,-0.2877534188625411,43646U
2025-06-28T13:54:20.682902,-34126.13809847958,-25526.66149047901,2908.8072265151577,1.8280619620993432,-2.404571567648185,-0.28864862270810215,43646U
2025-06-28T13:55:20.682902,-34016.142839772234,-25670.697656138564,2891.463385517436,1.8385175430461287,-2.3967159398867492,-0.28953867521607646,43646U
2025-06-28T13:56:20.682902,-33905.521216882116,-25814.26112461307,2874.066296739084,1.8489411761582506,-2.388814740855995,-0.290423558761662,43646U
2025-06-28T13:57:20.682902,-33794.27515254141,-25957.349165377156,2856.6162708144266,1.8593326652751963,-2.3808680937040094,-0.29130325579127037,43646U
2025-06-28T13:58:20.682902,-33682.40658124001,-26099.959055319752,2839.113619428794,1.8696918146147183,-2.3728761224135044,-0.29217774882289094,43646U
2025-06-28T13:59:20.682902,-33569.91744920329,-26242.088078793407,2821.558655314318,1.8800184287761306,-2.3648389518014694,-0.29304702044644665,43646U
2025-06-28T14:00:20.682902,-33456.80971436868,-26383.7335276647,2803.9516922455314,1.8903123127437025,-2.3567567075187514,-0.2939110533241579,43646U
2025-06-28T14:01:20.682902,-33343.08534636269,-26524.892701364268,2786.2930450350495,1.9005732718900206,-2.348629516049644,-0.2947698301909034,43646U
2025-06-28T14:02:20.682902,-33228.74632647731,-26665.562906936808,2768.5830295291817,1.9108011119793709,-2.3404575047114653,-0.2956233338545827,43646U
2025-06-28T14:03:20.682902,-33113.79464764682,-26805.74145909065,2750.821962603599,1.9209956391710967,-2.3322408016541423,-0.2964715471964758,43646U
2025-06-28T14:04:20.682902,-32998.2323144234,-26945.42568024842,2733.0101621588174,1.9311566600230463,-2.3239795358597255,-0.2973144531716119,43646U
2025-06-28T14:05:20.682902,-32882.06134295354,-27084.612900596396,2715.1479471158473,1.9412839814949339,-2.3156738371419614,-0.2981520348091282,43646U
2025-06-28T14:06:20.682902,-32765.283760953884,-27223.300458134236,2697.2356374117385,1.9513774109517463,-2.3073238361458306,-0.2989842752126346,43646U
2025-06-28T14:07:20.682902,-32647.901607686174,-27361.485698725835,2679.2735539949967,1.9614367561672261,-2.2989296643470065,-0.2998111575605833,43646U
2025-06-28T14:08:20.682902,-32529.916933933648,-27499.16597614772,2661.2620188212463,1.9714618253272058,-2.2904914540514416,-0.3006326651066258,43646U
2025-06-28T14:09:20.682902,-32411.33180197514,-27636.338652140188,2643.201354848546,1.9814524270331368,-2.2820093383947815,-0.3014487811799867,43646U
2025-06-28T14:10:20.682902,-32292.14828556097,-27773.001096456013,2625.0918860329784,1.991408370305464,-2.273483451341908,-0.30225948918582374,43646U
2025-06-28T14:11:20.682902,-32172.36846988688,-27909.150686911056,2606.933937323964,2.0013294645871356,-2.2649139276863464,-0.3030647726055994,43646U
2025-06-28T14:12:20.682902,-32051.994451569266,-28044.784809433222,2588.7278346597795,2.011215519747021,-2.2563009030497705,-0.3038646149974433,43646U
2025-06-28T14:13:20.682902,-31931.028338619097,-28179.900858112687,2570.4739049628715,2.021066346083414,-2.2476445138814074,-0.3046589999965244,43646U
2025-06-28T14:14:20.682902,-31809.47225041623,-28314.496235251157,2552.172476135261,2.0308817543274915,-2.238944897457483,-0.3054479113154153,43646U
2025-06-28T14:15:20.682902,-31687.328317683205,-28448.56835141172,2533.8238770538746,2.040661555646816,-2.2302021918806205,-0.3062313327444636,43646U
2025-06-28T14:16:20.682902,-31564.598682459102,-28582.11462546828,2515.4284375658735,2.0504055616488195,-2.221416536079253,-0.3070092481521589,43646U
2025-06-28T14:17:20.682902,-31441.285498072844,-28715.13248465521,2496.9864884839376,2.060113584384324,-2.212588069806999,-0.30778164148550446,43646U
2025-06-28T14:18:20.682902,-31317.39092911686,-28847.619364616487,2478.4983615815913,2.069785436351023,-2.2037169336420583,-0.3085484967703838,43646U
2025-06-28T14:19:20.682902,-31192.917151419628,-28979.57270945572,2459.964389588388,2.0794209304970424,-2.1948032689865284,-0.3093097981119349,43646U
2025-06-28T14:20:20.682902,-31067.866352018984,-29110.989971785097,2441.3849061852025,2.089019880224442,-2.1858472180657915,-0.3100655296949181,43646U
2025-06-28T14:21:20.682902,-30942.24072913461,-29241.868612775,2422.760245999416,2.0985820993927606,-2.1768489239278197,-0.3108156757840885,43646U
2025-06-28T14:22:20.682902,-30816.042492140656,-29372.20610220299,2404.090744600145,2.108107402322543,-2.167808530442518,-0.3115602207245659,43646U
2025-06-28T14:23:20.682902,-30689.273861537487,-29501.999918503778,2385.37673849332,2.1175956037989403,-2.158726182300982,-0.31229914894221034,43646U
2025-06-28T14:24:20.682902,-30561.937068924348,-29631.24754881772,2366.618565116936,2.127046519075213,-2.1496020250148358,-0.3130324449439901,43646U
2025-06-28T14:25:20.682902,-30434.03435697057,-29759.946489040605,2347.816562836092,2.136459963876349,-2.1404362049154657,-0.3137600933183579,43646U
2025-06-28T14:26:20.682902,-30305.567979387644,-29888.094243872474,2328.9710709381425,2.1458357544026048,-2.131228869153309,-0.31448207873562184,43646U
2025-06-28T14:27:20.682902,-30176.54020090037,-30015.688326866748,2310.082429627769,2.1551737073331028,-2.121980165697083,-0.31519838594831895,43646U
2025-06-28T14:28:20.682902,-30046.95329721809,-30142.72626047948,2291.150980022016,2.1644736398294238,-2.1126902433330192,-0.31590899979158976,43646U
2025-06-28T14:29:20.682902,-29916.809555005337,-30269.20557611839,2272.177064145311,2.173735369539227,-2.1033592516640627,-0.3166139051835537,43646U
2025-06-28T14:30:20.682902,-29786.111271853108,-30395.12381419159,2253.1610249245336,2.182958714599815,-2.093987341109099,-0.31731308712567996,43646U
2025-06-28T14:31:20.682902,-29654.86075624882,-30520.47852415684,2234.1032061839314,2.1921434936417956,-2.084574662902107,-0.318006530703166,43646U
2025-06-28T14:32:20.682902,-29523.0603275471,-30645.26726457005,2215.003952640154,2.2012895257926655,-2.0751213690913604,-0.31869422108530976,43646U
2025-06-28T14:33:20.682902,-29390.712315939487,-30769.487603134476,2195.863609897144,2.2103966306804685,-2.0656276125385538,-0.3193761435258872,43646U
2025-06-28T14:34:20.682902,-29257.819062424416,-30893.137116749316,2176.6825244410793,2.2194646284374278,-2.0560935469179453,-0.3200522833635268,43646U
2025-06-28T14:35:20.682902,-29124.382918776897,-31016.213391558478,2157.4610436352646,2.228493339703585,-2.046519326715488,-0.320722626022086,43646U
2025-06-28T14:36:20.682902,-28990.406247517967,-31138.71402299914,2138.199515715026,2.2374825856304565,-2.036905107227934,-0.32138715701102694,43646U
2025-06-28T14:37:20.682902,-28855.891421883738,-31260.636615850606,2118.898289782532,2.246432187884702,-2.0272510445619125,-0.32204586192579376,43646U
2025-06-28T14:38:20.682902,-28720.84082579446,-31381.978784282637,2099.5577158016395,2.255341968651786,-2.0175572956330132,-0.32269872644818925,43646U
2025-06-28T14:39:20.682902,-28585.256853823572,-31502.738151903926,2080.178144592741,2.2642117506396358,-2.0078240181648566,-0.32334573634674957,43646U
2025-06-28T14:40:20.682902,-28449.14191116551,-31622.912351811032,2060.7599278274465,2.2730413570823744,-1.998051370688092,-0.32398687747712634,43646U
2025-06-28T14:41:20.682902,-28312.49841360493,-31742.49902663602,2041.3034180234724,2.2818306117439504,-1.9882395125394796,-0.32462213578245885,43646U
2025-06-28T14:42:20.682902,-28175.328787483937,-31861.495828595547,2021.8089685392597,2.290579338921886,-1.9783886038608411,-0.3252514972937561,43646U
2025-06-28T14:43:20.682902,-28037.635469670713,-31979.900419538495,2002.2769335687994,2.2992873634509428,-1.9684988055981045,-0.32587494813027124,43646U
2025-06-28T14:44:20.682902,-27899.420907526746,-32097.71047099459,1982.7076681362619,2.3079545107068506,-1.9585702795002404,-0.326492474499881,43646U
2025-06-28T14:45:20.682902,-27760.687558874295,-32214.923664222424,1963.1015280906765,2.316580606610026,-1.9486031881182337,-0.32710406269946474,43646U
2025-06-28T14:46:20.682902,-27621.437891963786,-32331.537690257454,1943.4588701006073,2.3251654776292923,-1.938597694804031,-0.3277096991152815,43646U
2025-06-28T14:47:20.682902,-27481.67438544046,-32447.55024996032,1923.7800516487316,2.3337089507856237,-1.9285539637094382,-0.32830937022334994,43646U
2025-06-28T14:48:20.682902,-27341.39952831157,-32562.959054064413,1904.065431026504,2.342210853655857,-1.9184721597850591,-0.3289030625898248,43646U
2025-06-28T14:49:20.682902,-27200.615819912473,-32677.761823224057,1884.3153673286793,2.350671014376467,-1.9083524487791574,-0.3294907628713787,43646U
2025-06-28T14:50:20.682902,-27059.325769873296,-32791.956288062225,1864.5302204479117,2.3590892616472994,-1.8981949972365446,-0.3300724578155787,43646U
2025-06-28T14:51:20.682902,-26917.53189808485,-32905.54018921824,1844.7103510692768,2.367465424735331,-1.8879999724974241,-0.33064813426126566,43646U
2025-06-28T14:52:20.682902,-26775.23673466462,-33018.51127739549,1824.8561206647933,2.375799333478437,-1.8777675426962401,-0.3312177791389346,43646U
2025-06-28T14:53:20.682902,-26632.44281992198,-33130.86731340931,1804.9678914878623,2.384090818289172,-1.8674978767604558,-0.33178137947111297,43646U
2025-06-28T14:54:20.682902,-26489.152704324304,-33242.60606823399,1785.0460265678282,2.3923397101585255,-1.8571911444094136,-0.3323389223727399,43646U
2025-06-28T14:55:20.682902,-26345.368948461433,-33353.72532305084,1765.0908897043198,2.4005458406597295,-1.8468475161530529,-0.33289039505154605,43646U
2025-06-28T14:56:20.682902,-26201.09412301124,-33464.222869295016,1745.1028454617724,2.4087090419520214,-1.8364671632907303,-0.3334357848084322,43646U
2025-06-28T14:57:20.682902,-26056.330808703773,-33574.09650870344,1725.0822591637243,2.416829146784473,-1.82605025790991,-0.3339750790378499,43646U
2025-06-28T14:58:20.682902,-25911.081596286305,-33683.344053361485,1705.0294968872838,2.424905988499758,-1.8155969728849366,-0.3345082652281793,43646U
2025-06-28T14:59:20.682902,-25765.34908648715,-33791.96332575055,1684.944925457419,2.4329394010379866,-1.8051074818757062,-0.3350353309621098,43646U
2025-06-28T15:00:20.682902,-25619.135889980196,-33899.952158794826,1664.8289124413534,2.440929218940492,-1.7945819593263903,-0.3355562639170185,43646U
2025-06-28T15:01:20.682902,-25472.44462734788,-34007.30839590885,1644.6818261427568,2.4488752773536966,-1.7840205804640463,-0.3360710518653515,43646U
2025-06-28T15:02:20.682902,-25325.277929045853,-34114.02989104362,1624.5040355961833,2.456777412032873,-1.7734235212973466,-0.3365796826750003,43646U
2025-06-28T15:03:20.682902,-25177.63843536549,-34220.114508734274,1604.2959105612128,2.4646354593460296,-1.7627909586151405,-0.33708214430968353,43646U
2025-06-28T15:04:20.682902,-25029.528796397484,-34325.56012414621,1584.0578215167661,2.4724492562777085,-1.752123069985114,-0.3375784248293249,43646U
2025-06-28T15:05:20.682902,-24880.951671994375,-34430.36462312229,1563.790139655251,2.4802186404328572,-1.7414200337523404,-0.3380685123904329,43646U
2025-06-28T15:06:20.682902,-24731.909731733584,-34534.52590222898,1543.493236876834,2.4879434500406514,-1.730682029037895,-0.33855239524647984,43646U
2025-06-28T15:07:20.682902,-24582.405654879516,-34638.041868803244,1523.167485783547,2.495623523958363,-1.7199092357373735,-0.3390300617482806,43646U
2025-06-28T15:08:20.682902,-24432.4421303459,-34740.910440998814,1502.8132596734624,2.5032587016752106,-1.709101834519438,-0.33950150034437143,43646U
2025-06-28T15:09:20.682902,-24282.02185665792,-34843.12954783237,1482.4309325348388,2.510848823316214,-1.698260006824346,-0.3399666995813886,43646U
2025-06-28T15:10:20.682902,-24131.147541913735,-34944.69712923002,1462.020879040196,2.518393729646073,-1.6873839348624222,-0.3404256481044469,43646U
2025-06-28T15:11:20.682902,-23979.82190374592,-35045.611136073436,1441.5834745403895,2.5258932620730405,-1.6764738016125336,-0.34087833465751854,43646U
2025-06-28T15:12:20.682902,-23828.04766928294,-35145.86953024584,1421.1190950586938,2.533347262652789,-1.665529790820552,-0.3413247480838106,43646U
2025-06-28T15:13:20.682902,-23675.827575110146,-35245.470284677926,1400.6281172848255,2.540755574092296,-1.6545520869977859,-0.34176487732614363,43646U
2025-06-28T15:14:20.682902,-23523.164367230438,-35344.41138339389,1380.110918568948,2.5481180397537324,-1.6435408754193823,-0.34219871142732855,43646U
2025-06-28T15:15:20.682902,-23370.060801025007,-35442.69082155707,1359.5678769156766,2.5554345036583515,-1.6324963421227285,-0.34262623953054505,43646U
2025-06-28T15:16:20.682902,-23216.519641213574,-35540.30660551574,1338.9993709780333,2.5627048104903816,-1.6214186739058205,-0.34304745087971866,43646U
2025-06-28T15:17:20.682902,-23062.54366181476,-35637.25675284848,1318.4057800514229,2.5699288056009153,-1.6103080583256237,-0.34346233481989685,43646U
2025-06-28T15:18:20.682902,-22908.135646105176,-35733.53929241016,1297.787484067462,2.577106335011851,-1.5991646836963542,-0.343870880797628,43646U
2025-06-28T15:19:20.682902,-22753.29838658013,-35829.15226437667,1277.1448635880063,2.5842372454197435,-1.5879887390878573,-0.34427307836133525,43646U
2025-06-28T15:20:20.682902,-22598.03468491228,-35924.093720290686,1256.4782997989416,2.5913213841997598,-1.576780414323847,-0.3446689171616943,43646U
2025-06-28T15:21:20.682902,-22442.347351911176,-36018.36172310654,1235.7881745040777,2.5983585994095635,-1.5655398999801906,-0.3450583869520081,43646U
2025-06-28T15:22:20.682902,-22286.239207481645,-36111.95434723569,1215.0748701189127,2.60534873979327,-1.5542673873831214,-0.3454414775885845,43646U
2025-06-28T15:23:20.682902,-22129.713080583548,-36204.869678591145,1194.3387696645727,2.612291654785315,-1.5429630686075244,-0.3458181790311079,43646U
2025-06-28T15:24:20.682902,-21972.77180918888,-36297.10581463288,1173.580256761434,2.6191871945144394,-1.5316271364750573,-0.3461884813430178,43646U
2025-06-28T15:25:20.682902,-21815.418240241248,-36388.66086441211,1152.7997156230451,2.6260352098075677,-1.520259784552405,-0.34655237469187966,43646U
2025-06-28T15:26:20.682902,-21657.655229612985,-36479.53294861632,1131.9975310497437,2.632835552193773,-1.5088612071493772,-0.3469098493497616,43646U
2025-06-28T15:27:20.682902,-21499.485642063428,-36569.72019961347,1111.1740884224623,2.6395880739081923,-1.4974315993170877,-0.3472608956936063,43646U
2025-06-28T15:28:20.682902,-21340.912351195948,-36659.22076149679,1090.3297736963439,2.646292627895986,-1.4859711568460199,-0.3476055042056048,43646U
2025-06-28T15:29:20.682902,-21181.938239415955,-36748.0327901286,1069.4649733945243,2.6529490678162473,-1.4744800762641816,-0.3479436654735685,43646U
2025-06-28T15:30:20.682902,-21022.56619788715,-36836.15445318496,1048.5800746016728,2.659557248045976,-1.462958554835111,-0.3482753701913018,43646U
2025-06-28T15:31:20.682902,-20862.799126488735,-36923.58393019956,1027.6754649576756,2.6661170236840146,-1.4514067905559473,-0.34860060915897395,43646U
2025-06-28T15:32:20.682902,-20702.63993377212,-37010.319412607496,1006.7515326512688,2.6726282505549857,-1.439824982155475,-0.34891937328348915,43646U
2025-06-28T15:33:20.682902,-20542.09153691698,-37096.359103789386,985.8086664135709,2.6790907852132593,-1.4282133290920944,-0.3492316535788585,43646U
2025-06-28T15:34:20.682902,-20381.15686168752,-37181.70121911493,964.8472555116861,2.6855044849468976,-1.4165720315518169,-0.3495374411665686,43646U
2025-06-28T15:35:20.682902,-20219.83884238797,-37266.34398598669,943.867689742182,2.6918692077816226,-1.4049012904461904,-0.34983672727595266,43646U
2025-06-28T15:36:20.682902,-20058.140421819116,-37350.28564388313,922.8703594247378,2.6981848124847416,-1.3932013074102993,-0.3501295032445572,43646U
2025-06-28T15:37:20.682902,-19896.064551232317,-37433.52444440262,901.8556553954568,2.704451158569156,-1.381472284800574,-0.350415760518513,43646U
2025-06-28T15:38:20.682902,-19733.614190285978,-37516.05865130594,880.8239690005182,2.710668106297278,-1.369714425692776,-0.35069549065290023,43646U
2025-06-28T15:39:20.682902,-19570.792306999727,-37597.8865405599,859.7756920895241,2.7168355166850136,-1.3579279338797974,-0.3509686853121171,43646U
2025-06-28T15:40:20.682902,-19407.60187770921,-37679.00640038006,838.7112170089586,2.722953251505728,-1.3461130138695219,-0.3512353362702458,43646U
2025-06-28T15:41:20.682902,-19244.04588702064,-37759.41653127363,817.6309365956032,2.7290211732942047,-1.3342698708826373,-0.3514954354114175,43646U
2025-06-28T15:42:20.682902,-19080.12732776485,-37839.11524608218,796.5352441699102,2.7350391453506138,-1.3223987108504252,-0.35174897473017824,43646U
2025-06-28T15:43:20.682902,-18915.849200951252,-37918.100870024224,775.4245335293566,2.7410070317444886,-1.310499740412524,-0.35199594633185316,43646U
2025-06-28T15:44:20.682902,-18751.21451572198,-37996.37174073743,754.2991989418576,2.746924697318669,-1.2985731669147074,-0.3522363424329085,43646U
2025-06-28T15:45:20.682902,-18586.22628930455,-38073.92620832133,733.1596351389695,2.7527920076933077,-1.2866191984065427,-0.35247015536131704,43646U
2025-06-28T15:46:20.682902,-18420.88754696591,-38150.762635379135,712.0062373092954,2.758608829269811,-1.274638043639147,-0.3526973775569175,43646U
2025-06-28T15:47:20.682902,-18255.201321964974,-38226.879397059885,690.8394010917042,2.764375029234819,-1.2626299120628235,-0.3529180015717768,43646U
2025-06-28T15:48:20.682902,-18089.170655505703,-38302.27488110025,669.6595225686276,2.7700904755641718,-1.2505950138247361,-0.35313202007055045,43646U
2025-06-28T15:49:20.682902,-17922.798596689056,-38376.947487866564,648.4669982592181,2.775755037026903,-1.2385335597664875,-0.35333942583084293,43646U
2025-06-28T15:50:20.682902,-17756.08820246614,-38450.89563039587,627.2622251126694,2.7813685831891712,-1.2264457614217823,-0.3535402117435638,43646U
2025-06-28T15:51:20.682902,-17589.042537589565,-38524.117734437925,606.0456005013273,2.786930984418266,-1.2143318310139493,-0.35373437081328835,43646U
2025-06-28T15:52:20.682902,-17421.66467456561,-38596.612238496135,584.817522213894,2.792442111886558,-1.2021919814535214,-0.3539218961586127,43646U
2025-06-28T15:53:20.682902,-17253.9576936055,-38668.377593868965,563.5783884485446,2.7979018375754845,-1.1900264263357339,-0.3541027810125107,43646U
2025-06-28T15:54:20.682902,-17085.924682577177,-38739.41226469067,542.32859780611,2.8033100342795008,-1.1778353799380619,-0.3542770187226882,43646U
2025-06-28T15:55:20.682902,-16917.568736956055,-38809.71472797243,521.0685492831349,2.8086665756100633,-1.165619057217665,-0.35444460275193773,43646U
2025-06-28T15:56:20.682902,-16748.892959775847,-38879.2834736429,499.79864226496045,2.813971335999598,-1.153377673808842,-0.3546055266784915,43646U
2025-06-28T15:57:20.682902,-16579.900461579655,-38948.117004588676,478.5192765188494,2.81922419070545,-1.141111446020484,-0.35475978419637316,43646U
2025-06-28T15:58:20.682902,-16410.59436036972,-39016.213836695,457.23085218693996,2.824425015813873,-1.1288205908334332,-0.35490736911574905,43646U
2025-06-28T15:59:20.682902,-16240.977781557998,-39083.572498885645,435.9337697793333,2.8295736882439786,-1.1165053258978879,-0.35504827536327865,43646U
2025-06-28T16:00:20.682902,-16071.05385791605,-39150.19153316318,414.6284301670776,2.834670085751697,-1.104165869530748,-0.35518249698246246,43646U
2025-06-28T16:01:20.682902,-15900.825729524302,-39216.06949464892,393.3152345751117,2.8397140869337547,-1.0918024407129163,-0.3553100281339916,43646U
2025-06-28T16:02:20.682902,-15730.296543722137,-39281.204951622574,371.9945845752888,2.844705571231615,-1.0794152590866348,-0.3554308630960927,43646U
2025-06-28T16:03:20.682902,-15559.469455056691,-39345.59648556184,350.66688207928115,2.8496444189354397,-1.0670045449527399,-0.3555449962648747,43646U
2025-06-28T16:04:20.682902,-15388.34762523164,-39409.242691182015,329.33252933146036,2.8545305111880532,-1.0545705192678878,-0.3556524221546729,43646U
2025-06-28T16:05:20.682902,-15216.9342235542,-39472.142176292895,307.99192896382283,2.859363729974955,-1.0421134036780209,-0.35575313539811304,43646U
2025-06-28T16:06:20.682902,-15045.232425392824,-39534.29356238828,286.64548380313715,2.8641439581703394,-1.0296334204071504,-0.3558471307473303,43646U
2025-06-28T16:07:20.682902,-14873.245413612984,-39595.69548413078,265.2935970492921,2.8688710794987022,-1.0171307923626867,-0.35593440307339475,43646U
2025-06-28T16:08:20.682902,-14700.976378030806,-39656.34658957641,243.936672206425,2.8735449785529847,-1.0046057430966453,-0.3560149473669691,43646U
2025-06-28T16:09:20.682902,-14528.428515359798,-39716.245540213444,222.5751130756144,2.8781655407985336,-0.9920584968026839,-0.3560887587386468,43646U
2025-06-28T16:10:20.682902,-14355.605029159326,-39775.39101100063,201.20932374777666,2.8827326525770185,-0.9794892783132636,-0.3561558324192897,43646U
2025-06-28T16:11:20.682902,-14182.509129781574,-39833.78169040548,179.83970859640846,2.8872462011103712,-0.9668983130966861,-0.3562161637603632,43646U
2025-06-28T16:12:20.682902,-14009.144034318633,-39891.4162804423,158.46667227034362,2.891706074504724,-0.95428582725414,-0.35626974823427127,43646U
2025-06-28T16:13:20.682902,-13835.51296654947,-39948.29349671012,137.0906196864977,2.8961121617543255,-0.9416520475167176,-0.35631658143468875,43646U
2025-06-28T16:14:20.682902,-13661.619156886338,-40004.41206843033,115.71195602256188,2.900464352745475,-0.9289972012423902,-0.35635665907689446,43646U
2025-06-28T16:15:20.682902,-13487.465842321117,-40059.77073848429,94.33108670970066,2.9047625382604365,-0.9163215164129657,-0.3563899769981003,43646U
2025-06-28T16:16:20.682902,-13313.056266371716,-40114.36826345058,72.94841742525635,2.909006609981352,-0.9036252216310414,-0.3564165311577811,43646U
2025-06-28T16:17:20.682902,-13138.393679027437,-40168.20341364232,51.56435408533222,2.913196460494157,-0.8909085461168689,-0.3564363176380011,43646U
2025-06-28T16:18:20.682902,-12963.481336695568,-40221.27497314375,30.179302837555564,2.917331983292476,-0.8781717197053066,-0.356449332643741,43646U
2025-06-28T16:19:20.682902,-12788.322502145422,-40273.58173984757,8.793670053516728,2.921413072781542,-0.8654149728425686,-0.3564555725032222,43646U
2025-06-28T16:20:20.682902,-12612.920444454949,-40325.122525490995,-12.592137678456094,2.925439624282071,-0.8526385365831534,-0.35645503366822945,43646U
2025-06-28T16:21:20.682902,-12437.278438954925,-40375.896155692455,-33.97771356082667,2.9294115340341595,-0.8398426425865858,-0.3564477127144327,43646U
2025-06-28T16:22:20.682902,-12261.399767173532,-40425.90146998777,-55.36265059428881,2.9333286992011836,-0.8270275231141813,-0.3564336063417073,43646U
2025-06-28T16:23:20.682902,-12085.287716781295,-40475.13732186608,-76.74654158518655,2.9371910178736567,-0.8141934110258194,-0.3564127113744512,43646U
2025-06-28T16:24:20.682902,-11908.945581535394,-40523.60257880563,-98.1289791529914,2.9409983890731124,-0.8013405397766677,-0.35638502476190304,43646U
2025-06-28T16:25:20.682902,-11732.376661222957,-40571.29612230956,-119.50955573787672,2.9447507127559813,-0.7884691434138171,-0.35635054357845697,43646U
2025-06-28T16:26:20.682902,-11555.584261605725,-40618.216847941156,-140.88786360814245,2.948447889817435,-0.7755794565730079,-0.3563092650239752,43646U
2025-06-28T16:27:20.682902,-11378.571694363176,-40664.363665359066,-162.26349486779696,2.9520898220952523,-0.7626717144752327,-0.3562611864241009,43646U
2025-06-28T16:28:20.682902,-11201.34227703584,-40709.73549835247,-183.6360414641218,2.9556764123736627,-0.7497461529233459,-0.35620630523056745,43646U
2025-06-28T16:29:20.682902,-11023.899332968507,-40754.33128487567,-205.00509519522333,2.9592075643871927,-0.7368030082986494,-0.3561446190215077,43646U
2025-06-28T16:30:20.682902,-10846.246191253076,-40798.149977082896,-226.3702477176368,2.962683182824495,-0.7238425175574439,-0.3560761255017592,43646U
2025-06-28T16:31:20.682902,-10668.386186671152,-40841.190541362565,-247.73109055393712,2.966103173332178,-0.7108649182275535,-0.35600082250317067,43646U
2025-06-28T16:32:20.682902,-10490.322659636307,-40883.45195837157,-269.08721510038816,2.969467442518626,-0.6978704484048095,-0.35591870798490316,43646U
2025-06-28T16:33:20.682902,-10312.058956137002,-40924.933223069034,-290.4382126344962,2.9727758979578067,-0.6848593467495783,-0.35582978003373344,43646U
2025-06-28T16:34:20.682902,-10133.598427677392,-40965.63334475039,-311.7836743228177,2.9760284481930834,-0.6718318524831162,-0.3557340368643514,43646U
2025-06-28T16:35:20.682902,-9954.944431219768,-41005.55134708077,-333.12319122856155,2.9792250027410083,-0.6587882053840385,-0.35563147681965807,43646U
2025-06-28T16:36:20.682902,-9776.100329126162,-41044.686268128164,-354.45635431926326,2.982365472095103,-0.6457286457847147,-0.35552209837106236,43646U
2025-06-28T16:37:20.682902,-9597.069489099074,-41083.03716039691,-375.7827544745772,2.9854497677296514,-0.6326534145675847,-0.3554059001187727,43646U
2025-06-28T16:38:20.682902,-9417.855284122945,-41120.60309086028,-397.10198249396365,2.9884778021034593,-0.6195627531615245,-0.35528288079209036,43646U
2025-06-28T16:39:20.682902,-9238.461092404821,-41157.38314099325,-418.4136291044582,2.9914494886636223,-0.6064569035381384,-0.3551530392496985,43646U
2025-06-28T16:40:20.682902,-9058.89029731521,-41193.376406804935,-439.71728496840217,2.994364741849274,-0.5933361082080497,-0.3550163744799504,43646U
2025-06-28T16:41:20.682902,-8879.146287327634,-41228.58199887099,-461.0125406913464,2.997223477095339,-0.5802006102170908,-0.3548728856011538,43646U
2025-06-28T16:42:20.682902,-8699.232455959836,-41262.99904236524,-482.29898682971293,3.000025610836257,-0.5670506531426021,-0.3547225718618566,43646U
2025-06-28T16:43:20.682902,-8519.152201713046,-41296.626677091816,-503.5762138987058,3.0027710605097098,-0.5538864810895706,-0.3545654326411269,43646U
2025-06-28T16:44:20.682902,-8338.908928011871,-41329.46405751651,-524.8438123801155,3.0054597445603384,-0.5407083386868106,-0.35440146744883305,43646U
2025-06-28T16:45:20.682902,-8158.506043143705,-41361.510352798105,-546.101372730198,3.0080915824434467,-0.5275164710830931,-0.35423067592592106,43646U
2025-06-28T16:46:20.682902,-7977.946960197869,-41392.76474681954,-567.3484853875469,3.0106664946286936,-0.5143111239432423,-0.3540530578446891,43646U
2025-06-28T16:47:20.682902,-7797.235097005081,-41423.22643821862,-588.5847407809314,3.0131844026037786,-0.50109254344425,-0.3538686131090623,43646U
2025-06-28T16:48:20.682902,-7616.37387607558,-41452.89464041878,-609.8097293372954,3.015645228878115,-0.4878609762712727,-0.3536773417548614,43646U
2025-06-28T16:49:20.682902,-7435.3667245383995,-41481.768581659286,-631.0230414895815,3.018048896986485,-0.4746166696137035,-0.35347924395007313,43646U
2025-06-28T16:50:20.682902,-7254.217074079356,-41509.84750502551,-652.2242676847185,3.020395331492696,-0.46135987116113975,-0.35327431999511555,43646U
2025-06-28T16:51:20.682902,-7072.928360879365,-41537.130668478734,-673.4129983915608,3.02268445799322,-0.44809082909935904,-0.3530625703231026,43646U
2025-06-28T16:52:20.682902,-6891.504025551975,-41563.617344885875,-694.5888241089012,3.0249162031208217,-0.4348097921062286,-0.3528439955001055,43646U
2025-06-28T16:53:20.682902,-6709.947513081769,-41589.30682204878,-715.7513353733713,3.027090494548161,-0.4215170093476618,-0.3526185962254128,43646U
2025-06-28T16:54:20.682902,-6528.262272761158,-41614.198402733506,-736.9001227675296,3.0292072609914165,-0.4082127304734495,-0.35238637333178696,43646U
2025-06-28T16:55:20.682902,-6346.4517581282735,-41638.29140469911,-758.0347769278027,3.0312664322138585,-0.39489720561315506,-0.3521473277857195,43646U
2025-06-28T16:56:20.682902,-6164.519426903499,-41661.58516072642,-779.1548885525805,3.03326793902944,-0.38157068537190025,-0.35190146068768285,43646U
2025-06-28T16:57:20.682902,-5982.468740927047,-41684.079018646284,-800.2600484101738,3.0352117133063468,-0.3682334208262112,-0.35164877327238137,43646U
2025-06-28T16:58:20.682902,-5800.303166094305,-41705.772341368,-821.3498473470333,3.0370976879705727,-0.35488566351969286,-0.3513892669089963,43646U
2025-06-28T16:59:20.682902,-5618.026172294103,-41726.66450690683,-842.4238762956056,3.0389257970094303,-0.34152766545890173,-0.3511229431014344,43646U
2025-06-28T17:00:20.682902,-5435.6412333432245,-41746.75490841201,-863.4817262826169,3.0406959754750997,-0.32815967910893074,-0.350849803488567,43646U
2025-06-28T17:01:20.682902,-5253.151826923218,-41766.042954193916,-884.5229884370983,3.0424081594881307,-0.31478195738914994,-0.3505698498444719,43646U
2025-06-28T17:02:20.682902,-5070.561434516194,-41784.52806775128,-905.547253998492,3.044062286240939,-0.3013947536688608,-0.3502830840786699,43646U
2025-06-28T17:03:20.682902,-4887.873541340393,-41802.20968779798,-926.5541143247885,3.0456582940012877,-0.28799832176291945,-0.34998950823636,43646U
2025-06-28T17:04:20.682902,-4705.091636285185,-41819.08726828971,-947.543160900718,3.0471961221157713,-0.27459291592730706,-0.3496891244986517,43646U
2025-06-28T17:05:20.682902,-4522.2192118467865,-41835.16027845031,-968.5139853458559,3.048675711013249,-0.2611787908547361,-0.34938193518279376,43646U
2025-06-28T17:06:20.682902,-4339.2597640628255,-41850.428202797746,-989.4661794228274,3.050097002208298,-0.24775620167016305,-0.34906794274240194,43646U
2025-06-28T17:07:20.682902,-4156.216792447048,-41864.89054117006,-1010.3993350455165,3.0514599383046352,-0.23432540392629506,-0.34874714976768223,43646U
2025-06-28T17:08:20.682902,-3973.0937999244807,-41878.546808750754,-1031.3130442871873,3.052764462998523,-0.22088665359911858,-0.3484195589856539,43646U
2025-06-28T17:09:20.682902,-3789.894292764995,-41891.39653609412,-1052.2068993887954,3.0540105210821653,-0.2074402070832968,-0.3480851732603664,43646U
2025-06-28T17:10:20.682902,-3606.621780517966,-41903.43926915022,-1073.0804927671513,3.055198058447085,-0.1939863211876339,-0.3477439955931167,43646U
2025-06-28T17:11:20.682902,-3423.2797759458713,-41914.67456928957,-1093.9334170232012,3.0563270220874843,-0.18052525313044795,-0.3473960291226614,43646U
2025-06-28T17:12:20.682902,-3239.8717949585293,-41925.1020133276,-1114.7652649502313,3.0573973601035886,-0.1670572605349774,-0.34704127712542826,43646U
2025-06-28T17:13:20.682902,-3056.401356545877,-41934.72119354883,-1135.5756295422068,3.058409021704979,-0.15358260142466673,-0.34667974301572213,43646U
2025-06-28T17:14:20.682902,-2872.8719827121017,-41943.53171773064,-1156.3641040019722,3.059361957213896,-0.140101534218538,-0.3463114303459312,43646U
2025-06-28T17:15:20.682902,-2689.287198408499,-41951.533209166955,-1177.1302817495662,3.0602561180685464,-0.12661431772645565,-0.3459363428067285,43646U
2025-06-28T17:16:20.682902,-2505.650531466022,-41958.72530669152,-1197.8737564305773,3.0610914568263685,-0.11312121114435317,-0.34555448422726914,43646U
2025-06-28T17:17:20.682902,-2321.9655125284808,-41965.10766470098,-1218.5941219244019,3.0618679271672975,-0.09962247404949541,-0.34516585857538773,43646U
2025-06-28T17:18:20.682902,-2138.235674985121,-41970.67995317747,-1239.2909723525593,3.062585483897008,-0.08611836639568263,-0.344770469957791,43646U
2025-06-28T17:19:20.682902,-1954.4645549026332,-41975.44185771121,-1259.9639020870898,3.063244082950136,-0.07260914850839445,-0.34436832262024747,43646U
2025-06-28T17:20:20.682902,-1770.6556909578371,-41979.393079522604,-1280.6125057588279,3.0638436813934837,-0.059095081079975145,-0.34395942094777465,43646U
2025-06-28T17:21:20.682902,-1586.8126243690617,-41982.53333548406,-1301.2363782658342,3.0643842374292087,-0.04557642516470365,-0.34354376946482185,43646U
2025-06-28T17:22:20.682902,-1402.9388988283197,-41984.86235814163,-1321.8351147817232,3.0648657103979935,-0.03205344217391332,-0.3431213728354524,43646U
2025-06-28T17:23:20.682902,-1219.038060432823,-41986.37989573626,-1342.4083107640536,3.065288060782191,-0.018526393871045443,-0.34269223586352016,43646U
2025-06-28T17:24:20.682902,-1035.113657616416,-41987.08571222472,-1362.9555619627197,3.0656512502089575,-0.004995542366682425,-0.34225636349284455,43646U
2025-06-28T17:25:20.682902,-851.1692410806469,-41986.97958730036,-1383.476464428363,3.065955241453362,0.008538849886455235,-0.34181376080738185,43646U
2025-06-28T17:26:20.682902,-667.2083637259119,-41986.061316413434,-1403.9706145207876,3.0661999984414785,0.02207652009852597,-0.3413644330313926,43646U
2025-06-28T17:27:20.682902,-483.23458058244205,-41984.3307107912,-1424.4376089173466,3.066385486253453,0.03561720514760789,-0.34090838552960795,43646U
2025-06-28T17:28:20.682902,-299.2514487407126,-41981.78759745762,-1444.8770446214241,3.0665116711265608,0.04916064158479536,-0.34044562380739063,43646U
2025-06-28T17:29:20.682902,-115.26252728202894,-41978.43181925299,-1465.2885189708527,3.06657852045823,0.0627065656392964,-0.3399761535108928,43646U
2025-06-28T17:30:20.682902,68.72862279104525,-41974.26323485291,-1485.6716296463549,3.0665860028090552,0.07625471322356013,-0.33949998042721263,43646U
2025-06-28T17:31:20.682902,252.7184386247805,-41969.281718787235,-1506.0259746800273,3.0665340879057843,0.08980481993844987,-0.33901711048454475,43646U
2025-06-28T17:32:20.682902,436.70335558443264,-41963.48716145861,-1526.3511524638213,3.066422746644284,0.10335662107844189,-0.3385275497523293,43646U
2025-06-28T17:33:20.682902,620.6798073237435,-41956.87946916068,-1546.6467617579399,3.066251951092491,0.11690985163678581,-0.33803130444139823,43646U
2025-06-28T17:34:20.682902,804.6442258563709,-41949.45856409599,-1566.9124016994429,3.0660216744933284,0.13046424631082465,-0.3375283809041152,43646U
2025-06-28T17:35:20.682902,988.5930416257644,-41941.224384393616,-1587.1476718106485,3.065731891267616,0.14401953950721083,-0.3370187856345152,43646U
2025-06-28T17:36:20.682902,1172.5226835763267,-41932.17688412642,-1607.3521720077067,3.0653825770169414,0.15757546534723554,-0.33650252526843866,43646U
2025-06-28T17:37:20.682902,1356.4295792240812,-41922.316033327996,-1627.5255026090576,3.0649737085265247,0.17113175767213418,-0.3359796065836637,43646U
2025-06-28T17:38:20.682902,1540.3101547275724,-41911.64181800938,-1647.6672643439406,3.064505263768049,0.18468815004842326,-0.33545003650003435,43646U
2025-06-28T17:39:20.682902,1724.160834959813,-41900.15424017531,-1667.7770583609981,3.0639772219024732,0.19824437577332885,-0.33491382207958365,43646U
2025-06-28T17:40:20.682902,1907.9780435792925,-41887.8533178402,-1687.8544862367557,3.06338956328282,0.2118001678801621,-0.33437097052665554,43646U
2025-06-28T17:41:20.682902,2091.758203101266,-41874.739085043904,-1707.8991499841366,3.062742269456943,0.22535525914372737,-0.33382148918802274,43646U
2025-06-28T17:42:20.682902,2275.497734970477,-41860.81159186696,-1727.9106520611078,3.0620353231702624,0.23890938208585225,-0.3332653855529984,43646U
2025-06-28T17:43:20.682902,2459.193059631978,-41846.070904445645,-1747.8885953791164,3.061268708368488,0.25246226898079144,-0.33270266725354924,43646U
2025-06-28T17:44:20.682902,2642.8405966039268,-41830.517104986735,-1767.8325833117308,3.060442410200309,0.2660136518607917,-0.33213334206439976,43646U
2025-06-28T17:45:20.682902,2826.4367645496045,-41814.15029178171,-1787.7422197031751,3.059556415020065,0.27956326252161146,-0.3315574179031364,43646U
2025-06-28T17:46:20.682902,3009.9779813498635,-41796.9705792209,-1807.6171088769147,3.0586107103903886,0.29311083252809184,-0.3309749028303063,43646U
2025-06-28T17:47:20.682902,3193.4606641760315,-41778.9780978071,-1827.4568556442698,3.057605285084818,0.3066560932197684,-0.33038580504951137,43646U
2025-06-28T17:48:20.682902,3376.8812295618477,-41760.17299416897,-1847.2610653129111,3.0565401290904033,0.32019877571643435,-0.32979013290750314,43646U
2025-06-28T17:49:20.682902,3560.2360934772614,-41740.555431074,-1867.0293436955535,3.0554152336102627,0.3337386109238496,-0.3291878948942676,43646U
2025-06-28T17:50:20.682902,3743.521671400685,-41720.12558744127,-1886.76129711847,3.0542305910661325,0.3472753295393524,-0.32857909964311177,43646U
2025-06-28T17:51:20.682902,3926.7343783928927,-41698.8836583536,-1906.456532430159,3.052986195100878,0.36080866205760975,-0.3279637559307419,43646U
2025-06-28T17:52:20.682902,4109.8706291696135,-41676.82985506982,-1926.1146570098795,3.051682040580989,0.3743383387762798,-0.3273418726773424,43646U
2025-06-28T17:53:20.682902,4292.926838175924,-41653.96440503608,-1945.735278776357,3.0503181235990358,0.3878640898018307,-0.32671345894664533,43646U
2025-06-28T17:54:20.682902,4475.8994196587855,-41630.287551897476,-1965.3180061962764,3.048894441476117,0.4013856450552276,-0.32607852394600345,43646U
2025-06-28T17:55:20.682902,4658.784787742026,-41605.799555508755,-1984.8624482930295,3.047410992764257,0.4149027342778219,-0.3254370770264507,43646U
2025-06-28T17:56:20.682902,4841.579356499142,-41580.50069194507,-2004.3682146552212,3.045867777248799,0.4284150870370897,-0.32478912768276635,43646U
2025-06-28T17:57:20.682902,5024.279540028291,-41554.39125351213,-2023.8349154453897,3.0442647959507534,0.4419224327325515,-0.3241346855535303,43646U
2025-06-28T17:58:20.682902,5206.8817525255645,-41527.47154875624,-2043.2621614085392,3.0426020511291303,0.45542450060157347,-0.32347376042117776,43646U
2025-06-28T17:59:20.682902,5389.3824083606105,-41499.741902473645,-2062.649563880905,3.0408795462832328,0.4689210197253628,-0.32280636221204534,43646U
2025-06-28T18:00:20.682902,5571.777922149568,-41471.202655719935,-2081.996734798426,3.0390972861549366,0.48241171903477537,-0.32213250099642,43646U
2025-06-28T18:01:20.682902,5754.064708831233,-41441.85416581878,-2101.3032867055495,3.0372552767309218,0.49589632731637656,-0.3214521869885757,43646U
2025-06-28T18:02:20.682902,5936.239183740539,-41411.696806370324,-2120.568832763724,3.035353525244897,0.5093745732183237,-0.3207654305468142,43646U
2025-06-28T18:03:20.682902,6118.297762684098,-41380.73096725954,-2139.792986760127,3.033392040179781,0.5228461852564069,-0.320072242173496,43646U
2025-06-28T18:04:20.682902,6300.236862015169,-41348.957054663784,-2158.975363116295,3.0313708312698555,0.5363108918200697,-0.3193726325150684,43646U
2025-06-28T18:05:20.682902,6482.052898708582,-41316.3754910603,-2178.1155768967446,3.029289909502896,0.549768421178437,-0.3186666123620918,43646U
2025-06-28T18:06:20.682902,6663.742290436417,-41282.98671523316,-2197.213243817666,3.027149287122263,0.5632185014864151,-0.31795419264925784,43646U
2025-06-28T18:07:20.682902,6845.30145564279,-41248.79118228008,-2216.2679802555076,3.024948977628976,0.5766608607907379,-0.31723538445540816,43646U
2025-06-28T18:08:20.682902,7026.726813619964,-41213.789363618554,-2235.2794032556826,3.0226889957837426,0.5900952270361316,-0.31651019900354443,43646U
2025-06-28T18:09:20.682902,7208.0147845835045,-41177.98174699198,-2254.247130541169,3.020369357608969,0.6035213280714136,-0.31577864766083746,43646U
2025-06-28T18:10:20.682902,7389.161789748448,-41141.36883647505,-2273.170780521211,3.0179900803907342,0.6169388916556913,-0.31504074193862924,43646U
2025-06-28T18:11:20.682902,7570.164251404989,-41103.95115247904,-2292.0499722999302,3.015551182680735,0.6303476454645323,-0.3142964934924335,43646U
2025-06-28T18:12:20.682902,7751.018592994308,-41065.72923175666,-2310.8843256849786,3.0130526842981977,0.6437473170961634,-0.31354591412193056,43646U
2025-06-28T18:13:20.682902,7931.721239185153,-41026.70362740637,-2329.6734611962233,3.010494606331757,0.6571376340777385,-0.3127890157709565,43646U
2025-06-28T18:14:20.682902,8112.2686159494815,-40986.87490887667,-2348.4170000743416,3.007876971141315,0.6705183238715504,-0.3120258105274916,43646U
2025-06-28T18:15:20.682902,8292.657150639112,-40946.24366196964,-2367.1145642895,3.0051998023598516,0.6838891138813344,-0.31125631062364134,43646U
2025-06-28T18:16:20.682902,8472.8832720622,-40904.81048884427,-2385.7657765500016,3.0024631248952116,0.697249731458572,-0.3104805284356133,43646U
2025-06-28T18:17:20.682902,8652.943410559497,-40862.57600801953,-2404.370260310913,2.999666964931864,0.7105999039087917,-0.3096984764836919,43646U
2025-06-28T18:18:20.682902,8832.83399808149,-40819.54085437679,-2422.9276397827425,2.996811349932614,0.7239393584979507,-0.30891016743220506,43646U
2025-06-28T18:19:20.682902,9012.551468264806,-40775.705679162005,-2441.437539940058,2.9938963086402937,0.7372678224587771,-0.30811561408948984,43646U
2025-06-28T18:20:20.682902,9192.092256508793,-40731.071149987714,-2459.8995865300926,2.990921871079425,0.7505850229971374,-0.30731482940785354,43646U
2025-06-28T18:21:20.682902,9371.452800052972,-40685.637950834265,-2478.313406081433,2.9878880685578357,0.7638906872984856,-0.30650782648352665,43646U
2025-06-28T18:22:20.682902,9550.629538053941,-40639.4067820509,-2496.6786259126416,2.9847949336682422,0.7771845425342817,-0.30569461855661484,43646U
2025-06-28T18:23:20.682902,9729.61891166261,-40592.37836035632,-2514.9948741408944,2.9816425002898077,0.7904663158684551,-0.3048752190110448,43646U
2025-06-28T18:24:20.682902,9908.417364100758,-40544.55341883919,-2533.2617796905374,2.9784308035896747,0.8037357344638261,-0.30404964137450863,43646U
2025-06-28T18:25:20.682902,10087.021340739371,-40495.93270695775,-2551.4789723018225,2.9751598800244263,0.8169925254886741,-0.3032178993183968,43646U
2025-06-28T18:26:20.682902,10265.427289175512,-40446.516990539334,-2569.646082539456,2.9718297673415592,0.8302364161232175,-0.30238000665773374,43646U
2025-06-28T18:27:20.682902,10443.63165930948,-40396.30705177969,-2587.7627418012003,2.9684405045808924,0.8434671335661191,-0.30153597735110665,43646U
2025-06-28T18:28:20.682902,10621.630903423298,-40345.30368924127,-2605.8285823265596,2.9649921320759445,0.856684405041114,-0.3006858255005852,43646U
2025-06-28T18:29:20.682902,10799.421476257412,-40293.50771785197,-2623.8432372053003,2.961484691455289,0.8698879578035091,-0.29982956535164523,43646U
2025-06-28T18:30:20.682902,10976.999835089066,-40240.91996890267,-2641.8063403861047,2.9579182256438616,0.8830775191468307,-0.29896721129307935,43646U
2025-06-28T18:31:20.682902,11154.362439809964,-40187.54129004495,-2659.717526685168,2.9542927788642293,0.896252816409424,-0.29809877785690736,43646U
2025-06-28T18:32:20.682902,11331.505753003998,-40133.372545288184,-2677.576431794754,2.9506083966378434,0.9094135769810768,-0.2972242797182825,43646U
2025-06-28T18:33:20.682902,11508.426240025348,-40078.414614996145,-2695.382692291805,2.9468651257862306,0.9225595283096857,-0.29634373169538986,43646U
2025-06-28T18:34:20.682902,11685.120369076614,-40022.66839588345,-2713.135945646528,2.9430630144321666,0.9356903979079296,-0.2954571487493424,43646U
2025-06-28T18:35:20.682902,11861.584611286518,-39966.13480101144,-2730.8358302309193,2.9392021120008076,0.9488059133599368,-0.29456454598407267,43646U
2025-06-28T18:36:20.682902,12037.815440788769,-39908.81475978357,-2748.4819853274057,2.935282469220776,0.9619058023280468,-0.2936659386462163,43646U
2025-06-28T18:37:20.682902,12213.809334799764,-39850.70921794063,-2766.0740511373488,2.9313041381252254,0.9749897925594918,-0.2927613421249951,43646U
2025-06-28T18:38:20.682902,12389.562773696935,-39791.81913755549,-2783.611668789594,2.9272671720528587,0.9880576118931544,-0.29185077195209336,43646U
2025-06-28T18:39:20.682902,12565.072241097234,-39732.14549702729,-2801.094480349039,2.9231716256489095,1.001108988266338,-0.29093424380152894,43646U
2025-06-28T18:40:20.682902,12740.334223935435,-39671.68929107544,-2818.5221288251446,2.919017554866086,1.0141436497215395,-0.2900117734895201,43646U
2025-06-28T18:41:20.682902,12915.345212543009,-39610.4515307329,-2835.8942581805063,2.9148050169654756,1.027161324413279,-0.2890833769743466,43646U
2025-06-28T18:42:20.682902,13090.101700725922,-39548.43324333956,-2853.2105133393084,2.9105340705174196,1.040161740614863,-0.28814907035620846,43646U
2025-06-28T18:43:20.682902,13264.600185843983,-39485.63547253461,-2870.470540195899,2.906204775402336,1.0531446267252766,-0.28720886987707606,43646U
2025-06-28T18:44:20.682902,13438.837168888847,-39422.05927824905,-2887.673985623237,2.9018171928115173,1.0661097112759816,-0.2862627919205397,43646U
2025-06-28T18:45:20.682902,13612.809154563205,-39357.705736697266,-2904.820497481436,2.897371385247879,1.0790567229378303,-0.2853108530116494,43646U
2025-06-28T18:46:20.682902,13786.512651358993,-39292.575940368755,-2921.909724626188,2.892867416526679,1.0919853905279029,-0.28435306981675507,43646U
2025-06-28T18:47:20.682902,13959.944171636453,-39226.670998018926,-2938.9413169172767,2.8883053517761903,1.1048954430164346,-0.2833894591433376,43646U
2025-06-28T18:48:20.682902,14133.100231703,-39159.99203465978,-2955.91492522704,2.883685257438335,1.117786609533733,-0.282420037939836,43646U
2025-06-28T18:49:20.682902,14305.977351892,-39092.54019155001,-2972.8302014488168,2.879007201269277,1.1306586193771053,-0.28144482329547005,43646U
2025-06-28T18:50:20.682902,14478.572056641297,-39024.31662618503,-2989.686798505354,2.8742712523399927,1.143511202017777,-0.2804638324400605,43646U
2025-06-28T18:51:20.682902,14650.880874572647,-38955.32251228602,-3006.4843703572924,2.8694774810367703,1.1563440871078912,-0.2794770827438382,43646U
2025-06-28T18:52:20.682902,14822.900338570355,-38885.55903978901,-3023.222572011555,2.8646259590616947,1.1691570044874666,-0.2784845917172536,43646U
2025-06-28T18:53:20.682902,14994.626985860163,-38815.027414833436,-3039.9010595297414,2.8597167594330895,1.1819496841913801,-0.27748637701078,43646U
2025-06-28T18:54:20.682902,15166.057358088407,-38743.72885975018,-3056.5194900365464,2.8547499564859,1.1947218564563786,-0.27648245641471025,43646U
2025-06-28T18:55:20.682902,15337.188001401075,-38671.66461304918,-3073.0775217281457,2.849725625872052,1.2074732517281095,-0.2754728478589484,43646U
2025-06-28T18:56:20.682902,15508.015466522515,-38598.83592940688,-3089.574813880535,2.8446438445607765,1.2202036006681214,-0.27445756941280014,43646U
2025-06-28T18:57:20.682902,15678.536308835048,-38525.24407965275,-3106.0110268579365,2.8395046908388593,1.2329126341609582,-0.2734366392847515,43646U
2025-06-28T18:58:20.682902,15848.747088456894,-38450.89035075626,-3122.385822121048,2.834308244310914,1.2456000833211267,-0.2724100758222525,43646U
2025-06-28T18:59:20.682902,16018.644370323042,-38375.776045812025,-3138.6988622355298,2.829054585899514,1.258265679500307,-0.27137789751147984,43646U
2025-06-28T19:00:20.682902,16188.224724262533,-38299.90248402621,-3154.9498108801554,2.823743797845392,1.270909154294298,-0.270340122977114,43646U
2025-06-28T19:01:20.682902,16357.484725078693,-38223.271000701054,-3171.1383328552256,2.8183759637075183,1.2835302395502037,-0.2692967709820952,43646U
2025-06-28T19:02:20.682902,16526.42095262763,-38145.88294722003,-3187.2640940908,2.8129511683631834,1.2961286673734937,-0.26824786042738363,43646U
2025-06-28T19:03:20.682902,16695.029991897703,-38067.73969103178,-3203.326761655002,2.8074694980080026,1.3087041701351503,-0.2671934103517091,43646U
2025-06-28T19:04:20.682902,16863.308433088565,-37988.84261563408,-3219.3260037622667,2.8019310401559046,1.3212564804788007,-0.2661334399313188,43646U
2025-06-28T19:05:20.682902,17031.252871689874,-37909.193120557466,-3235.261489781566,2.7963358836390775,1.333785331327825,-0.26506796847972025,43646U
2025-06-28T19:06:20.682902,17198.859908560797,-37828.79262134795,-3251.132890244655,2.7906841186078513,1.3462904558925481,-0.26399701544741655,43646U
2025-06-28T19:07:20.682902,17366.126150009215,-37747.64254954968,-3266.9398768543065,2.7849758365305455,1.3587715876774051,-0.26292060042163545,43646U
2025-06-28T19:08:20.682902,17533.04820787014,-37665.7443526872,-3282.682122492433,2.779211130193304,1.3712284604880745,-0.2618387431260616,43646U
2025-06-28T19:09:20.682902,17699.622699585336,-37583.09949424707,-3298.3593012283377,2.7733900936998306,1.3836608084387019,-0.2607514634205514,43646U
2025-06-28T19:10:20.682902,17865.846248282407,-37499.709453658994,-3313.9710883268617,2.767512822471125,1.396068365959097,-0.25965878130085096,43646U
2025-06-28T19:11:20.682902,18031.715482853488,-37415.57572627688,-3329.5171602565024,2.761579413245161,1.4084508678019176,-0.2585607168983079,43646U
2025-06-28T19:12:20.682902,18197.227038034085,-37330.69982335938,-3344.9971946975324,2.755589964076533,1.4208080490498607,-0.2574572904795773,43646U
2025-06-28T19:13:20.682902,18362.377554482882,-37245.08327204933,-3360.4108705501694,2.749544574336016,1.433139645122961,-0.25634852244631745,43646U
2025-06-28T19:14:20.682902,18527.16367885979,-37158.72761535388,-3375.7578679426015,2.7434433447101485,1.4454453917857388,-0.25523443333489026,43646U
2025-06-28T19:15:20.682902,18691.582063905542,-37071.63441212323,-3391.0378682391083,2.737286377200706,1.457725025154499,-0.25411504381604677,43646U
2025-06-28T19:16:20.682902,18855.62936851989,-36983.80523702964,-3406.250554048057,2.7310737751241905,1.4699782817045242,-0.2529903746946163,43646U
2025-06-28T19:17:20.682902,19019.302257841493,-36895.24168054513,-3421.3956092300195,2.7248056431112055,1.482204898277401,-0.25186044690917947,43646U
2025-06-28T19:18:20.682902,19182.597403325522,-36805.94534891995,-3436.472718905697,2.7184820871058655,1.4944046120881989,-0.25072528153174917,43646U
2025-06-28T19:19:20.682902,19345.511482823378,-36715.917864159564,-3451.481569463979,2.7121032143650985,1.5065771607327991,-0.24958489976743492,43646U
2025-06-28T19:20:20.682902,19508.04118066118,-36625.16086400146,-3466.4218485699084,2.7056691334579206,1.5187222821951618,-0.24843932295410648,43646U
2025-06-28T19:21:20.682902,19670.183187718067,-36533.676001892156,-3481.2932451725956,2.6991799542647,1.5308397148545703,-0.24728857256205627,43646U
2025-06-28T19:22:20.682902,19831.934201505534,-36441.46494696267,-3496.095449513215,2.6926357879763096,1.5429291974929744,-0.2461326701936464,43646U
2025-06-28T19:23:20.682902,19993.290926245554,-36348.52938400454,-3510.828153132873,2.6860367470932967,1.5549904693022467,-0.24497163758296167,43646U
2025-06-28T19:24:20.682902,20154.250072949195,-36254.871013444914,-3525.491048880513,2.679382945424979,1.5670232698914888,-0.24380549659544978,43646U
2025-06-28T19:25:20.682902,20314.80835949537,-36160.491551321145,-3540.0838309208034,2.672674498088483,1.5790273392943526,-0.24263426922755818,43646U
2025-06-28T19:26:20.682902,20474.962510708963,-36065.39272925531,-3554.6061947419566,2.6659115215077707,1.5910024179763294,-0.24145797760636753,43646U
2025-06-28T19:27:20.682902,20634.709258439347,-35969.576294428014,-3569.0578371635743,2.6590941334125913,1.6029482468420708,-0.24027664398921772,43646U
2025-06-28T19:28:20.682902,20794.045341638386,-35873.044009551944,-3583.4384563444173,2.652222452837414,1.6148645672426871,-0.23909029076333216,43646U
2025-06-28T19:29:20.682902,20952.967506439505,-35775.79765284442,-3597.747751790268,2.645296600120258,1.6267511209831282,-0.23789894044542698,43646U
2025-06-28T19:30:20.682902,21111.472506235146,-35677.83901800036,-3611.9854243616132,2.6383166969015535,1.6386076503294538,-0.2367026156813278,43646U
2025-06-28T19:31:20.682902,21269.557101754966,-35579.16991416434,-3626.1511762813966,2.6312828661229077,1.650433898016175,-0.23550133924557484,43646U
2025-06-28T19:32:20.682902,21427.21806114383,-35479.7921659023,-3640.2447111427173,2.6241952320258473,1.6622296072535747,-0.2342951340410236,43646U
2025-06-28T19:33:20.682902,21584.45216004031,-35379.707613172395,-3654.265733916577,2.617053920150468,1.6739945217350871,-0.23308402309843526,43646U
2025-06-28T19:34:20.682902,21741.25618165377,-35278.91811129644,-3668.2139509594585,2.6098590573341167,1.6857283856445706,-0.23186802957607322,43646U
2025-06-28T19:35:20.682902,21897.62691684272,-35177.42553092961,-3682.0890700210193,2.6026107717099514,1.6974309436636947,-0.23064717675928312,43646U
2025-06-28T19:36:20.682902,22053.561164192117,-35075.231758030895,-3695.8908002516714,2.5953091927055065,1.7091019409792414,-0.2294214880600751,43646U
2025-06-28T19:37:20.682902,22209.055730091623,-34972.33869383204,-3709.6188522102175,2.587954451041162,1.7207411232904957,-0.2281909870166928,43646U
2025-06-28T19:38:20.682902,22364.10742881227,-34868.74825480712,-3723.27293787134,2.580546678728633,1.7323482368165242,-0.22695569729318923,43646U
2025-06-28T19:39:20.682902,22518.71308258455,-34764.462372640715,-3736.852770633199,2.573086009069337,1.7439230283035645,-0.22571564267898403,43646U
2025-06-28T19:40:20.682902,22672.869521675326,-34659.48299419638,-3750.3580653248914,2.56557257665278,1.7554652450323311,-0.22447084708842682,43646U
2025-06-28T19:41:20.682902,22826.573584465437,-34553.81208148404,-3763.78853821398,2.5580065173548383,1.7669746348253936,-0.22322133456034488,43646U
2025-06-28T19:42:20.682902,22979.82211752658,-34447.45161162748,-3777.1439070139154,2.5503879683360395,1.7784509460544868,-0.2219671292575948,43646U
2025-06-28T19:43:20.682902,23132.61197569843,-34340.40357683106,-3790.4238908914836,2.5427170680397646,1.789893927647871,-0.22070825546660305,43646U
2025-06-28T19:44:20.682902,23284.940022165414,-34232.66998434626,-3803.628210474179,2.534993956190427,1.8013033290976417,-0.21944473759690405,43646U
2025-06-28T19:45:20.682902,23436.803128533604,-34124.25285643754,-3816.7565878575983,2.527218773791589,1.8126789004670893,-0.21817660018067278,43646U
2025-06-28T19:46:20.682902,23588.19817490752,-34015.15423034771,-3829.8087466127863,2.5193916631240167,1.8240203923980354,-0.21690386787224858,43646U
2025-06-28T19:47:20.682902,23739.12204996653,-33905.37615826325,-3842.784411793539,2.5115127677437257,1.8353275561181461,-0.21562656544765973,43646U
2025-06-28T19:48:20.682902,23889.571651041562,-33794.92070727865,-3855.683309943716,2.503582232479936,1.8466001434482877,-0.21434471780413641,43646U
2025-06-28T19:49:20.682902,24039.543884190905,-33683.78995936099,-3868.5051691044423,2.495600203433026,1.857837906809814,-0.2130583499596262,43646U
2025-06-28T19:50:20.682902,24189.035664277137,-33571.98601131322,-3881.249718821409,2.4875668279723815,1.8690405992319323,-0.2117674870522943,43646U
2025-06-28T19:51:20.682902,24338.04391504252,-33459.5109747379,-3893.916690152009,2.4794822547342577,1.8802079743589843,-0.21047215434002906,43646U
2025-06-28T19:52:20.682902,24486.56556918516,-33346.36697599999,-3906.505815672522,2.4713466336195538,1.8913397864577657,-0.20917237719993592,43646U
2025-06-28T19:53:20.682902,24634.597568435114,-33232.556156188955,-3919.01682948528,2.463160115791532,1.9024357904248652,-0.20786818112782482,43646U
2025-06-28T19:54:20.682902,24782.13686362989,-33118.080671081036,-3931.449467225757,2.4549228536735193,1.9134957417939484,-0.20655959173769683,43646U
2025-06-28T19:55:20.682902,24929.180414789826,-33002.942691100725,-3943.803466069636,2.446635000946547,1.9245193967430572,-0.20524663476122446,43646U
2025-06-28T19:56:20.682902,25075.72519119339,-32887.144401282196,-3956.0785647398407,2.438296712546954,1.9355065121018835,-0.20392933604722788,43646U
2025-06-28T19:57:20.682902,25221.76817145285,-32770.68800122941,-3968.2745035135845,2.4299081446639033,1.9464568453590982,-0.20260772156113988,43646U
2025-06-28T19:58:20.682902,25367.306343589073,-32653.57570507679,-3980.3910242293323,2.4214694547368953,1.9573701546696032,-0.20128181738447304,43646U
2025-06-28T19:59:20.682902,25512.33670510638,-32535.809741448953,-3992.4278702937354,2.412980801453218,1.9682461988618063,-0.19995164971427967,43646U
2025-06-28T20:00:20.682902,25656.856263067675,-32417.392353419884,-4004.3847866885803,2.404442344745324,1.9790847374449079,-0.19861724486260168,43646U
2025-06-28T20:01:20.682902,25800.862034168804,-32298.32579847212,-4016.261519977644,2.395854245788201,1.9898855306161374,-0.19727862925592357,43646U
2025-06-28T20:02:20.682902,25944.35104481295,-32178.612348455204,-4028.05781831354,2.387216666996672,2.0006483392680097,-0.1959358294346152,43646U
2025-06-28T20:03:20.682902,26087.320331185332,-32058.254289543504,-4039.7734314445725,2.3785297720226275,2.011372924995588,-0.19458887205236702,43646U
2025-06-28T20:04:20.682902,26229.766939326735,-31937.253922194377,-4051.4081107214556,2.3697937257522677,2.022059050103672,-0.1932377838756301,43646U
2025-06-28T20:05:20.682902,26371.687925208153,-31815.61356110474,-4062.9616091041307,2.361008694303217,2.032706477614082,-0.19188259178303713,43646U
2025-06-28T20:06:20.682902,26513.08035480417,-31693.335535168153,-4074.433681168434,2.352174845021656,2.043314971272837,-0.19052332276483022,43646U
2025-06-28T20:07:20.682902,26653.94130416671,-31570.42218743124,-4085.8240831127955,2.343292346479379,2.0538842955573666,-0.1891600039222777,43646U
2025-06-28T20:08:20.682902,26794.267859498355,-31446.87587504939,-4097.132572764867,2.3343613684707987,2.0644142156837075,-0.18779266246708862,43646U
2025-06-28T20:09:20.682902,26934.057117225697,-31322.69896924247,-4108.358909588137,2.3253820820099236,2.0749044976136832,-0.1864213257208204,43646U
2025-06-28T20:10:20.682902,27073.3061840725,-31197.893855249553,-4119.502854688516,2.3163546593272466,2.0853549080620946,-0.18504602111428028,43646U
2025-06-28T20:11:20.682902,27212.012177132547,-31072.462932283684,-4130.5641708208595,2.3072792738666266,2.0957652145038725,-0.18366677618692479,43646U
2025-06-28T20:12:20.682902,27350.17222394227,-30946.408613486088,-4141.542622395476,2.298156100282105,2.1061351851812256,-0.182283618586253,43646U
2025-06-28T20:13:20.682902,27487.783462553336,-30819.7333258799,-4152.437975484584,2.2889853144346732,2.116464589110782,-0.18089657606719495,43646U
2025-06-28T20:14:20.682902,27624.843041604952,-30692.439510323373,-4163.249997828748,2.2797670933889864,2.1267531960907213,-0.17950567649149302,43646U
2025-06-28T20:15:20.682902,27761.34812039587,-30564.52962146307,-4173.97845884325,2.270501615410052,2.137000776707867,-0.1781109478270837,43646U
2025-06-28T20:16:20.682902,27897.295868956466,-30436.00612768603,-4184.623129624469,2.2611890599598357,2.147207102344811,-0.17671241814746755,43646U
2025-06-28T20:17:20.682902,28032.683468120347,-30306.87151107194,-4195.183782956171,2.251829607693847,2.157371945186991,-0.17531011563107937,43646U
2025-06-28T20:18:20.682902,28167.508109596,-30177.12826734467,-4205.660193315808,2.2424234404576553,2.167495078229762,-0.17390406856065005,43646U
2025-06-28T20:19:20.682902,28301.766996038037,-30046.778905823496,-4216.05213688075,2.2329707412833737,2.177576275285463,-0.17249430532256607,43646U
2025-06-28T20:20:20.682902,28435.457341118035,-29915.825949374033,-4226.3593915344645,2.2234716943860993,2.187615310990437,-0.17108085440622542,43646U
2025-06-28T20:21:20.682902,28568.57636959572,-29784.27193435839,-4236.581736872702,2.213926485160285,2.197611960812081,-0.1696637444033832,43646U
2025-06-28T20:22:20.682902,28701.121317389316,-29652.119410585336,-4246.718954209595,2.2043353001760866,2.207566001055838,-0.16824300400749947,43646U
2025-06-28T20:23:20.682902,28833.08943164646,-29519.37094125935,-4256.77082658378,2.194698327175615,2.217477208872227,-0.16681866201307294,43646U
2025-06-28T20:24:20.682902,28964.477970813838,-29386.029102930148,-4266.737138764393,2.1850157550692146,2.227345362263789,-0.16539074731498088,43646U
2025-06-28T20:25:20.682902,29095.28420470761,-29252.096485441176,-4276.617677257107,2.1752877739316268,2.2371702400920697,-0.163959288907806,43646U
2025-06-28T20:26:20.682902,29225.505414582924,-29117.575691877802,-4286.412230310078,2.1655145749981375,2.2469516220845596,-0.16252431588516178,43646U
2025-06-28T20:27:20.682902,29355.13889320333,-28982.469338515522,-4296.120587919855,2.155696350660694,2.2566892888416064,-0.1610858574390157,43646U
2025-06-28T20:28:20.682902,29484.181944910368,-28846.78005476676,-4305.74254183729,2.1458332944639094,2.2663830218433625,-0.15964394285899947,43646U
2025-06-28T20:29:20.682902,29612.63188569226,-28710.51048312856,-4315.277885573344,2.1359256011011065,2.2760326034566343,-0.15819860153172596,43646U
2025-06-28T20:30:20.682902,29740.486043253033,-28573.6632791286,-4324.726414404918,2.125973466410232,2.28563781694179,-0.15674986294009008,43646U
2025-06-28T20:31:20.682902,29867.74175708109,-28436.241111271494,-4334.087925380598,2.1159770873697603,2.295198446459615,-0.15529775666257123,43646U
2025-06-28T20:32:20.682902,29994.39637851707,-28298.246660984914,-4343.362217326349,2.105936662094586,2.3047142770781135,-0.15384231237253412,43646U
2025-06-28T20:33:20.682902,30120.447270822187,-28159.68262256479,-4352.5490908511965,2.0958523898318093,2.314185094779339,-0.15238355983751975,43646U
2025-06-28T20:34:20.682902,30245.891809246157,-28020.551703120054,-4361.648348352877,2.0857244709564897,2.323610686466208,-0.15092152891853017,43646U
2025-06-28T20:35:20.682902,30370.727381094643,-27880.85662251732,-4370.659794023403,2.0755531069673663,2.332990839969258,-0.1494562495693141,43646U
2025-06-28T20:36:20.682902,30494.951385796478,-27740.600113325,-4379.583233854611,2.0653385004825253,2.342325344053406,-0.14798775183564508,43646U
2025-06-28T20:37:20.682902,30618.56123497086,-27599.784920757083,-4388.418475643668,2.055080855235015,2.351613988424679,-0.1465160658545956,43646U
2025-06-28T20:38:20.682902,30741.55435249372,-27458.413802616644,-4397.165328998502,2.0447803760684455,2.3608565637369106,-0.14504122185380997,43646U
2025-06-28T20:39:20.682902,30863.928174564666,-27316.48952923847,-4405.8236053432465,2.034437268932476,2.370052861598448,-0.1435632501507648,43646U
2025-06-28T20:40:20.682902,30985.680149772994,-27174.01488343178,-4414.39311792359,2.024051740878319,2.3792026745788144,-0.14208218115203364,43646U
2025-06-28T20:41:20.682902,31106.80773916389,-27030.99266042198,-4422.8736818121215,2.0136240000541434,2.3883057962153598,-0.14059804535253786,43646U
2025-06-28T20:42:20.682902,31227.308416303433,-26887.425667793323,-4431.265113913556,2.003154255700526,2.397362021019837,-0.13911087333481031,43646U
2025-06-28T20:43:20.682902,31347.17966734505,-26743.316725428926,-4439.5672329700465,1.9926427181456954,2.406371144485073,-0.13762069576822755,43646U
2025-06-28T20:44:20.682902,31466.41899109356,-26598.66866545298,-4447.779859566294,1.9820895988009164,2.415332963091457,-0.1361275434082676,43646U
2025-06-28T20:45:20.682902,31585.023899070853,-26453.484332170337,-4455.902816134753,1.9714951101556737,2.4242472743135624,-0.13463144709573924,43646U
2025-06-28T20:46:20.682902,31702.991915579783,-26307.766582007476,-4463.935926960683,1.9608594657729208,2.4331138766266034,-0.13313243775602404,43646U
2025-06-28T20:47:20.682902,31820.320577768936,-26161.51828345154,-4471.8790181872255,1.9501828802841945,2.4419325695129843,-0.1316305463983015,43646U
2025-06-28T20:48:20.682902,31937.007435696265,-26014.74231699023,-4479.731917820402,1.9394655693847542,2.4507031534687393,-0.13012580411477917,43646U
2025-06-28T20:49:20.682902,32053.05005239311,-25867.44157505032,-4487.4944557340805,1.9287077498286163,2.4594254300100062,-0.12861824207991115,43646U
2025-06-28T20:50:20.682902,32168.446003927038,-25719.618961936998,-4495.16646367486,1.917909639423617,2.4680992016794034,-0.12710789154962324,43646U
2025-06-28T20:51:20.682902,32283.192879465456,-25571.277393771215,-4502.747775266972,1.907071457026338,2.476724272052467,-0.12559478386051842,43646U
2025-06-28T20:52:20.682902,32397.288281338195,-25422.419798428047,-4510.238226017075,1.896193422537058,2.4853004457439973,-0.12407895042909203,43646U
2025-06-28T20:53:20.682902,32510.72982509958,-25273.049115474365,-4517.6376533190105,1.88527575689466,2.4938275284143723,-0.12256042275093983,43646U
2025-06-28T20:54:20.682902,32623.51513959144,-25123.168296105076,-4524.945896458569,1.8743186820714068,2.5023053267759146,-0.12103923239995182,43646U
2025-06-28T20:55:20.682902,32735.64186700425,-24972.780303080537,-4532.162796618131,1.863322421067786,2.5107336485991305,-0.11951541102751685,43646U
2025-06-28T20:56:20.682902,32847.107662938775,-24821.888110662872,-4539.288196881291,1.8522871979072562,2.5191123027189595,-0.11798899036171683,43646U
2025-06-28T20:57:20.682902,32957.910196467434,-24670.49470455156,-4546.3219422374395,1.841213237630935,2.5274410990410243,-0.11646000220651308,43646U
2025-06-28T20:58:20.682902,33068.04715019529,-24518.603081819136,-4553.263879586313,1.830100766292254,2.535719848547814,-0.1149284784409335,43646U
2025-06-28T20:59:20.682902,33177.516220320314,-24366.216250846566,-4560.113857742441,1.8189500109516024,2.5439483633048496,-0.1133944510182569,43646U
2025-06-28T21:00:20.682902,33286.31511669408,-24213.337231257672,-4566.871727439605,1.8077611996708598,2.5521264564668273,-0.11185795196518707,43646U
2025-06-28T21:01:20.682902,33394.44156288113,-24059.969053854216,-4573.537341335193,1.7965345615079762,2.560253942283704,-0.11031901338103364,43646U
2025-06-28T21:02:20.682902,33501.89329621899,-23906.114760549524,-4580.110554014545,1.7852703265114174,2.568330636106787,-0.10877766743687792,43646U
2025-06-28T21:03:20.682902,33608.6680678773,-23751.777404302375,-4586.5912219952415,1.7739687257146262,2.5763563543947754,-0.10723394637474194,43646U
2025-06-28T21:04:20.682902,33714.76364291677,-23596.96004905033,-4592.979203731318,1.7626299911304066,2.584330914719773,-0.10568788250675097,43646U
2025-06-28T21:05:20.682902,33820.177800347636,-23441.66576964301,-4599.274359617455,1.7512543557453115,2.5922541357732505,-0.10413950821429599,43646U
2025-06-28T21:06:20.682902,33924.90833318824,-23285.89765177415,-4605.476551993116,1.7398420535139059,2.6001258373720293,-0.10258885594718452,43646U
2025-06-28T21:07:20.682902,34028.953048522664,-23129.658791914506,-4611.585645146618,1.728393319353079,2.6079458404641622,-0.10103595822279719,43646U
2025-06-28T21:08:20.682902,34132.30976755824,-22972.95229724369,-4617.601505319155,1.7169083891362713,2.6157139671348224,-0.09948084762523798,43646U
2025-06-28T21:09:20.682902,34234.97632568287,-22815.781285581703,-4623.524000708784,1.705387499687654,2.623430040612157,-0.0979235568044774,43646U
2025-06-28T21:10:20.682902,34336.95057252207,-22658.14888531985,-4629.353001474358,1.6938308887762519,2.631093885273113,-0.09636411847549188,43646U
2025-06-28T21:11:20.682902,34438.23037199523,-22500.0582353522,-4635.0883797393835,1.6822387951100832,2.6387053266491955,-0.09480256541740782,43646U
2025-06-28T21:12:20.682902,34538.81360237181,-22341.512485005904,-4640.73000959586,1.670611458330207,2.646264191432225,-0.09323893047263346,43646U
2025-06-28T21:13:20.682902,34638.69815632732,-22182.51479397124,-4646.277767108042,1.6589491190047325,2.6537703074800554,-0.09167324654599032,43646U
2025-06-28T21:14:20.682902,34737.881940998566,-22023.068332231644,-4651.73153031616,1.6472520186228117,2.6612235038222463,-0.09010554660384255,43646U
2025-06-28T21:15:20.682902,34836.362878038766,-21863.176279993404,-4657.091179240083,1.6355203995885865,2.668623610665692,-0.08853586367322323,43646U
2025-06-28T21:16:20.682902,34934.13890367225,-21702.84182761466,-4662.356595882937,1.6237545052150786,2.6759704594002387,-0.0869642308409553,43646U
2025-06-28T21:17:20.682902,35031.207968749106,-21542.068175533965,-4667.527664234675,1.6119545797180221,2.68326388260427,-0.08539068125276639,43646U
2025-06-28T21:18:20.682902,35127.568038798614,-21380.858534199557,-4672.604270275562,1.600120868209738,2.690503714050199,-0.08381524811241223,43646U
2025-06-28T21:19:20.682902,35223.21709408333,-21219.216123996786,-4677.586301979654,1.5882536166928587,2.6976897887100075,-0.08223796468078061,43646U
2025-06-28T21:20:20.682902,35318.15312965202,-21057.14417517654,-4682.473649318181,1.5763530720541052,2.7048219427606726,-0.08065886427500728,43646U
2025-06-28T21:21:20.682902,35412.37415539275,-20894.64592778238,-4687.266204262908,1.564419482057959,2.7119000135896103,-0.07907798026757706,43646U
2025-06-28T21:22:20.682902,35505.878196084945,-20731.724631578363,-4691.963860789416,1.5524530953403688,2.718923839800034,-0.07749534608543322,43646U
2025-06-28T21:23:20.682902,35598.663291452256,-20568.383545974728,-4696.56651488037,1.5404541614022822,2.7258932612163496,-0.07591099520906604,43646U
2025-06-28T21:24:20.682902,35690.7274962133,-20404.62593995606,-4701.074064528661,1.5284229306033448,2.732808118889394,-0.07432496117162526,43646U
2025-06-28T21:25:20.682902,35782.06888013381,-20240.45509200617,-4705.486409740585,1.5163596541553495,2.7396682551017646,-0.0727372775580014,43646U
2025-06-28T21:26:20.682902,35872.685528077054,-20075.874290034888,-4709.803452538886,1.504264584115802,2.7464735133730134,-0.07114797800392451,43646U
2025-06-28T21:27:20.682902,35962.575540054655,-19910.886831303247,-4714.025096965797,1.4921379733813576,2.753223738464855,-0.06955709619504923,43646U
2025-06-28T21:28:20.682902,36051.73703127654,-19745.496022349147,-4718.151249086005,1.4799800756812829,2.7599187763862996,-0.06796466586604374,43646U
2025-06-28T21:29:20.682902,36140.168132200815,-19579.705178912114,-4722.181816989555,1.4677911455708297,2.766558474398775,-0.06637072079967056,43646U
2025-06-28T21:30:20.682902,36227.86698858317,-19413.517625858003,-4726.116710794721,1.455571438424592,2.773142681021203,-0.06477529482586639,43646U
2025-06-28T21:31:20.682902,36314.83176152573,-19246.93669710352,-4729.955842650807,1.4433212104298385,2.779671246035016,-0.06317842182082176,43646U
2025-06-28T21:32:20.682902,36401.06062752577,-19079.96573554011,-4733.699126740895,1.4310407185797824,2.7861440204891545,-0.06158013570605311,43646U
2025-06-28T21:33:20.682902,36486.55177852361,-18912.60809295816,-4737.346479284523,1.4187302206668566,2.792560856705004,-0.05998047044748003,43646U
2025-06-28T21:34:20.682902,36571.303421950586,-18744.867129970095,-4740.897818540344,1.4063899752759033,2.7989216082813106,-0.05837946005449108,43646U
2025-06-28T21:35:20.682902,36655.313780776254,-18576.746215933952,-4744.353064808679,1.3940202417773708,2.805226130099033,-0.05677713857901458,43646U
2025-06-28T21:36:20.682902,36738.581093555425,-18408.248728876017,-4747.712140434076,1.3816212803204404,2.811474278326176,-0.05517354011458076,43646U
2025-06-28T21:37:20.682902,36821.10361447464,-18239.37805541348,-4750.974969807746,1.3691933518261352,2.8176659104225665,-0.05356869879538553,43646U
2025-06-28T21:38:20.682902,36902.879613398254,-18070.137590677,-4754.141479369998,1.3567367179804066,2.823800885144582,-0.05196264879535179,43646U
2025-06-28T21:39:20.682902,36983.907375914176,-17900.530738232505,-4757.21159761258,1.3442516412271595,2.829879062549858,-0.05035542432718571,43646U
2025-06-28T21:40:20.682902,37064.185203379006,-17730.560910003307,-4760.1852550809845,1.3317383847612727,2.835900304001914,-0.048747059641435116,43646U
2025-06-28T21:41:20.682902,37143.71141296306,-17560.231526191194,-4763.062384376689,1.3191972125215494,2.841864472174786,-0.047137589025539585,43646U
2025-06-28T21:42:20.682902,37222.48433769457,-17389.54601519828,-4765.842920159344,1.306628389183695,2.847771431057565,-0.045527046802887196,43646U
2025-06-28T21:43:20.682902,37300.502326503956,-17218.50781354715,-4768.5267991488945,1.294032180153164,2.853621045958936,-0.04391546733185644,43646U
2025-06-28T21:44:20.682902,37377.76374426728,-17047.12036580206,-4771.11396012767,1.2814088515580686,2.859413183511641,-0.04230288500486772,43646U
2025-06-28T21:45:20.682902,37454.26697184921,-16875.387124489516,-4773.604343942368,1.2687586702420344,2.8651477116768995,-0.04068933424743092,43646U
2025-06-28T21:46:20.682902,37530.01040614598,-16703.311550018127,-4775.997893506035,1.256081903756979,2.870824499748798,-0.03907484951718419,43646U
2025-06-28T21:47:20.682902,37604.99246012755,-16530.89711059851,-4778.294553799962,1.2433788203558975,2.8764434183586394,-0.03745946530293688,43646U
2025-06-28T21:48:20.682902,37679.21156287959,-16358.147282162949,-4780.49427187552,1.2306496889856005,2.8820043394792196,-0.03584321612370762,43646U
2025-06-28T21:49:20.682902,37752.666159644636,-16185.065548285025,-4782.596996855946,1.2178947792794526,2.887507136429079,-0.0342261365277651,43646U
2025-06-28T21:50:20.682902,37825.35471186326,-16011.655400098496,-4784.602679938073,1.2051143615500344,2.892951683876701,-0.032608261091660665,43646U
2025-06-28T21:51:20.682902,37897.27569721459,-15837.920336216113,-4786.511274393992,1.1923087067817928,2.898337857844677,-0.030989624419262535,43646U
2025-06-28T21:52:20.682902,37968.42760965629,-15663.863862648672,-4788.322735572672,1.1794780866236907,2.903665535713788,-0.029370261140790627,43646U
2025-06-28T21:53:20.682902,38038.80895946435,-15489.489492722798,-4790.037020901499,1.1666227733817611,2.9089345962271005,-0.027750205911842785,43646U
2025-06-28T21:54:20.682902,38108.418273272175,-15314.800746999575,-4791.654089887784,1.1537430400117044,2.914144919493947,-0.026129493412427592,43646U
2025-06-28T21:55:20.682902,38177.25409410939,-15139.801153192206,-4793.173904120187,1.1408391601114045,2.919296386993914,-0.024508158345989413,43646U
2025-06-28T21:56:20.682902,38245.31498144011,-14964.494246083937,-4794.596427270103,1.127911407913454,2.92438888158074,-0.02288623543843669,43646U
2025-06-28T21:57:20.682902,38312.59951120086,-14788.883567445098,-4795.921625092975,1.114960058277606,2.9294222874862084,-0.021263759437162917,43646U
2025-06-28T21:58:20.682902,38379.10627583791,-14612.97266595072,-4797.149465429559,1.1019853866832496,2.9343964903239455,-0.019640765110072893,43646U
2025-06-28T21:59:20.682902,38444.83388434424,-14436.765097097177,-4798.279918207119,1.0889876692218137,2.939311377093219,-0.018017287244601964,43646U
2025-06-28T22:00:20.682902,38509.780962296114,-14260.264423119143,-4799.31295544058,1.0759671825891706,2.9441668361826396,-0.01639336064673709,43646U
2025-06-28T22:01:20.682902,38573.94615188902,-14083.474212906007,-4800.248551233601,1.0629242040780027,2.9489627573738533,-0.014769020140035932,43646U
2025-06-28T22:02:20.682902,38637.32811197319,-13906.398041918497,-4801.086681779606,1.0498590115701625,2.953699031845155,-0.013144300564646608,43646U
2025-06-28T22:03:20.682902,38699.92551808895,-13729.03949210404,-4801.82732536275,1.0367718835289363,2.9583755521750814,-0.011519236776318055,43646U
2025-06-28T22:04:20.682902,38761.737062501124,-13551.402151813745,-4802.47046235883,1.0236630989914153,2.962992212345923,-0.009893863645425181,43646U
2025-06-28T22:05:20.682902,38822.761454233376,-13373.489615716935,-4803.016075236122,1.0105329375606773,2.9675489077472177,-0.008268216055972813,43646U
2025-06-28T22:06:20.682902,38882.997419101936,-13195.305484717312,-4803.464148556178,0.997381679398075,2.9720455351791695,-0.006642328904615987,43646U
2025-06-28T22:07:20.682902,38942.44369974877,-13016.85336586807,-4803.81466897456,0.9842096052154428,2.976481992856028,-0.005016237099670036,43646U
2025-06-28T22:08:20.682902,39001.099055674385,-12838.136872287061,-4804.067625241494,0.9710169962672941,2.9808581804094114,-0.0033899755601236054,43646U
2025-06-28T22:09:20.682902,39058.96226327037,-12659.159623071118,-4804.223008202505,0.9578041343429496,2.9851739988916033,-0.0017635792146443255,43646U
2025-06-28T22:10:20.682902,39116.032115850794,-12479.925243211734,-4804.280810798943,0.9445713017587555,2.9894293507787477,-0.0001370830005969576,43646U
2025-06-28T22:11:20.682902,39172.30742368417,-12300.437363508245,-4804.241028068495,0.9313187813501053,2.9936241399740586,0.001489478136958387,43646U
2025-06-28T22:12:20.682902,39227.787014023874,-12120.699620483292,-4804.103657145608,0.9180468564636285,2.9977582718109175,0.003116069246248271,43646U
2025-06-28T22:13:20.682902,39282.46973113885,-11940.715656296186,-4803.868697261867,0.9047558109492083,3.0018316530559597,0.004742655369784736,43646U
2025-06-28T22:14:20.682902,39336.35443634344,-11760.489118657093,-4803.536149746299,0.8914459291520584,3.0058441919120944,0.0063692015453559285,43646U
2025-06-28T22:15:20.682902,39389.440008026875,-11580.02366074107,-4803.106018025647,0.8781174959047707,3.0097957980214605,0.007995672807017445,43646U
2025-06-28T22:16:20.682902,39441.72534168242,-11399.32294110075,-4802.578307624536,0.8647707965192679,3.0136863824683746,0.009622034186094301,43646U
2025-06-28T22:17:20.682902,39493.20934993573,-11218.390623580606,-4801.953026165636,0.8514061167788516,3.017515857782163,0.011248250712167857,43646U
2025-06-28T22:18:20.682902,39543.89096257286,-11037.230377229978,-4801.230183369721,0.8380237429301651,3.021284137939994,0.012874287414072724,43646U
2025-06-28T22:19:20.682902,39593.76912656806,-10855.845876215622,-4800.409791055685,0.8246239616750963,3.024991138369638,0.014500109320896942,43646U
2025-06-28T22:20:20.682902,39642.84280611062,-10674.240799735097,-4799.491863140499,0.811207060162753,3.0286367759521706,0.01612568146297324,43646U
2025-06-28T22:21:20.682902,39691.11098263156,-10492.4188319294,-4798.476415639119,0.7977733259813621,3.032220969024627,0.01775096887287613,43646U
2025-06-28T22:22:20.682902,39738.57265482967,-10310.38366179552,-4797.363466664298,0.7843230471501614,3.03574363738261,0.019375936586418434,43646U
2025-06-28T22:23:20.682902,39785.22683869722,-10128.13898309875,-4796.153036426386,0.7708565121112659,3.0392047022828352,0.02100054964364873,43646U
2025-06-28T22:24:20.682902,39831.07256754494,-9945.688494285156,-4794.84514723303,0.7573740097215393,3.0426040864456287,0.022624773089846607,43646U
2025-06-28T22:25:20.682902,39876.108892026896,-9763.035898393275,-4793.4398234888395,0.7438758292443985,3.0459417140573724,0.02424857197652277,43646U
2025-06-28T22:26:20.682902,39920.33488016438,-9580.184902966423,-4791.937091694974,0.7303622603416632,3.04921751077289,0.025871911362412882,43646U
2025-06-28T22:27:20.682902,39963.74961736977,-9397.139219964647,-4790.336980448702,0.7168335930653644,3.05243140371778,0.027494756314473952,43646U
2025-06-28T22:28:20.682902,40006.35220646953,-9213.90256567601,-4788.6395204428445,0.7032901178495068,3.055583321490705,0.029117071908883796,43646U
2025-06-28T22:29:20.682902,40048.14176772702,-9030.478660628498,-4786.844744465225,0.6897321255018629,3.0586731941656145,0.030738823232035153,43646U
2025-06-28T22:30:20.682902,40089.117438864574,-8846.871229501214,-4784.952687398007,0.6761599071957155,3.0617009532939177,0.03235997538153369,43646U
2025-06-28T22:31:20.682902,40129.27837508531,-8663.084001035579,-4782.963386216998,0.6625737544615893,3.064666531906611,0.033980493467196025,43646U
2025-06-28T22:32:20.682902,40168.62374909409,-8479.12070794711,-4780.876879990887,0.6489739591790236,3.067569864516329,0.03560034261203919,43646U
2025-06-28T22:33:20.682902,40207.152751118505,-8294.985086835515,-4778.693209880428,0.6353608135682144,3.0704108871193707,0.03721948795328514,43646U
2025-06-28T22:34:20.682902,40244.86458892881,-8110.68087809646,-4776.412419137551,0.6217346101817739,3.073189537197645,0.03883789464334902,43646U
2025-06-28T22:35:20.682902,40281.758487857725,-7926.2118258319815,-4774.034553104423,0.6080956418963875,3.075905753720579,0.04045552785083695,43646U
2025-06-28T22:36:20.682902,40317.83369081973,-7741.58167776107,-4771.559659212451,0.5944442019044751,3.0785594771469604,0.04207235276154151,43646U
2025-06-28T22:37:20.682902,40353.089458329516,-7556.794185130637,-4768.987786981215,0.5807805837058796,3.0811506494267307,0.04368833457943256,43646U
2025-06-28T22:38:20.682902,40387.52506852043,-7371.853102625701,-4766.3189880173595,0.567105081099491,3.083679214002724,0.04530343852765325,43646U
2025-06-28T22:39:20.682902,40421.139817162024,-7186.762188279689,-4763.553316013397,0.5534179881748778,3.08614511581235,0.046917629849512754,43646U
2025-06-28T22:40:20.682902,40453.93301767724,-7001.525203385258,-4760.690826746489,0.5397195993039475,3.0885483012892125,0.04853087380947392,43646U
2025-06-28T22:41:20.682902,40485.90400115727,-6816.145912414884,-4757.731578077303,0.5260102091333336,3.090888718364555,0.05014313569405444,43646U
2025-06-28T22:42:20.682902,40517.05211638722,-6630.628082875779,-4754.675629947785,0.5122901125719131,3.0931663164694583,0.05175438081329616,43646U
2025-06-28T22:43:20.682902,40547.37672984548,-6444.975485314105,-4751.523044381221,0.4985596047893694,3.0953810465351244,0.05336457450093605,43646U
2025-06-28T22:44:20.682902,40576.87722572428,-6259.191893198206,-4748.273885480433,0.48481898120580047,3.097532860994665,0.054973682115628746,43646U
2025-06-28T22:45:20.682902,40605.553005962145,-6073.281082715016,-4744.92821942423,0.4710685374749044,3.0996217137857505,0.05658166904291622,43646U
2025-06-28T22:46:20.682902,40633.403490232675,-5887.246832837816,-4741.486114468546,0.457308569487229,3.101647560350052,0.05818850069484529,43646U
2025-06-28T22:47:20.682902,40660.42811597184,-5701.092925151,-4737.947640943311,0.4435393733554495,3.1036103576354837,0.05979414251168976,43646U
2025-06-28T22:48:20.682902,40686.626338388385,-5514.823143777219,-4734.312871251059,0.4297612454072139,3.105510064097172,0.06139855996278302,43646U
2025-06-28T22:49:20.682902,40711.99763047655,-5328.441275286192,-4730.581879865128,0.4159744821766287,3.107346639698593,0.06300171854750766,43646U
2025-06-28T22:50:20.682902,40736.5414830281,-5141.951108604758,-4726.754743327848,0.4021793803958392,3.1091200459126407,0.0646035837962731,43646U
2025-06-28T22:51:20.682902,40760.257404644035,-4955.356434926191,-4722.8315402486405,0.3883762369865469,3.1108302457226373,0.0662041212714981,43646U
2025-06-28T22:52:20.682902,40783.144921745574,-4768.661047619378,-4718.812351302065,0.3745653490515219,3.112477203623304,0.06780329656859146,43646U
2025-06-28T22:53:20.682902,40805.20357858502,-4581.868742137807,-4714.697259225822,0.3607470138660917,3.114060885621653,0.06940107531693356,43646U
2025-06-28T22:54:20.682902,40826.43293725558,-4394.983315929805,-4710.486348818686,0.34692152886972794,3.1155812592378376,0.07099742318084479,43646U
2025-06-28T22:55:20.682902,40846.83257770116,-4208.008568346508,-4706.179706938363,0.33308919165746087,3.1170382935059506,0.0725923058605728,43646U
2025-06-28T22:56:20.682902,40866.402097725324,-4020.948300551851,-4701.777422499329,0.31925029997144244,3.118431958974747,0.074185689093258,43646U
2025-06-28T22:57:20.682902,40885.14111299991,-3833.80631543148,-4697.279586470574,0.3054051516924295,3.1197622277083332,0.07577753865390922,43646U
2025-06-28T22:58:20.682902,40903.04925707314,-3646.586417501516,-4692.686291873305,0.2915540448312537,3.1210290732867856,0.07736782035637729,43646U
2025-06-28T22:59:20.682902,40920.12618137703,-3459.292412818065,-4687.997633778586,0.2776972775203496,3.122232470806716,0.07895650005432026,43646U
2025-06-28T23:00:20.682902,40936.37155523461,-3271.92810888589,-4683.213709304929,0.26383514800521496,3.123372396881785,0.08054354364217436,43646U
2025-06-28T23:01:20.682902,40951.785065866316,-3084.497314567104,-4678.334617615797,0.24996795463587845,3.1244488296431583,0.08212891705612185,43646U
2025-06-28T23:02:20.682902,40966.3664183961,-2897.003839990878,-4673.3604599171,0.236095995858438,3.125461748739898,0.08371258627505046,43646U
2025-06-28T23:03:20.682902,40980.11533585681,-2709.451496461746,-4668.291339454587,0.22221957020649805,3.1264111353393105,0.08529451732151966,43646U
2025-06-28T23:04:20.682902,40993.03155919537,-2521.8440963687376,-4663.127361511201,0.20833897629266682,3.127296972127229,0.08687467626272002,43646U
2025-06-28T23:05:20.682902,41005.114847277095,-2334.1854530941787,-4657.868633404373,0.19445451280003087,3.1281192433082454,0.08845302921143328,43646U
2025-06-28T23:06:20.682902,41016.364976889774,-2146.4793809225753,-4652.515264483259,0.18056647847363524,3.128877934605881,0.0900295423269882,43646U
2025-06-28T23:07:20.682902,41026.78174274705,-1958.7296949495478,-4647.067366125914,0.16667517211197136,3.129573033262709,0.09160418181621567,43646U
2025-06-28T23:08:20.682902,41036.36495749143,-1770.9402109906675,-4641.525051736428,0.1527808925584543,3.130204528040412,0.09317691393440138,43646U
2025-06-28T23:09:20.682902,41045.11445169676,-1583.114745490186,-4635.888436741977,0.13888393869289628,3.130772409219784,0.09474770498623727,43646U
2025-06-28T23:10:20.682902,41053.03007387003,-1395.2571154299476,-4630.157638589833,0.12498460942299525,3.1312766686006883,0.09631652132677015,43646U
2025-06-28T23:11:20.682902,41060.11169045289,-1207.3711382385304,-4624.3327767443225,0.1110832036758415,3.13171729950194,0.09788332936234559,43646U
2025-06-28T23:12:20.682902,41066.35918582256,-1019.4606316996651,-4618.413972683715,0.09718002038937226,3.132094296761153,0.09944809555155557,43646U
2025-06-28T23:13:20.682902,41071.77246229219,-831.529413861432,-4612.401349897062,0.08327535850388651,3.13240765673451,0.10101078640617786,43646U
2025-06-28T23:14:20.682902,41076.351440110695,-643.5813029450616,-4606.295033880975,0.06936951695353283,3.1326573772965034,0.10257136849211657,43646U
2025-06-28T23:15:20.682902,41080.09605746232,-455.6201172536468,-4600.095152136357,0.05546279465779272,3.1328434578395865,0.10412980843034025,43646U
2025-06-28T23:16:20.682902,41083.006270465245,-267.649675081594,-4593.801834165068,0.04155549051302126,3.1329658992738008,0.10568607289781283,43646U
2025-06-28T23:17:20.682902,41085.082053170176,-79.6737946230381,-4587.415211466535,0.0276479033839145,3.133024704026323,0.10724012862843012,43646U
2025-06-28T23:18:20.682902,41086.323397558044,108.30370611893184,-4580.935417534318,0.013740332095037982,3.133019876040976,0.10879194241394759,43646U
2025-06-28T23:19:20.682902,41086.730313537395,296.27900942315136,-4574.3625878525945,-0.00016692457764661247,3.1329514207776707,0.11034148110490656,43646U
2025-06-28T23:20:20.682902,41086.30282894125,484.24829794157154,-4567.6968598926305,-0.014073567915276933,3.132819345211797,0.11188871161156087,43646U
2025-06-28T23:21:20.682902,41085.04098952335,672.2077547898309,-4560.938373109149,-0.02797929926453465,3.132623657833558,0.1134336009047955,43646U
2025-06-28T23:22:20.682902,41082.94485895406,860.1535636384208,-4554.0872689366715,-0.041883820046132385,3.132364368647252,0.11497611601704909,43646U
2025-06-28T23:23:20.682902,41080.01451881558,1048.0819088035798,-4547.143690785799,-0.055786831763272565,3.132041489170493,0.1165162240432297,43646U
2025-06-28T23:24:20.682902,41076.250068596826,1235.9889753375676,-4540.1077840394455,-0.06968803601006172,3.1316550324333847,0.11805389214162507,43646U
2025-06-28T23:25:20.682902,41071.651625687664,1423.870949120044,-4532.9796960489875,-0.08358713447999909,3.131205012977631,0.11958908753481858,43646U
2025-06-28T23:26:20.682902,41066.219325372724,1611.7240169481918,-4525.759576130403,-0.09748382897436714,3.1306914468555926,0.12112177751059264,43646U
2025-06-28T23:27:20.682902,41059.953320824716,1799.5443666274991,-4518.4475755603235,-0.11137782141066947,3.1301143516292957,0.12265192942283522,43646U
2025-06-28T23:28:20.682902,41052.85378309709,1987.3281870624164,-4511.043847572034,-0.12526881383105262,3.12947374636938,0.12417951069244233,43646U
2025-06-28T23:29:20.682902,41044.92090111646,2175.071668346838,-4503.548547351439,-0.1391565084107095,3.128769651653986,0.1257044888082174,43646U
2025-06-28T23:30:20.682902,41036.1548816742,2362.7710018542175,-4495.961832032955,-0.15304060746625145,3.128002089567603,0.1272268313277643,43646U
2025-06-28T23:31:20.682902,41026.555949417874,2550.422380328378,-4488.283860695355,-0.1669208134641273,3.1271710836998454,0.1287465058783843,43646U
2025-06-28T23:32:20.682902,41016.1243468419,2738.02199797344,-4480.514794357563,-0.18079682902897096,3.126276659144189,0.13026348015796288,43646U
2025-06-28T23:33:20.682902,41004.860334277815,2925.566050543938,-4472.654795974403,-0.19466835695195617,3.1253188424966445,0.13177772193585544,43646U
2025-06-28T23:34:20.682902,40992.76418988407,3113.050735435207,-4464.704030432267,-0.2085351001991674,3.124297661854377,0.13328919905377296,43646U
2025-06-28T23:35:20.682902,40979.836209635236,3300.4722517734463,-4456.662664544757,-0.22239676191994023,3.1232131468142748,0.13479787942666216,43646U
2025-06-28T23:36:20.682902,40966.07670731079,3487.826800505308,-4448.530867048264,-0.2362530454551596,3.1220653284714612,0.13630373104357982,43646U
2025-06-28T23:37:20.682902,40951.48601448341,3675.110584488046,-4440.308808597501,-0.2501036543455946,3.120854239417756,0.1378067219685677,43646U
2025-06-28T23:38:20.682902,40936.06448050663,3862.3198085790723,-4431.9966617609725,-0.2639482923401822,3.11957991374008,0.13930682034152161,43646U
2025-06-28T23:39:20.682902,40919.81247250225,4049.450679725705,-4423.5946010164025,-0.2777866634043193,3.1182423870188023,0.14080399437905863,43646U
2025-06-28T23:40:20.682902,40902.730375346946,4236.499407054495,-4415.102802746111,-0.2916184717281141,3.1168416963260492,0.14229821237537793,43646U
2025-06-28T23:41:20.682902,40884.81859165863,4423.462201961637,-4406.521445232297,-0.30544342173471484,3.115377880223934,0.1437894427031281,43646U
2025-06-28T23:42:20.682902,40866.07754178224,4610.335278200605,-4397.850708652379,-0.3192612180884244,3.1138509787627644,0.14527765381424979,43646U
2025-06-28T23:43:20.682902,40846.50766377491,4797.114851973257,-4389.090775074126,-0.3330715657030628,3.1122610334791663,0.14676281424084292,43646U
2025-06-28T23:44:20.682902,40826.10941339097,4983.797142017111,-4380.241828450916,-0.34687416975003954,3.1106080873941853,0.1482448925960003,43646U
2025-06-28T23:45:20.682902,40804.883264065975,5170.378369696183,-4371.304054616759,-0.3606687356666848,3.108892185011304,0.149723857574668,43646U
2025-06-28T23:46:20.682902,40782.82970690068,5356.854759088405,-4362.277641281429,-0.37445496916431603,3.1071133723144335,0.15119967795447456,43646U
2025-06-28T23:47:20.682902,40759.94925064434,5543.222537075159,-4353.162778025451,-0.38823257623645463,3.105271696765836,0.1526723225965752,43646U
2025-06-28T23:48:20.682902,40736.24242167752,5729.477933429578,-4343.959656295076,-0.4020012631669445,3.103367207304004,0.15414176044648273,43646U
2025-06-28T23:49:20.682902,40711.70976399437,5915.617180905467,-4334.66846939717,-0.41576073653810547,3.101399954341478,0.155607960534901,43646U
2025-06-28T23:50:20.682902,40686.351839184565,6101.6365153250135,-4325.289412494121,-0.42951070323879226,3.0993699897626272,0.1570708919785459,43646U
2025-06-28T23:51:20.682902,40660.16922641466,6287.532175667785,-4315.822682598618,-0.443250870472537,3.0972773669213596,0.15853052398097342,43646U
2025-06-28T23:52:20.682902,40633.16252240886,6473.300404158156,-4306.268478568429,-0.4569809457655693,3.0951221406387988,0.15998682583339302,43646U
2025-06-28T23:53:20.682902,40605.3323414296,6658.9374463537115,-4296.627001101124,-0.47070063697489767,3.0929043672008962,0.16143976691548573,43646U
2025-06-28T23:54:20.682902,40576.6793152573,6844.439551232764,-4286.898452728743,-0.48440965229631683,3.0906241043560008,0.16288931669621162,43646U
2025-06-28T23:55:20.682902,40547.20409316986,7029.80297128249,-4277.083037812397,-0.49810770027245366,3.088281411312365,0.1643354447346201,43646U
2025-06-28T23:56:20.682902,40516.90734192165,7215.023962585694,-4267.180962536869,-0.5117944898007005,3.085876348735623,0.16577812068064676,43646U
2025-06-28T23:57:20.682902,40485.78974572187,7400.098784909053,-4257.192434905109,-0.5254697301412457,3.0834089787461907,0.16721731427591774,43646U
2025-06-28T23:58:20.682902,40453.852006212706,7585.023701789535,-4247.117664732732,-0.5391331309249681,3.0808793649166404,0.1686529953545385,43646U
2025-06-28T23:59:20.682902,40421.09484244673,7769.794980621788,-4236.956863642442,-0.552784402161383,3.078287572269006,0.17008513384388557,43646U
2025-06-29T00:00:20.682902,40387.518990863966,7954.408892745279,-4226.7102450583925,-0.5664232542465674,3.0756336672720455,0.17151369976539493,43646U
2025-06-29T00:01:20.682902,40353.12520526851,8138.861713530574,-4216.378024200546,-0.5800493979710073,3.0729177178384597,0.17293866323533955,43646U
2025-06-29T00:02:20.682902,40317.914256804535,8323.14972246613,-4205.960418078947,-0.5936625445274784,3.0701397933220522,0.17435999446560851,43646U
2025-06-29T00:03:20.682902,40281.88693393209,8507.269203244461,-4195.4576454879825,-0.607262405518858,3.067299964514846,0.17577766376447862,43646U
2025-06-29T00:04:20.682902,40245.044042402085,8691.21644384862,-4184.869927000544,-0.6208486929659686,3.0643983036441482,0.1771916415373847,43646U
2025-06-29T00:05:20.682902,40207.38640523104,8874.987736638175,-4174.197484962192,-0.634421119315354,3.061434884369561,0.17860189828768364,43646U
2025-06-29T00:06:20.682902,40168.914862675374,9058.579378434692,-4163.44054348528,-0.6479793974470215,3.05840978177996,0.18000840461741108,43646U
2025-06-29T00:07:20.682902,40129.63027220504,9241.9876706081,-4152.5993284429605,-0.6615232406822327,3.055323072390399,0.18141113122804237,43646U
2025-06-29T00:08:20.682902,40089.53350847699,9425.208919161221,-4141.674067463266,-0.6750523627911496,3.0521748341389996,0.1828100489212363,43646U
2025-06-29T00:09:20.682902,40048.62546330779,9608.23943481614,-4130.664989923,-0.6885664780006038,3.0489651463837544,0.18420512859958954,43646U
2025-06-29T00:10:20.682902,40006.90704564629,9791.075533098212,-4119.572326941732,-0.7020653010016805,3.0456940898993174,0.18559634126737007,43646U
2025-06-29T00:11:20.682902,39964.37918154519,9973.71353442179,-4108.396311375623,-0.7155485469574214,3.042361746873728,0.18698365803126124,43646U
2025-06-29T00:12:20.682902,39921.04281413274,10156.149764174677,-4097.137177811276,-0.7290159315104159,3.0389682009050785,0.188367050101092,43646U
2025-06-29T00:13:20.682902,39876.89890358372,10338.380552802348,-4085.795162559543,-0.7424671707903673,3.0355135369981725,0.18974648879056366,43646U
2025-06-29T00:14:20.682902,39831.948427089876,10520.402235892689,-4074.370503649244,-0.7559019814216856,3.0319978415610906,0.19112194551797598,43646U
2025-06-29T00:15:20.682902,39786.19237883012,10702.211154259678,-4062.8634408208936,-0.7693200805309891,3.0284212024017383,0.19249339180694292,43646U
2025-06-29T00:16:20.682902,39739.631769940104,10883.803654027612,-4051.2742155203473,-0.7827211857546338,3.0247837087243408,0.19386079928710984,43646U
2025-06-29T00:17:20.682902,39692.26762848149,11065.17608671447,-4039.6030708924304,-0.7961050152461676,3.0210854511258916,0.1952241396948604,43646U
2025-06-29T00:18:20.682902,39644.10099941058,11246.324809315713,-4027.850251774497,-0.8094712876838073,3.0173265215925493,0.1965833848740232,43646U
2025-06-29T00:19:20.682902,39595.13294454668,11427.246184387335,-4016.0160046899714,-0.8228197222778391,3.0135070134959983,0.19793850677657096,43646U
2025-06-29T00:20:20.682902,39545.36454254003,11607.936580128717,-4004.1005778418535,-0.8361500387780029,3.0096270215897643,0.1992894774633138,43646U
2025-06-29T00:21:20.682902,39494.7968888391,11788.392370465728,-3992.1042211061454,-0.8494619574808758,3.005686642005472,0.20063626910459212,43646U
2025-06-29T00:22:20.682902,39443.4310956576,11968.60993513307,-3980.027186025282,-0.862755199237187,3.0016859722490747,0.20197885398095983,43646U
2025-06-29T00:23:20.682902,39391.26829194107,12148.585659756638,-3967.869725801488,-0.8760294854591226,2.9976251111970322,0.20331720448386542,43646U
2025-06-29T00:24:20.682902,39338.30962333284,12328.31593593603,-3955.6320952900805,-0.8892845381276316,2.9935041590924327,0.2046512931163303,43646U
2025-06-29T00:25:20.682902,39284.556252139824,12507.797161325849,-3943.314550992802,-0.9025200797996187,2.9893232175410924,0.20598109249361476,43646U
2025-06-29T00:26:20.682902,39230.00935729766,12687.025739717681,-3930.917351051037,-0.9157358336151904,2.9850823895076046,0.20730657534388688,43646U
2025-06-29T00:27:20.682902,39174.67013433563,12865.998081121299,-3918.440755239028,-0.9289315233048131,2.9807817793113367,0.2086277145088813,43646U
2025-06-29T00:28:20.682902,39118.53979534086,13044.710601846044,-3905.8850249570423,-0.9421068731964847,2.976421492622386,0.20994448294455662,43646U
2025-06-29T00:29:20.682902,39061.61956892237,13223.159724581601,-3893.2504232244974,-0.9552616082228379,2.9720016364575077,0.21125685372174466,43646U
2025-06-29T00:30:20.682902,39003.91070017449,13401.341878478792,-3880.5372146730438,-0.9683954539282427,2.9675223191759783,0.21256480002679798,43646U
2025-06-29T00:31:20.682902,38945.41445064007,13579.253499229937,-3867.745665539625,-0.9815081364758473,2.962983650475433,0.21386829516222872,43646U
2025-06-29T00:32:20.682902,38886.132098273,13756.891029148994,-3854.876043659487,-0.994599382654604,2.958385741387654,0.21516731254734506,43646U
2025-06-29T00:33:20.682902,38826.06493740063,13934.250917251396,-3841.928618459162,-1.0076689198862512,2.9537287042743308,0.21646182571887995,43646U
2025-06-29T00:34:20.682902,38765.21427868545,14111.329619333907,-3828.9036609493887,-1.0207164762322833,2.9490126528227494,0.21775180833161847,43646U
2025-06-29T00:35:20.682902,38703.581449086545,14288.123598053951,-3815.801443718015,-1.033741780400867,2.944237702041473,0.21903723415901707,43646U
2025-06-29T00:36:20.682902,38641.167791820524,14464.62932300872,-3802.6222409228685,-1.0467445617537325,2.9394039682559616,0.22031807709381848,43646U
2025-06-29T00:37:20.682902,38577.9746663223,14640.843270814132,-3789.3663282845737,-1.0597245503130308,2.934511569104159,0.22159431114866146,43646U
2025-06-29T00:38:20.682902,38514.00344820499,14816.761925183435,-3776.0339830793378,-1.0726814767681592,2.9295606235320406,0.22286591045668622,43646U
2025-06-29T00:39:20.682902,38449.25552921995,14992.381777005354,-3762.625484131731,-1.0856150724825284,2.9245512517891172,0.224132849272131,43646U
2025-06-29T00:40:20.682902,38383.73231721588,15167.69932442241,-3749.141111807363,-1.0985250695003421,2.919483575423907,0.22539510197092943,43646U
2025-06-29T00:41:20.682902,38317.43523609805,15342.711072908467,-3735.5811480056013,-1.1114112005532881,2.914357717279356,0.2266526430512962,43646U
2025-06-29T00:42:20.682902,38250.3657257865,15517.413535346808,-3721.9458761521773,-1.124273199067266,2.909173801488225,0.227905447134315,43646U
2025-06-29T00:43:20.682902,38182.525242174495,15691.803232106799,-3708.2355811918305,-1.1371107991689922,2.9039319534684442,0.22915348896451268,43646U
2025-06-29T00:44:20.682902,38113.91525708621,15865.876691120919,-3694.4505495808885,-1.1499237356926155,2.898632299918434,0.2303967434104327,43646U
2025-06-29T00:45:20.682902,38044.53725823401,16039.630447961723,-3680.591069279785,-1.1627117441863142,2.893274968812363,0.23163518546520429,43646U
2025-06-29T00:46:20.682902,37974.392749175444,16213.061045918128,-3666.6574297455854,-1.1754745609188302,2.887860089395394,0.232868790247104,43646U
2025-06-29T00:47:20.682902,37903.483249269855,16386.16503607137,-3652.649921924462,-1.1882119228859562,2.8823877921788843,0.23409753300011157,43646U
2025-06-29T00:48:20.682902,37831.81029363453,16558.9389773711,-3638.5688382441217,-1.200923567817028,2.8768582089355395,0.23532138909446326,43646U
2025-06-29T00:49:20.682902,37759.37543310039,16731.379436710893,-3624.4144726062154,-1.2136092341813534,2.871271472694546,0.2365403340271983,43646U
2025-06-29T00:50:20.682902,37686.18023416773,16903.48298900308,-3610.187120378757,-1.2262686611945717,2.8656277177366656,0.23775434342269516,43646U
2025-06-29T00:51:20.682902,37612.22627896092,17075.24621725412,-3595.8870783884154,-1.238901588825046,2.8599270795892835,0.23896339303321198,43646U
2025-06-29T00:52:20.682902,37537.51516518312,17246.66571263926,-3581.514644912838,-1.2515077578001814,2.8541696950214206,0.2401674587394149,43646U
2025-06-29T00:53:20.682902,37462.04850607075,17417.738074576395,-3567.070119672969,-1.2640869096126695,2.8483557020387353,0.24136651655089955,43646U
2025-06-29T00:54:20.682902,37385.82793034707,17588.459910800848,-3552.553803825239,-1.2766387865267883,2.842485239878448,0.24256054260671556,43646U
2025-06-29T00:55:20.682902,37308.85508217591,17758.827837438545,-3537.9659999538185,-1.2891631315845655,2.836558449004268,0.24374951317587548,43646U
2025-06-29T00:56:20.682902,37231.13162111489,17928.838479079495,-3523.307012062825,-1.3016596886119465,2.830575471101281,0.2449334046578633,43646U
2025-06-29T00:57:20.682902,37152.65922206795,18098.488468851312,-3508.5771455684317,-1.3141282022249532,2.824536449070771,0.24611219358313965,43646U
2025-06-29T00:58:20.682902,37073.43957523802,18267.774448491517,-3493.7767072910347,-1.3265684178357404,2.818441527025061,0.24728585661363578,43646U
2025-06-29T00:59:20.682902,36993.47438607889,18436.693068420365,-3478.9060054473316,-1.3389800816586637,2.8122908502822654,0.24845437054324662,43646U
2025-06-29T01:00:20.682902,36912.765375247036,18605.24098781293,-3463.9653496424035,-1.3513629407162875,2.806084565361059,0.24961771229831622,43646U
2025-06-29T01:01:20.682902,36831.31427855268,18773.414874671336,-3448.955050861709,-1.363716742845382,2.7998228199753585,0.2507758589381208,43646U
2025-06-29T01:02:20.682902,36749.12284691122,18941.211405895512,-3433.8754214631767,-1.3760412367027994,2.7935057630290454,0.251928787655338,43646U
2025-06-29T01:03:20.682902,36666.19284629345,19108.627267355096,-3418.7267751691234,-1.3883361717714149,2.7871335446105854,0.2530764757765206,43646U
2025-06-29T01:04:20.682902,36582.526057676056,19275.65915396013,-3403.509427058232,-1.4006012983659637,2.7807063159876555,0.2542189007625598,43646U
2025-06-29T01:05:20.682902,36498.12427699139,19442.303769731632,-3388.2236935574742,-1.4128363676388553,2.7742242296017317,0.25535604020914204,43646U
2025-06-29T01:06:20.682902,36412.98931507704,19608.557827872,-3372.8698924340015,-1.4250411315859546,2.7676874390626387,0.25648787184720356,43646U
2025-06-29T01:07:20.682902,36327.12299762519,19774.41805083479,-3357.4483427870355,-1.4372153430523016,2.7610960991430824,0.25761437354337563,43646U
2025-06-29T01:08:20.682902,36240.52716513137,19939.881170394354,-3341.959365039698,-1.4493587557378123,2.754450365773143,0.25873552330042715,43646U
2025-06-29T01:09:20.682902,36153.20367284307,20104.94392771514,-3326.4032809308455,-1.4614711242029232,2.7477503960347422,0.25985129925769945,43646U
2025-06-29T01:10:20.682902,36065.15439070785,20269.60307342066,-3310.780413506846,-1.473552203874212,2.7409963481560724,0.26096167969153844,43646U
2025-06-29T01:11:20.682902,35976.38120332139,20433.85536766199,-3295.091087113366,-1.485601751049952,2.734188381506015,0.26206664301571686,43646U
2025-06-29T01:12:20.682902,35886.886009874775,20597.69758018621,-3279.3356273870927,-1.4976195229056584,2.7273266565885104,0.2631661677818559,43646U
2025-06-29T01:13:20.682902,35796.67072410185,20761.126490404295,-3263.5143612474544,-1.5096052774995679,2.720411335036904,0.2642602326798373,43646U
2025-06-29T01:14:20.682902,35705.7372742261,20924.13888745855,-3247.6276168883364,-1.5215587737780747,2.713442579608284,0.2653488165382105,43646U
2025-06-29T01:15:20.682902,35614.08760290723,21086.7315702899,-3231.6757237697366,-1.533479771581134,2.7064205541777673,0.2664318983245957,43646U
2025-06-29T01:16:20.682902,35521.7236671872,21248.90134770512,-3215.659012609384,-1.5453680316476524,2.6993454237327557,0.2675094571460815,43646U
2025-06-29T01:17:20.682902,35428.64743843645,21410.64503844279,-3199.5778153744204,-1.5572233156207584,2.6922173543672043,0.2685814722496127,43646U
2025-06-29T01:18:20.682902,35334.86090229904,21571.95947124031,-3183.432465272918,-1.569045386053142,2.6850365132757967,0.2696479230223805,43646U
2025-06-29T01:19:20.682902,35240.36605863837,21732.841484899098,-3167.223296745516,-1.5808340064122355,2.6778030687481658,0.2707087889921981,43646U
2025-06-29T01:20:20.682902,35145.16492148192,21893.28792835029,-3150.950645456963,-1.5925889410854297,2.670517190163044,0.2717640498278754,43646U
2025-06-29T01:21:20.682902,35049.25951896594,22053.29566072004,-3134.614848287633,-1.6043099553852216,2.6631790479823967,0.27281368533958866,43646U
2025-06-29T01:22:20.682902,34952.65189327976,22212.861551394297,-3118.2162433250296,-1.6159968155543303,2.6557888137455357,0.27385767547924317,43646U
2025-06-29T01:23:20.682902,34855.34410060994,22371.98248008308,-3101.7551698552993,-1.6276492887707414,2.6483466600632064,0.2748960003408284,43646U
2025-06-29T01:24:20.682902,34757.3382110838,22530.65533688489,-3085.231968354664,-1.6392671431527583,2.6408527606116503,0.27592864016077245,43646U
2025-06-29T01:25:20.682902,34658.63630871294,22688.877022350363,-3068.6469804808685,-1.6508501477639694,2.6333072901266337,0.27695557531828724,43646U
2025-06-29T01:26:20.682902,34559.240491336546,22846.644447545532,-3052.0005490646354,-1.662398072618174,2.6257104243974747,0.27797678633570666,43646U
2025-06-29T01:27:20.682902,34459.152870564074,23003.954534114742,-3035.293018101055,-1.6739106886842727,2.618062340261038,0.2789922538788216,43646U
2025-06-29T01:28:20.682902,34358.37557171776,23160.804214343712,-3018.5247327409465,-1.6853877678911444,2.610363215595686,0.2800019587572116,43646U
2025-06-29T01:29:20.682902,34256.91073377498,23317.190431221657,-3001.69603928224,-1.696829083132434,2.6026132293152333,0.28100588192456577,43646U
2025-06-29T01:30:20.682902,34154.76050931019,23473.110138503067,-2984.8072851613274,-1.7082344082713112,2.5948125613628723,0.2820040044790003,43646U
2025-06-29T01:31:20.682902,34051.92706443644,23628.56030076976,-2967.858818944355,-1.7196035181452176,2.5869613927050588,0.28299630766337347,43646U
2025-06-29T01:32:20.682902,33948.4125787472,23783.537893491357,-2950.8509903185873,-1.730936188570497,2.5790599053254275,0.28398277286558715,43646U
2025-06-29T01:33:20.682902,33844.21924525713,23938.039903086734,-2933.7841500836553,-1.7422321963470613,2.5711082822186118,0.2849633816188914,43646U
2025-06-29T01:34:20.682902,33739.34927034303,24092.06332698432,-2916.658650142829,-1.7534913192629769,2.5631067073841027,0.28593811560217897,43646U
2025-06-29T01:35:20.682902,33633.804873684436,24245.605173682117,-2899.474843494289,-1.7647133360989933,2.555055365820062,0.2869069566402733,43646U
2025-06-29T01:36:20.682902,33527.58828820387,24398.662462807537,-2882.233084222343,-1.775898026633061,2.5469544435171207,0.28786988670421504,43646U
2025-06-29T01:37:20.682902,33420.70176000692,24551.232225176824,-2864.9337274886516,-1.7870451716447833,2.5388041274521473,0.28882688791153827,43646U
2025-06-29T01:38:20.682902,33313.14754832208,24703.311502853783,-2847.57712952345,-1.7981545529198122,2.5306046055820253,0.2897779425265433,43646U
2025-06-29T01:39:20.682902,33204.92792544005,24854.89734920868,-2830.1636476167005,-1.8092259532542425,2.5223560668373723,0.2907230329605657,43646U
2025-06-29T01:40:20.682902,33096.04517665335,25005.98682897615,-2812.6936401093094,-1.8202591564589055,2.514058701116286,0.29166214177223454,43646U
2025-06-29T01:41:20.682902,32986.50160019484,25156.577018313474,-2795.167466384234,-1.8312539473636844,2.505712699278017,0.2925952516677321,43646U
2025-06-29T01:42:20.682902,32876.29950717686,25306.66500485767,-2777.585486857658,-1.8422101118217147,2.4973182531366764,0.2935223455010411,43646U
2025-06-29T01:43:20.682902,32765.441221529298,25456.24788778307,-2759.9480629700697,-1.853127436713614,2.488875555454882,0.2944434062741929,43646U
2025-06-29T01:44:20.682902,32653.929079938298,25605.322777857386,-2742.255557177446,-1.8640057099515825,2.480384799937437,0.2953584171375025,43646U
2025-06-29T01:45:20.682902,32541.765431783966,25753.886797498522,-2724.5083329423,-1.8748447204835323,2.4718461812249437,0.2962673613898047,43646U
2025-06-29T01:46:20.682902,32428.95263907809,25901.93708083039,-2706.7067547247684,-1.8856442582971427,2.463259894887424,0.29717022247868247,43646U
2025-06-29T01:47:20.682902,32315.493076401726,26049.470773738492,-2688.8511879736866,-1.8964041144238661,2.454626137417922,0.2980669840006886,43646U
2025-06-29T01:48:20.682902,32201.389130842323,26196.485033925255,-2670.9419991176346,-1.907124080942911,2.4459451062260813,0.29895762970156375,43646U
2025-06-29T01:49:20.682902,32086.643201930958,26342.977030964536,-2652.9795555559986,-1.9178039509851412,2.4372169996317297,0.2998421434764464,43646U
2025-06-29T01:50:20.682902,31971.25770157893,26488.94394635624,-2634.964225649992,-1.9284435187369704,2.4284420168584213,0.3007205093700799,43646U
2025-06-29T01:51:20.682902,31855.23505401444,26634.382973580286,-2616.896378713676,-1.9390425794441912,2.4196203580269873,0.3015927115770126,43646U
2025-06-29T01:52:20.682902,31738.577695718897,26779.291318150237,-2598.776385004972,-1.9496009294157615,2.4107522241490584,0.30245873444179294,43646U
2025-06-29T01:53:20.682902,31621.28807536287,26923.666197666666,-2580.6046157166325,-1.9601183660275596,2.401837817120565,0.30331856245915945,43646U
2025-06-29T01:54:20.682902,31503.368653742138,27067.504841869923,-2562.3814429672484,-1.9705946877260747,2.3928773397152505,0.30417218027422427,43646U
2025-06-29T01:55:20.682902,31384.82190371317,27210.80449269271,-2544.1072397922035,-1.9810296940320682,2.3838709955781465,0.30501957268265184,43646U
2025-06-29T01:56:20.682902,31265.65031012895,27353.56240431181,-2525.7823801346835,-1.991423185544161,2.374818989219066,0.3058607246308309,43646U
2025-06-29T01:57:20.682902,31145.85636977368,27495.77584320022,-2507.407238836565,-2.0017749639424265,2.3657215260060336,0.30669562121604366,43646U
2025-06-29T01:58:20.682902,31025.44259129813,27637.442088178286,-2488.9821916293927,-2.0120848319919036,2.356578812158753,0.30752424768662806,43646U
2025-06-29T01:59:20.682902,30904.41149515436,27778.55843046447,-2470.5076151253147,-2.0223525935460565,2.347391054742041,0.3083465894421329,43646U
2025-06-29T02:00:20.682902,30782.76561353027,27919.122173726097,-2451.983886807988,-2.0325780535502247,2.3381584616592437,0.30916263203347133,43646U
2025-06-29T02:01:20.682902,30660.507490283882,28059.13063412938,-2433.4113850234908,-2.042761018045005,2.328881241645651,0.309972361163066,43646U
2025-06-29T02:02:20.682902,30537.63968087788,28198.581140388982,-2414.7904889712618,-2.05290129416958,2.3195596042619164,0.3107757626849884,43646U
2025-06-29T02:03:20.682902,30414.164752313278,28337.471033817495,-2396.1215786949715,-2.062998690165017,2.31019375988743,0.3115728226050961,43646U
2025-06-29T02:04:20.682902,30290.085283063338,28475.797668374362,-2377.405035073415,-2.0730530153775284,2.3007839197137123,0.31236352708116133,43646U
2025-06-29T02:05:20.682902,30165.40386300712,28613.5584107143,-2358.641239811402,-2.083064080261668,2.291330295737784,0.3131478624229958,43646U
2025-06-29T02:06:20.682902,30040.12309336284,28750.75064023571,-2339.830575430602,-2.0930316963835076,2.281833100755516,0.31392581509257095,43646U
2025-06-29T02:07:20.682902,29914.2455866212,28887.371749128037,-2320.9734252604553,-2.1029556764237376,2.2722925483550105,0.31469737170413076,43646U
2025-06-29T02:08:20.682902,29787.773966478413,29023.41914241932,-2302.070173429014,-2.1128358341807387,2.2627088529099266,0.31546251902429995,43646U
2025-06-29T02:09:20.682902,29660.710867768972,29158.89023802309,-2283.1212048537927,-2.1226719845736195,2.2530822295728274,0.31622124397218854,43646U
2025-06-29T02:10:20.682902,29533.058936398396,29293.782466784844,-2264.126905232625,-2.1324639436451887,2.2434128942685057,0.3169735336194892,43646U
2025-06-29T02:11:20.682902,29404.820829275723,29428.0932725282,-2245.087661034512,-2.1422115285649,2.233701063687315,0.31771937519057003,43646U
2025-06-29T02:12:20.682902,29275.99921424567,29561.820112100795,-2226.003859490432,-2.151914557631748,2.2239469552784614,0.31845875606256263,43646U
2025-06-29T02:13:20.682902,29146.596770020882,29694.96045541947,-2206.875888584191,-2.1615728502771123,2.214150787243332,0.3191916637654447,43646U
2025-06-29T02:14:20.682902,29016.616186114057,29827.511785515086,-2187.7041370432707,-2.171186227067553,2.204312778528796,0.3199180859821157,43646U
2025-06-29T02:15:20.682902,28886.060162769558,29959.47159857725,-2168.4889943296216,-2.180754509707583,2.1944331488204925,0.3206380105484701,43646U
2025-06-29T02:16:20.682902,28754.931410895093,30090.837403998317,-2149.2308506304944,-2.1902775210423777,2.1845121185361256,0.3213514254534642,43646U
2025-06-29T02:17:20.682902,28623.232651993316,30221.606724417146,-2129.930096849269,-2.19975508506044,2.1745499088187445,0.32205831883917657,43646U
2025-06-29T02:18:20.682902,28490.96661809291,30351.777095762503,-2110.587124596222,-2.209187026896245,2.164546741530018,0.32275867900086674,43646U
2025-06-29T02:19:20.682902,28358.13605167983,30481.34606729599,-2091.2023261793665,-2.2185731728328077,2.1545028392435057,0.32345249438702517,43646U
2025-06-29T02:20:20.682902,28224.743705628705,30610.311201654215,-2071.7760945952878,-2.2279133503042114,2.144418425237956,0.32413975359941855,43646U
2025-06-29T02:21:20.682902,28090.79234313304,30738.670074891408,-2052.3088235198775,-2.2372073878981253,2.1342937234905266,0.32482044539313354,43646U
2025-06-29T02:22:20.682902,27956.28473763652,30866.420276520636,-2032.8009072991986,-2.2464551153582306,2.124128958670086,0.32549455867661065,43646U
2025-06-29T02:23:20.682902,27821.223672763204,30993.55940955552,-2013.2527409402408,-2.255656363586641,2.1139243561304433,0.32616208251167655,43646U
2025-06-29T02:24:20.682902,27685.611942248113,31120.08509055084,-1993.6647201017397,-2.2648109646462613,2.1036801419036184,0.3268230061135704,43646U
2025-06-29T02:25:20.682902,27549.452349867322,31245.994949643326,-1974.0372410849368,-2.2739187517631074,2.0933965426930685,0.32747731885096454,43646U
2025-06-29T02:26:20.682902,27412.747709368417,31371.286630591363,-1954.3707008244319,-2.2829795593285716,2.0830737858669743,0.32812501024598023,43646U
2025-06-29T02:27:20.682902,27275.500844400336,31495.957790814868,-1934.6654968789408,-2.291993222901651,2.072712099451464,0.32876606997419905,43646U
2025-06-29T02:28:20.682902,27137.71458844327,31620.006101434603,-1914.92202742209,-2.3009595792111455,2.0623117121238606,0.3294004878646694,43646U
2025-06-29T02:29:20.682902,26999.391784738382,31743.42924731093,-1895.1406912332195,-2.3098784661577896,2.0518728532059263,0.3300282538999076,43646U
2025-06-29T02:30:20.682902,26860.535286217448,31866.224927082414,-1875.321887688162,-2.318749722816361,2.0413957526571003,0.3306493582158942,43646U
2025-06-29T02:31:20.682902,26721.14795543218,31988.39085320396,-1855.4660167500138,-2.3275731894377407,2.03088064106773,0.3312637911020667,43646U
2025-06-29T02:32:20.682902,26581.232664484167,32109.924751983934,-1835.5734789600215,-2.3363487074508917,2.020327749652351,0.33187154300130284,43646U
2025-06-29T02:33:20.682902,26440.79229495339,32230.82436362209,-1815.6446754282601,-2.3450761194648733,2.009737310242877,0.3324726045099066,43646U
2025-06-29T02:34:20.682902,26299.829737827917,32351.087442245993,-1795.6800078245044,-2.3537552692707355,1.9991095552818734,0.33306696637758243,43646U
2025-06-29T02:35:20.682902,26158.3478934327,32470.711755947523,-1775.6798783690062,-2.3623860018434146,1.9884447178157834,0.3336546195074082,43646U
2025-06-29T02:36:20.682902,26016.349671358344,32589.695086819134,-1755.6446898232705,-2.3709681633435773,1.9777430314881568,0.33423555495580326,43646U
2025-06-29T02:37:20.682902,25873.837990390286,32708.035230989164,-1735.5748454808909,-2.3795016011194017,1.9670047305329204,0.33480976393249,43646U
2025-06-29T02:38:20.682902,25730.8157784372,32825.72999865715,-1715.4707491583465,-2.3879861637083475,1.9562300497675997,0.33537723780045253,43646U
2025-06-29T02:39:20.682902,25587.2859724597,32942.77721412879,-1695.3328051857886,-2.3964217008388564,1.9454192245865671,0.3359379680758893,43646U
2025-06-29T02:40:20.682902,25443.251518398833,33059.174715850146,-1675.1614183978759,-2.4048080634320272,1.9345724909542916,0.33649194642816255,43646U
2025-06-29T02:41:20.682902,25298.71537110435,33174.920356441806,-1654.956994124557,-2.413145103603244,1.9236900853985774,0.33703916467974165,43646U
2025-06-29T02:42:20.682902,25153.68049426333,33290.012002732314,-1634.7199381819332,-2.4214326746637487,1.9127722450038351,0.33757961480614157,43646U
2025-06-29T02:43:20.682902,25008.149860327736,33404.44753579173,-1614.4506568629943,-2.429670631122212,1.9018192074042897,0.3381132889358599,43646U
2025-06-29T02:44:20.682902,24862.126450443415,33518.224850963845,-1594.1495569285548,-2.43785882868619,1.890831210777302,0.3386401793503039,43646U
2025-06-29T02:45:20.682902,24715.613254377426,33631.34185789899,-1573.8170455979998,-2.4459971242636147,1.8798084938365762,0.3391602784837177,43646U
2025-06-29T02:46:20.682902,24568.613270446156,33743.79648058599,-1553.4535305401341,-2.4540853759642056,1.8687512958254369,0.3396735789231033,43646U
2025-06-29T02:47:20.682902,24421.129505443438,33855.58665738346,-1533.0594198640542,-2.4621234431008254,1.8576598565101121,0.34018007340813583,43646U
2025-06-29T02:48:20.682902,24273.164974567888,33966.710341051345,-1512.6351221099385,-2.4701111861908425,1.8465344161729769,0.34067975483107693,43646U
2025-06-29T02:49:20.682902,24124.722701350864,34077.165498781476,-1492.1810462399221,-2.478048466957399,1.8353752156058447,0.3411726162366813,43646U
2025-06-29T02:50:20.682902,23975.805717584088,34186.95011222795,-1471.6976016289666,-2.4859351483306695,1.8241824961032498,0.3416586508220999,43646U
2025-06-29T02:51:20.682902,23826.417063247165,34296.06217753703,-1451.185198055701,-2.4937710944490634,1.8129564994557297,0.3421378519367777,43646U
2025-06-29T02:52:20.682902,23676.559786434937,34404.49970537692,-1430.644245693281,-2.501556170660405,1.8016974679431075,0.3426102130823498,43646U
2025-06-29T02:53:20.682902,23526.236943285203,34512.2607209666,-1410.075155100302,-2.50929024352304,1.7904056443278105,0.34307572791252844,43646U
2025-06-29T02:54:20.682902,23375.451597905518,34619.34326410497,-1389.4783372116046,-2.5169731808069504,1.7790812718481335,0.3435343902329915,43646U
2025-06-29T02:55:20.682902,23224.20682230088,34725.745389198964,-1368.8542033292156,-2.5246048514947774,1.7677245942115773,0.3439861940012618,43646U
2025-06-29T02:56:20.682902,23072.505696300967,34831.46516529143,-1348.2031651132534,-2.5321851257828283,1.7563358555881643,0.3444311333265841,43646U
2025-06-29T02:57:20.682902,22920.351307487035,34936.500676088865,-1327.525634572785,-2.5397138750820463,1.7449153006037401,0.34486920246979746,43646U
2025-06-29T02:58:20.682902,22767.746751119237,35040.85001998845,-1306.8220240567678,-2.547190972018932,1.7334631743333206,0.3453003958432042,43646U
2025-06-29T02:59:20.682902,22614.695130063577,35144.51131010481,-1286.0927462449563,-2.554616290436427,1.721979722294419,0.34572470801043387,43646U
2025-06-29T03:00:20.682902,22461.199554718733,35247.48267429653,-1265.3382141388058,-2.5619897053947667,1.710465190440377,0.3461421336863028,43646U
2025-06-29T03:01:20.682902,22307.26314294326,35349.762255191854,-1244.55884105244,-2.5693110931722694,1.6989198251537336,0.3465526677366701,43646U
2025-06-29T03:02:20.682902,22152.88901998239,35451.34821021438,-1223.7550406035753,-2.5765803312661126,1.6873438732395794,0.3469563051782891,43646U
2025-06-29T03:03:20.682902,21998.08031839491,35552.238711608166,-1202.9272267044878,-2.583797298393049,1.6757375819189206,0.34735304117865473,43646U
2025-06-29T03:04:20.682902,21842.84017797981,35652.431946462544,-1182.075813552948,-2.590961874490103,1.6641011988220515,0.34774287105584717,43646U
2025-06-29T03:05:20.682902,21687.171745703443,35751.9261167363,-1161.2012156232363,-2.5980739407151985,1.652434971981957,0.34812579027837054,43646U
2025-06-29T03:06:20.682902,21531.078175625495,35850.71943928206,-1140.30384765703,-2.605133379447801,1.6407391498276576,0.3485017944649895,43646U
2025-06-29T03:07:20.682902,21374.562628826563,35948.81014586936,-1119.384124654517,-2.6121400742894485,1.629013981177675,0.3488708793845592,43646U
2025-06-29T03:08:20.682902,21217.628273334274,36046.19648320807,-1098.4424618653034,-2.619093910064303,1.6172597152334016,0.349233040955853,43646U
2025-06-29T03:09:20.682902,21060.278284050128,36142.876712971156,-1077.479274779475,-2.6259947728196336,1.605476601572542,0.349588275247386,43646U
2025-06-29T03:10:20.682902,20902.515842675806,36238.849111817064,-1056.4949791185697,-2.6328425498262815,1.5936648901425225,0.34993657847723436,43646U
2025-06-29T03:11:20.682902,20744.344137640383,36334.11197141154,-1035.4899908266925,-2.63963712957905,1.5818248312539767,0.35027794701285025,43646U
2025-06-29T03:12:20.682902,20585.766364026018,36428.663598449544,-1014.4647260614499,-2.6463784017971155,1.5699566755741408,0.35061237737087475,43646U
2025-06-29T03:13:20.682902,20426.785723495137,36522.50231467624,-993.4196011850884,-2.6530662574243413,1.5580606741203566,0.3509398662169446,43646U
2025-06-29T03:14:20.682902,20267.405424216726,36615.62645690776,-972.3550327555347,-2.6597005886295837,1.5461370782535384,0.35126041036549616,43646U
2025-06-29T03:15:20.682902,20107.628680792746,36708.03437705179,-951.2714375174608,-2.6662812888069665,1.5341861396716499,0.35157400677956624,43646U
2025-06-29T03:16:20.682902,19947.458714184955,36799.724442127364,-930.1692323934209,-2.672808252576088,1.522208110403224,0.3518806525705879,43646U
2025-06-29T03:17:20.682902,19786.89875164078,36890.69503428485,-909.0488344748806,-2.6792813757822347,1.5102032428008294,0.3521803449981838,43646U
2025-06-29T03:18:20.682902,19625.95202662029,36980.94455082486,-887.9106610133928,-2.6857005554965157,1.498171789534632,0.3524730814699544,43646U
2025-06-29T03:19:20.682902,19464.621778722427,37070.47140421735,-866.7551294117014,-2.692065690015987,1.4861140035859084,0.35275885954126407,43646U
2025-06-29T03:20:20.682902,19302.911253611474,37159.274022119906,-845.5826572148892,-2.6983766788637253,1.4740301382405927,0.3530376769150218,43646U
2025-06-29T03:21:20.682902,19140.823702943613,37247.35084739594,-824.3936621015426,-2.7046334227888704,1.4619204470828477,0.3533095314414603,43646U
2025-06-29T03:22:20.682902,18978.36238429311,37334.70033813243,-803.1885618748847,-2.71083582376664,1.44978518398861,0.3535744211179095,43646U
2025-06-29T03:23:20.682902,18815.53056107901,37421.32096765712,-781.9677744539994,-2.716983784998291,1.4376246031191988,0.3538323440885679,43646U
2025-06-29T03:24:20.682902,18652.331502491394,37507.21122455549,-760.7317178649965,-2.7230772109110597,1.4254389589148992,0.35408329864427013,43646U
2025-06-29T03:25:20.682902,18488.768483417884,37592.369612687406,-739.4808102322261,-2.729116007158057,1.4132285060885696,0.35432728322225027,43646U
2025-06-29T03:26:20.682902,18324.844784370085,37676.79465120315,-718.2154697695104,-2.735100080618134,1.4009934996192734,0.3545642964059024,43646U
2025-06-29T03:27:20.682902,18160.563691410316,37760.484874559166,-696.9361147714056,-2.741029339395705,1.3887341947459333,0.3547943369245373,43646U
2025-06-29T03:28:20.682902,17995.928496077468,37843.4388325337,-675.6431636043866,-2.7469036928205495,1.3764508469609376,0.3550174036531365,43646U
2025-06-29T03:29:20.682902,17830.94249531433,37925.65509024146,-654.3370346982105,-2.752723051447553,1.3641437120038697,0.35523349561210155,43646U
2025-06-29T03:30:20.682902,17665.608991393026,38007.13222814875,-633.0181465370728,-2.7584873270564643,1.3518130458551079,0.3554426119670018,43646U
2025-06-29T03:31:20.682902,17499.93129184261,38087.86884208717,-611.6869176510398,-2.7641964326515427,1.3394591047296038,0.3556447520283165,43646U
2025-06-29T03:32:20.682902,17333.9127093749,38167.863543267915,-590.3437666072715,-2.7698502824612388,1.3270821450705395,0.3558399152511759,43646U
2025-06-29T03:33:20.682902,17167.55656181138,38247.11495829511,-568.9891120013906,-2.7754487919378064,1.3146824235430736,0.3560281012350974,43646U
2025-06-29T03:34:20.682902,17000.86617200957,38325.621729178936,-547.6233724488097,-2.7809918777568927,1.3022601970280754,0.3562093097237196,43646U
2025-06-29T03:35:20.682902,16833.844867789947,38403.38251334845,-526.2469665761249,-2.786479457817078,1.2898157226158948,0.3563835406045319,43646U
2025-06-29T03:36:20.682902,16666.495981862077,38480.39598366396,-504.8603130124294,-2.791911451239419,1.2773492576001026,0.35655079390860256,43646U
2025-06-29T03:37:20.682902,16498.822851751804,38556.660828428954,-483.4638303807753,-2.797287778366908,1.264861059471314,0.356711069810302,43646U
2025-06-29T03:38:20.682902,16330.828819727705,38632.17575140184,-462.05793728955405,-2.8026083607639434,1.2523513859109754,0.3568643686270235,43646U
2025-06-29T03:39:20.682902,16162.517232727665,38706.93947180716,-440.6430523238982,-2.807873121215742,1.2398204947851723,0.3570106908189018,43646U
2025-06-29T03:40:20.682902,15993.891442286093,38780.95072434648,-419.2195940371908,-2.8130819837277263,1.2272686441385,0.3571500369885266,43646U
2025-06-29T03:41:20.682902,15824.954804460502,38854.20825920885,-397.78798094249385,-2.8182348735248732,1.2146960921878958,0.35728240788065485,43646U
2025-06-29T03:42:20.682902,15655.710679757964,38926.710842081186,-376.34863150397376,-2.8233317170510555,1.202103097316485,0.35740780438191955,43646U
2025-06-29T03:43:20.682902,15486.162433062635,38998.45725415781,-354.90196412848724,-2.8283724419683054,1.1894899180675107,0.3575262275205345,43646U
2025-06-29T03:44:20.682902,15316.313433562365,39069.44629215,-333.4483971570457,-2.8333569771560927,1.1768568131382162,0.35763767846599764,43646U
2025-06-29T03:45:20.682902,15146.167054675687,39139.67676829503,-311.9883488563596,-2.8382852527105413,1.1642040413737642,0.35774215852879065,43646U
2025-06-29T03:46:20.682902,14975.726673979045,39209.1475103648,-290.5222374103996,-2.8431571999436183,1.151531861761192,0.3578396691600751,43646U
2025-06-29T03:47:20.682902,14804.995673133577,39277.857361674236,-269.0504809119484,-2.847972751382313,1.1388405334233473,0.3579302119513872,43646U
2025-06-29T03:48:20.682902,14633.977437812246,39345.805181089345,-247.57349735416648,-2.8527318407677624,1.1261303156128593,0.35801378863432864,43646U
2025-06-29T03:49:20.682902,14462.675357627468,39412.98984303457,-226.09170462227013,-2.8574344030543397,1.113401467706165,0.3580904010802545,43646U
2025-06-29T03:50:20.682902,14291.092826057615,39479.41023750037,-204.60552048506057,-2.862080374408752,1.1006542491974658,0.35816005129995915,43646U
2025-06-29T03:51:20.682902,14119.233240375064,39545.06527004976,-183.11536258665993,-2.866669692209052,1.0878889196928103,0.3582227414433585,43646U
2025-06-29T03:52:20.682902,13947.100001572966,39609.95386182514,-161.62164843810461,-2.8712022950436666,1.0751057389040997,0.3582784737991708,43646U
2025-06-29T03:53:20.682902,13774.69651429317,39674.07494955419,-140.12479540908677,-2.8756781227103674,1.0623049666431887,0.358327250794593,43646U
2025-06-29T03:54:20.682902,13602.026186753084,39737.42748555602,-118.62522071958176,-2.880097116215226,1.049486862815924,0.3583690749949756,43646U
2025-06-29T03:55:20.682902,13429.092430673762,39800.010437746314,-97.12334143164435,-2.8844592177715347,1.0366516874162914,0.3584039491034954,43646U
2025-06-29T03:56:20.682902,13255.898661207044,39861.8227896427,-75.61957444107993,-2.888764370798697,1.0237997005204975,0.35843187596082365,43646U
2025-06-29T03:57:20.682902,13082.448296863739,39922.863540369326,-54.11433646927798,-2.893012519921083,1.0109311622811519,0.358452858544794,43646U
2025-06-29T03:58:20.682902,12908.744759440964,39983.13170466131,-32.6080440549418,-2.897203610966872,0.998046332921398,0.35846689997006576,43646U
2025-06-29T03:59:20.682902,12734.791473950068,40042.62631286889,-11.10111354590219,-2.9013375909668513,0.9851454727290979,0.3584740034877863,43646U
2025-06-29T04:00:20.682902,12560.591868544472,40101.346410961,10.406038909066325,-2.9054144081531925,0.9722288420510307,0.3584741724852495,43646U
2025-06-29T04:01:20.682902,12386.149374447808,40159.291060528754,31.912997368380672,-2.909434011958201,0.959296701287124,0.35846741048555386,43646U
2025-06-29T04:02:20.682902,12211.467425881685,40216.45933878839,53.419346105817674,-2.9133963530130336,0.9463493108846713,0.358453721147255,43646U
2025-06-29T04:03:20.682902,12036.54945999385,40272.850338583965,74.92466961862688,-2.9173013831463943,0.9333869313325962,0.3584331082640191,43646U
