timestamp,x_km,y_km,z_km,vx_km_s,vy_km_s,vz_km_s,name
2025-06-29T05:36:50.756238,-7063.328770928844,881.7638853224945,0.010782942073586337,0.1460906156314265,1.1422835054590366,7.393694891302975,48178U
2025-06-29T05:37:50.756238,-7040.504022287255,948.4996122242717,443.33716470245895,0.6144966856575368,1.0814980857209193,7.378931899879088,48178U
2025-06-29T05:38:50.756238,-6989.638245905216,1011.4576423850472,884.8931852651675,1.0804801276327345,1.0164019266517514,7.334701794819024,48178U
2025-06-29T05:39:50.756238,-6910.933019651823,1070.387082061441,1322.9155058509027,1.5421690045052399,0.9472561936796318,7.261180554532832,48178U
2025-06-29T05:40:50.756238,-6804.701741085621,1125.0532074070238,1755.6549456086761,1.9977092046829303,0.8743385436524047,7.1586640088926154,48178U
2025-06-29T05:41:50.756238,-6671.368317957818,1175.2384177818283,2181.383632909626,2.445272435575566,0.7979419064492316,7.027566425138771,48178U
2025-06-29T05:42:50.756238,-6511.465383911896,1220.7431138278637,2598.4020542695766,2.8830640496680258,0.71837319621381,6.868418508446386,48178U
2025-06-29T05:43:50.756238,-6325.632050960676,1261.3864963813462,3005.0459664314135,3.3093306515474668,0.6359519621728783,6.681864839711536,48178U
2025-06-29T05:44:50.756238,-6114.611213296205,1297.0072829021913,3399.693138664934,3.7223674384800365,0.5510089894043034,6.4686607790165604,48178U
2025-06-29T05:45:50.756238,-5879.246419687697,1327.464338728571,3780.7698941994886,4.120525232120892,0.46388486009351154,6.2296688683373995,48178U
2025-06-29T05:46:50.756238,-5620.478334105183,1352.637221095737,4146.757421841818,4.502217164580757,0.3749284857655513,5.965854771236092,48178U
2025-06-29T05:47:50.756238,-5339.340806236288,1372.4266344801447,4496.197831191197,4.865924988181193,0.28449562071038215,5.678282790439797,48178U
2025-06-29T05:48:50.756238,-5036.956575219722,1386.7547964298374,4827.69992738059,5.21020498460887,0.1929473663462757,5.368111006284613,48178U
2025-06-29T05:49:50.756238,-4714.532631188999,1395.5657136083043,5139.944683884371,5.533693455626127,0.1006486756118996,5.036586079971434,48178U
2025-06-29T05:50:50.756238,-4373.355260107691,1398.8253683015644,5431.690394569662,5.835111783803053,0.007966865669951941,4.685037765460246,48178U
2025-06-29T05:51:50.756238,-4014.7847978950354,1396.5218161086796,5701.7774887694195,6.113271057712559,-0.08472985372361562,4.314873172667661,48178U
2025-06-29T05:52:50.756238,-3640.2501200139022,1388.6651959481662,5949.13299565857,6.367076261491264,-0.17707382984420758,3.9275708225205914,48178U
2025-06-29T05:53:50.756238,-3251.242892557744,1375.2876538626567,6172.774646566887,6.595530033455601,-0.2686993893353782,3.5246745314761254,48178U
2025-06-29T05:54:50.756238,-2849.311610472174,1356.4431823903153,6371.814606018376,6.797736002441759,-0.3592442290413781,3.1077871594926103,48178U
2025-06-29T05:55:50.756238,-2436.0554479337166,1332.207377494437,6545.462824209814,6.9729017136070155,-0.4483507721501324,2.678564251301488,48178U
2025-06-29T05:56:50.756238,-2013.1179451373478,1302.6771152055987,6693.030005305941,7.120341157523409,-0.5356674874216357,2.238707596369718,48178U
2025-06-29T05:57:50.756238,-1582.1805548772961,1267.9701502390435,6813.930187321415,7.239476917482525,-0.6208501701313806,1.7899587283568608,48178U
2025-06-29T05:58:50.756238,-1144.9560714009904,1228.2246389104837,6907.682930477917,7.32984195002287,-0.7035631840772558,1.334092380356837,48178U
2025-06-29T05:59:50.756238,-703.1819631334489,1183.5985886956257,6973.915111778663,7.391081012836156,-0.783480664557819,0.8729099079667038,48178U
2025-06-29T06:00:50.756238,-258.61363006309523,1134.2692367720608,7012.36232415337,7.422951752490118,-0.860287682611137,0.4082326884243264,48178U
2025-06-29T06:01:50.756238,186.9823941009807,1080.4323598580647,7022.869878925396,7.425325461940872,-0.9336813709963758,-0.058104499133424685,48178U
2025-06-29T06:02:50.756238,631.8352754056389,1022.3015176326303,7005.393410580834,7.39818751474329,-1.003372012401595,-0.5242601096838777,48178U
2025-06-29T06:03:50.756238,1074.176729486842,960.1072319961743,6959.99908292386,7.341637479373789,-1.069084090174923,-0.9883924835837667,48178U
2025-06-29T06:04:50.756238,1512.2478685820088,894.0961044228044,6886.863395738272,7.255888913343194,-1.1305573015151802,-1.4486665127297351,48178U
2025-06-29T06:05:50.756238,1944.306026416579,824.5298736727304,6786.272591097923,7.141268832995703,-1.1875475325400597,-1.9032603209575445,48178U
2025-06-29T06:06:50.756238,2368.6315413083275,751.6844161861987,6658.621658537198,6.998216851264025,-1.2398277940017886,-2.3503719567653785,48178U
2025-06-29T06:07:50.756238,2783.5344772724966,675.8486915750507,6504.412938463282,6.8272839723759695,-1.287189115672213,-2.7882260942727743,48178U
2025-06-29T06:08:50.756238,3187.361262166795,597.3236357698906,6324.254323517902,6.629131029769172,-1.3294413966067122,-3.2150807353163535,48178U
2025-06-29T06:09:50.756238,3578.5012210268383,516.4210045724346,6118.857058124591,6.404526751431783,-1.3664142076585657,-3.6292339018533606,48178U
2025-06-29T06:10:50.756238,3955.3929817538765,433.46217060437516,5889.03313722778,6.154345435688792,-1.3979575417917312,-4.02903030353847,48178U
2025-06-29T06:11:50.756238,4316.530729282551,348.7768769342919,5635.692306272382,5.879564220204136,-1.423942506971215,-4.412867960630453,48178U
2025-06-29T06:12:50.756238,4660.470283332729,262.70195099887394,5359.838665808916,5.581259927745114,-1.4442619557351362,-4.779204757460973,48178U
2025-06-29T06:13:50.756238,4985.834973939071,175.57998279718257,5062.566885711755,5.26060547405513,-1.4588310450095723,-5.126564896804422,48178U
2025-06-29T06:14:50.756238,5291.32128803904,87.75797176423623,4745.058036014992,4.918865826163465,-1.4675877193386426,-5.453545220642608,48178U
2025-06-29T06:15:50.756238,5575.704260011656,-0.41405290696730385,4408.575043389423,4.55739350315591,-1.4704931105195722,-5.758821358723502,48178U
2025-06-29T06:16:50.756238,5837.842578476931,-88.58443324115501,4054.4577849281445,4.17762361645726,-1.4675318466337455,-6.041153662336614,48178U
2025-06-29T06:17:50.756238,6076.683381814528,-176.40129912857705,3684.1178334099336,3.7810684521305604,-1.458712263710781,-6.299392877977605,48178U
2025-06-29T06:18:50.756238,6291.266715119523,-263.51399460567296,3299.0328710668527,3.3693116040178195,-1.4440665137213695,-6.532485513496838,48178U
2025-06-29T06:19:50.756238,6480.72962208337,-349.5745073861683,2900.7407916931625,2.9440016731826004,-1.4236505632782255,-6.739478848435944,48178U
2025-06-29T06:20:50.756238,6644.309846336587,-434.2388949122721,2490.8335139952283,2.5068455562552234,-1.3975440783270667,-6.919525540365099,48178U
2025-06-29T06:21:50.756238,6781.349118478384,-517.1686999935712,2070.950531719259,2.059601352061073,-1.3658501911910836,-7.071887780573107,48178U
2025-06-29T06:22:50.756238,6891.296006885373,-598.0323488759713,1642.772229019799,1.6040709229519885,-1.3286951475933422,-7.19594095494322,48178U
2025-06-29T06:23:50.756238,6973.708312829656,-676.5065245035895,1208.0129919792098,1.1420921535949258,-1.2862278326663126,-7.291176769679761,48178U
2025-06-29T06:24:50.756238,7028.254993169443,-752.2775077144639,768.4141495019499,0.6755309558340923,-1.2386191764417451,-7.357205806392193,48178U
2025-06-29T06:25:50.756238,7054.717596955526,-825.0424791872827,325.73677876709826,0.20627307327194008,-1.1860614408506942,-7.393759476883131,48178U
2025-06-29T06:26:50.756238,7052.991205649417,-894.5107751253727,-118.2455879947432,-0.2637842567220969,-1.1287673918096304,-7.40069135465376,48178U
2025-06-29T06:27:50.756238,7023.0848702130625,-960.4050899248671,-561.7543174693171,-0.732740722900748,-1.0669693614799398,-7.377977867456988,48178U
2025-06-29T06:28:50.756238,6965.121542036018,-1022.4626194242396,-1003.0130513362866,-1.1987013794937225,-1.0009182072198823,-7.3257183429958275,48178U
2025-06-29T06:29:50.756238,6879.337498439164,-1080.4361387643457,-1440.2550655879506,-1.6597850420953972,-0.9308821750600634,-7.244134407863701,48178U
2025-06-29T06:30:50.756238,6766.081267257433,-1134.0950093954323,-1871.7305744742362,-2.1141325779378963,-0.8571456766868416,-7.133568747829534,48178U
2025-06-29T06:31:50.756238,6625.812058680967,-1183.226110337615,-2295.7139411857365,-2.559915030441223,-0.7800079898815219,-6.994483245358213,48178U
2025-06-29T06:32:50.756238,6459.097716050565,-1227.634689423285,-2710.510758571069,-2.9953415211652383,-0.699781893110138,-6.8274565176081055,48178U
2025-06-29T06:33:50.756238,6266.612200590736,-1267.1451309091576,-3114.46476479114,-3.418666876607543,-0.6167922454708165,-6.633180884859889,48178U
2025-06-29T06:34:50.756238,6049.132628060541,-1301.6016365284097,-3505.9645607991165,-3.8281989325597388,-0.5313745234718541,-6.412458805224708,48178U
2025-06-29T06:35:50.756238,5807.535877957335,-1330.868817743712,-3883.450098844409,-4.222305474780409,-0.44387332613195724,-6.166198816404367,48178U
2025-06-29T06:36:50.756238,5542.794798180325,-1354.8321976462817,-4245.41891377155,-4.599420781375274,-0.354640859669268,-5.895411029113976,48178U
2025-06-29T06:37:50.756238,5255.974029921734,-1373.3986216090332,-4590.432071650222,-4.958051739281225,-0.2640354125926153,-5.601202219450006,48178U
2025-06-29T06:38:50.756238,4948.22547898642,-1386.496576431216,-4917.119813162111,-5.296783514415253,-0.17241983134676492,-5.284770568952874,48178U
2025-06-29T06:39:50.756238,4620.783460746011,-1394.0764182954524,-5224.18687210733,-5.614284762146871,-0.0801600058221872,-4.947400101377657,48178U
2025-06-29T06:40:50.756238,4274.9595465197335,-1396.1105103862183,-5510.417452310368,-5.909312371573605,0.01237662694860565,-4.590454864288914,48178U
2025-06-29T06:41:50.756238,3912.1371393651357,-1392.593271484161,-5774.679849033926,-6.180715743420984,0.10482255368433273,-4.21537290161803,48178U
2025-06-29T06:42:50.756238,3533.7658070941097,-1383.541137247425,-6015.930703686418,-6.42744060707097,0.1968116242804652,-3.8236600603811772,48178U
2025-06-29T06:43:50.756238,3141.355399844701,-1368.9924362170923,-6233.218883084751,-6.648532387095491,0.28798045490378466,-3.4168836709970094,48178U
2025-06-29T06:44:50.756238,2736.4699787921895,-1349.0071828386215,-6425.688976762519,-6.843139133611662,0.3779697910720898,-2.9966661362396367,48178U
2025-06-29T06:45:50.756238,2320.7215816324388,-1323.6667899766103,-6592.584407762996,-7.010514033697011,0.4664258281586602,-2.5646784590040776,48178U
2025-06-29T06:46:50.756238,1895.7638493774512,-1293.0737035214283,-6733.250154006511,-7.1500175229605585,0.5530014877927414,-2.1226337339491286,48178U
2025-06-29T06:47:50.756238,1463.2855378340898,-1257.3509617495372,-6847.135078663152,-7.2611190171486975,0.6373576495322772,-1.6722806229246743,48178U
2025-06-29T06:48:50.756238,1025.0039359531454,-1216.6416821132361,-6933.793868998934,-7.343398283405816,0.719164337936582,-1.215396829088755,48178U
2025-06-29T06:49:50.756238,582.6582121001076,-1171.1084781101604,-6992.888583911939,-7.396546469575231,0.7981018657417981,-0.7537825799695672,48178U
2025-06-29T06:50:50.756238,138.00270826254769,-1120.9328088289017,-7024.189810861731,-7.420366807820072,0.8738619342270196,-0.28925412560223995,48178U
2025-06-29T06:51:50.756238,-307.1997986752006,-1066.3142636966322,-7027.577433155911,-7.414775005997585,0.9461486920452696,0.17636274557151957,48178U
2025-06-29T06:52:50.756238,-751.1848501571866,-1007.4697848790651,-7003.041008638393,-7.379799336793872,1.014679753781538,0.6412391729903506,48178U
2025-06-29T06:53:50.756238,-1192.1930557269247,-944.6328297143443,-6950.679760774615,-7.315580430795894,1.0791871792975645,1.1035496741320965,48178U
2025-06-29T06:54:50.756238,-1628.4768216332982,-878.0524755115101,-6870.702183006136,-7.2223707756352145,1.1394184145435728,1.5614785810065432,48178U
2025-06-29T06:55:50.756238,-2058.3070405626204,-807.99246902046,-6763.425257108361,-7.10053391928049,1.1951371939827473,2.013226465241882,48178U
2025-06-29T06:56:50.756238,-2479.9797245512887,-734.7302228929918,-6629.27328618882,-6.95054337167923,1.246124404110875,2.4570165528552033,48178U
2025-06-29T06:57:50.756238,-2891.8225626784224,-658.555761509433,-6468.776342965304,-6.77298119544276,1.2921789067934295,2.891101127717483,48178U
2025-06-29T06:58:50.756238,-3292.2013844893063,-579.7706186477914,-6282.568334115117,-6.568536273305696,1.3331183203202808,3.3137679198172,48178U
2025-06-29T06:59:50.756238,-3679.5265092964555,-498.6866896246156,-6071.384681834101,-6.3380022378267045,1.3687797552316991,3.7233464708135493,48178U
2025-06-29T07:00:50.756238,-4052.258960592374,-415.6250407389498,-5836.059624324645,-6.082275047358114,1.399020501137346,4.118214465196567,48178U
2025-06-29T07:01:50.756238,-4408.916523835873,-330.91467910126187,-5577.523137774447,-5.802350191797481,1.4237186599704477,4.496804010802192,48178U
2025-06-29T07:02:50.756238,-4748.0796249066525,-244.89128622236635,-5296.79748350624,-5.499319512103251,1.4427737204293585,4.857607847657077,48178U
2025-06-29T07:03:50.756238,-5068.397005585979,-157.89591907542027,-4994.993385407924,-5.174367619068007,1.4561070677902765,5.199185459307051,48178U
2025-06-29T07:04:50.756238,-5368.591171711733,-70.27368268312335,-4673.305844368369,-4.828767899259,1.4636624228644948,5.520169056257407,48178U
2025-06-29T07:05:50.756238,-5647.463588882811,17.62762129606793,-4333.009598536,-4.463878099640196,1.4654062036277842,5.8192693967418645,48178U
2025-06-29T07:06:50.756238,-5903.899600394028,105.45886516893033,-3975.454240245838,-4.081135486549887,1.461327803016896,6.095281406548723,48178U
2025-06-29T07:07:50.756238,-6136.873041849405,192.87097976265463,-3602.059002962534,-3.6820515799287743,1.4514397765454232,6.34708955652102,48178U
2025-06-29T07:08:50.756238,-6345.450527188037,279.51634734955695,-3214.3072340686913,-3.2682064693503747,1.4357779337697842,6.573672954304845,48178U
2025-06-29T07:09:50.756238,-6528.795381384635,365.05019699620124,-2813.7405720536453,-2.8412427246748373,1.4144013282232288,6.7741101057288295,48178U
2025-06-29T07:10:50.756238,-6686.171196156727,449.13199613879135,-2401.952849126831,-2.4028589203718473,1.3873921412105517,6.947583301240896,48178U
2025-06-29T07:11:50.756238,-6816.944986192978,531.4268318743008,-1980.583743215461,-1.9548027993820623,1.3548554558306634,7.093382583674714,48178U
2025-06-29T07:12:50.756238,-6920.589925291051,611.6067753288556,-1551.312205607252,-1.4988641085013412,1.3169189187063788,7.2109092559072225,48178U
2025-06-29T07:13:50.756238,-6996.687643821333,689.3522223215441,-1115.8496930224323,-1.0368671434615224,1.2737322881549569,7.299678890103603,48178U
2025-06-29T07:14:50.756238,-7044.930071405461,764.3532035142588,-675.9332350291753,-0.5706630473629842,1.2254668688749535,7.359323804505357,48178U
2025-06-29T07:15:50.756238,-7065.120811456032,836.310657283086,-233.3183696115586,-0.10212191094136995,1.1723148346257564,7.389594978866592,48178U
2025-06-29T07:16:50.756238,-7057.176037248016,904.9376586771477,210.22801874537203,0.36687527288812977,1.1144884417932577,7.390363385583491,48178U
2025-06-29T07:17:50.756238,-7021.124902425003,969.9605980450444,652.9349229035116,0.8344447447866269,1.0522191381292227,7.361620720129587,48178U
2025-06-29T07:18:50.756238,-6957.109462223218,1031.1203032056171,1093.0344625280143,1.2987081477332294,0.9857565722818348,7.303479521425996,48178U
2025-06-29T07:19:50.756238,-6865.384105156055,1088.1730994124146,1528.7691224774153,1.7578006706868072,0.9153675109633996,7.2161726800449495,48178U
2025-06-29T07:20:50.756238,-6746.314498373445,1140.8918018040913,1958.398943541535,2.2098791095199406,0.8413346716928384,7.100052339462625,48178U
2025-06-29T07:21:50.756238,-6600.37605332308,1189.066635536165,2380.208629463619,2.6531297891481214,0.7639554799751301,6.955588202737648,48178U
2025-06-29T07:22:50.756238,-6428.151921627698,1232.5060793430018,2792.5145351252363,3.0857762934497486,0.6835407605121964,6.783365263793375,48178U
2025-06-29T07:23:50.756238,-6230.330534190215,1271.0376288697428,3193.6715021053933,3.506086953256231,0.6004133725617948,6.58408098873801,48178U
2025-06-29T07:24:50.756238,-6007.702699389552,1304.5084767301748,3582.0795095146204,3.9123820472680335,0.5149067998607022,6.3585419781965244,48178U
2025-06-29T07:25:50.756238,-5761.1582787850475,1332.7861068739821,3956.190110000866,4.303040676069205,0.42736370560233133,6.107660146308648,48178U
2025-06-29T07:26:50.756238,-5491.682460967333,1355.7588014723867,4314.512623073185,4.676507275296988,0.33813446281037374,5.832448455753491,48178U
2025-06-29T07:27:50.756238,-5200.351656048697,1373.3360591418602,4655.620060331365,5.031297740284545,0.2475756700898077,5.534016250812419,48178U
2025-06-29T07:28:50.756238,-4888.329034761484,1385.4489239088482,4978.154759758053,5.366005140929421,0.15604866218340072,5.213564232035625,48178U
2025-06-29T07:29:50.756238,-4556.859737221201,1392.0502248638218,5280.833708861887,5.679305011947276,0.06391802403918631,4.872379116526441,48178U
2025-06-29T07:30:50.756238,-4207.265777122409,1393.1147269507292,5562.453539086598,5.969960209844134,-0.028449883766793266,4.511828027235829,48178U
2025-06-29T07:31:50.756238,-3840.940667487026,1388.6391937810556,5821.895176462527,6.23682533369468,-0.12068838137433142,4.133352653035696,48178U
2025-06-29T07:32:50.756238,-3459.3437941074158,1378.6423637447176,6058.128135914631,6.478850711974785,-0.21243190190459488,3.73846321881806,48178U
2025-06-29T07:33:50.756238,-3063.9945625604128,1363.1648410100265,6270.214448905344,6.695085962116038,-0.3033173948633902,3.3287323015821073,48178U
2025-06-29T07:34:50.756238,-2656.4663441612392,1342.2689032617077,6457.312216139568,6.884683133009209,-0.3929856969473907,2.905788524583262,48178U
2025-06-29T07:35:50.756238,-2238.380245531569,1316.0382282207781,6618.678778862318,7.046899443297616,-0.4810828675172711,2.47131015730598,48178U
2025-06-29T07:36:50.756238,-1811.3987256331964,1284.5775411274628,6753.673503816025,7.181099629920275,-0.5672614869133696,2.0270186444793725,48178U
2025-06-29T07:37:50.756238,-1377.2190832262852,1248.0121854541746,6861.760178186864,7.286757921978766,-0.6511819165827448,1.574672082778644,48178U
2025-06-29T07:38:50.756238,-937.5668368116784,1206.487619157985,6942.509011860315,7.363459654637652,-0.7325135206322354,1.1160586594461548,48178U
2025-06-29T07:39:50.756238,-494.18901826304375,1160.1688387901797,6995.598245041785,7.410902536492527,-0.8109358489009542,0.6529900630083721,48178U
2025-06-29T07:40:50.756238,-48.8474006035842,1109.2397337653465,7020.815359803999,7.428897581751444,-0.8861397819406855,0.18729487273665213,48178U
2025-06-29T07:41:50.756238,396.6883202249705,1053.902373064759,7018.057894435204,7.417369715807449,-0.9578286383984214,-0.27918806935133694,48178U
2025-06-29T07:42:50.756238,840.6473701775924,994.3762266204193,6987.333859625737,7.3763580594897435,-1.0257192452105983,-0.7446163022015858,48178U
2025-06-29T07:43:50.756238,1281.264749297933,930.8973236079762,6928.761755595668,7.306015893647922,-1.0895429707520563,-1.2071504045531714,48178U
2025-06-29T07:44:50.756238,1716.788072071053,863.717349879627,6842.570189288919,7.206610301940904,-1.1490467206491823,-1.664960668502329,48178U
2025-06-29T07:45:50.756238,2145.4843764870297,793.1026868010586,6729.097090796713,7.078521485969007,-1.2039938953884024,-2.116233786660206,48178U
2025-06-29T07:46:50.756238,2565.646881909798,719.3333938282628,6588.7885282838115,6.922241743404549,-1.2541653081554927,-2.5591795500606427,48178U
2025-06-29T07:47:50.756238,2975.6016751962493,642.7021372755573,6422.197120929035,6.738374096732981,-1.2993600605621602,-2.9920375513937314,48178U
2025-06-29T07:48:50.756238,3373.7143036903494,563.5130678907221,6229.980049808831,6.527630557790733,-1.3393963730898881,-3.4130838847702853,48178U
2025-06-29T07:49:50.756238,3758.396252775589,482.08065006739423,6012.89666729142,6.2908300116295255,-1.3741123662468724,-3.820637829200384,48178U
2025-06-29T07:50:50.756238,4128.111284650519,398.7284457889183,5771.805706406151,6.028895702477079,-1.4033667876324023,-4.213068498448349,48178U
2025-06-29T07:51:50.756238,4481.381613957336,313.7878567079799,5507.662092831148,5.742852304792206,-1.4270396793738114,-4.588801435093228,48178U
2025-06-29T07:52:50.756238,4816.793894898528,227.59682811833494,5221.513363619613,5.433822563687205,-1.4450329797819743,-4.946325121670159,48178U
2025-06-29T07:53:50.756238,5133.004993611479,140.4985189542236,4914.495698538762,5.103023491303625,-1.4572710525978294,-5.284197376930033,48178U
2025-06-29T07:54:50.756238,5428.747518793489,52.839942377972974,4587.8295720087035,4.751762109156143,-1.4637011368990236,-5.601051600627897,48178U
2025-06-29T07:55:50.756238,5702.8350832077695,-35.029418095205905,4242.8150358375415,4.381430730679624,-1.4642937106392795,-5.895602826322916,48178U
2025-06-29T07:56:50.756238,5954.167268363018,-122.75901152794118,3880.826645618732,3.993501783556448,-1.4590427608980863,-6.166653538154606,48178U
2025-06-29T07:57:50.756238,6181.734264899725,-209.99863575824065,3503.3080462934654,3.589522177244024,-1.447965954260175,-6.413099205159575,48178U
2025-06-29T07:58:50.756238,6384.621161709865,-296.39986069171397,3111.7662352250695,3.171107227618844,-1.4311047013017129,-6.633933485160712,48178U
2025-06-29T07:59:50.756238,6562.011857689946,-381.61745215853824,2707.7655241133025,2.739934157601253,-1.4085241099421026,-6.8282530498071425,48178U
2025-06-29T08:00:50.756238,6713.192571437703,-465.31078954466767,2292.9212238551104,2.2977351995264046,-1.3803128233998243,-6.995261983191215,48178U
2025-06-29T08:01:50.756238,6837.554925902698,-547.1452701624005,1868.893079361682,1.8462903320878972,-1.346582739655724,-7.134275708376434,48178U
2025-06-29T08:02:50.756238,6934.598587203402,-626.7936931886502,1437.3784839511004,1.38741969130941,-1.3074686106404871,-7.2447243993662225,48178U
2025-06-29T08:03:50.756238,7003.933439375701,-703.9376159313587,1000.105505377965,0.9229757011908002,-1.2631275207936115,-7.326155840334461,48178U
2025-06-29T08:04:50.756238,7045.281279730675,-778.268675208561,558.8257577007936,0.45483497515211707,-1.2137382461486517,-7.378237699280955,48178U
2025-06-29T08:05:50.756238,7058.47702271603,-849.4898667401861,115.30715497685999,-0.015109956006827602,-1.1595004966406524,-7.400759189528383,48178U
2025-06-29T08:06:50.756238,7043.46940363785,-917.3167756617079,-328.67341583739017,-0.4849590303552976,-1.1006340458625459,-7.393632099477877,48178U
2025-06-29T08:07:50.756238,7000.321177240646,-981.4787515674058,-771.3374644519082,-0.9528130936076314,-1.0373777539735487,-7.356891178598637,48178U
2025-06-29T08:08:50.756238,6929.208809892299,-1041.7200218768173,-1210.9122704641306,-1.4167823275780815,-0.9699884908411274,-7.290693875533619,48178U
2025-06-29T08:09:50.756238,6830.421667899818,-1097.800737782062,-1645.638221423495,-1.8749946055755655,-0.8987399677394311,-7.195319432235356,48178U
2025-06-29T08:10:50.756238,6704.360708215133,-1149.4979475674122,-2073.77607740589,-2.325603713383118,-0.8239214869960606,-7.071167345978081,48178U
2025-06-29T08:11:50.756238,6551.536681400652,-1196.6064926848455,-2493.614124714868,-2.766797377085993,-0.7458366198455617,-6.918755218699884,48178U
2025-06-29T08:12:50.756238,6372.5678601419995,-1238.9398226061458,-2903.475182713788,-3.196805042773686,-0.6648018233905096,-6.738716020202122,48178U
2025-06-29T08:13:50.756238,6168.177309752753,-1276.3307251407132,-3301.72342958834,-3.613905357933178,-0.581145007973122,-6.531794798078652,48178U
2025-06-29T08:14:50.756238,5939.189719957978,-1308.6319695928894,-3686.771014984999,-4.016433310010404,-0.4952040664159445,-6.298844872699105,48178U
2025-06-29T08:15:50.756238,5686.527819721207,-1335.7168608190634,-4057.084429915692,-4.4027869839696905,-0.4073253764994863,-6.040823559991482,48178U
2025-06-29T08:16:50.756238,5411.208398960657,-1357.479702918069,-4411.190606990965,-4.771433907517766,-0.3178622877180505,-5.758787468062257,48178U
2025-06-29T08:17:50.756238,5114.337962659627,-1373.836171934923,-4747.682726878958,-5.120916959771152,-0.22717360280844726,-5.4538874157940835,48178U
2025-06-29T08:18:50.756238,4797.108044107077,-1384.7235975654742,-5065.2257098079235,-5.449859826306782,-0.13562206380462566,-5.127363022454908,48178U
2025-06-29T08:19:50.756238,4460.790204807285,-1390.1011544069422,-5362.561373869078,-5.756971990532723,-0.043572851463767874,-4.780537017055359,48178U
2025-06-29T08:20:50.756238,4106.730748995236,-1389.9499637979197,-5638.513244757548,-6.041053257932986,0.04860789412723973,-4.41480931477056,48178U
2025-06-29T08:21:50.756238,3736.34518070803,-1384.2731077247379,-5891.991004356033,-6.300997815795433,0.14055452508498725,-4.031650905288494,48178U
2025-06-29T08:22:50.756238,3351.1124310397963,-1373.0955566350708,-6121.994568152455,-6.535797836347945,0.23190330390066352,-3.6325975945990074,48178U
2025-06-29T08:23:50.756238,2952.568882590767,-1356.464013292211,-6327.617783847258,-6.744546635674123,0.3222937839341346,-3.219243637648252,48178U
2025-06-29T08:24:50.756238,2542.302217269317,-1334.4466750260942,-6508.051745605603,-6.926441404247086,0.41137014906989056,-2.793235294638084,48178U
2025-06-29T08:25:50.756238,2121.9451125799274,-1307.1329168927525,-6662.587720218941,-7.080785527341755,0.49878251045517585,-2.3562643387447584,48178U
2025-06-29T08:26:50.756238,1693.1688103922838,-1274.6328983478675,-6790.61968294467,-7.20699051493405,0.5841881592144669,-1.910061537870278,48178U
2025-06-29T08:27:50.756238,1257.6765810025202,-1237.0770960804198,-6891.6464619884,-7.304577560979156,0.6672527748696638,-1.4563901279299496,48178U
2025-06-29T08:28:50.756238,817.1971041284785,-1194.6157656476055,-6965.273491491113,-7.373178751229434,0.7476515898665734,-0.9970392903200385,48178U
2025-06-29T08:29:50.756238,373.4777873854325,-1147.4183345132997,-7011.214173503478,-7.412537937090426,0.8250705110969675,-0.5338176417867834,48178U
2025-06-29T08:30:50.756238,-71.72195818160277,-1095.672729030065,-7029.290849803959,-7.422511290538116,0.8992071995997799,-0.06854674109823475,48178U
2025-06-29T08:31:50.756238,-516.6374667339858,-1039.5846378313086,-7019.435384586433,-7.403067551977963,0.9697721097211714,0.3969453861551077,48178U
2025-06-29T08:32:50.756238,-959.5055722655259,-979.3767140272056,-6981.689359055035,-7.354287979284449,1.0364894889139062,0.8608307055242556,48178U
2025-06-29T08:33:50.756238,-1398.5713514105848,-915.2877185365746,-6916.203878872353,-7.276366002303921,1.0990983390731086,1.3212876166121434,48178U
2025-06-29T08:34:50.756238,-1832.0948367543176,-847.57160684794,-6823.238995269195,-7.169606583027956,1.1573533398544664,1.7765073834246452,48178U
2025-06-29T08:35:50.756238,-2258.3576828534365,-776.4965614952689,-6703.162740497915,-7.0344252776473954,1.2110257338269719,2.224700553992347,48178U
2025-06-29T08:36:50.756238,-2675.6697668337415,-702.3439725653103,-6556.449778254419,-6.871346992971431,1.2599041726035487,2.664103369484624,48178U
2025-06-29T08:37:50.756238,-3082.375704878664,-625.4073686297298,-6383.679669760472,-6.681004426425415,1.3037955223028495,3.0929841605523407,48178U
2025-06-29T08:38:50.756238,-3476.8612651971334,-545.9913006200088,-6185.534756436689,-6.46413617618928,1.3425256258604472,3.509649725379454,48178U
2025-06-29T08:39:50.756238,-3857.5596571963383,-464.41018133792295,-5962.797660549972,-6.2215845061494015,1.3759400188656423,3.912451680024682,48178U
2025-06-29T08:40:50.756238,-4222.957675636884,-380.9870835187781,-5716.348405920719,-5.954292749323812,1.4039045947892694,4.299792767251485,48178U
2025-06-29T08:41:50.756238,-4571.601677570247,-296.052499634699,-5447.161161747007,-5.663302333365385,1.426306214726554,4.67013310535495,48178U
2025-06-29T08:42:50.756238,-4902.103368907479,-209.94306693663773,-5156.300613858599,-5.349749412697513,1.4430532561418166,5.0219963536846235,48178U
2025-06-29T08:43:50.756238,-5213.145376593383,-123.00026158226373,-4844.917969266387,-5.014861093815461,1.4540760946005573,5.353975766816758,48178U
2025-06-29T08:44:50.756238,-5503.486581686853,-35.569066055808534,-4514.246601649227,-4.6599512432001315,1.4593275121388625,5.664740104913297,48178U
2025-06-29T08:45:50.756238,-5771.967188053799,52.00338550664027,-4165.597347567104,-4.286415871257262,1.458783025764399,5.9530393637147565,48178U
2025-06-29T08:46:50.756238,-6017.513501227167,139.36917911260403,-3800.3534653836887,-3.895728090304358,1.4524411296364386,6.217710284356353,48178U
2025-06-29T08:47:50.756238,-6239.142391965382,226.1810044581573,-3419.9652714092194,-3.48943265010582,1.4403234447258475,6.4576816005421085,48178U
2025-06-29T08:48:50.756238,-6435.965419435517,312.0935444921201,-3025.94447038588,-3.0691400604327406,1.4224747702271157,6.671978978957872,48178U
2025-06-29T08:49:50.756238,-6607.192589766557,396.76486497132464,-2619.8581999892585,-2.636520316331762,1.398963031662626,6.859729608229296,48178U
2025-06-29T08:50:50.756238,-6752.135726761051,479.8577976647289,-2203.322811846214,-2.1932962484586787,1.3698791214860413,7.0201663920643975,48178U
2025-06-29T08:51:50.756238,-6870.211433164127,561.0413106747651,-1777.9974140454217,-1.7412365271680508,1.3353366290216935,7.152631703859202,48178U
2025-06-29T08:52:50.756238,-6960.943622755857,639.9918591739882,-1345.5772026683203,-1.2821483553722877,1.295471457756135,7.256580662650755,48178U
2025-06-29T08:53:50.756238,-7023.965605815845,716.3947097791374,-907.7866121426288,-0.8178698909874486,1.2504413292885619,7.3315838940231775,48178U
2025-06-29T08:54:50.756238,-7059.021713109179,789.9452317828395,-466.3723162663727,-0.35026244499856646,1.2004251746152628,7.377329744253504,48178U
2025-06-29T08:55:50.756238,-7065.968446434053,860.3501485455869,-23.09611348738726,0.11879749438947385,1.1456224148309464,7.393625921526318,48178U
2025-06-29T08:56:50.756238,-7044.775146900921,927.3287425166308,420.2722685908178,0.5874263575366261,1.086252134736426,7.38040054430297,48178U
2025-06-29T08:57:50.756238,-6995.524175423239,990.6140076020343,861.9624135133763,1.053741652634829,1.0225521542072948,7.337702583733732,48178U
2025-06-29T08:58:50.756238,-6918.410603325892,1049.953742926718,1300.2104645463867,1.515870130642001,0.9547780034631685,7.265701694160941,48178U
2025-06-29T08:59:50.756238,-6813.741414451305,1105.1115824402382,1733.2663448357685,1.9719558978707177,0.8832018095440554,7.164687433077917,48178U
2025-06-29T09:00:50.756238,-6681.9342235958,1155.8679552837334,2159.400912762519,2.42016841918172,0.8081111023179363,7.035067879175904,48178U
2025-06-29T09:01:50.756238,-6523.51551947028,1202.020972359844,2576.913016830057,2.858710356834245,0.7298075491822434,6.877367664125035,48178U
2025-06-29T09:02:50.756238,-6339.118443584888,1243.3872351157386,2984.1364155482383,3.285825193205873,0.6486056282607507,6.692225440300511,48178U
2025-06-29T09:03:50.756238,-6129.4801194450965,1279.802563150241,3379.446529286328,3.699804589717617,0.5648312503202734,6.480390812600675,48178U
2025-06-29T09:04:50.756238,-5895.438549163723,1311.122637875584,3761.2669929070007,4.098995439245106,0.4788203398307428,6.242720767652394,48178U
2025-06-29T09:05:50.756238,-5637.929096995078,1337.2235600894558,4128.0759801155045,4.4818065749030875,0.39091738556721733,5.980175637930568,48178U
2025-06-29T09:06:50.756238,-5357.980581347621,1358.0023199304615,4478.4122728073025,4.846715104178134,0.3014739709092651,5.693814641532061,48178U
2025-06-29T09:07:50.756238,-5056.710998509726,1373.377178286976,4810.881051205441,5.192272343750991,0.21084729354750534,5.384791040480013,48178U
2025-06-29T09:08:50.756238,-4735.3229026158715,1383.287959294271,5124.159383185799,5.517109336797107,0.1193986836783923,5.054346961463284,48178U
2025-06-29T09:09:50.756238,-4395.098467288999,1387.69625407752,5417.001393825565,5.819941940875039,0.027492128984218517,4.70380792285125,48178U
2025-06-29T09:10:50.756238,-4037.3942549339636,1386.5855363702126,5688.2430988122505,6.099575480509697,-0.06450718621226773,4.334577110718301,48178U
2025-06-29T09:11:50.756238,-3663.635719849818,1379.9611910523342,5936.806887859717,6.354908964070672,-0.15623432122449044,3.9481294445494513,48178U
2025-06-29T09:12:50.756238,-3275.311471208938,1367.850457006375,6161.705646639267,6.584938869373747,-0.24732599336126262,3.546005470397013,48178U
2025-06-29T09:13:50.756238,-2873.9673215657244,1350.302285979541,6362.046507899567,6.788762506458469,-0.3374219620745021,3.1298051156680913,48178U
2025-06-29T09:14:50.756238,-2461.200145955921,1327.3871193684722,6537.03422438485,6.965580969115316,-0.42616637962719145,2.7011813356118366,48178U
2025-06-29T09:15:50.756238,-2038.6515758836292,1299.1965850106405,6685.974157840065,7.114701688884265,-0.5132091059725313,2.2618336771286915,48178U
2025-06-29T09:16:50.756238,-1608.0015516331925,1265.8431161799808,6808.27487979715,7.235540606387863,-0.5982069863923534,1.8135017809444223,48178U
2025-06-29T09:17:50.756238,-1170.9617554378824,1227.4594950494925,6903.450380970346,7.3276239750089545,-0.6808250911695947,1.357958838668755,48178U
2025-06-29T09:18:50.756238,-729.2689471554553,1184.198322909837,6971.1218869550485,7.390589811116703,-0.7607379171387858,0.8970050169964418,48178U
2025-06-29T09:19:50.756238,-284.67822328845836,1136.231419429676,7011.019278548061,7.424189003370457,-0.8376305513541081,0.43246085748093016,48178U
2025-06-29T09:20:50.756238,161.04378049910312,1083.7491532220874,7022.9821154160645,7.4282860912027715,-0.9111997973230846,-0.033839342911721665,48178U
2025-06-29T09:21:50.756238,606.1257237424792,1026.9597059525152,7006.960262075569,7.402859719546835,-0.9811552642728443,-0.500054167746094,48178U
2025-06-29T09:22:50.756238,1048.798413113727,966.0882721995322,6963.014115257662,7.348002773397617,-1.0472204197477715,-0.9643417324671427,48178U
2025-06-29T09:23:50.756238,1487.3016527478812,901.3761972703397,6891.314431769441,7.263922192067692,-1.1091336054941732,-1.4248663507778765,48178U
2025-06-29T09:24:50.756238,1919.8910736527107,833.0800551889171,6792.141755986595,7.150938459214087,-1.1666490160869611,-1.8798052154151912,48178U
2025-06-29T09:25:50.756238,2344.8449225552895,761.470669125029,6665.885446177081,7.009484761073237,-1.2195376391200423,-2.327355091482912,48178U
2025-06-29T09:26:50.756238,2760.47078998789,686.8320766234449,6513.042299020716,6.840105802043462,-1.2675881550467838,-2.7657390183723387,48178U
2025-06-29T09:27:50.756238,3165.11225668061,609.4604421302571,6334.2147720068115,6.643456263982365,-1.310607793954308,-3.1932130133308605,48178U
2025-06-29T09:28:50.756238,3557.1554364433828,529.6629195004267,6130.108803909968,6.420298893508101,-1.3484231457224158,-3.608072766040379,48178U
2025-06-29T09:29:50.756238,3935.035392735841,447.7564674073187,5901.531234301917,6.171502200347844,-1.380880919196492,-4.008660309287972,48178U
2025-06-29T09:30:50.756238,4297.242405088016,364.06662086060453,5649.386824086322,5.898037749476584,-1.4078486452314884,-4.393370646116612,48178U
2025-06-29T09:31:50.756238,4642.328060508906,278.9262223689334,5374.674880365331,5.600977030511677,-1.4292153177819487,-4.760658308925859,48178U
2025-06-29T09:32:50.756238,4968.911144104468,192.67411664205986,5078.48549053378,5.281487889572466,-1.4448919666580367,-5.109043821095224,48178U
2025-06-29T09:33:50.756238,5275.683302196094,105.65381315310457,4761.99537250602,4.94083051175144,-1.4548121551624718,-5.437120026834151,48178U
2025-06-29T09:34:50.756238,5561.414450844934,18.212121239359906,4426.463349975832,4.580352945977676,-1.4589323956221927,-5.743558250858072,48178U
2025-06-29T09:35:50.756238,5824.957902072391,-69.30223709259995,4073.225464255437,4.201486169051619,-1.4572324758054067,-6.027114245460163,48178U
2025-06-29T09:36:50.756238,6065.255180208713,-156.5400311212402,3703.6897367261854,3.805738691041679,-1.44971568943651,-6.2866338797661605,48178U
2025-06-29T09:37:50.756238,6281.3405010381275,-243.152936171259,3319.3305987869035,3.3946907105292548,-1.4364089644529219,-6.521058523828141,48178U
2025-06-29T09:38:50.756238,6472.344887158027,-328.7949528815892,2921.6830089958803,2.96998783481096,-1.417362883303904,-6.72943007926649,48178U
2025-06-29T09:39:50.756238,6637.499893997552,-413.12382432733546,2512.336280163839,2.533334387300497,-1.3926515904659975,-6.910895608220342,48178U
2025-06-29T09:40:50.756238,6776.140922607259,-495.802444132578,2092.927641800982,2.086486331164189,-1.362372583405692,-7.064711513845156,48178U
2025-06-29T09:41:50.756238,6887.710097178997,-576.500248477669,1665.1355662530575,1.6312438452798785,-1.3266463844556193,-7.1902472280192065,48178U
2025-06-29T09:42:50.756238,6971.758687673984,-654.89458481486,1230.6728893214033,1.169443594974373,-1.285616092434089,-7.286988365696959,48178U
2025-06-29T09:43:50.756238,7027.949060652948,-730.6720500723363,791.2797584924512,0.7029507458990037,-1.2394468143035462,-7.35453931013783,48178U
2025-06-29T09:44:50.756238,7056.056144468807,-803.5297911915283,348.71644387642715,0.23365077447808447,-1.188324978686037,-7.392625199036026,48178U
2025-06-29T09:45:50.756238,7055.968398323534,-873.1767609974803,-95.24395143688398,-0.23655886750921787,-1.13245753459091,-7.4010932882077345,48178U
2025-06-29T09:46:50.756238,7027.688278248294,-939.3349226504819,-538.8228437161007,-0.7057771736310149,-1.0720710402165599,-7.379913676784669,48178U
2025-06-29T09:47:50.756238,6971.332196768278,-1001.7403962629128,-980.2435449977983,-1.172108026376842,-1.0074106481211584,-7.3291793856144665,48178U
2025-06-29T09:48:50.756238,6887.129976787814,-1060.144541684581,-1417.7386246919311,-1.633668600628056,-0.938738994374837,-7.249105788564694,48178U
2025-06-29T09:49:50.756238,6775.423803999468,-1114.3149719538367,-1849.557217734566,-2.0885976647648046,-0.866335000470406,-7.140029404441184,48178U
2025-06-29T09:50:50.756238,6636.6666858063845,-1164.0364924702703,-2273.9722413452596,-2.5350637191281704,-0.7904925977483601,-7.002406065037959,48178U
2025-06-29T09:51:50.756238,6471.420428276371,-1209.1119615553241,-2689.2874836065566,-2.9712729147281465,-0.7115193848588796,-6.836808482216997,48178U
2025-06-29T09:52:50.756238,6280.353145948275,-1249.363068717305,-3093.844528674047,-3.3954766993606644,-0.6297352293180554,-6.643923243666672,48178U
2025-06-29T09:53:50.756238,6064.236322327995,-1284.6310276112122,-3486.029485389654,-3.805979143517699,-0.5454708245083895,-6.424547272929747,48178U
2025-06-29T09:54:50.756238,5823.941441585377,-1314.777181368296,-3864.2794883715505,-4.201143904493305,-0.4590662135184125,-6.179583794268401,48178U
2025-06-29T09:55:50.756238,5560.436214258486,-1339.6835186490994,-4227.088943212748,-4.57940079369556,-0.37086929102075644,-5.910037846830579,48178U
2025-06-29T09:56:50.756238,5274.780421655241,-1359.2530994338533,-4573.015490180275,-4.9392519191724915,-0.2812342939628756,-5.617011395314834,48178U
2025-06-29T09:57:50.756238,4968.121405098368,-1373.4103901919354,-4900.685663693654,-5.279277382526646,-0.19052029121060363,-5.301698085857716,48178U
2025-06-29T09:58:50.756238,4641.6892271885445,-1382.1015086554842,-5208.800227797252,-5.598140516502559,-0.09908968146968974,-4.9653776961928875,48178U
2025-06-29T09:59:50.756238,4296.791532867657,-1385.2943789524247,-5496.13917076376,-5.894592656377842,-0.007306707844891128,-4.609410328289145,48178U
2025-06-29T10:00:50.756238,3934.808138274717,-1382.9787983219658,-5761.566344801112,-6.16747744466428,0.0844640036815116,-4.235230389747514,48178U
2025-06-29T10:01:50.756238,3557.185375238173,-1375.1664170367112,-6004.033739521572,-6.415734674349008,0.175858875719833,-3.8443404073428744,48178U
2025-06-29T10:02:50.756238,3165.430218776241,-1361.8906334862427,-6222.585380321533,-6.638403680829799,0.2665167759422645,-3.4383047123701087,48178U
2025-06-29T10:03:50.756238,2761.104224243377,-1343.2064066370979,-6416.360845061614,-6.834626296690899,0.3560803747724667,-3.018743033079343,48178U
2025-06-29T10:04:50.756238,2345.8172998173236,-1319.189988275516,-6584.598394402461,-7.003649386446118,0.4441974616378314,-2.5873240246411493,48178U
2025-06-29T10:05:50.756238,1921.221338934438,-1289.9385775661494,-6726.637712816985,-7.1448269802907225,0.5305222181586637,-2.1457587619771616,48178U
2025-06-29T10:06:50.756238,1489.003736111922,-1255.5699005289314,-6841.922258657734,-7.257622026744702,0.6147164475597556,-1.6957942156273693,48178U
2025-06-29T10:07:50.756238,1050.8808084115135,-1216.221717055353,-6930.001222710136,-7.341607783864203,0.6964507603500992,-1.2392067258099324,48178U
2025-06-29T10:08:50.756238,608.5911436573243,-1172.0512580644772,-6990.531095425317,-7.396468867513138,0.7754057169045951,-0.7777954851534964,48178U
2025-06-29T10:09:50.756238,163.8888954761571,-1123.2345953486297,-7023.27684352522,-7.422001973123048,0.8512729279823703,-0.3133760364232857,48178U
2025-06-29T10:10:50.756238,-281.4629556637328,-1069.965946591063,-7028.112696943346,-7.418116284557112,0.9237561144195969,0.1522262119179899,48178U
2025-06-29T10:11:50.756238,-725.6993569508995,-1012.4569179637061,-7005.022547153179,-7.384833580292818,0.9925721272422959,0.6171824521588504,48178U
2025-06-29T10:12:50.756238,-1167.0599352927995,-950.9356866448455,-6954.099957891489,-7.32228804332202,1.0574519292609799,1.0796669274270951,48178U
2025-06-29T10:13:50.756238,-1603.7957292231729,-885.6461255450616,-6875.547789162834,-7.230725777129029,1.1181415388483247,1.537863367873779,48178U
2025-06-29T10:14:50.756238,-2034.175882954405,-816.8468725039627,-6769.677435271357,-7.1105040260428805,1.1744029360848434,1.989971415262222,48178U
2025-06-29T10:15:50.756238,-2456.4942846474787,-744.8103462304127,-6636.907677525665,-6.962090094366797,1.2260149308094221,2.434213037148926,48178U
2025-06-29T10:16:50.756238,-2869.076130531173,-669.821711309861,-6477.763152256699,-6.7860599551537115,1.2727739913649687,2.868838929812956,48178U
2025-06-29T10:17:50.756238,-3270.2843958599406,-592.1777947008605,-6292.872434931146,-6.583096536498953,1.3144950320167876,3.292134906221998,48178U
2025-06-29T10:18:50.756238,-3658.526192906293,-512.1859562898021,-6082.965741477438,-6.353987670912182,1.3510121561811925,3.702428261747905,48178U
2025-06-29T10:19:50.756238,-4032.258995270805,-430.16291627073224,-5848.872248509417,-6.099623691843722,1.3821793517714718,4.098094106192367,48178U
2025-06-29T10:20:50.756238,-4389.996706826435,-346.43354236171564,-5591.517034958409,-5.820994660870105,1.4078711341869141,4.477561646135698,48178U
2025-06-29T10:21:50.756238,-4730.315552641525,-261.32960015821544,-5311.917648728041,-5.519187209457715,1.427983131773447,4.839320396851704,48178U
2025-06-29T10:22:50.756238,-5051.859768282039,-175.18847025799923,-5011.180303401129,-5.195380980680167,1.4424326080051482,5.181926298205719,48178U
2025-06-29T10:23:50.756238,-5353.347063184074,-88.35183612592199,-4690.495711621493,-4.850844658618799,1.451158914210849,5.504007704421918,48178U
2025-06-29T10:24:50.756238,-5633.573832986736,-1.1643470893546095,-4351.134563863053,-4.486931576741918,1.454123866404634,5.804271213154143,48178U
2025-06-29T10:25:50.756238,-5891.420095523262,86.02773880954732,-3994.442663302271,-4.105074900659263,1.451312039725876,6.081507295789703,48178U
2025-06-29T10:26:50.756238,-6125.85412490755,172.87792695740526,-3621.8357300084986,-3.7067823858379487,1.4427309741267662,6.334595687751217,48178U
2025-06-29T10:27:50.756238,-6335.936758422554,259.04086780840123,-3234.7938901403595,-3.2936307164926175,1.4284112852981823,6.56251049547219,48178U
2025-06-29T10:28:50.756238,-6520.825351425822,344.17374215528866,-2834.855868553609,-2.867259438107508,1.408406675384898,6.7643249754783055,48178U
2025-06-29T10:29:50.756238,-6679.777356531875,427.9376439097549,-2423.6129057014814,-2.429364502271682,1.382793838789963,6.939215940986816,48178U
2025-06-29T10:30:50.756238,-6812.153504495924,509.99895395288047,-2002.7024226365734,-1.9816914493239133,1.3516722593152508,7.0864677522273904,48178U
2025-06-29T10:31:50.756238,-6917.420566072024,590.0306984788783,-1573.8014602389924,-1.526028260440902,1.3151638959744434,7.205475848912262,48178U
2025-06-29T10:32:50.756238,-6995.15367612824,667.7138851033692,-1138.6199213232708,-1.064197917010921,1.2734127560462023,7.295749786362829,48178U
2025-06-29T10:33:50.756238,-7045.0382037542895,742.738809969377,-698.8936464225075,-0.5980507106544463,1.2265843552592273,7.3569157410039905,48178U
2025-06-29T10:34:50.756238,-7066.87115483874,814.8063291177014,-256.3773559561943,-0.12945635212159842,1.1748650663865685,7.388718456039668,48178U
2025-06-29T10:35:50.756238,-7060.5620966028755,883.6290875062148,187.16250693419508,0.3397040686869433,1.1184613589335146,7.391022604021436,48178U
2025-06-29T10:36:50.756238,-7026.133596801103,948.9326992646587,629.9549973954531,0.8075462162954479,1.0575989339912943,7.3638135495588015,48178U
2025-06-29T10:37:50.756238,-6963.721173670654,1010.4568730544338,1070.2319174312318,1.2721906795856412,0.9925217596582302,7.307197502414168,48178U
2025-06-29T10:38:50.756238,-6873.572756170666,1067.9564767634615,1506.235055371327,1.731771120033257,0.9234910136620518,7.221401058483811,48178U
2025-06-29T10:39:50.756238,-6756.047657523215,1121.202536195884,1936.2233796465714,2.1844423405452305,0.8507839409177129,7.106770133484054,48178U
2025-06-29T10:40:50.756238,-6611.615068486861,1169.9831629082423,2358.480150774397,2.6283882187020837,0.7746926346926214,6.963768301333212,48178U
2025-06-29T10:41:50.756238,-6440.852080089364,1214.1044068859087,2771.3199163785084,3.061829450820998,0.6955227508009559,6.792974556043732,48178U
2025-06-29T10:42:50.756238,-6244.441248655882,1253.3910303349112,3173.0953553795225,3.48303105688566,0.6135921647913017,6.5950805222262705,48178U
2025-06-29T10:43:50.756238,-6023.167718835758,1287.6871994718838,3562.2039391625976,3.8903096009171394,0.5292295824152193,6.37088714488815,48178U
2025-06-29T10:44:50.756238,-5777.915922904006,1316.8570918154621,3937.094379508306,4.282040086639045,0.44277311376368783,6.121300893936856,48178U
2025-06-29T10:45:50.756238,-5509.665876852937,1340.7854171025444,4296.2728353101575,4.656662494147597,0.3545688213362188,5.8473295225581685,48178U
2025-06-29T10:46:50.756238,-5219.489095667285,1359.3778505596251,4638.308852532193,5.012687929539332,0.26496925197453486,5.550077421348286,48178U
2025-06-29T10:47:50.756238,-4908.5441516723295,1372.5613778405693,4961.841014424475,5.34870436588077,0.1743319620653761,5.2307406116907105,48178U
2025-06-29T10:48:50.756238,-4578.071900955274,1380.284551486814,5265.5822816424225,5.663381960315907,0.0830180447193682,4.89060142237643,48178U
2025-06-29T10:49:50.756238,-4229.390403593838,1382.5176592645462,5548.32500454256,5.955477938297378,-0.008609333205443201,4.5310228929015155,48178U
2025-06-29T10:50:50.756238,-3863.889563795767,1379.2528051785082,5808.945592494252,6.223841041710129,-0.1001863773136985,4.153442945302784,48178U
2025-06-29T10:51:50.756238,-3483.025516095673,1370.5039043483278,6046.408827490209,6.467415542851304,-0.1913500892114436,3.75936836391801,48178U
2025-06-29T10:52:50.756238,-3088.3147835049913,1356.3065932571783,6259.771811612536,6.685244830693561,-0.2817396625171153,3.3503686192107143,48178U
2025-06-29T10:53:50.756238,-2681.328233015405,1336.7180571439412,6448.187539972714,6.8764745794681446,-0.3709978475300567,2.928069567939456,48178U
2025-06-29T10:54:50.756238,-2263.684853173261,1311.816776509838,6610.908092558637,7.040355512269684,-0.4587722817363897,2.4941470576612934,48178U
2025-06-29T10:55:50.756238,-1837.045377624879,1281.702194852917,6747.287439973619,7.176245774059196,-0.5447167842449822,2.0503204590240194,48178U
2025-06-29T10:56:50.756238,-1403.1057776448351,1246.4943098344772,6856.783859328108,7.28361292910947,-0.6284926130440031,1.5983461447261382,48178U
2025-06-29T10:57:50.756238,-963.5906457587065,1206.3331901283332,6938.9619575500665,7.362035597624874,-0.7097696846233873,1.1400109296016538,48178U
2025-06-29T10:58:50.756238,-520.2464917169688,1161.3784202160207,6993.494300128255,7.411204745038539,-0.78822775599903,0.677125482210062,48178U
2025-06-29T10:59:50.756238,-74.83497131910474,1111.8084753787077,7020.162643820058,7.4309246354427865,-0.8635575694845522,0.21151771475299888,48178U
2025-06-29T11:00:50.756238,370.8739320278483,1057.8200291111132,7018.858772177479,7.421113457873151,-0.9354619606788397,-0.254973844749299,48178U
2025-06-29T11:01:50.756238,815.1087535645739,999.6271951553754,6989.584932915094,7.381803630899828,-1.0036569300707636,-0.7205066961786931,48178U
2025-06-29T11:02:50.756238,1256.1034020239724,937.4607063346341,6932.45387621357,7.313141787361084,-1.067872678413996,-1.1832410262972946,48178U
2025-06-29T11:03:50.756238,1692.1040038437466,871.5670323677007,6847.688493076261,7.215388437292962,-1.1278546056092806,-1.6413463825999863,48178U
2025-06-29T11:04:50.756238,2121.375717299984,802.2074388774262,6735.621052892715,7.088917303369298,-1.183364272268851,-2.093008360947565,48178U
2025-06-29T11:05:50.756238,2542.2094966735513,729.6569898733866,6596.6920394686595,6.934214319664112,-1.2341803224569736,-2.536435304235256,48178U
2025-06-29T11:06:50.756238,2952.9287859157,654.2034961019119,6431.448585013565,6.751876281478023,-1.2800993653319386,-2.9698650068082477,48178U
2025-06-29T11:07:50.756238,3351.8961204694874,576.1464118160828,6240.5425019840895,6.542609131507513,-1.3209368125966092,-3.3915714160057706,48178U
2025-06-29T11:08:50.756238,3737.51961496431,495.7956827281074,6024.727913309673,6.307225865936097,-1.3565276678340985,-3.7998713182200983,48178U
2025-06-29T11:09:50.756238,4108.259313484951,413.4705481655126,5784.858482409999,6.046644043217591,-1.3867272630030643,-4.19313099235788,48178U
2025-06-29T11:10:50.756238,4462.633378079717,329.4983007581422,5521.884245579173,5.761882878496924,-1.411411936632922,-4.569772808767904,48178U
2025-06-29T11:11:50.756238,4799.224090172822,244.2130073304868,5236.848050773926,5.454059907834908,-1.430479647630761,-4.928281746746734,48178U
2025-06-29T11:12:50.756238,5116.683638673591,157.95419504961598,4930.881608582543,5.124387208662423,-1.4438505181243415,-5.26721179888578,48178U
2025-06-29T11:13:50.756238,5413.739667782644,71.06550730190175,4605.201163254514,4.774167166271083,-1.4514672984443762,-5.58519222587219,48178U
2025-06-29T11:14:50.756238,5689.200557128088,-16.106665842922233,4261.10279386112,4.404787780314257,-1.453295747232117,-5.880933621406844,48178U
2025-06-29T11:15:50.756238,5941.960406498584,-103.2145772613681,3899.957358327083,4.01771751060582,-1.4493249197385858,-6.153233743333327,48178U
2025-06-29T11:16:50.756238,6171.003697671155,-189.91052679946145,3523.205095695483,3.6144996673080825,-1.4395673576980508,-6.400983064634137,48178U
2025-06-29T11:17:50.756238,6375.409606300082,-275.8482736021109,3132.3499048335348,3.1967463570813197,-1.424059174688437,-6.623169996359749,48178U
2025-06-29T11:18:50.756238,6554.35593768759,-360.68445029932155,2728.95332076362,2.76613200370174,-1.4028600316453372,-6.818885734048127,48178U
2025-06-29T11:19:50.756238,6707.1226616443655,-444.0799723323837,2314.62821258895,2.324386468560873,-1.3760529981491514,-6.987328679978954,48178U
2025-06-29T11:20:50.756238,6833.095023327555,-525.7014354510476,1891.0322298922151,1.8732878035327944,-1.3437442962439419,-7.127808395455743,48178U
2025-06-29T11:21:50.756238,6931.766209127228,-605.2224942669616,1459.8610271031446,1.4146546753466818,-1.3060629248366225,-7.239749040448378,48178U
2025-06-29T11:22:50.756238,7002.739549205062,-682.3252146692377,1022.8412977906755,0.9503385068331568,-1.2631601641358128,-7.32269226216454,48178U
2025-06-29T11:23:50.756238,7045.730241187817,-756.7013929208522,581.7236529878176,0.4822153859309226,-1.2152089610805568,-7.376299499414827,48178U
2025-06-29T11:24:50.756238,7060.566582721464,-828.053834357323,138.2753794671912,0.012177797989576408,-1.1624031982385297,-7.400353675849211,48178U
2025-06-29T11:25:50.756238,7047.19070404501,-896.0975848046816,-305.72688470493034,-0.4578737594773335,-1.1049568501771894,-7.394760262112649,48178U
2025-06-29T11:26:50.756238,7005.658795379352,-960.5611081191638,-748.5045190353333,-0.9260392179656629,-1.0431030327855617,-7.359547694505604,48178U
2025-06-29T11:27:50.756238,6936.140827673471,-1021.1874036233531,-1188.2842950850622,-1.390427372223477,-0.9770929524061269,-7.2948671456324865,48178U
2025-06-29T11:28:50.756238,6838.919769032335,-1077.7350576643164,-1623.3057177326814,-1.8491642447480532,-0.9071947628858057,-7.200991650554866,48178U
2025-06-29T11:29:50.756238,6714.390302890871,-1129.9792240407776,-2051.828294842667,-2.3004013190409065,-0.833692339737205,-7.078314599911701,48178U
2025-06-29T11:30:50.756238,6563.057057619275,-1177.7125286269402,-2472.1386978897126,-2.742323582682505,-0.7568839814850996,-6.927347619100407,48178U
2025-06-29T11:31:50.756238,6385.532360676563,-1220.7458941472373,-2882.5577774566923,-3.1731573249950533,-0.6770810489369264,-6.748717859720053,48178U
2025-06-29T11:32:50.756238,6182.533533603638,-1258.9092817157605,-3281.4473993008105,-3.5911776388064327,-0.5946065535424858,-6.543164735866314,48178U
2025-06-29T11:33:50.756238,5954.87974700856,-1292.0523464314497,-3667.217068813614,-3.9947155814509907,-0.5097937061900928,-6.311536143369311,48178U
2025-06-29T11:34:50.756238,5703.488457196086,-1320.045005000643,-4038.330314132597,-4.382164956467941,-0.42298443772403493,-6.054784204542582,48178U
2025-06-29T11:35:50.756238,5429.371448197183,-1342.7779140278813,-4393.31080082566,-4.751988684279432,-0.33452790216992834,-5.773960584363517,48178U
2025-06-29T11:36:50.756238,5133.6305046371135,-1360.1628582598535,-4730.748153899161,-5.102724737237949,-0.24477897313640629,-5.470211426169089,48178U
2025-06-29T11:37:50.756238,4817.452742133286,-1372.1330486743852,-5049.303465800905,-5.432991621602739,-0.1540967431463276,-5.144771955903501,48178U
2025-06-29T11:38:50.756238,4482.105622742662,-1378.64333086431,-5347.714472026857,-5.741493396016743,-0.06284303476901454,-4.798960803719096,48178U
2025-06-29T11:39:50.756238,4128.931683392007,-1379.6703046671125,-5624.800378832287,-6.027024222707336,0.02861906859104382,-4.434174090359985,48178U
2025-06-29T11:40:50.756238,3759.3430052622903,-1375.212356427922,-5879.4663303176485,-6.2884724537211225,0.11992666550258461,-4.051879323357011,48178U
2025-06-29T11:41:50.756238,3374.8154517876624,-1365.2896056516388,-6110.707504761655,-6.524824259869734,0.2107184473313037,-3.6536091447505736,48178U
2025-06-29T11:42:50.756238,2976.8827023277736,-1349.9437680979897,-6317.612832449387,-6.73516681455921,0.30063607267341214,-3.240954968001621,48178U
2025-06-29T11:43:50.756238,2567.130107731274,-1329.2379376013084,-6499.368329357831,-6.918691048198577,0.38932550214124473,-2.815560537127997,48178U
2025-06-29T11:44:50.756238,2147.188392986683,-1303.2562890582892,-6655.260042887205,-7.074693991364507,0.4764382913240316,-2.379115436106972,48178U
2025-06-29T11:45:50.756238,1718.7272310253427,-1272.1037051268656,-6784.676607345219,-7.20258072630298,0.5616328407232647,-1.9333485714272718,48178U
2025-06-29T11:46:50.756238,1283.448710554045,-1235.905329224852,-6887.111408104484,-7.3018659666900065,0.6445756023051635,-1.4800216455514827,48178U
2025-06-29T11:47:50.756238,843.0807196242217,-1194.8060474172719,-6962.164354264703,-7.372175284892659,0.7249422429945362,-1.020922634172204,48178U
2025-06-29T11:48:50.756238,399.3702655424758,-1148.9699017463377,-7009.543260285173,-7.413246004355821,0.8024187659371547,-0.557859275693396,48178U
2025-06-29T11:49:50.756238,-45.92324925248186,-1098.5794374991074,-7029.064837438977,-7.424927772303331,0.8767025906687871,-0.09265257751134459,48178U
2025-06-29T11:50:50.756238,-491.03477653216436,-1043.8349868365283,-7020.655296117994,-7.407182824829303,0.947503593443098,0.37286965944772144,48178U
2025-06-29T11:51:50.756238,-934.2003786362092,-984.9538911355978,-6984.350560036467,-7.36008595283357,1.014545108890867,0.8368792987455245,48178U
2025-06-29T11:52:50.756238,-1373.6639740228077,-922.1696643350527,-6920.296093292561,-7.28382417330912,1.0775648939182567,1.2975543111535985,48178U
2025-06-29T11:53:50.756238,-1807.6840543346555,-855.7310995343692,-6828.7463411094695,-7.178696106412471,1.1363160543200646,1.7530852045967467,48178U
2025-06-29T11:54:50.756238,-2234.5403551986046,-785.9013210865637,-6710.063784949214,-7.0451110547396585,1.19056793400591,2.2016814432166245,48178U
2025-06-29T11:55:50.756238,-2652.5404626532263,-712.9567844526557,-6564.717612628876,-6.883587777482381,1.2401069660441026,2.641577855900545,48178U
2025-06-29T11:56:50.756238,-3060.026336552525,-637.186226158617,-6393.282004127651,-6.694752948837196,1.2847374839487269,3.0710410321748007,48178U
2025-06-29T11:57:50.756238,-3455.3807315783693,-558.8895663154332,-6196.434034000524,-6.479339287349301,1.324282490809195,3.488375700145821,48178U
2025-06-29T11:58:50.756238,-3837.0334956365627,-478.3767663330076,-5974.951191754983,-6.238183340936866,1.3585843830231938,3.891931077303159,48178U
2025-06-29T11:59:50.756238,-4203.46772446699,-395.96664467769637,-5729.708522233815,-5.972222911277149,1.3875056245836326,4.280107180637694,48178U
2025-06-29T12:00:50.756238,-4553.2257503186875,-311.9856537888043,-5461.675389004152,-5.682494101125943,1.4109293671240162,4.651361077849156,48178U
2025-06-29T12:01:50.756238,-4884.914941588335,-226.7666215757256,-5171.911864991537,-5.37012796903409,1.428760010281147,5.004213056611512,48178U
2025-06-29T12:02:50.756238,-5197.213289436256,-140.64746126250384,-4861.564756136194,-5.036346777849278,1.4409236964194834,5.337252684107913,48178U
2025-06-29T12:03:50.756238,-5488.8747567141345,-53.96985370174609,-4531.863265607328,-4.682459826248221,1.4473687334096956,5.6491447246156365,48178U
2025-06-29T12:04:50.756238,-5758.734363924808,32.92209331358755,-4184.114308249507,-4.309858856467209,1.4480659389775308,5.938634878796262,48178U
2025-06-29T12:05:50.756238,-6005.712986773317,119.6832038534066,-3819.6974871127327,-3.920013035960197,1.4430089001700053,6.204555305057478,48178U
2025-06-29T12:06:50.756238,-6228.821839822709,205.968605482918,-3440.0597464391008,-3.5144635161600166,1.4322141417140468,6.445829880648929,48178U
2025-06-29T12:07:50.756238,-6427.166621143711,291.43510807714114,-3046.709718083613,-3.09481757746857,1.4157211974874795,6.661479158449212,48178U
2025-06-29T12:08:50.756238,-6599.951293644992,375.74258386821293,-2641.211780896519,-2.6627423757961317,1.3935925799639677,6.850624974769628,48178U
2025-06-29T12:09:50.756238,-6746.481479792732,458.55534245762914,-2225.1798554181682,-2.2199583126334104,1.36591364333314,7.012494663775683,48178U
2025-06-29T12:10:50.756238,-6866.167448015303,539.5434943279859,-1800.2709587217485,-1.768232056987474,1.3327923370023875,7.1464248357036215,48178U
2025-06-29T12:11:50.756238,-6958.526670936061,618.3842962108047,-1368.1785467948762,-1.3093692538496196,1.294358847342584,7.251864678597454,48178U
2025-06-29T12:12:50.756238,-7023.185937839336,694.7634715805178,-930.6256741397899,-0.8452069596998151,1.250765126810351,7.328378746955666,48178U
2025-06-29T12:13:50.756238,-7059.883006358337,768.376499532784,-489.35800232854194,-0.37760585080339126,1.2021843109308363,7.375649205307716,48178U
2025-06-29T12:14:50.756238,-7068.467781248557,838.9298653748878,-46.13669100744163,0.09155774545917506,1.1488100250199826,7.393477500236989,48178U
2025-06-29T12:15:50.756238,-7048.9030112287055,906.1422664102411,397.26879375212246,0.5603999424233778,1.0908555839234257,7.381785440587859,48178U
2025-06-29T12:16:50.756238,-7001.264498172262,969.7457666354318,839.0879178433527,1.0270374527896426,1.0285530894107622,7.340615672369734,48178U
2025-06-29T12:17:50.756238,-6925.740816354204,1029.4868943839292,1277.5563277402061,1.4895957563209763,0.9621524311501293,7.270131542014111,48178U
2025-06-29T12:18:50.756238,-6822.632542930467,1085.1276773408524,1710.923072662507,1.946217218557051,0.8919201983612379,7.170616348951688,48178U
2025-06-29T12:19:50.756238,-6692.351004283036,1136.4466098087646,2137.457763881199,2.395069103410578,0.818138510273152,7.042471995749261,48178U
2025-06-29T12:20:50.756238,-6535.416546232429,1183.2395476170836,2555.4576354555984,2.834351424548925,0.741103774367045,6.8862170510764455,48178U
2025-06-29T12:21:50.756238,-6352.456339335008,1225.3205266260047,2963.2544718035424,3.262304583568901,0.6611253820416676,6.702484247363794,48178U
2025-06-29T12:22:50.756238,-6144.201733484383,1262.5225013671923,3359.221368991979,3.677216747043341,0.5785243517842275,6.492017440985513,48178U
2025-06-29T12:23:50.756238,-5911.485178769922,1294.6980009753565,3741.779298457959,4.077430919420586,0.4936319301530899,6.255668067992775,48178U
2025-06-29T12:24:50.756238,-5655.236731965877,1321.7197001837446,4109.403443977432,4.461351674331118,0.40678816087960384,5.99439113270555,48178U
2025-06-29T12:25:50.756238,-5376.480170095739,1343.4809037691039,4460.62928503647,4.827451512920167,0.31834043218030594,5.70924076974004,48178U
2025-06-29T12:26:50.756238,-5076.328734216765,1359.8959434257545,4794.0584022592475,5.174276824180039,0.2286420119516776,5.401365422242906,48178U
2025-06-29T12:27:50.756238,-4755.980527882647,1370.9004866115938,5108.36398315122,5.500453428704819,0.13805057991631683,5.072002680189602,48178U
2025-06-29T12:28:50.756238,-4416.713595675769,1376.4517574316096,5402.296009048183,5.804691693618301,0.046926765029981214,4.722473822600596,48178U
2025-06-29T12:29:50.756238,-4059.880707757411,1376.5286700977824,5674.686106770244,6.085791212449224,-0.04436730442807741,4.354178106474533,48178U
2025-06-29T12:30:50.756238,-3686.90387659803,1371.1318759216808,5924.4520509918575,6.3426450492499,-0.1354694316358531,3.9685868432257254,48178U
2025-06-29T12:31:50.756238,-3299.2686319466748,1360.2837251531607,6150.601905709617,6.574243551122663,-0.22601875746574648,3.5672373005538764,48178U
2025-06-29T12:32:50.756238,-2898.5180797284556,1344.028145273315,6352.237795365594,6.7796777373891395,-0.31565713780783483,3.151726464118443,48178U
2025-06-29T12:33:50.756238,-2486.246769967485,1322.4304375824183,6528.559298132544,6.958142276810058,-0.40403048862897695,2.723704689303123,48178U
2025-06-29T12:34:50.756238,-2064.0943980791753,1295.576994096601,6678.866455559231,7.108938066464196,-0.4907900963746951,2.2848692689258874,48178U
2025-06-29T12:35:50.756238,-1633.7393630193264,1263.574936885193,6802.562394194631,7.23147442709202,-0.5755938921809526,1.836957938173437,48178U
2025-06-29T12:36:50.756238,-1196.892204875661,1226.5516820507848,6899.155555957126,7.325270929909106,-0.6581076890959634,1.3817423335116896,48178U
2025-06-29T12:37:50.756238,-755.2889436020982,1184.6544305842533,6968.261534895432,7.38995886913819,-0.7380063820922763,0.9210214180436461,48178U
2025-06-29T12:38:50.756238,-310.6843397832025,1138.0495883275464,7009.604518622838,7.425282392878067,-0.8149751110573453,0.45661488193678446,48178U
2025-06-29T12:39:50.756238,135.15490237966415,1086.922117257911,7023.018333126731,7.431099302537237,-0.8887103871758463,-0.009643476716735247,48178U
2025-06-29T12:40:50.756238,580.4569702012532,1031.4748202801766,7008.447089899536,7.407381528052323,-0.9589211831527754,-0.4759123877668962,48178U
2025-06-29T12:41:50.756238,1023.4517964414471,971.927561689973,6965.945434453312,7.354215282654411,-1.0253299875763648,-0.9403497604366997,48178U
2025-06-29T12:42:50.756238,1462.377912829505,908.5164254609855,6895.67839532168,7.271800897226709,-1.087673823394605,-1.4011193499128047,48178U
2025-06-29T12:43:50.756238,1895.4892838787098,841.4928135235888,6797.920832675483,7.160452330510221,-1.145705229995886,-1.8563974384910396,48178U
2025-06-29T12:44:50.756238,2321.062101353564,771.1224862500193,6673.056485741163,7.020596347762341,-1.1991932077659764,-2.3043795295065834,48178U
2025-06-29T12:45:50.756238,2737.4015192117445,697.684547448896,6521.576618370099,6.852771357152533,-1.2479241232713087,-2.7432870501958146,48178U
2025-06-29T12:46:50.756238,3142.8483081150653,621.4703763053695,6344.078262416126,6.657625890375605,-1.2917025724254019,-3.1713740567063398,48178U
2025-06-29T12:47:50.756238,3535.7854077254187,542.7825088856335,6141.262059085973,6.435916711844236,-1.330352198168572,-3.5869339308068744,48178U
2025-06-29T12:48:50.756238,3914.644354018981,461.93347205673643,5913.92969917332,6.1885065395311765,-1.3637164583708694,-3.9883060535929133,48178U
2025-06-29T12:49:50.756238,4277.91155781911,379.2445729528114,5662.980964101763,5.916361360179237,-1.391659338894084,-4.373882436808205,48178U
2025-06-29T12:50:50.756238,4624.134409716207,295.0446474450758,5389.410371011236,5.620547322267624,-1.414066006058713,-4.7421142874864834,48178U
2025-06-29T12:51:50.756238,4951.927185626188,209.66877142606089,5094.3034266919485,5.302227191809538,-1.4308433921962096,-5.091518476721912,48178U
2025-06-29T12:52:50.756238,5259.976726288305,123.45693914380708,4778.832497173455,4.96265635894935,-1.4419207075447225,-5.420683878480855,48178U
2025-06-29T12:53:50.756238,5547.0478636228345,36.75271317344924,4444.252301746009,4.603178386899279,-1.4472498715283038,-5.728277540257331,48178U
2025-06-29T12:54:50.756238,5811.988566219095,-50.098148895677795,4091.895042841091,4.225220099726635,-1.4468058564114583,-6.013050643288766,48178U
2025-06-29T12:55:50.756238,6053.734776361899,-136.74908561116584,3723.1651856660023,3.83028621086837,-1.4405869365194983,-6.273844207238033,48178U
2025-06-29T12:56:50.756238,6271.314911215442,-222.85413478074207,3339.533904340144,3.4199535005248007,-1.428614836618999,-6.509594492059901,48178U
2025-06-29T12:57:50.756238,6463.854001513261,-308.06934235036675,2942.5332140884498,2.9958645566911177,-1.410934773681822,-6.719338048769474,48178U
2025-06-29T12:58:50.756238,6630.577442110886,-392.05417046273567,2533.749812105296,2.5597211017095427,-1.387615387102322,-6.902216370824859,48178U
2025-06-29T12:59:50.756238,6770.814330399588,-474.4728979024776,2114.818652360819,2.1132769330321977,-1.3587485534678154,-7.05748009925103,48178U
2025-06-29T13:00:50.756238,6884.000370409692,-554.9960058943745,1687.416282554269,1.6583305139512254,-1.32444908319272,-7.184492737000217,48178U
2025-06-29T13:01:50.756238,6969.680322830027,-633.3015421196783,1253.2539738963314,1.196717256453624,-1.2848542976687114,-7.28273383176211,48178U
2025-06-29T13:02:50.756238,7027.5099838701635,-709.0764557717373,814.0706767428546,0.7303015442973725,-1.240123487030352,-7.35180159117878,48178U
2025-06-29T13:03:50.756238,7057.257678943218,-782.0178965233779,371.6258371010848,0.2609685495365555,-1.1904372501442404,-7.391414900170555,48178U
2025-06-29T13:04:50.756238,7058.805260478815,-851.8344704219136,-72.30788934934247,-0.2093841001023608,-1.1359967199565772,-7.401414716676145,48178U
2025-06-29T13:05:50.756238,7032.148602724448,-918.2474459613508,-515.951987868299,-0.6788547424996009,-1.0770226788365245,-7.381764829375669,48178U
2025-06-29T13:06:50.756238,6977.397590093293,-980.9919039045107,-957.5294612960896,-1.1455461286930388,-1.0137545699857555,-7.33255196870249,48178U
2025-06-29T13:07:50.756238,6894.775599390729,-1039.817824833321,-1395.272193839445,-1.6075738336838805,-0.9464494123079595,-7.25398527044144,48178U
2025-06-29T13:08:50.756238,6784.618480024623,-1094.4911088869223,-1827.4282633229952,-2.063074568130739,-0.8753806273070378,-7.146395099232558,48178U
2025-06-29T13:09:50.756238,6647.373039998626,-1144.7945226933941,-2252.269163908607,-2.510214330479708,-0.8008367875766483,-7.010231247124338,48178U
2025-06-29T13:10:50.756238,6483.595049028467,-1190.5285691008905,-2668.096902425751,-2.9471963421942062,-0.7231202972295967,-6.846060529730135,48178U
2025-06-29T13:11:50.756238,6293.946773439865,-1231.5122759538635,-3073.250933023656,-3.372268712965513,-0.6425460151734291,-6.654563809330879,48178U
2025-06-29T13:12:50.756238,6079.194060539952,-1267.583900826088,-3466.1148968084317,-3.7837317879683803,-0.5594398324560371,-6.436532480254548,48178U
2025-06-29T13:13:50.756238,5840.202992850457,-1298.6015492997396,-3845.123135409667,-4.179945135206513,-0.4741372149780591,-6.192864456894073,48178U
2025-06-29T13:14:50.756238,5577.936134906332,-1324.443705053758,-4208.766949973858,-4.559334137582905,-0.3869817227010234,-5.924559708678116,48178U
2025-06-29T13:15:50.756238,5293.44839723126,-1345.009670681476,-4555.600579831804,-4.920396161314582,-0.2983235160839357,-5.632715389103571,48178U
2025-06-29T13:16:50.756238,4987.882543580236,-1360.2199187836359,-4884.246877971628,-5.2617062794802605,-0.20851785987457214,-5.318520607526248,48178U
2025-06-29T13:17:50.756238,4662.46436859108,-1370.0163534664634,-5193.402663385359,-5.581922536612036,-0.11792363359259336,-4.983250892790847,48178U
2025-06-29T13:18:50.756238,4318.497573614973,-1374.3624829059172,-5481.84373328339,-5.879790747112122,-0.02690185709964465,-4.6282623969953285,48178U
2025-06-29T13:19:50.756238,3957.3583687286327,-1373.2435041098872,-5748.429521011798,-6.154148826683296,0.06418576140524863,-4.2549858858107035,48178U
2025-06-29T13:20:50.756238,3580.489828796153,-1366.6663014151798,-5992.1073882064975,-6.40393066173026,0.15497824876082805,-3.8649205589234215,48178U
2025-06-29T13:21:50.756238,3189.396030994853,-1354.659360591436,-6211.916542217012,-6.6281695266586,0.2451167565538302,-3.459627740481757,48178U
2025-06-29T13:22:50.756238,2785.6360004954845,-1337.2726006897522,-6406.991572089972,-6.826001063046537,0.33424591329220865,-3.04072447507627,48178U
2025-06-29T13:23:50.756238,2370.8174900527515,-1314.5771259707374,-6576.565598382482,-6.996665837701065,0.42201513628620957,-2.6098770599582988,48178U
2025-06-29T13:24:50.756238,1946.5906181807973,-1286.6649003796242,-6719.973033756885,-7.139511498582919,0.5080799015151283,-2.168794539101442,48178U
2025-06-29T13:25:50.756238,1514.6413894197412,-1253.6483471104054,-6836.651952682749,-7.253994548483477,0.5921029706739088,-1.7192221795412537,48178U
2025-06-29T13:26:50.756238,1076.6851190153106,-1215.6598758254208,-6926.146069638703,-7.339681756184245,0.6737555753626512,-1.2629349454000778,48178U
2025-06-29T13:27:50.756238,634.4597831838744,-1172.8513400802176,-6988.106325984753,-7.396251223694859,0.7527185589835123,-0.8017309803008518,48178U
2025-06-29T13:28:50.756238,189.71931508875406,-1125.3934274571932,-7022.292086185862,-7.4234931261428825,0.8286834773240644,-0.33742510468792913,48178U
2025-06-29T13:29:50.756238,-255.77313425539458,-1073.4749848461183,-7028.5719443502485,-7.4213101381125925,0.9013536590284613,0.12815766895432357,48178U
2025-06-29T13:30:50.756238,-700.2519516506848,-1017.3022812375085,-7006.924142140734,-7.389717556852354,0.9704452271828499,0.59318860271951,48178U
2025-06-29T13:31:50.756238,-1141.9558159629412,-957.098210327015,-6957.436599078514,-7.32884312897059,1.03568808307749,1.0558416833047546,48178U
2025-06-29T13:32:50.756238,-1579.1344332243646,-893.1014351764896,-6880.3065561393205,-7.238926583206168,1.0968268528666072,1.514300057896007,48178U
2025-06-29T13:33:50.756238,-2010.055234894815,-825.5654771505833,-6775.839833400829,-7.120318867789206,1.1536217973479197,1.966762458263921,48178U
2025-06-29T13:34:50.756238,-2433.0100213762134,-754.7577513544101,-6644.449702395394,-6.973481086997854,1.2058496844523037,2.4114496143554933,48178U
2025-06-29T13:35:50.756238,-2846.3215324406583,-680.9585508455963,-6486.655373809223,-6.798983127956485,1.2533046233003287,2.84661065667847,48178U
2025-06-29T13:36:50.756238,-3248.349925601684,-604.4599819881902,-6303.080101302203,-6.597501965687654,1.295798857879833,3.270529503950275,48178U
2025-06-29T13:37:50.756238,-3637.4991426706106,-525.5648534580538,-6094.448902545448,-6.3698196320785865,1.3331635175652399,3.6815312289411,48178U
2025-06-29T13:38:50.756238,-4012.2231438341246,-444.58552160183814,-5861.585899126725,-6.1168208328858,1.365249320871157,4.077988391317794,48178U
2025-06-29T13:39:50.756238,-4371.031987620927,-361.8426950917889,-5605.411277785893,-5.839490196279048,1.3919272280491926,4.458327321761063,48178U
2025-06-29T13:40:50.756238,-4712.497734153166,-277.66420210232263,-5326.937876529288,-5.538909136782996,1.413089037433748,4.821034336868044,48178U
2025-06-29T13:41:50.756238,-5035.2601481270485,-192.3837235647145,-5027.267400572861,-5.216252319877035,1.428647919852158,5.164661859520636,48178U
2025-06-29T13:42:50.756238,-5338.032177255485,-106.33949638503314,-4707.586274636497,-4.872783714806914,1.4385388849757788,5.487834414862579,48178U
2025-06-29T13:43:50.756238,-5619.605181079903,-19.87299093310803,-4369.161140197548,-4.509852226687615,1.4427191732033204,5.7892544675387345,48178U
2025-06-29T13:44:50.756238,-5878.853884867044,66.67243255889134,-4013.3340082904483,-4.128886903018849,1.4411685665949516,6.067708062328702,48178U
2025-06-29T13:45:50.756238,-6114.741033017294,152.9528836261086,-3641.5170809360725,-3.7313917148945874,1.4338896124826546,6.322070227088815,48178U
2025-06-29T13:46:50.756238,-6326.321716665531,238.6253118130059,-3255.187256747314,-3.318939918781198,1.4209077537103703,6.551310094783336,48178U
2025-06-29T13:47:50.756238,-6512.747350643457,323.3488817465478,-2855.880338968648,-2.8931680109615834,1.402271359990355,6.75449570008751,48178U
2025-06-29T13:48:50.756238,-6673.26927599372,406.78634699392904,-2445.1849666856892,-2.4557692929607327,1.3780516555851408,6.930798405965772,48178U
2025-06-29T13:49:50.756238,-6807.241965370513,488.6054163370975,-2024.7362928653642,-2.0084870730787303,1.3483425394445518,7.07949691636135,48178U
2025-06-29T13:50:50.756238,-6914.125810486549,568.4801059494444,-1596.2094352147592,-1.5531075353132673,1.3132602949931447,7.1999808332955695,48178U
2025-06-29T13:51:50.756238,-6993.489472756877,646.0920708003528,-1161.3127283786675,-1.0914523131804976,1.2729431879722592,7.2917537196985,48178U
2025-06-29T13:52:50.756238,-7045.011780722703,721.1319085638341,-721.7808081586033,-0.6253708115008493,1.2275509520463914,7.354435633440919,48178U
2025-06-29T13:53:50.756238,-7068.483160564364,793.3004293303363,-279.367560356895,-0.1567323241251832,1.1772641632538299,7.387765103092518,48178U
2025-06-29T13:54:50.756238,-7063.806589008338,862.30988452607,164.16103155240222,0.31258200035270767,1.1222835057779634,7.391600521788309,48178U
2025-06-29T13:55:50.756238,-7030.998061145837,927.8851486339431,607.0341045031404,0.7806872897619299,1.0628289328969283,7.36592094208991,48178U
2025-06-29T13:56:50.756238,-6970.186569046316,989.7648475797007,1047.4831634177408,1.2457031192375925,0.9991387282978964,7.310826261700592,48178U
2025-06-29T13:57:50.756238,-6881.613590503739,1047.702427995265,1483.749321650511,1.705761663786149,0.9314684741771687,7.2265367971398575,48178U
2025-06-29T13:58:50.756238,-6765.632090726928,1101.467161987789,1914.0904976891222,2.1590157747764174,0.8600899336568788,7.113392249800758,48178U
2025-06-29T13:59:50.756238,-6622.705043207973,1150.8450825234897,2336.7885319905454,2.603646924047793,0.785289855998856,6.97185007599488,48178U
2025-06-29T14:00:50.756238,-6453.403479307568,1195.6398450661193,2750.156188720697,3.0378729618745344,0.707368713863256,6.802483279435321,48178U
2025-06-29T14:01:50.756238,-6258.404079217712,1235.6735116815973,3152.54400846137,3.4599556386028056,0.6266393824221351,6.605977650926077,48178U
2025-06-29T14:02:50.756238,-6038.486319844787,1270.787254419189,3542.3469795960364,3.8682078442554735,0.5434257704852262,6.383128485647594,48178U
2025-06-29T14:03:50.756238,-5794.529197745602,1300.8419753933401,3918.0109980535553,4.261000525643862,0.45806141391901717,6.134836813202522,48178U
2025-06-29T14:04:50.756238,-5527.507547509996,1325.7188416045237,4278.03908730822,4.636769246349901,0.37088804154543986,5.862105179399589,48178U
2025-06-29T14:05:50.756238,-5238.487977881148,1345.3197331404833,4620.997352958574,4.994020361170935,0.2822541233997346,5.566033021518467,48178U
2025-06-29T14:06:50.756238,-4928.624449422526,1359.5676039780606,4945.520648764399,5.331336783043774,0.19251341072600212,5.247811680468526,48178U
2025-06-29T14:07:50.756238,-4599.153518677028,1368.4067551493508,5250.3179336425555,5.647383326877323,0.10202347641742761,4.908719093824304,48178U
2025-06-29T14:08:50.756238,-4251.389274512308,1371.8030205354776,5534.177301757071,5.940911620937239,0.011144263790587382,4.5501142132061645,48178U
2025-06-29T14:09:50.756238,-3886.7179927429247,1369.7438659980644,5795.970670402139,6.2107645822272195,-0.07976334934175695,4.173431187959584,48178U
2025-06-29T14:10:50.756238,-3506.5925351770234,1362.2384029476846,6034.658112831045,6.4558804575466695,-0.17033896533620585,3.7801733546551644,48178U
2025-06-29T14:11:50.756238,-3112.526519001113,1349.3173177766623,6249.291825466694,6.675296436409822,-0.2602240551956236,3.3719070687238237,48178U
2025-06-29T14:12:50.756238,-2706.0882819351873,1331.0327188491444,6439.019721001442,6.868151845668464,-0.3490633169631646,2.950255410712807,48178U
2025-06-29T14:13:50.756238,-2288.894667918049,1307.457902946337,6603.0886407222115,7.033690938398908,-0.4365060011299107,2.5168917953781476,48178U
2025-06-29T14:14:50.756238,-1862.604657269689,1278.6870432120281,6740.847180963307,7.171265291343886,-0.5222072010663913,2.073533507302111,48178U
2025-06-29T14:15:50.756238,-1428.9128643961442,1244.8348007392476,6851.7481298782095,7.2803358259202495,-0.6058291072898276,1.62193518215064,48178U
2025-06-29T14:16:50.756238,-989.5429252008796,1206.035861990152,6935.350511741346,7.36047446754386,-0.6870422250426215,1.1638822482523201,48178U
2025-06-29T14:17:50.756238,-546.240795508504,1162.444404257249,6991.321236752389,7.411365456841275,-0.7655265551597634,0.7011843390822047,48178U
2025-06-29T14:18:50.756238,-100.76798104580803,1114.2334913649572,7019.436354843783,7.432806324311247,-0.840972738527108,0.23566868364828622,48178U
2025-06-29T14:19:50.756238,345.10528109963576,1061.594401787051,7019.581912324448,7.4247085372973105,-0.9130831645717147,-0.23082652114887714,48178U
2025-06-29T14:20:50.756238,789.6068700619783,1004.7358913295249,6991.754410369402,7.387097824890072,-0.9815730441757724,-0.6964587542422288,48178U
2025-06-29T14:21:50.756238,1230.9696385811637,943.8833925098432,6936.060864439644,7.32011418277261,-1.046171447176177,-1.1593878295227837,48178U
2025-06-29T14:22:50.756238,1667.4382609570578,879.2781527648772,6852.71846374207,7.224011556246137,-1.1066223042126704,-1.6177825699738146,48178U
2025-06-29T14:23:50.756238,2097.276052135062,811.1763136479782,6742.053829874031,7.099157195925067,-1.1626853721426313,-2.069827495771912,48178U
2025-06-29T14:24:50.756238,2518.771738045946,739.8479332417033,6604.501873899091,6.946030677071816,-1.2141371615726846,-2.5137295236990638,48178U
2025-06-29T14:25:50.756238,2930.2461566919305,665.5759541204576,6440.604251324515,6.765222570443469,-1.2607718243012769,-2.947724672715655,48178U
2025-06-29T14:26:50.756238,3330.058868664512,588.6551193531448,6251.00741484962,6.557432750023993,-1.3024019976553807,-3.370084767247115,48178U
2025-06-29T14:27:50.756238,3716.614654845783,509.39083924078847,6036.460265370393,6.323468321273234,-1.3388596018783065,-3.7791241257726664,48178U
2025-06-29T14:28:50.756238,4088.3698780326336,428.09801173791976,5797.811402595812,6.064241152664774,-1.369996585923522,-4.173206217828298,48178U
2025-06-29T14:29:50.756238,4443.8386841806805,345.0997998081215,5536.005977784301,5.7807649934103855,-1.3956856162701352,-4.550750267719612,48178U
2025-06-29T14:30:50.756238,4781.599017966447,260.72636930641454,5252.08215255435,5.474152161432394,-1.4158207027384366,-4.9102377782943085,48178U
2025-06-29T14:31:50.756238,5100.29842648183,175.31359135379992,4947.167169450323,5.1456097878529885,-1.4303177547831047,-5.250218943262485,48178U
2025-06-29T14:32:50.756238,5398.659624069091,89.20171359038362,4622.473042038024,4.7964356076039225,-1.4391150614025272,-5.5693189118790345,48178U
2025-06-29T14:33:50.756238,5675.485790934877,2.734005074544951,4279.291874473215,4.428013289870261,-1.4421736876658882,-5.866243865835519,48178U
2025-06-29T14:34:50.756238,5929.6655777838605,-83.74461994064502,3918.9908231593217,4.041807307369734,-1.4394777809147914,-6.139786864584606,48178U
2025-06-29T14:35:50.756238,6160.177788936271,-169.88899374277565,3543.006715716689,3.6393573492328293,-1.4310347799875751,-6.388833412847841,48178U
2025-06-29T14:36:50.756238,6366.095716836824,-255.35509640451943,3152.840345331895,3.222272288713583,-1.4168755213170796,-6.61236670240913,48178U
2025-06-29T14:37:50.756238,6546.591101698411,-339.80146016923703,2750.0504615275468,2.7922237238805914,-1.3970542364786827,-6.809472479734201,48178U
2025-06-29T14:38:50.756238,6700.937691386541,-422.89057033449717,2336.247481187479,2.350939116351914,-1.3716484366916641,-6.9793434916801695,48178U
2025-06-29T14:39:50.756238,6828.514378313107,-504.2902557321264,1913.0869465800617,1.900194560215419,-1.3407586808897969,-7.12128346335328,48178U
2025-06-29T14:40:50.756238,6928.807892268071,-583.6750617467482,1482.2627597569463,1.4418072199586447,-1.3045082252439388,-7.234710565251059,48178U
2025-06-29T14:41:50.756238,7001.41503063503,-660.7275987260385,1045.5002251722274,0.9776274824919496,-1.263042553409568,-7.31916033101017,48178U
2025-06-29T14:42:50.756238,7046.044410318003,-735.139858636184,604.5489345393817,0.5095308739151438,-1.2165287882465112,-7.374287992328455,48178U
2025-06-29T14:43:50.756238,7062.51772889821,-806.6144929065117,161.17552977120934,0.039409796378491284,-1.1651549872753515,-7.39987020380296,48178U
2025-06-29T14:44:50.756238,7050.770525983446,-874.8660445895807,-282.84361872112027,-0.4308348559335516,-1.1091293256513248,-7.395806137364987,48178U
2025-06-29T14:45:50.756238,7010.852439343172,-939.6221282351515,-725.729780098711,-0.899302140134904,-1.0486791719082493,-7.362117933510211,48178U
2025-06-29T14:46:50.756238,6942.926954167895,-1000.6245512348244,-1165.7092387325747,-1.364099504423116,-0.9840500631098603,-7.298950504409029,48178U
2025-06-29T14:47:50.756238,6847.270647576022,-1057.6303708323017,-1601.0206385584054,-1.823351161431553,-0.9155045873029612,-7.206570692017839,48178U
2025-06-29T14:48:50.756238,6724.27193423755,-1110.4128815030365,-2029.922257728552,-2.2752063335144888,-0.8433211822617667,-7.08536579226965,48178U
2025-06-29T14:49:50.756238,6574.429322615371,-1158.7625279758074,-2450.6991760471433,-2.7178473108283745,-0.7677928604137746,-6.935841464077744,48178U
2025-06-29T14:50:50.756238,6398.349194769537,-1202.4877397853804,-2861.670299022446,-3.1494972667260432,-0.689225870521751,-6.758619049026284,48178U
2025-06-29T14:51:50.756238,6196.743125862799,-1241.4156838952226,-3261.1952041239774,-3.568427779672593,-0.6079383071477459,-6.554432334054026,48178U
2025-06-29T14:52:50.756238,5970.424762383291,-1275.392932599735,-3647.6807769557545,-3.972966016485,-0.5242586791321732,-6.324123794985765,48178U
2025-06-29T14:53:50.756238,5720.3062806246935,-1304.2860445892434,-4019.5876074673006,-4.361501537984769,-0.4385244482879999,-6.068640363301865,48178U
2025-06-29T14:54:50.756238,5447.3944490872855,-1327.982057726574,-4375.436118986316,-4.732492694965997,-0.35108054923916737,-5.789028761944749,48178U
2025-06-29T14:55:50.756238,5152.7863201705995,-1346.3888927255139,-4713.812405677399,-5.08447258947991,-0.2622779008427523,-5.486430458186639,48178U
2025-06-29T14:56:50.756238,4837.664577804724,-1359.435667527136,-5033.373756950256,-5.41605458361388,-0.17247191894649416,-5.162076282596851,48178U
2025-06-29T14:57:50.756238,4503.292568516511,-1367.072922729074,-5332.853850281858,-5.725937344974369,-0.08202103937597516,-4.8172807629683785,48178U
2025-06-29T14:58:50.756238,4151.009043862987,-1369.2727589257568,-5611.067596812554,-6.012909424761527,0.00871474094770096,-4.453436220747008,48178U
2025-06-29T14:59:50.756238,3782.222642220026,-1366.0288872575043,-5866.915626855047,-6.275853370448816,0.0993752979492322,-4.072006675152494,48178U
2025-06-29T15:00:50.756238,3398.406137620373,-1357.3565948391933,-6099.388405067885,-6.513749380492492,0.1896017837387742,-3.674521596909934,48178U
2025-06-29T15:01:50.756238,3001.090482746902,-1343.2926270419787,-6307.569967433524,-6.725678513042816,0.2790379948548297,-3.2625695494850793,48178U
2025-06-29T15:02:50.756238,2591.8586723563226,-1323.8949888353186,-6490.641274310338,-6.910825464207567,0.3673317020568788,-2.8377917511160624,48178U
2025-06-29T15:03:50.756238,2172.3394523927686,-1299.2426675636877,-6647.883175669994,-7.068480933957684,0.4541359393937833,-2.4018755859482046,48178U
2025-06-29T15:04:50.756238,1744.2008989249603,-1269.43527963803,-6778.678986165199,-7.198043599225652,0.5391102512525233,-1.9565480874246177,48178U
2025-06-29T15:05:50.756238,1309.1438898507477,-1234.5926436729437,-6882.516668902998,-7.2990217141455105,0.6219218969425969,-1.5035694119506477,48178U
2025-06-29T15:06:50.756238,868.8954911416877,-1194.8542826057937,-6958.990627724023,-7.371034356753398,0.7022470130629875,-1.0447263159563123,48178U
2025-06-29T15:07:50.756238,425.2022782888222,-1150.3788573030454,-7007.803108436302,-7.413812339898741,0.7797717344161147,-0.5818256449973173,48178U
2025-06-29T15:08:50.756238,-20.176387373356974,-1101.3435341036682,-7028.765209848475,-7.4271988017174895,0.854193274559552,-0.1166878396463845,48178U
2025-06-29T15:09:50.756238,-465.4751086133242,-1047.9432886801576,-7021.797505635335,-7.411149487936779,0.925220967219206,0.34885954023783855,48178U
2025-06-29T15:10:50.756238,-908.9292102874326,-990.3901485270496,-6986.930278092762,-7.3657327346788515,0.9925772697263938,0.8129882735903629,48178U
2025-06-29T15:11:50.756238,-1348.781487527986,-928.9123763252876,-6924.30336475462,-7.291129156496085,1.0559987293961486,1.273875920683939,48178U
2025-06-29T15:12:50.756238,-1783.2889264542828,-863.7535963894718,-6834.165618707068,-7.187631040292079,1.115236913350091,1.7297122526703408,48178U
2025-06-29T15:13:50.756238,-2210.7293796413983,-795.1718663927622,-6716.87398330393,-7.055641441763602,1.1700593017272873,2.178705670090731,48178U
2025-06-29T15:14:50.756238,-2629.408178261869,-723.4386965893596,-6572.892181918605,-6.8956729772297125,1.2202501435469446,2.6190896108142008,48178U
2025-06-29T15:15:50.756238,-3037.664662285264,-648.8380188229215,-6402.789023417841,-6.7083463003815265,1.2656112737202811,3.0491289454675674,48178U
2025-06-29T15:16:50.756238,-3433.8786094118173,-571.6651077246491,-6207.236324259145,-6.494388250755551,1.305962888890713,3.4671263552401914,48178U
2025-06-29T15:17:50.756238,-3816.4765425634405,-492.2254566702297,-5987.006448542012,-6.254629658752743,1.3411442789478465,3.871428683107768,48178U
2025-06-29T15:18:50.756238,-4183.937894816087,-410.8336112783624,-5742.969468014247,-5.990002790908168,1.3710145102507285,4.260433245182835,48178U
2025-06-29T15:19:50.756238,-4534.801009675224,-327.8119634947427,-5476.089944977751,-5.701538418953118,1.395453055845692,4.632594084230169,48178U
2025-06-29T15:20:50.756238,-4867.668953642375,-243.48950960667224,-5187.4233422594725,-5.390362497046176,1.4143603673102545,4.986428142584324,48178U
2025-06-29T15:21:50.756238,-5181.215117127783,-158.20057587498107,-4878.112065937244,-5.057692433419437,1.4276583823274904,5.3205213269395975,48178U
2025-06-29T15:22:50.756238,-5474.18857907765,-72.28351582120386,-4549.3811482508445,-4.704832945486438,1.4352909617273226,5.63353443303676,48178U
2025-06-29T15:23:50.756238,-5745.419210050108,13.92061638578309,-4202.533580259789,-4.33317149133912,1.4372242495343708,5.924208894109601,48178U
2025-06-29T15:24:50.756238,-5993.822488306681,100.06941164379903,-3838.9453059665966,-3.9441732750703884,1.4334469495710827,6.191372313638791,48178U
2025-06-29T15:25:50.756238,-6218.404003414362,185.82046553119227,-3460.0598921435544,-3.539375828777641,1.4239705123676474,6.433943740202822,48178U
2025-06-29T15:26:50.756238,-6418.2636222125075,270.8327462569432,-3067.3828906952954,-3.120383180023187,1.4088292265487736,6.650938640463459,48178U
2025-06-29T15:27:50.756238,-6592.599292774195,354.7679650769447,-2662.4759129387003,-2.6888596197085026,1.3880802094828228,6.841473525633576,48178U
2025-06-29T15:28:50.756238,-6740.710462992138,437.29194298332493,-2246.950438002886,-2.246523091975536,1.3618032927913812,7.004770186992553,48178U
2025-06-29T15:29:50.756238,-6862.0010919838915,518.0759672683345,-1822.4613800427621,-1.7951382341047784,1.3301007992976903,7.140159497529291,48178U
2025-06-29T15:30:50.756238,-6955.982234337268,596.798131378288,-1390.7004415221381,-1.336509100734197,1.2930972091246604,7.247084739282176,48178U
2025-06-29T15:31:50.756238,-7022.2741794597005,673.1446513772427,-953.3892821200465,-0.8724716125860661,1.2509387139028159,7.325104419553326,48178U
2025-06-29T15:32:50.756238,-7060.608130859941,746.8111523165685,-512.2725348886803,-0.40488577518264357,1.2037926593829442,7.373894543752457,48178U
2025-06-29T15:33:50.756238,-7070.827413051273,817.5039178651267,-69.11070306261054,0.06437228243967565,1.1518468781298163,7.393250318078768,48178U
2025-06-29T15:34:50.756238,-7052.888196870941,884.9410966962747,374.3270276567013,0.5334183953859902,1.0953089153628188,7.383087261432522,48178U
2025-06-29T15:35:50.756238,-7006.859737302954,948.8538593515941,816.2700254795943,1.000368520699121,1.0344051523670232,7.34344171269603,48178U
2025-06-29T15:36:50.756238,-6932.924121307853,1008.9874996041707,1254.953461086139,1.4633469075783085,0.9693798331850424,7.274470726649747,48178U
2025-06-29T15:37:50.756238,-6831.375526634996,1065.1024747214499,1688.6255316898366,1.9204942219708547,0.9004940014792788,7.176451359093861,48178U
2025-06-29T15:38:50.756238,-6702.618996050777,1116.975379471556,2115.5546241814645,2.3699755683229777,0.8280243554922707,7.049779349023146,48178U
2025-06-29T15:39:50.756238,-6547.168734792217,1164.399849217579,2534.03638160215,2.809988353247522,0.7522620299019136,6.894967212749222,48178U
2025-06-29T15:40:50.756238,-6365.6459422805365,1207.1873879925738,2942.400638285046,3.238769938916417,0.6735113140438284,6.712641771481122,48178U
2025-06-29T15:41:50.756238,-6158.776192145636,1245.168118029741,3339.0181904684237,3.654605038001655,0.5920883164403428,6.503541139883009,48178U
2025-06-29T15:42:50.756238,-5927.386377362055,1278.1914478264514,3722.307370989684,4.055832806849773,0.5083195858231329,6.268511208363779,48178U
2025-06-29T15:43:50.756238,-5672.401239736277,1306.126656433085,4090.7403987622574,4.440853599113992,0.42254069886339,6.00850165618523,48178U
2025-06-29T15:44:50.756238,-5394.839505077746,1328.8633922654876,4442.849476061321,4.808135348107893,0.3350948246343302,5.7245615358006905,48178U
2025-06-29T15:45:50.756238,-5095.809647105956,1346.3120853307078,4777.232609138647,5.156219552490351,0.2463312754377236,5.417834471085982,48178U
2025-06-29T15:46:50.756238,-4776.505304484279,1358.4042723170007,5092.559130281848,5.483726846334941,0.15660405304973068,5.0895535132728495,48178U
2025-06-29T15:47:50.756238,-4438.200376322532,1365.0928345220198,5387.574902069186,5.789362140981047,0.06627039870452077,4.741035698445234,48178U
2025-06-29T15:48:50.756238,-4082.243822072441,1366.3521490673263,5661.107187176732,6.071919332102749,-0.024310645729862416,4.373676349462843,48178U
2025-06-29T15:49:50.756238,-3710.0541919682423,1362.178154267474,5912.06916961684,6.330285570989686,-0.11477965888893162,3.988943163209558,48178U
2025-06-29T15:50:50.756238,-3323.1139140842683,1352.5883303822366,6139.464115660723,6.563445103936162,-0.2047782378826481,3.5883701212526415,48178U
2025-06-29T15:51:50.756238,-2922.9633637210363,1337.6215972796435,6342.389164888515,6.7704826877556465,-0.2939503686550429,3.173551258473344,48178U
2025-06-29T15:52:50.756238,-2511.19474025534,1317.3381307747313,6520.038743768047,6.950586592658164,-0.38194376530051233,2.7461343201715684,48178U
2025-06-29T15:53:50.756238,-2089.445775841963,1291.8190995868586,6671.707595871037,7.103051205984672,-0.46841117586071285,2.30781433372965,48178U
2025-06-29T15:54:50.756238,-1659.3932995063924,1261.1663249817161,6796.793424268405,7.22727925154235,-0.553011652987832,1.8603271163518285,48178U
2025-06-29T15:55:50.756238,-1222.7466792654875,1225.501865238832,6894.799142809241,7.322783639538733,-0.6354117885999571,1.4054427358604729,48178U
2025-06-29T15:56:50.756238,-781.2411640291456,1184.9675271199244,6965.334733881068,7.389188961405171,-0.7152869122436877,0.9449589372371793,48178U
2025-06-29T15:57:50.756238,-336.6311462171541,1139.7243065174453,7008.118710897047,7.426232642214694,-0.792322253300914,0.48069454372092474,48178U
2025-06-29T15:58:50.756238,109.3166346754665,1089.9517604462526,7022.979184186179,7.433765761046032,-0.8662140674164163,0.014482837985420051,48178U
2025-06-29T15:59:50.756238,554.829927872794,1035.8473125159278,7009.854529215323,7.411753546666925,-0.9366707275764509,-0.4518350736454031,48178U
2025-06-29T16:00:50.756238,998.1378271243908,977.6254939984009,6968.793656194035,7.360275552472485,-1.0034137801358518,-0.9164169127043125,48178U
2025-06-29T16:01:50.756238,1437.4776273141763,915.5171225946498,6899.955880157554,7.279525510903661,-1.0661789657849603,-1.3774258953821894,48178U
2025-06-29T16:02:50.756238,1871.1016625605535,849.768421018036,6803.610390646561,7.169810863783074,-1.1247172049799474,-1.8330374140349273,48178U
2025-06-29T16:03:50.756238,2297.2841061844465,780.6400775558513,6680.135320161532,7.031551961340864,-1.178795546759119,-2.2814457316999635,48178U
2025-06-29T16:04:50.756238,2714.3277123822204,708.4062508561568,6530.01641072421,6.86528091936126,-1.2281980791569462,-2.7208706858788703,48178U
2025-06-29T16:05:50.756238,3120.570478726616,633.3535213155334,6353.845278178892,6.671640121044813,-1.2727267986454096,-3.1495643949584924,48178U
2025-06-29T16:06:50.756238,3514.392207743948,555.7797916216224,6152.317274363555,6.451380348022993,-1.3122024352112767,-3.5658179570092705,48178U
2025-06-29T16:07:50.756238,3894.2209448360395,475.9931392317417,5926.228948015128,6.205358523625158,-1.3464652288600985,-3.9679681264689197,48178U
2025-06-29T16:08:50.756238,4258.53926878481,394.31062384390395,5676.475106273314,5.9345350510938095,-1.3753756525613,-4.354403949562206,48178U
2025-06-29T16:09:50.756238,4605.890410038333,311.05705323895796,5404.045479944893,5.639970730063742,-1.3988150759520412,-4.723573334394241,48178U
2025-06-29T16:10:50.756238,4934.884171062054,226.56371122024592,5110.020997241,5.3228232362479995,-1.4166863635413114,-5.073989526762513,48178U
2025-06-29T16:11:50.756238,5244.202622065539,141.16705180171786,4795.5696726986935,4.9843431521242705,-1.428914400717193,-5.404237457808933,48178U
2025-06-29T16:12:50.756238,5532.60554504118,55.2073641413273,4461.9421199421695,4.625869539924256,-1.435446540624947,-5.712979925517582,48178U
2025-06-29T16:13:50.756238,5798.935598367058,-30.972586790098696,4110.466699591299,4.24882505317113,-1.4362529649110802,-5.99896356792415,48178U
2025-06-29T16:14:50.756238,6042.123174358294,-117.0289384479192,3742.5443160770124,3.854710588331989,-1.43132695150373,-6.261024583062455,48178U
2025-06-29T16:15:50.756238,6261.190922339462,-202.6181220817142,3359.642879971543,3.445099484402403,-1.4206850429764517,-6.498094148432472,48178U
2025-06-29T16:16:50.756238,6455.257910518016,-287.39826109797235,2963.2914552500247,3.0216312848340343,-1.4043671096445025,-6.7092034917177,48178U
2025-06-29T16:17:50.756238,6623.543400928567,-371.030569921949,2555.0741139528677,2.586005083329103,-1.3824363023606263,-6.893488564419319,48178U
2025-06-29T16:18:50.756238,6765.370213334208,-453.1807466349684,2136.623523390225,2.1399724818484414,-1.3549788909823346,-7.0501942714256876,48178U
2025-06-29T16:19:50.756238,6880.167655785031,-533.5203524169785,1709.6142939621193,1.6853301962551286,-1.3221039856671881,-7.178678211849956,48178U
2025-06-29T16:20:50.756238,6967.474001910061,-611.7281707120335,1275.7561181612198,1.2239123514505188,-1.2839431394729806,-7.278413890127936,48178U
2025-06-29T16:21:50.756238,7026.938497702585,-687.4915389790004,836.7867336821789,0.7575825138396197,-1.2406498321680404,-7.3489933610593665,48178U
2025-06-29T16:22:50.756238,7058.322883596717,-760.5076459300026,394.4647455726783,0.2882255141368356,-1.1923988366505727,-7.390129278184348,48178U
2025-06-29T16:23:50.756238,7061.502420952328,-830.4847872886108,-49.437655992578506,-0.18226088224126025,-1.1393854708929938,-7.401656321446406,48178U
2025-06-29T16:24:50.756238,7036.466415607504,-897.1435733206677,-493.14204450410756,-0.6519743967991859,-1.081824739824345,-7.3835319873333685,48178U
2025-06-29T16:25:50.756238,6983.318234853356,-960.2180817000595,-934.871133889353,-1.1190166892481745,-1.0199503729970234,-7.335836732408839,48178U
2025-06-29T16:26:50.756238,6902.274817960631,-1019.456949664195,-1372.8561443743029,-1.5815017754011256,-0.9540137652123117,-7.2587734691338985,48178U
2025-06-29T16:27:50.756238,6793.665684164757,-1074.624399882091,-1805.3441187247067,-2.0375643492069107,-0.8842828284644416,-7.152666420907035,48178U
2025-06-29T16:28:50.756238,6657.931445718158,-1125.5011949924167,-2230.605150817006,-2.4853679483061595,-0.8110407645713636,-7.0179593510929585,48178U
2025-06-29T16:29:50.756238,6495.621837171424,-1171.8855163573821,-2646.939489606993,-2.9231129055469838,-0.7345847686652384,-6.85521318824878,48178U
2025-06-29T16:30:50.756238,6307.393275379042,-1213.593763208521,-3052.684483112564,-3.349044033064913,-0.6552246742959444,-6.665103076583715,48178U
2025-06-29T16:31:50.756238,6094.005967775614,-1250.4612690182903,-3446.221328964069,-3.7614579906736854,-0.5732815512431245,-6.448414886720655,48178U
2025-06-29T16:32:50.756238,5856.320589186611,-1282.3429326014843,-3825.9816003397964,-4.158710296257011,-0.48908626723319043,-6.206041226913079,48178U
2025-06-29T16:33:50.756238,5595.294549774151,-1309.1137621200126,-4190.453518648725,-4.539221942422043,-0.4029780246174443,-5.93897699888006,48178U
2025-06-29T16:34:50.756238,5311.977878648394,-1330.6693308173724,-4538.187947065554,-4.9014855906489245,-0.3153028826998,-5.648314545275966,48178U
2025-06-29T16:35:50.756238,5007.508749178864,-1346.9261439336494,-4867.804081901401,-5.244071321337866,-0.22641227582426976,-5.335238437461817,48178U
2025-06-29T16:36:50.756238,4683.108673112414,-1357.8219168354105,-5177.994821732842,-5.5656319252927755,-0.13666153656879482,-5.001019952687606,48178U
2025-06-29T16:37:50.756238,4340.077391256043,-1363.3157649274126,-5467.531797139959,-5.864907729071359,-0.046408432474249,-4.6470112890665325,48178U
2025-06-29T16:38:50.756238,3979.787488733837,-1363.3883063865483,-5735.270046752723,-6.140730953073218,0.043988276299046544,-4.274639564898284,48178U
2025-06-29T16:39:50.756238,3603.678762712065,-1358.0416791672162,-5980.1523280123565,-6.392029607046197,0.13417025211174388,-3.885400646090385,48178U
2025-06-29T16:40:50.756238,3213.2523700461484,-1347.299474067305,-6201.213053566593,-6.617830932710184,0.22378096266334416,-3.4808528417757145,48178U
2025-06-29T16:41:50.756238,2810.0647815925695,-1331.2065859149052,-6397.58184648759,-6.817264407298615,0.31246702752257227,-3.0626105039014817,48178U
2025-06-29T16:42:50.756238,2395.7215690023136,-1309.828985138583,-6568.486709497462,-6.989564324911675,0.39987952551835987,-2.632337561755041,48178U
2025-06-29T16:43:50.756238,1971.8710487359065,-1283.2534121225867,-6713.2568050833725,-7.134071974605944,0.4856752611730199,-2.191741017299104,48178U
2025-06-29T16:44:50.756238,1540.1978068751857,-1251.586996828486,-6831.324844773755,-7.250237435100255,0.5695179892798071,-1.7425644220172416,48178U
2025-06-29T16:45:50.756238,1102.4161271186167,-1214.9568061942573,-6922.229086930506,-7.337621005880188,0.6510795975052713,-1.2865813509252708,48178U
2025-06-29T16:46:50.756238,660.2633431952021,-1173.509321809912,-6985.614943203069,-7.395894293397433,0.7300412475097183,-0.825588884680161,48178U
2025-06-29T16:47:50.756238,215.4931358774798,-1127.409850326307,-7021.236194313757,-7.42484096908076,0.8060944755089962,-0.3614011064993356,48178U
2025-06-29T16:48:50.756238,-230.13120614631055,-1076.8418689908683,-7028.955816136612,-7.424357213134367,0.87894225344036,0.10415738296520866,48178U
2025-06-29T16:49:50.756238,-674.8435430067063,-1022.0063086339645,-7008.7464171346155,-7.39445185474709,0.9483000119385436,0.5692579324207868,48178U
2025-06-29T16:50:50.756238,-1116.8816399810753,-963.120776362122,-6960.690288186291,-7.335246215552124,1.0138966261835431,1.032074289907383,48178U
2025-06-29T16:51:50.756238,-1554.4939056828453,-900.4187201616514,-6884.979065715444,-7.246973659148441,1.0754753653589821,1.490789038391307,48178U
2025-06-29T16:52:50.756238,-1985.9460944233394,-834.1485375872845,-6781.913008895673,-7.129978845418899,1.1327948059790132,1.9436000193751446,48178U
2025-06-29T16:53:50.756238,-2409.5279548574968,-764.5726307148981,-6651.89989159201,-6.984716684454289,1.185629708725945,2.388726745900007,48178U
2025-06-29T16:54:50.756238,-2823.5598066031475,-691.9664095817835,-6495.453509683236,-6.811750981306877,1.2337718577206165,2.8244168043755318,48178U
2025-06-29T16:55:50.756238,-3226.399025904734,-616.6172464272332,-6313.191804530558,-6.611752759728187,1.277030860355628,3.2489522418924133,48178U
2025-06-29T16:56:50.756238,-3616.4464206283415,-538.8233831843302,-6105.834603670573,-6.385498250652863,1.3152349049944596,3.660655932160853,48178U
2025-06-29T16:57:50.756238,-3992.1524739767688,-458.89279486072337,-5874.200980348685,-6.133866529603416,1.3482314730141625,4.057897909125379,48178U
2025-06-29T16:58:50.756238,-4352.0234353430105,-377.14201168195484,-5619.206234307908,-5.8578367865170025,1.3758880008839274,4.439101652786105,48178U
2025-06-29T16:59:50.756238,-4694.627235751222,-293.8949031489942,-5341.858497316771,-5.558485211794332,1.3980924872629237,4.802750307008464,48178U
2025-06-29T17:00:50.756238,-5018.599204372318,-209.481427488635,-5043.25496830816,-5.236981483720082,1.4147540394998945,5.147392804263439,48178U
2025-06-29T17:01:50.756238,-5322.64756189042,-124.23635029898351,-4724.577784551827,-4.894584844635399,1.4258033534644985,5.471649867699115,48178U
2025-06-29T17:02:50.756238,-5605.558665644353,-38.4979366151554,-4387.089537365628,-4.532639756729647,1.4311931203359656,5.774219856416474,48178U
2025-06-29T17:03:50.756238,-5866.2019812797125,47.393379053815615,-4032.1284428235094,-4.152571132299688,1.4308983538821332,6.053884416286207,48178U
2025-06-29T17:04:50.756238,-6103.534755327132,133.0963397395492,-3661.103180415641,-3.755879138458025,1.4249166318442679,6.309513895370185,48178U
2025-06-29T17:05:50.756238,-6316.606363366267,218.2702247499483,-3275.487415062709,-3.344133581824409,1.4132682453459262,6.540072480838547,48178U
2025-06-29T17:06:50.756238,-6504.56230889687,302.57621442615897,-2876.8140205985314,-2.918967884943403,1.3959962507502741,6.74462301291571,48178U
2025-06-29T17:07:50.756238,-6666.647849040253,385.67875495098895,-2466.6690253112847,-2.482072672377421,1.3731664190873138,6.922331431253766,48178U
2025-06-29T17:08:50.756238,-6802.2112243184,467.2469169134027,-2046.685303054537,-2.0351889912296985,1.3448670790652697,7.072470809806283,48178U
2025-06-29T17:09:50.756238,-6910.706471557871,546.9557411770372,-1618.5360357806355,-1.5801011970287582,1.3112088507229556,7.194424938373942,48178U
2025-06-29T17:10:50.756238,-6991.695800938689,624.4875654336372,-1183.9279758845084,-1.1186295421495196,1.2723242679660594,7.287691411961532,48178U
2025-06-29T17:11:50.756238,-7044.851520620917,699.5333247619878,-744.5945389219244,-0.6526225095384393,1.2283672895166273,7.35188419317915,48178U
2025-06-29T17:12:50.756238,-7069.95749509071,771.7938195244434,-302.28875920547335,-0.18394893946459337,1.1795126991602995,7.386735617926219,48178U
2025-06-29T17:13:50.756238,-7066.910126350285,840.9809440267254,141.22385760574767,0.28550999886356176,1.1259553975605676,7.392097820413781,48178U
2025-06-29T17:14:50.756238,-7035.718850277571,906.8188695433885,584.1725495623126,0.7538689358258265,1.0679095892844812,7.367943560051961,48178U
2025-06-29T17:15:50.756238,-6976.506143840493,969.0451755683923,1024.7885449190235,1.2192464729863879,1.0056078700106363,7.314366439679597,48178U
2025-06-29T17:16:50.756238,-6889.50704230198,1027.4119234853388,1461.3123034465955,1.6797733397417005,0.939300220128599,7.231580511847513,48178U
2025-06-29T17:17:50.756238,-6775.0681690257325,1081.6866672565352,1892.0007159517263,2.1336004772185704,0.8692529120559532,7.119919277183334,48178U
2025-06-29T17:18:50.756238,-6633.646283920875,1131.6533961978632,2315.134225849695,2.5789069930000093,0.7957473395619721,6.979834086057953,48178U
2025-06-29T17:19:50.756238,-6465.8063598754,1177.1134054271474,2729.023837511152,3.0139079327506475,0.7190787781693758,6.811891961638506,48178U
2025-06-29T17:20:50.756238,-6272.219199664018,1217.88609013441,3132.0179773686723,3.43686181832636,0.639555086289692,6.616772868763551,48178U
2025-06-29T17:21:50.756238,-6053.658608710662,1253.8096604136017,3522.509175408146,3.8460779063942687,0.5574953571159376,6.39526645873396,48178U
2025-06-29T17:22:50.756238,-5810.998141696057,1284.7417740008777,3898.940536611457,4.239923126784348,0.4732285314470223,6.148268324937152,48178U
2025-06-29T17:23:50.756238,-5545.2074432798745,1310.5600848738363,4259.8119741289765,4.616828665595548,0.3870919815485828,5.8767758080872134,48178U
2025-06-29T17:24:50.756238,-5257.348205124117,1331.1627062647722,4603.686178374487,4.975296164290286,0.2994300758749472,5.581883392683531,48178U
2025-06-29T17:25:50.756238,-4948.569762949743,1346.4685872169593,4929.194298778176,5.313903512421079,0.21059273400376144,5.264777738024794,48178U
2025-06-29T17:26:50.756238,-4620.104358508446,1356.4178023563368,5235.0413175634485,5.631310218062768,0.1209339804856008,4.926732387734855,48178U
2025-06-29T17:27:50.756238,-4273.262092130274,1360.9717550502353,5520.011097536339,5.9262623462409145,0.0308105055190621,4.5691022013080085,48178U
2025-06-29T17:28:50.756238,-3909.4255919180323,1360.1132945738548,5782.971088451588,6.197597021482607,-0.05941976054511493,4.19331754971196,48178U
2025-06-29T17:29:50.756238,-3530.0444257383415,1353.8467482970968,6022.87667897644,6.444246495881464,-0.149399052850724,3.800878314705115,48178U
2025-06-29T17:30:50.756238,-3136.6292819400833,1342.1978702363185,6238.775183566063,6.665241788617613,-0.23877115283711975,3.3933477283555673,48178U
2025-06-29T17:31:50.756238,-2730.745944262915,1325.2137075855615,6429.809455648128,6.859715906578918,-0.3271827402221374,2.972346085450314,48178U
2025-06-29T17:32:50.756238,-2314.0090857360606,1302.9623870515766,6595.2211203550905,7.026906658500474,-0.4142847131808935,2.5395443572338348,48178U
2025-06-29T17:33:50.756238,-1888.0759055638523,1275.5328229693605,6734.353421622259,7.166159076822782,-0.4997334746478758,2.0966577304006813,48178U
2025-06-29T17:34:50.756238,-1454.6396321129828,1243.0343492752502,6846.653679774415,7.27692746224503,-0.5831921834762064,1.6454390906894703,48178U
2025-06-29T17:35:50.756238,-1015.4229142194062,1205.596277470605,6931.675356755733,7.358777065740403,-0.6643319698588835,1.1876724659858147,48178U
2025-06-29T17:36:50.756238,-572.1711221703009,1163.3673827288806,6989.079726933097,7.411385421666946,-0.7428331149308679,0.7251664397219403,48178U
2025-06-29T17:37:50.756238,-126.64557895050729,1116.5153202930549,7018.637151942725,7.434543343642092,-0.8183861948092744,0.25974754174655856,48178U
2025-06-29T17:38:50.756238,319.3832582881228,1065.225974289023,7020.227958391385,7.42815559218077,-0.8906931894843272,-0.2067463791233852,48178U
2025-06-29T17:39:50.756238,764.1426470255536,1009.7027410558535,6993.842917407985,7.39224121987901,-0.9594685569418072,-0.6724727988302261,48178U
2025-06-29T17:40:50.756238,1205.8644191822348,950.1657490753768,6939.583325120322,7.326933596334414,-1.0244402726862367,-1.1355911773417156,48178U
2025-06-29T17:41:50.756238,1642.791832699921,886.8510175838194,6857.660683158999,7.2324801112228645,-1.08535083445267,-1.5942696330634054,48178U
2025-06-29T17:42:50.756238,2073.1863954592536,820.0095559745544,6748.39597832419,7.109241550196183,-1.1419582313663255,-2.046691631397794,48178U
2025-06-29T17:43:50.756238,2495.3346416715162,749.9064061639506,6612.218560648762,6.957691134729745,-1.1940368761562432,-2.4910626848855455,48178U
2025-06-29T17:44:50.756238,2907.554840257785,676.819630196759,6449.664619308999,6.778413213924839,-1.2413784982840708,-2.9256170599101163,48178U
2025-06-29T17:45:50.756238,3308.2036139338816,601.0392455182309,6261.375256222303,6.572101593735196,-1.2837929950472817,-3.3486244816920303,48178U
2025-06-29T17:46:50.756238,3695.6824467838946,522.8661105413106,6048.094157778204,6.339557487304235,-1.32110923689343,-3.758396825357845,48178U
2025-06-29T17:47:50.756238,4068.444057100363,442.61076338534275,5810.664866004536,6.081687069190017,-1.3531758223808774,-4.153294776419895,48178U
2025-06-29T17:48:50.756238,4424.998611222644,360.5922169600876,5550.027651610573,5.799498616329478,-1.3798617774774011,-4.531734439195229,48178U
2025-06-29T17:49:50.756238,4763.919753101693,277.13671390679036,5267.215992780971,5.494099219703786,-1.401057193242407,-4.892193866747211,48178U
2025-06-29T17:50:50.756238,5083.850423430916,192.57644527648463,4963.352665305132,5.1666910528187815,-1.4166737954246595,-5.233219481066218,48178U
2025-06-29T17:51:50.756238,5383.508441359105,107.24823724529111,4639.645451712072,4.818567186403486,-1.4266454391507692,-5.553432347505279,48178U
2025-06-29T17:52:50.756238,5661.69182142919,21.492210543696597,4297.382479229441,4.451106942784699,-1.4309285217233991,-5.8515342635020255,48178U
2025-06-29T17:53:50.756238,5917.283797959867,-64.34958225734972,3937.927199058135,4.065770788654338,-1.42950230657846,-6.12631361794274,48178U
2025-06-29T17:54:50.756238,6149.257529300897,-149.93453608131915,3562.7130220471304,3.6640947706718268,-1.4223691517171568,-6.376650975014802,48178U
2025-06-29T17:55:50.756238,6356.6804548133505,-234.92088338488318,3173.237628696734,3.2476845047889937,-1.4095546364041491,-6.601524334690708,48178U
2025-06-29T17:56:50.756238,6538.7182782405425,-318.9690886138316,2771.056974389852,2.818208737093582,-1.3911075806210862,-6.800014021367689,48178U
2025-06-29T17:57:50.756238,6694.638552477289,-401.7432405079307,2357.7790135480245,2.3773925008820633,-1.3670999526645162,-6.971307152852614,48178U
2025-06-29T17:58:50.756238,6823.813842386032,-482.912435420586,1935.057169324305,1.9270099017634537,-1.3376266613636885,-7.114701643615828,48178U
2025-06-29T17:59:50.756238,6925.72444445011,-562.1521446539996,1504.5835780858129,1.4688765692978163,-1.3028052306371318,-7.229609699260007,48178U
2025-06-29T18:00:50.756238,6999.960644551525,-639.1455587104205,1068.0821404244186,1.0048418199719105,-1.2627753554765095,-7.315560763279399,48178U
2025-06-29T18:01:50.756238,7046.22449802779,-713.584901349138,627.301412619869,0.536780581921652,-1.2176983399035584,-7.372203882385577,48178U
2025-06-29T18:02:50.756238,7064.331119340534,-785.1727064171142,184.00737432621784,0.0665851365637578,-1.167756418950557,-7.399309462808714,48178U
2025-06-29T18:03:50.756238,7054.209472122667,-853.6230505897419,-260.0238902941758,-0.40384326396320286,-1.1131519682231918,-7.396770396890652,48178U
2025-06-29T18:04:50.756238,7015.902653995931,-918.662735417365,-703.0135597478023,-0.8726028420526891,-1.0541066060737694,-7.364602546782139,48178U
2025-06-29T18:05:50.756238,6949.567674294207,-980.0324124178389,-1143.1874519019393,-1.3377997397142727,-0.9908601947996288,-7.302944579933165,48178U
2025-06-29T18:06:50.756238,6855.474726614786,-1037.4876453806125,-1578.7833713239243,-1.7975564005342117,-0.9236697485462364,-7.212057159101662,48178U
2025-06-29T18:07:50.756238,6734.005961871926,-1090.7999045439556,-2008.058388807485,-2.250019826746139,-0.8528082567014229,-7.092321497575313,48178U
2025-06-29T18:08:50.756238,6585.653771168623,-1139.7574878640687,-2429.296015507854,-2.6933696520799617,-0.7785634324850187,-6.944237297979583,48178U
2025-06-29T18:09:50.756238,6411.018591261264,-1184.1663652006853,-2840.8132354344048,-3.1258259746546946,-0.7012363971432226,-6.768420100218874,48178U
2025-06-29T18:10:50.756238,6210.806248598686,-1223.8509418850945,-3240.967361790927,-3.5456568988319095,-0.6211403106308359,-6.565598070569055,48178U
2025-06-29T18:11:50.756238,5985.824860818073,-1258.6547387981414,-3628.1626847503817,-3.9511857404890622,-0.5385989598998233,-6.336608269541337,48178U
2025-06-29T18:12:50.756238,5736.981317121845,-1288.440986754532,-4000.85688065971,-4.340797856442678,-0.453945315905572,-6.082392440724627,48178U
2025-06-29T18:13:50.756238,5465.277361107127,-1313.0931336503802,-4357.567155317698,-4.7129470655410985,-0.3675200702006484,-5.803992366282397,48178U
2025-06-29T18:14:50.756238,5171.8053013492945,-1332.5152634699482,-4696.876096785348,-5.066161636041372,-0.2796701615241835,-5.502544837065907,48178U
2025-06-29T18:15:50.756238,4857.7433763408535,-1346.632426852003,-5017.437216105043,-5.399049821067323,-0.19074730213436208,-5.179276286380432,48178U
2025-06-29T18:16:50.756238,4524.350801257605,-1355.3908834761041,-5317.980157248628,-5.710304930995653,-0.10110651279893404,-4.8354971363199,48178U
2025-06-29T18:17:50.756238,4172.962524481465,-1358.7582570338034,-5597.315560514164,-5.998709938321996,-0.011104674387929595,-4.472595904323601,48178U
2025-06-29T18:18:50.756238,3804.983721884959,-1356.7236039929555,-5854.339566377858,-6.263141616720826,0.07890089705844275,-4.092033115303864,48178U
2025-06-29T18:19:50.756238,3421.884056601694,-1349.297397740287,-6088.037949433537,-6.502574221472043,0.1685538460490696,-3.6953350614596787,48178U
2025-06-29T18:20:50.756238,3025.1917314382367,-1336.5114299951779,-6297.4898744491675,-6.716082723020421,0.2575001395639319,-3.2840874479047786,48178U
2025-06-29T18:21:50.756238,2616.487360254942,-1318.4186316268745,-6481.871268719044,-6.902845609073673,0.3453893917314159,-2.859928957651976,48178U
2025-06-29T18:22:50.756238,2197.397683643125,-1295.0928151802707,-6640.457806742525,-7.06214727323584,0.4318761488888971,-2.4245447645306153,48178U
2025-06-29T18:23:50.756238,1769.5891530954932,-1266.6283415266882,-6772.627504814485,-7.193380009696333,0.5166211336375129,-1.9796600174531422,48178U
2025-06-29T18:24:50.756238,1334.761406683022,-1233.139713112604,-6877.862924355163,-7.296045633945314,0.5992924473579206,-1.5270333143094896,48178U
2025-06-29T18:25:50.756238,894.6406580748086,-1194.7610962893261,-6955.752983748588,-7.369756748909916,0.6795667313563514,-1.0684501788528344,48178U
2025-06-29T18:26:50.756238,450.97301962107616,-1151.6457751801029,-7005.9943791203,-7.414237674382952,0.757130287340979,-0.6057165494300556,48178U
2025-06-29T18:27:50.756238,5.517779224709667,-1103.965539488779,-7028.392614892994,-7.429325055256578,0.8316801582715105,-0.1406522844834771,48178U
2025-06-29T18:28:50.756238,-439.95935010684605,-1051.9100085873633,-7022.862645155538,-7.4149681610214655,0.9029251707751801,0.3249153134536307,48178U
2025-06-29T18:29:50.756238,-883.6929897697072,-995.6858941504191,-6989.429126911902,-7.37122888541184,0.9705869402800743,0.789157955906521,48178U
2025-06-29T18:30:50.756238,-1323.924846282832,-935.5162035426563,-6928.226286195681,-7.29828145115172,1.0344008397910212,1.2502528108337503,48178U
2025-06-29T18:31:50.756238,-1758.9104355378752,-871.6393861236497,-6839.497397899066,-7.196411820680271,1.0941169328377534,1.706388931775855,48178U
2025-06-29T18:32:50.756238,-2186.9257628244145,-804.3084246196892,-6723.593880031256,-7.066016809704489,1.1495008705817882,2.155773675814185,48178U
2025-06-29T18:33:50.756238,-2606.273940571113,-733.7898737344262,-6580.974003047529,-6.907602896637636,1.2003347524043604,2.5966391109154823,48178U
2025-06-29T18:34:50.756238,-3015.291725223179,-660.3628482345466,-6412.201214931404,-6.721784717618704,1.2464179485434443,3.0272484108855413,48178U
2025-06-29T18:35:50.756238,-3412.355953973504,-584.3179628581149,-6217.942082919033,-6.509283234040054,1.2875678825377603,3.4459022330117164,48178U
2025-06-29T18:36:50.756238,-3795.8898612214143,-505.95622655320733,-5998.963853169696,-6.27092355748303,1.3236207704075411,3.8509450696686978,48178U
2025-06-29T18:37:50.756238,-4164.369253694134,-425.587893763466,-5756.131630343992,-6.007632415794265,1.3544323126922089,4.240771560845559,48178U
2025-06-29T18:38:50.756238,-4516.328522186403,-343.5312757328039,-5490.405179977598,-5.720435243816313,1.379878334711543,4.613832749898133,48178U
2025-06-29T18:39:50.756238,-4850.366466914256,-260.11151509874054,-5202.835357745353,-5.410452883065955,1.3998553697549876,4.968642260030026,48178U
2025-06-29T18:40:50.756238,-5165.151912578641,-175.6593273815149,-4894.560171219601,-5.078897876468817,1.4142811793644765,5.303782364230386,48178U
2025-06-29T18:41:50.756238,-5459.429088545208,-90.50971332261015,-4566.800481446641,-4.727070346999077,1.4230952044927772,5.6179099169401745,48178U
2025-06-29T18:42:50.756238,-5732.022748886518,-5.000646433284651,-4220.855353792677,-4.3563534529158385,1.4262589411020496,5.909762111516242,48178U
2025-06-29T18:43:50.756238,-5981.843006862656,80.52825953425311,-3858.097069646509,-3.9682084167430944,1.423756233755085,6.178162024223803,48178U
2025-06-29T18:44:50.756238,-6207.889858318632,165.7370980771435,-3479.965813081964,-3.564169130530182,1.4155934809293451,6.422023902677455,48178U
2025-06-29T18:45:50.756238,-6409.257368820305,250.2870269143336,-3087.964049166213,-3.1458363458186964,1.4017997461763645,6.640358154851659,48178U
2025-06-29T18:46:50.756238,-6585.137500099642,333.8416286496392,-2683.650613154648,-2.7148714629158825,1.3824267698384571,6.832275994030857,48178U
2025-06-29T18:47:50.756238,-6734.823552365753,416.06826900836654,-2268.6345326223786,-2.272989940712905,1.357548876819974,6.996993695235092,48178U
2025-06-29T18:48:50.756238,-6857.71320057479,496.63944631607404,-1844.5686070870709,-1.8219543546595793,1.3272627768660137,7.13383642010535,48178U
2025-06-29T18:49:50.756238,-6953.311104560208,575.23412569506,-1413.1427722416277,-1.3635671368724627,1.2916872549098726,7.2422415696663816,48178U
2025-06-29T18:50:50.756238,-7021.231075146126,651.539051347971,-976.0772782273702,-0.8996630382480972,1.2509627502795593,7.321761627934667,48178U
2025-06-29T18:51:50.756238,-7061.197780914396,725.2500302645813,-535.1157134637896,-0.4321013577815528,1.2052508248705232,7.372066463866818,48178U
2025-06-29T18:52:50.756238,-7073.047983140627,796.0731807338472,-92.01790734179649,0.037242011131088146,1.1547335217598682,7.392945064550433,48178U
2025-06-29T18:53:50.756238,-7056.731289507795,863.7261391731166,351.4472534704052,0.5064826639528716,1.099612617117667,7.384306678686267,48178U
2025-06-29T18:54:50.756238,-7012.310420489605,927.939218996999,793.5090593001822,0.9737358417171,1.0401087696242397,7.346181356130363,48178U
2025-06-29T18:55:50.756238,-6939.960985706896,988.4565155384314,1232.4022258676844,1.4371246035244367,0.9764605728895942,7.278719876373342,48178U
2025-06-29T18:56:50.756238,-6839.970771030887,1045.0369513994378,1666.374120142416,1.8947879567665635,0.9089235175554214,7.182193066131486,48178U
2025-06-29T18:57:50.756238,-6712.738540667706,1097.455257039863,2093.691927214382,2.3448888877832337,0.8377688708086389,7.056990513506376,48178U
2025-06-29T18:58:50.756238,-6558.772361840792,1145.5028819022152,2512.6497223903375,2.785622237572191,0.763282481918276,6.903618693230787,48178U
2025-06-29T18:59:50.756238,-6378.687462923136,1188.9888319080344,2921.575413792298,3.215222370161527,0.6857635231013793,6.7226985241609345,48178U
2025-06-29T19:00:50.756238,-6173.203638901228,1227.740429733511,3318.8375221784318,3.6319705852177484,0.6055231755123155,6.514962386218104,48178U
2025-06-29T19:01:50.756238,-5943.142220817937,1261.6039948684436,3702.8517664969127,4.034202231281996,0.5228832704210457,6.281250629261351,48178U
2025-06-29T19:02:50.756238,-5689.422628300042,1290.44544106825,4072.0874257593905,4.4203134815300995,0.43817489569875934,6.022507610754794,48178U
2025-06-29T19:03:50.756238,-5413.0585263888,1314.1507894116628,4425.073450133274,4.7887677399685975,0.3517369775666117,5.739777302473081,48178U
2025-06-29T19:04:50.756238,-5115.153609633624,1332.6265957641135,4760.404296638036,5.138101652311878,0.2639148471969627,5.434198508796165,48178U
2025-06-29T19:05:50.756238,-4796.897037768993,1345.8002920066256,5076.745467420687,5.466930702227766,0.17505880120563802,5.106999740351448,48178U
2025-06-29T19:06:50.756238,-4459.558548268279,1353.6204409123068,5372.838731219799,5.773954379992251,0.08552266436138825,4.759493786869502,48178U
2025-06-29T19:07:50.756238,-4104.483271669691,1356.0569050281838,5647.507011236169,6.057960916654604,-0.004337638004187863,4.393072032176869,48178U
2025-06-29T19:08:50.756238,-3733.086275821139,1353.1009303422722,5899.658925151859,6.317831582398663,-0.09416549134312924,4.0091985523363896,48178U
2025-06-29T19:09:50.756238,-3346.8468651209564,1344.7651458796433,6128.292965427228,6.5525445527328,-0.1836049814523865,3.6094040351700003,48178U
2025-06-29T19:10:50.756238,-2947.3026604930724,1331.0834806743385,6332.501310199942,6.761178350300858,-0.272302257730472,3.1952795559161475,48178U
2025-06-29T19:11:50.756238,-2536.0434852659578,1312.1109998059085,6511.473257084465,6.942914873381621,-0.3599068666174156,2.76847023973637,48178U
2025-06-29T19:12:50.756238,-2114.705081388202,1287.9236613722078,6664.49827388919,7.0970420244521755,-0.446073052658804,2.3306688373869124,48178U
2025-06-29T19:13:50.756238,-1684.9626795701688,1258.6179963984305,6790.968661716238,7.222955953495341,-0.5304610254988779,1.883609235807387,48178U
2025-06-29T19:14:50.756238,-1248.524446039661,1224.3107137614284,6890.381827085931,7.320162931038851,-0.6127381918535533,1.4290599208369918,48178U
2025-06-29T19:15:50.756238,-807.1248277189923,1185.138232247734,6962.342160633702,7.388280865255079,-0.6925803521128189,0.9688174049653705,48178U
2025-06-29T19:16:50.756238,-362.5178168021479,1141.2561418705748,7006.562520589074,7.427040475911457,-0.7696728616572434,0.5046996291189194,48178U
2025-06-29T19:17:50.756238,83.52984499198347,1092.8385965579607,7022.865319686148,7.4362861356444405,-0.8437117572279075,0.03853934416578277,48178U
2025-06-29T19:18:50.756238,529.2455027632279,1040.0776403003565,7011.183214416739,7.415976386081478,-0.9144048487590267,-0.4278225247784513,48178U
2025-06-29T19:19:50.756238,972.8574460033343,983.182468823663,6971.559395665883,7.366184132918341,-0.9814727769690546,-0.8925435299318314,48178U
2025-06-29T19:20:50.756238,1412.601768172743,922.3786288428587,6904.147479816544,7.287096520357647,-1.0446500367163103,-1.3537863678522561,48178U
2025-06-29T19:21:50.756238,1846.7292089712798,857.9071569630571,6809.210999434032,7.1790144815258845,-1.1036859656759372,-1.8097255613019372,48178U
2025-06-29T19:22:50.756238,2273.5119596842483,790.0236603374098,6687.122492698066,7.042351957810841,-1.1583456973083512,-2.2585541543362706,48178U
2025-06-29T19:23:50.756238,2691.250411463438,718.9973412722666,6538.362190898498,6.877634776696647,-1.2084110763929747,-2.6984904169890194,48178U
2025-06-29T19:24:50.756238,3098.279825690267,645.1099680955109,6363.516303603913,6.685499174807896,-1.2536815346279258,-3.1277845530751516,48178U
2025-06-29T19:25:50.756238,3492.9769047015643,568.6547947773817,6163.274901599553,6.466689950677207,-1.2939749229826014,-3.544725401034953,48178U
2025-06-29T19:26:50.756238,3873.7662401838325,489.9354320154149,5938.429398412101,6.222058230367295,-1.3291282966745412,-3.9476471135405418,48178U
2025-06-29T19:27:50.756238,4239.1266155076555,409.26467276609225,5689.869632227819,5.952558828626297,-1.358998647863449,-4.334935796940837,48178U
2025-06-29T19:28:50.756238,4587.597137242954,326.96327552120914,5418.580551286606,5.659247188813854,-1.383463580453182,-4.70503608672623,48178U
2025-06-29T19:29:50.756238,4917.783170126882,243.35870898218747,5125.638507409274,5.34327588645037,-1.4024219208022015,-5.056457630247664,48178U
2025-06-29T19:30:50.756238,5228.36204892505,158.78386216939472,4812.207164175212,5.005890683904857,-1.4157942576993565,-5.38778144314781,48178U
2025-06-29T19:31:50.756238,5518.0885399436875,73.57572442082636,4479.533028447235,4.648426127464832,-1.4235234046891267,-5.697666101506474,48178U
2025-06-29T19:32:50.756238,5785.80002462206,-11.925959865264474,4128.940616271532,4.2723006825959935,-1.4255747777592966,-5.9848537279237135,48178U
2025-06-29T19:33:50.756238,6030.421377451569,-97.38005644866966,3761.8272668730965,3.879011408754153,-1.4219366815358918,-6.248175726564571,48178U
2025-06-29T19:34:50.756238,6250.969510785045,-182.44542074368422,3379.657621186653,3.4701281812025044,-1.4126204974899672,-6.4865582200574545,48178U
2025-06-29T19:35:50.756238,6446.557559747168,-266.7822855423657,2983.957784200913,3.0472874738986677,-1.3976607682329527,-6.699027139984666,48178U
2025-06-29T19:36:50.756238,6616.398681426619,-350.0536505473246,2576.309193447717,2.612185724623205,-1.3771151727674846,-6.8847129225870605,48178U
2025-06-29T19:37:50.756238,6759.809444129096,-431.92666706221837,2158.342218640971,2.1665723103468166,-1.3510643885397275,-7.042854762600048,48178U
2025-06-29T19:38:50.756238,6876.212784261982,-512.0740109333341,1731.7295204112684,1.7122421679267918,-1.3196118372981207,-7.172804380391933,48178U
2025-06-29T19:39:50.756238,6965.1405107784685,-590.1752367129876,1298.1791985897266,1.25102810168952,-1.2828833130620738,-7.274029261179269,48178U
2025-06-29T19:40:50.756238,7026.235339777165,-665.9181059505539,859.4277628594301,0.7847928254675848,-1.241026491912933,-7.346115329735669,48178U
2025-06-29T19:41:50.756238,7059.252444874449,-738.9998825433238,417.2329606297077,0.31542079189048206,-1.1942103247987108,-7.388769029672215,48178U
2025-06-29T19:42:50.756238,7064.060512276503,-809.1285881973531,-26.63350135071648,-0.15519013398652717,-1.1426243160504352,-7.40181878289283,48178U
2025-06-29T19:43:50.756238,7040.642293011456,-876.0242112555438,-470.393303873344,-0.6251370964182988,-1.0864776917994037,-7.385215812040563,48178U
2025-06-29T19:44:50.756238,6989.094648474001,-939.4198624460812,-912.2688920729486,-1.0925207037495448,-1.0259984639175965,-7.339034316455733,48178U
2025-06-29T19:45:50.756238,6909.6280892095265,-999.0628714836663,-1350.4908432605089,-1.555453453153862,-0.9614323964361251,-7.263471000149088,48178U
2025-06-29T19:46:50.756238,6802.56581064606,-1054.7158189110557,-1783.3051870461318,-2.012068062762372,-0.8930418825916834,-7.158843958327335,48178U
2025-06-29T19:47:50.756238,6668.3422331923975,-1106.1574980907785,-2208.9806396511904,-2.4605256504027104,-0.8211047416734901,-7.025590936868319,48178U
2025-06-29T19:48:50.756238,6507.501057685455,-1153.1838028341801,-2625.8157154037112,-2.8990237011651687,-0.7459129456667662,-6.864266986608642,48178U
2025-06-29T19:49:50.756238,6320.692850518406,-1195.6085367752735,-3032.1456799409766,-3.325803770128157,-0.6677712862909152,-6.67554154117129,48178U
2025-06-29T19:50:50.756238,6108.672175850059,-1233.2641412459454,-3426.3493115622264,-3.739158871672564,-0.5869959933980045,-6.4601949531387,48178U
2025-06-29T19:51:50.756238,5872.2942950332235,-1266.0023390725817,-3806.8554394253874,-4.13744051272585,-0.5039133158246935,-6.219114528513508,48178U
2025-06-29T19:52:50.756238,5612.511455758427,-1293.694692378012,-4172.149229814958,-4.519065333823563,-0.41885807567880745,-5.953290103475515,48178U
2025-06-29T19:53:50.756238,5330.36879536307,-1316.2330731220798,-4520.778194442608,-4.882521328836925,-0.3321722067026895,-5.66380921035802,48178U
2025-06-29T19:54:50.756238,5026.999884280487,-1333.5300457367632,-4851.357897620026,-5.226373621385645,-0.24420328680413567,-5.351851881475267,48178U
2025-06-29T19:55:50.756238,4703.621936702246,-1345.519161794732,-5162.577342077749,-5.549269783098886,-0.15530307410954078,-5.018685139938463,48178U
2025-06-29T19:56:50.756238,4361.530716196445,-1352.1551671843329,-5453.204016140041,-5.849944685805717,-0.06582605499895973,-4.665657225922067,48178U
2025-06-29T19:57:50.756238,4002.0951642975824,-1353.4141227398259,-5722.08858781841,-6.1272248862072844,0.023871988432326928,-4.294191605071334,48178U
2025-06-29T19:58:50.756238,3626.751779987603,-1349.2934396881028,-5968.169234102492,-6.380032547431621,0.11343538514004983,-3.9057808029802503,48178U
2025-06-29T19:59:50.756238,3236.9987775594545,-1339.8118316179455,-6190.475596253666,-6.607388906941806,0.2025099509231905,-3.501980106051638,48178U
2025-06-29T20:00:50.756238,2834.3900496571223,-1325.0091849537891,-6388.132354189015,-6.808417304420425,0.2907443291853521,-3.0844011647570317,48178U
2025-06-29T20:01:50.756238,2420.5289613712625,-1304.9463501244975,-6560.362415053112,-6.982345786402449,0.377791293716556,-2.654705530524384,48178U
2025-06-29T20:02:50.756238,1997.0620001929906,-1279.7048557618996,-6706.489712791016,-7.128509306520162,0.4633090115815749,-2.214598152390555,48178U
2025-06-29T20:03:50.756238,1565.6723054706104,-1249.3865483495752,-6825.941616938549,-7.246351541232738,0.546962265124487,-1.7658208543855956,48178U
2025-06-29T20:04:50.756238,1128.073099820918,-1214.1131597771314,-6918.250949946174,-7.335426340871984,0.628423632886575,-1.310145809553676,48178U
2025-06-29T20:05:50.756238,686.0010437928205,-1174.025805248035,-6983.057613157357,-7.395398834797779,0.707374629858936,-0.8493690217706729,48178U
2025-06-29T20:06:50.756238,241.2095340170052,-1129.2844139501874,-7020.1098220988115,-7.426046207521339,0.7835068079360217,-0.3853038222657549,48178U
2025-06-29T20:07:50.756238,-204.53803585195516,-1080.067094838741,-7029.264952042994,-7.427258159947922,0.856522817692708,0.08022561585040938,48178U
2025-06-29T20:08:50.756238,-649.4750328341169,-1026.5694398121975,-7010.489994914015,-7.399037066564912,0.9261374326692893,0.5453907445625963,48178U
2025-06-29T20:09:50.756238,-1091.8383429272903,-969.0037664963392,-6963.8616285795915,-7.3414978356338665,0.9920785372232027,1.0083650908795314,48178U
2025-06-29T20:10:50.756238,-1529.8751122792967,-907.5983027966921,-6889.565899456168,-7.2548674754213485,1.054088078703217,1.4673306921479194,48178U
2025-06-29T20:11:50.756238,-1961.8494535380567,-842.5963153512721,-6787.897519212094,-7.13948436542404,1.1119229842372287,1.9204845191792992,48178U
2025-06-29T20:12:50.756238,-2386.0490995174223,-774.2551840152445,-6659.258776239497,-6.9957972276003435,1.1653560418275684,2.366044888664646,48178U
2025-06-29T20:13:50.756238,-2800.7919858906293,-702.8454245521234,-6504.15806254136,-6.824363789012123,1.2141767447389074,2.8022578644413874,48178U
2025-06-29T20:14:50.756238,-3204.43274402644,-628.6496617895308,-6323.208016791248,-6.625849124174944,1.2581920973845442,3.2274036444513925,48178U
2025-06-29T20:15:50.756238,-3595.369084297663,-551.9615556323971,-6117.123284625463,-6.401023662982244,1.2972273800951735,3.639802926743049,48178U
2025-06-29T20:16:50.756238,-3972.048049302598,-473.0846825076173,-5886.717897751435,-6.1507608484330225,1.3311268693330172,4.037823243809176,48178U
2025-06-29T20:17:50.756238,-4332.972115472978,-392.33137504463446,-5632.902274238399,-5.876034427664172,1.3597545091272063,4.419885250051849,48178U
2025-06-29T20:18:50.756238,-4676.705120564375,-310.02152307098163,-5356.679843413196,-5.577915360036335,1.3829945287914147,4.7844689424184335,48178U
2025-06-29T20:19:50.756238,-5001.8779935643715,-226.48133932328207,-5059.143300153705,-5.257568327312022,1.4007520013745027,5.13011978941712,48178U
2025-06-29T20:20:50.756238,-5307.194262836638,-142.04209359364413,-4741.470494904937,-4.916247833138133,1.4129533368287892,5.455454739168943,48178U
2025-06-29T20:21:50.756238,-5591.435317443552,-57.03881945412319,-4404.919967820312,-4.555293882490161,1.4195467035570408,5.759168072589879,48178U
2025-06-29T20:22:50.756238,-5853.4653964025965,28.191001976985092,-4050.8261373595487,-4.176127235657704,1.4205023718879366,6.0400370642449195,48178U
2025-06-29T20:23:50.756238,-6092.236280284133,113.30877633489638,-3680.5941561690397,-3.7802442364528797,1.4158129730872182,6.296927410090912,48178U
2025-06-29T20:24:50.756238,-6306.791659788289,197.97614312898023,-3295.6944495049243,-3.3692112198404987,1.405493667789903,6.52879837911,48178U
2025-06-29T20:25:50.756238,-6496.271156376637,281.8563300661529,-2897.656954169252,-2.944658510378554,1.3895822182183355,6.734707644421012,48178U
2025-06-29T20:26:50.756238,-6659.913971017258,364.61550868480833,-2488.0650784032214,-2.5082740290523775,1.3681389592219986,6.913815749265984,48178U
2025-06-29T20:27:50.756238,-6797.0621382028585,445.9241450760313,-2068.5494061019067,-2.0617965328886436,1.341246664040711,7.065390163883664,48178U
2025-06-29T20:28:50.756238,-6907.163364179681,525.458339304041,-1640.781171064812,-1.6070085179268963,1.3090103017116856,7.18880889131931,48178U
2025-06-29T20:29:50.756238,-6989.77343027744,602.901146962272,-1206.4655295393002,-1.1457288223904827,1.271556684204261,7.283563583130941,48178U
2025-06-29T20:30:50.756238,-7044.558144624078,677.9438762309971,-767.3346615034835,-0.6798049725251494,1.2290340026333921,7.34926212999082,48178U
2025-06-29T20:31:50.756238,-7071.294828221814,750.2873538030051,-325.14073308695436,-0.2111053185673469,1.181611253242154,7.3856306971386045,48178U
2025-06-29T20:32:50.756238,-7069.873324328673,819.6431531249928,118.35124583743304,0.2584889875230623,1.1294775552171326,7.392515180416895,48178U
2025-06-29T20:33:50.756238,-7040.296523281166,885.7347785667752,561.3706335945769,0.7270921177256241,1.0728413637685559,7.369882065059498,48178U
2025-06-29T20:34:50.756238,-6982.680398245137,948.2987993748746,1002.1484020181409,1.1928217400321728,1.0119295832308868,7.3178186763291615,48178U
2025-06-29T20:35:50.756238,-6897.253550829666,1007.0859275888462,1438.9243785270326,1.6538071789335438,0.9469865861810943,7.236532818323421,48178U
2025-06-29T20:36:50.756238,-6784.356268973392,1061.862034491074,1869.954448354545,2.1081975064764653,0.8782731456959696,7.1263518045822964,48178U
2025-06-29T20:37:50.756238,-6644.439102944973,1112.4091006166414,2293.5176807472353,2.5541695073622694,0.8060652888445543,6.987720891332848,48178U
2025-06-29T20:38:50.756238,-6478.0609686194775,1158.5260948594084,2707.9233438038264,2.9899354639907187,0.7306530803104867,6.8212011310906,48178U
2025-06-29T20:39:50.756238,-6285.886790339605,1200.02977876107,3111.517773868531,3.4137507108111134,0.6523393456426351,6.627466670718528,48178U
2025-06-29T20:40:50.756238,-6068.684698580258,1236.755432652435,3502.6910670130837,3.8239209117355824,0.5714383440232893,6.4073015237409106,48178U
2025-06-29T20:41:50.756238,-5827.322800263225,1268.557500914182,3879.883562065686,4.218809019524125,0.48827440061887584,6.161595851580815,48178U
2025-06-29T20:42:50.756238,-5562.765541864585,1295.310154228192,4241.592086848238,4.5968418818280625,0.4031805085337028,5.891341792304101,48178U
2025-06-29T20:43:50.756238,-5276.06968740098,1316.9077672843034,4586.375941677836,4.956516464761036,0.31649691013572,5.597628878334785,48178U
2025-06-29T20:44:50.756238,-4968.379934941809,1333.2653109814642,4912.862596735652,5.296405671280725,0.22856966707429555,5.281639086392779,48178U
2025-06-29T20:45:50.756238,-4640.924196470355,1344.3186587038829,5219.753082525436,5.615163738089902,0.13974922768729764,4.944641563587264,48178U
2025-06-29T20:46:50.756238,-4295.008566716258,1350.0248067526834,5505.827055269262,5.9115312009997325,0.05038899972568851,4.587987073205567,48178U
2025-06-29T20:47:50.756238,-3932.012007011802,1350.36200946422,5769.947521667674,6.184339424559653,-0.03915606456287428,4.213102202320043,48178U
2025-06-29T20:48:50.756238,-3553.3807703209145,1345.3298299410103,6011.065209914703,6.432514697058033,-0.12853086491658505,3.8214833709998173,48178U
2025-06-29T20:49:50.756238,-3160.622593388767,1334.9491076567244,6228.222576158989,6.6550818965871725,-0.21738152604327507,3.41469067978599,48178U
2025-06-29T20:50:50.756238,-2755.3006815048752,1319.2618444712234,6420.557437697569,6.851167737620429,-0.305356743055708,2.994341628320791,48178U
2025-06-29T20:51:50.756238,-2339.0275107183966,1298.3310108060768,6587.306226043966,7.020003610373074,-0.3921090962908524,2.562104733790522,48178U
2025-06-29T20:52:50.756238,-1913.458471549856,1272.2402738883777,6727.806854603878,7.160928027054303,-0.4772963333581367,2.1196930733408794,48178U
2025-06-29T20:53:50.756238,-1480.2853773682148,1241.0936500760038,6841.501197010372,7.273388689947677,-0.5605826170715748,1.6688577700489762,48178U
2025-06-29T20:54:50.756238,-1041.2298596984497,1205.015083337603,6927.937173219014,7.356944196101974,-0.6416397386008733,1.2113814375790481,48178U
2025-06-29T20:55:50.756238,-598.0366718704527,1164.1479519848804,6986.770441248073,7.411265392325303,-0.7201482956995102,0.7490715945208332,48178U
2025-06-29T20:56:50.756238,-152.46692163816797,1118.654505751376,7017.76569300365,7.43613639225456,-0.7957988362225679,0.2837540557559431,48178U
2025-06-29T20:57:50.756238,293.7087472295331,1068.7152352937446,7020.797552978105,7.4314552646357095,-0.8682929673161502,-0.18273369478860732,48178U
2025-06-29T20:58:50.756238,738.7170048537819,1014.528176167144,6995.85107880399,7.397234398759254,-0.9373444306480729,-0.6485491478655881,48178U
2025-06-29T20:59:50.756238,1180.7886973647776,956.3081493091571,6943.021862728045,7.333600549418973,-1.0026801438538753,-1.111851428310792,48178U
2025-06-29T21:00:50.756238,1618.1657019942677,894.285940064994,6862.5157330998245,7.240794559994842,-1.0640412080103945,-1.5708079697296475,48178U
2025-06-29T21:01:50.756238,2049.1077557063154,828.7074178120497,6754.648055001711,7.119170758500947,-1.1211838804355703,-2.023601203505798,48178U
2025-06-29T21:02:50.756238,2471.899237518423,759.8325983015038,6619.842629241249,6.969196017886867,-1.173880511475394,-2.4684352596559487,48178U
2025-06-29T21:03:50.756238,2884.855884049584,687.9346509353765,6458.630189137576,6.791448468730364,-1.2219204432057162,-2.903542674643841,48178U
2025-06-29T21:04:50.756238,3286.3314170407407,613.298853344529,6271.646494913585,6.586615849890482,-1.2651108671828168,-3.3271910980450836,48178U
2025-06-29T21:05:50.756238,3674.7240606678347,536.2214958286729,6059.630026100099,6.355493480862852,-1.303277637559441,-3.7376899860492334,48178U
2025-06-29T21:06:50.756238,4048.482925459505,457.00873846360184,5823.419273202445,6.098981838623778,-1.3362660350815683,-4.133397265352829,48178U
2025-06-29T21:07:50.756238,4406.114234588014,375.9754239727093,5563.949631004793,5.818083721770292,-1.3639414767339146,-4.512725946205694,48178U
2025-06-29T21:08:50.756238,4746.187367290759,293.4438497942776,5282.2498973075035,5.513900985822717,-1.3861901651475819,-4.874150658426085,48178U
2025-06-29T21:09:50.756238,5067.340693288535,209.74250313965177,4979.438382586346,5.187630835651443,-1.4029196713573449,-5.216214079329903,48178U
2025-06-29T21:10:50.756238,5368.287171226202,125.20476325533103,4656.718638139324,4.84056166423252,-1.4140594441220742,-5.5375332177930074,48178U
2025-06-29T21:11:50.756238,5647.819683782416,40.16757547641417,4315.374812418808,4.474068430940732,-1.4195612388460777,-5.836805514659905,48178U
2025-06-29T21:12:50.756238,5904.81608164777,-45.02989787533163,3956.766647912397,4.089607577809643,-1.4193994591453392,-6.112814715993763,48178U
2025-06-29T21:13:50.756238,6138.243908769309,-130.04764431591067,3582.324133517537,3.6887114878780745,-1.4135714043442182,-6.364436473111547,48178U
2025-06-29T21:14:50.756238,6347.164781635055,-214.5461799056715,3193.541830239603,3.272982496213454,-1.402097416637527,-6.590643621565966,48178U
2025-06-29T21:15:50.756238,6530.738396262262,-298.18793366149015,2791.9728908441116,2.8440864709185645,-1.3850209223194125,-6.790511090665275,48178U
2025-06-29T21:16:50.756238,6688.226137675771,-380.6386311341249,2379.2227972369546,2.403745988709839,-1.3624083623609635,-6.963220395514908,48178U
2025-06-29T21:17:50.756238,6818.994268531385,-461.5686704326311,1956.94284183773,1.9537331362975177,-1.334349008669205,-7.108063665508587,48178U
2025-06-29T21:18:50.756238,6922.516675462152,-540.6544837270368,1526.82338220522,1.495861975889973,-1.3009546635874265,-7.224447165946573,48178U
2025-06-29T21:19:50.756238,6998.377154303016,-617.5798771876836,1090.586900503754,1.0319807192960428,-1.2623592415418623,-7.311894273641001,48178U
2025-06-29T21:20:50.756238,7046.271218173851,-692.0373422875148,649.9809016443081,0.5639636607957986,-1.2187182331806512,-7.370047872492345,48178U
2025-06-29T21:21:50.756238,7066.007415567968,-763.7293314593898,206.7706857987547,0.0937029237536496,-1.1702080538426303,-7.39867214111477,48178U
2025-06-29T21:22:50.756238,7057.508149018169,-832.3694912567815,-237.26796754164556,-0.37689992025775293,-1.1170252796938898,-7.397653711464979,48178U
2025-06-29T21:23:50.756238,7020.8099885318425,-897.6838464117202,-680.3561657535698,-0.8459422983964161,-1.0593857763355687,-7.367002184903158,48178U
2025-06-29T21:24:50.756238,6956.063477727695,-959.4119285152576,-1120.7192807267543,-1.3115290866916478,-0.9975237260751743,-7.306849999980179,48178U
2025-06-29T21:25:50.756238,6863.532434395455,-1017.3078434574545,-1556.5942990819462,-1.7717810003675463,-0.9316905613255008,-7.217451654281612,48178U
2025-06-29T21:26:50.756238,6743.592750958221,-1071.141272247541,-1986.2371064620252,-2.2248428624543015,-0.8621538127137938,-7.099182290640251,48178U
2025-06-29T21:27:50.756238,6596.7307039682055,-1120.6984003804062,-2407.929668256127,-2.6688916911652867,-0.7891958814179608,-6.952535665729277,48178U
2025-06-29T21:28:50.756238,6423.540785238567,-1165.7827715106741,-2819.987070423077,-3.102144550060033,-0.7131127459717336,-6.7781215262540675,48178U
2025-06-29T21:29:50.756238,6224.723070437631,-1206.2160618274618,-3220.7643858018496,-3.5228661096146223,-0.6342126142783552,-6.576662424473926,48178U
2025-06-29T21:30:50.756238,6001.080143891365,-1241.8387721771037,-3608.6633333796676,-3.929375874326493,-0.5528145318331463,-6.34899001043486,48178U
2025-06-29T21:31:50.756238,5753.513600901541,-1272.5108356434223,-3982.138700385312,-4.320055035723571,-0.4692469571757714,-6.096040842935247,48178U
2025-06-29T21:32:50.756238,5483.020151059914,-1298.1121389510513,-4339.7044997080575,-4.693352918414112,-0.3838463153806752,-5.818851764776895,48178U
2025-06-29T21:33:50.756238,5190.687347787642,-1318.5429566938951,-4679.939837961182,-5.047792993410322,-0.2969555399593705,-5.518554890195908,48178U
2025-06-29T21:34:50.756238,4877.688970654701,-1333.724297993886,-5001.494472418052,-5.3819784401407595,-0.20892261291560726,-5.196372253506073,48178U
2025-06-29T21:35:50.756238,4545.280087925762,-1343.5981657553857,-5303.094037996719,-5.694597245635633,-0.12009911188694111,-4.853610167922903,48178U
2025-06-29T21:36:50.756238,4194.791827258683,-1348.1277291872743,-5583.544928372157,-5.98442683609949,-0.03083877235821982,-4.491653342330317,48178U
2025-06-29T21:37:50.756238,3827.6258825740333,-1347.297410711037,-5841.738818092055,-6.250338242286773,0.058503928119826555,-4.111958801493219,48178U
2025-06-29T21:38:50.756238,3445.24878485277,-1341.1128887541186,-6076.656815206205,-6.491299805595852,0.14757515789286127,-3.7160496520290156,48178U
2025-06-29T21:39:50.756238,3049.185964061015,-1329.601018240603,-6287.373236331588,-6.706380436443717,0.2360230866746145,-3.305508732494112,48178U
2025-06-29T21:40:50.756238,2641.015628587867,-1312.80967083608,-6473.058998236342,-6.894752440174923,0.32349920498570645,-2.881972181381822,48178U
2025-06-29T21:41:50.756238,2222.362487583131,-1290.8074971819933,-6632.984621896862,-7.055693928410456,0.40965960509170446,-2.4471229518696247,48178U
2025-06-29T21:42:50.756238,1794.8913404605296,-1263.683613471959,-6766.522846549394,-7.18859083531971,0.49416622195622867,-2.0026842970003913,48178U
2025-06-29T21:43:50.756238,1360.3005566480856,-1231.5472147845685,-6873.150852516537,-7.292938558806369,0.5766880335872618,-1.55041324383628,48178U
2025-06-29T21:44:50.756238,920.3154674824533,-1194.5271176019355,-6952.452092547346,-7.3683432460763125,0.6569022208682291,-1.0920940701849564,48178U
2025-06-29T21:45:50.756238,476.68169102910605,-1152.7712339213153,-7004.117732081748,-7.414522741576901,0.7344952875079597,-0.6295317929679983,48178U
2025-06-29T21:46:50.756238,31.158409603155878,-1106.4459793180956,-7027.947699271629,-7.431307212979016,0.8091641411031454,-0.16454567333511155,48178U
2025-06-29T21:47:50.756238,-414.48838107858376,-1055.7356172539696,-7023.851345796431,-7.418639467852019,0.8806171364748032,0.3010372596183615,48178U
2025-06-29T21:48:50.756238,-858.492632825643,-1000.841541856171,-6991.847719548785,-7.376574970122905,0.948575082416602,0.7653886670789198,48178U
2025-06-29T21:49:50.756238,-1299.094998119836,-941.9815013320526,-6932.065450188782,-7.3052815614973,1.012772212786455,1.2266853427303384,48178U
2025-06-29T21:50:50.756238,-1734.5495577948182,-879.3887641403511,-6844.742248429413,-7.205038888943525,1.072957122495671,1.6831156415159898,48178U
2025-06-29T21:51:50.756238,-2163.130505507789,-813.3112300239127,-6730.224019779392,-7.076237535300922,1.1288936684240587,2.1328858970504845,48178U
2025-06-29T21:52:50.756238,-2583.138770966639,-744.0104880278375,-6588.963593390536,-6.919377846263953,1.180361834640478,2.5742268283677006,48178U
2025-06-29T21:53:50.756238,-2992.9085633657346,-671.7608236878536,-6421.519066690502,-6.735068443601363,1.2271585605657276,3.0053999343841826,48178U
2025-06-29T21:54:50.756238,-3390.813815792587,-596.8481776801801,-6228.551766677025,-6.524024411662711,1.2690985299146187,3.4247038713553826,48178U
2025-06-29T21:55:50.756238,-3775.2745105270255,-519.569058379829,-6010.823829152606,-6.287065142152824,1.3060149174301638,3.8304808048249477,48178U
2025-06-29T21:56:50.756238,-4144.762864220032,-440.22941097814277,-5769.1953978221845,-6.025111820937112,1.3377600896147526,4.2211227232746165,48178U
2025-06-29T21:57:50.756238,-4497.80935096133,-359.14344606062923,-5504.621446086113,-5.7391845403664,1.3642062549064289,4.595077696043411,48178U
2025-06-29T21:58:50.756238,-4833.008540278962,-276.6324308395456,-5218.148225553978,-5.430399021335598,1.3852460580785966,4.950856053283731,48178U
2025-06-29T21:59:50.756238,-5149.0247262103685,-193.0234465686302,-4910.909346796877,-5.099962931048499,1.4007931130906761,5.287036460942956,48178U
2025-06-29T22:00:50.756238,-5444.5973228873845,-108.64811601011097,-4584.1214995575765,-4.749171785144648,1.4107824682185226,5.602271859287674,48178U
2025-06-29T22:01:50.756238,-5718.546001394272,-23.841305231266734,-4239.079821761945,-4.379404426647928,1.4151709970559325,5.895295229246999,48178U
2025-06-29T22:02:50.756238,-5969.775542487293,61.06019564446297,-3877.1529287855815,-3.992118078594427,1.4139377089456717,6.164925147492702,48178U
2025-06-29T22:03:50.756238,-6197.280379637471,145.7190077008205,-3499.7776169454346,-3.588842972561232,1.4070839725506694,6.410071088307228,48178U
2025-06-29T22:04:50.756238,-6400.148807184544,229.79850911052844,-3108.4532577611935,-3.1711765611786906,1.3946336466430225,6.629738428444171,48178U
2025-06-29T22:05:50.756238,-6577.566829121957,312.96418592511725,-2704.735902076985,-2.7407773288601276,1.376633112751368,6.823033110383073,48178U
2025-06-29T22:06:50.756238,-6728.821624989759,394.8849817296814,-2290.2321159525054,-2.299358221625494,1.353151205065766,6.9891659194806035,48178U
2025-06-29T22:07:50.756238,-6853.30461087363,475.23463990054535,-1866.592572731608,-1.848679723263971,1.3242790339296564,7.127456331915242,48178U
2025-06-29T22:08:50.756238,-6950.5140752913685,553.6930320015806,-1435.505428272509,-1.3905426114680788,1.2901297003330987,7.237335892692964,48178U
2025-06-29T22:09:50.756238,-7020.057371950628,629.9474657393788,-998.6895086461573,-0.9267804334936595,1.2508379000296224,7.318351086475697,48178U
2025-06-29T22:10:50.756238,-7061.652653891864,703.6939658536886,-557.8873417076552,-0.45925174626497745,1.2065594171980905,7.370165668470764,48178U
2025-06-29T22:11:50.756238,-7075.130136359528,774.6385213547704,-114.85806574973365,0.01016782953467289,1.1574705089248813,7.392562427980884,48178U
2025-06-29T22:12:50.756238,-7060.432878824378,842.4982926350642,328.62975008232115,0.47959368810837805,1.1037671831533158,7.385444363322111,48178U
2025-06-29T22:13:50.756238,-7017.617079855719,907.0027721820968,770.8053378623711,0.9471403939393651,1.045664374095033,7.348835253510653,48178U
2025-06-29T22:14:50.756238,-6946.8518819467345,967.8948928967427,1209.9029790216111,1.410929856328745,0.9833950203851325,7.282879619208308,48178U
2025-06-29T22:15:50.756238,-6848.418686865741,1024.9320783715762,1644.169231890085,1.8690994650034933,0.9172090524530164,7.187842072707156,48178U
2025-06-29T22:16:50.756238,-6722.709985568676,1077.8872299045936,2071.8701021862717,2.3198101294340527,0.8473722966376572,7.064106064019255,48178U
2025-06-29T22:17:50.756238,-6570.2277100969295,1126.5496455004413,2491.298120623611,2.761254166342085,0.7741653044736382,6.91217203721313,48178U
2025-06-29T22:18:50.756238,-6391.581118129056,1170.7258666385944,2900.779292852426,3.191662982815875,0.6978821162853716,6.732655017805208,48178U
2025-06-29T22:19:50.756238,-6187.484223899063,1210.2404491504162,3298.679888374427,3.6093145063581744,0.618828968737195,6.526281658092833,48178U
2025-06-29T22:20:50.756238,-5958.7527919747845,1244.9366551354046,3683.41303684284,4.012540317969624,0.5373229562815672,6.293886772635674,48178U
2025-06-29T22:21:50.756238,-5706.300912865649,1274.6770634461568,4053.445102222355,4.399732449839749,0.45369065652555396,6.036409400522993,48178U
2025-06-29T22:22:50.756238,-5431.137181565291,1299.3440968686334,4407.301807579001,4.769349815204352,0.36826672940076693,5.754888434501099,48178U
2025-06-29T22:23:50.756238,-5134.360501893921,1318.8404647090372,4743.574085753576,5.119924244254494,0.281392499680815,5.450457859397261,48178U
2025-06-29T22:24:50.756238,-4817.155540888978,1333.0895200560105,5060.9236337537295,5.450066106418566,0.19341453186581636,5.124341643542957,48178U
2025-06-29T22:25:50.756238,-4480.78785849013,1342.0355315086401,5358.088151330393,5.758469505699572,0.10468320576614817,4.7778483270677015,48178U
2025-06-29T22:26:50.756238,-4126.5987383811835,1345.6438696378393,5633.886246821252,6.043917041836679,0.015551300294672315,4.412365350040467,48178U
2025-06-29T22:27:50.756238,-3755.999746129767,1343.9011088724,5887.221995864591,6.305284135665946,-0.07362740794230035,4.029353161579936,48178U
2025-06-29T22:28:50.756238,-3370.467040707605,1336.8150458687087,6117.089140988422,6.541542922046048,-0.16249952565310283,3.630339148317033,48178U
2025-06-29T22:29:50.756238,-2971.5354651528296,1324.4146357297282,6322.574922281776,6.751765717916895,-0.25071339887571553,3.2169114171477906,48178U
2025-06-29T22:30:50.756238,-2560.7924415796506,1306.7498476857545,6502.8635313413715,6.935128076383904,-0.33792044040772473,2.790712463204505,48178U
2025-06-29T22:31:50.756238,-2139.871695011462,1283.8914420370072,6657.239182419815,7.090911440083029,-0.42377642600985366,2.353432749589154,48178U
2025-06-29T22:32:50.756238,-1710.4468296754267,1255.9306702913384,6785.088796163337,7.218505408440234,-0.5079427576073299,1.9068042208548601,48178U
2025-06-29T22:33:50.756238,-1274.2247805000718,1222.9789005143732,6885.904292517023,7.317409633798833,-0.5900876924644873,1.4525937676782321,48178U
2025-06-29T22:34:50.756238,-832.9391616735193,1185.167169952753,6959.28449029604,7.387235360780421,-0.6698875379163918,0.9925966558449302,48178U
2025-06-29T22:35:50.756238,-388.3435332885571,1142.6456670017917,7004.936611595003,7.427706621750794,-0.7470278116889152,0.5286299287419721,48178U
2025-06-29T22:36:50.756238,57.79539360551724,1095.5831445786048,7022.677389658148,7.438661098983072,-0.8212043681075879,0.06252578920364436,48178U
2025-06-29T22:37:50.756238,503.7045937879896,1044.1662669394298,7012.433779103925,7.4200506611924615,-0.8921244905837982,-0.40387503608859837,48178U
2025-06-29T22:38:50.756238,947.6115870940016,988.5988919586233,6974.243267531348,7.3719415787192,-0.9595079506695231,-0.868729948256685,48178U
2025-06-29T22:39:50.756238,1387.7513008445146,929.101290875852,6908.253787586976,7.294514417946512,-1.023088033700693,-1.3302011434327174,48178U
2025-06-29T22:40:50.756238,1822.3729161704794,865.9093075276342,6814.72322859503,7.1880636117504615,-1.0826125306178476,-1.786462294974636,48178U
2025-06-29T22:41:50.756238,2249.7466786185523,799.2734591203006,6694.018546908126,7.052996699092747,-1.1378446949807417,-2.235705249117924,48178U
2025-06-29T22:42:50.756238,2668.170652915556,729.4579806790555,6546.614474279523,6.889833223482143,-1.188564163511029,-2.6761467305434454,48178U
2025-06-29T22:43:50.756238,3075.9774010658703,656.7398154292002,6373.091823842955,6.6992032771339485,-1.2345678377345914,-3.106035051532548,48178U
2025-06-29T22:44:50.756238,3471.5405620953425,581.4075535343818,6174.135393762573,6.481845675420667,-1.2756707234880753,-3.5236568148171186,48178U
2025-06-29T22:45:50.756238,3853.281310781251,503.760321834805,5950.531469326174,6.238605744780156,-1.3117067242411136,-3.9273435960529675,48178U
2025-06-29T22:46:50.756238,4219.674671677651,424.10662749390065,5703.16492522945,5.970432706743843,-1.3425293834062781,-4.315478587220666,48178U
2025-06-29T22:47:50.756238,4569.255663710416,342.7631587730878,5433.015931061217,5.678376641254077,-1.3680125701002526,-4.686503177369135,48178U
2025-06-29T22:48:50.756238,4900.625249639441,260.0535465057615,5141.156264562765,5.363585014003029,-1.3880511022194357,-5.038923442165148,48178U
2025-06-29T22:49:50.756238,5212.456063855342,176.30709021999618,4828.745239072179,5.027298755127649,-1.402561300235132,-5.371316508932369,48178U
2025-06-29T22:50:50.756238,5503.497891262496,91.85745327896042,4497.025253748591,4.670847880292267,-1.4114814648214564,-5.682336759362542,48178U
2025-06-29T22:51:50.756238,5772.58286968384,7.041331801015358,4147.316977469707,4.295646649687828,-1.414772271337803,-5.970721828298042,48178U
2025-06-29T22:52:50.756238,6018.630388000497,-77.80289743271251,3781.0141799976045,3.9031882660144417,-1.4124170742936673,-6.235298353720528,48178U
2025-06-29T22:53:50.756238,6240.651652547454,-162.33654448836586,3399.5782267146865,3.495039118569597,-1.4044221152581169,-6.474987430910498,48178U
2025-06-29T22:54:50.756238,6437.753894912518,-246.22198323965577,3004.532256066993,3.072832587158984,-1.390816628220845,-6.688809722534352,48178U
2025-06-29T22:55:50.756238,6609.1441952342575,-329.12403144107003,2597.455061904207,2.638262426645159,-1.3716528371740329,-6.875890176241357,48178U
2025-06-29T22:56:50.756238,6754.1328966692645,-410.7113273334067,2179.9747055900084,2.193075759787354,-1.3470058416373238,-7.035462302586285,48178U
2025-06-29T22:57:50.756238,6872.136588473193,-490.65769593975733,1753.7618856995898,1.7390657131296288,-1.31697338698161,-7.166871968291985,48178U
2025-06-29T22:58:50.756238,6962.680637477167,-568.6434980774596,1320.523095640044,1.2780637371886385,-1.281675517683417,-7.269580663413402,48178U
2025-06-29T22:59:50.756238,7025.401250391059,-644.3569550348689,881.9936019129556,0.8119316582466408,-1.2412541130314698,-7.343168205553769,48178U
2025-06-29T23:00:50.756238,7060.04705237322,-717.4954418771403,439.93027778831146,0.3425535143284542,-1.1958723062705656,-7.387334849902345,48178U
2025-06-29T23:01:50.756238,7066.480170603617,-787.7667424501092,-3.895671159404545,-0.12817276771722036,-1.145713789663417,-7.4019027803509685,48178U
2025-06-29T23:02:50.756238,7044.676815123071,-854.890259344631,-447.706051923753,-0.598343793833766,-1.0909820094371014,-7.386816964132065,48178U
2025-06-29T23:03:50.756238,6994.727352889334,-918.5981723675159,-889.7230608042352,-1.0660591607934449,-1.0318992560116615,-7.342145360109632,48178U
2025-06-29T23:04:50.756238,6916.83587477488,-978.6365394294171,-1328.1766531055835,-1.5294298875348165,-0.9687056562467067,-7.2680784788305495,48178U
2025-06-29T23:05:50.756238,6811.319259016544,-1034.766334203644,-1761.3118670358342,-1.9865867571413347,-0.9016580756448295,-7.164928300483748,48178U
2025-06-29T23:06:50.756238,6678.605738344779,-1086.764415419283,-2187.3960636502393,-2.435688508521771,-0.8310289394877958,-7.033126564790912,48178U
2025-06-29T23:07:50.756238,6519.232981597264,-1134.4244232177705,-2604.7260457611887,-2.8749298197902675,-0.7571049827233054,-6.873222454346006,48178U
2025-06-29T23:08:50.756238,6333.845703982659,-1177.5575986133513,-3011.63502025124,-3.30254902941405,-0.6801859390428429,-6.685879699820023,48178U
2025-06-29T23:09:50.756238,6123.192823249911,-1215.993522737037,-3406.49937011758,-3.7168355462393055,-0.6005831799849307,-6.471873141573393,48178U
2025-06-29T23:10:50.756238,5888.124181773099,-1249.58077320092,-3787.7452048224327,-4.11613690539268,-0.5186183150510033,-6.2320847874040775,48178U
2025-06-29T23:11:50.756238,5629.586856943125,-1278.187495577932,-4153.85466004143,-4.498865433574136,-0.43462176373774863,-5.9674994102834225,48178U
2025-06-29T23:12:50.756238,5348.621084233799,-1301.7018886374963,-4503.371920629838,-4.863504494206738,-0.34893131007902695,-5.6791997329058574,48178U
2025-06-29T23:13:50.756238,5046.355818858723,-1320.032602598378,-4834.9089434991865,-5.20861429007722,-0.26189064976725085,-5.36836124764905,48178U
2025-06-29T23:14:50.756238,4724.003963052439,-1333.1090502424915,-5147.150860035988,-5.532837208261246,-0.17384793921306152,-5.036246721101842,48178U
2025-06-29T23:15:50.756238,4382.857286707703,-1340.8816312684353,-5438.861040625042,-5.834902699058106,-0.08515435503331627,-4.684200431705334,48178U
2025-06-29T23:16:50.756238,4024.281069385979,-1343.3218707420574,-5708.885806707998,-6.113631687171698,0.003837328538614856,-4.3136421873253825,48178U
2025-06-29T23:17:50.756238,3649.7084916452477,-1340.4224729170435,-5956.1587785266975,-6.3679405192568845,0.09277413790611294,-3.9260611668634144,48178U
2025-06-29T23:18:50.756238,3260.63480321477,-1332.1972920480582,-6179.704849241928,-6.596844457069994,0.18130426874269398,-3.5230096264302775,48178U
2025-06-29T23:19:50.756238,2858.611294861005,-1318.681222100035,-6378.643778413731,-6.799460729667136,0.26907842085786426,-3.1060965063414328,48178U
2025-06-29T23:20:50.756238,2445.2390998814644,-1299.9300074711805,-6552.193399854916,-6.97501116129979,0.35575109625126444,-2.6769809704186214,48178U
2025-06-29T23:21:50.756238,2022.1628500980662,-1276.01997699757,-6699.67244059837,-7.122824393803501,0.44098185834434006,-2.2373659040055784,48178U
2025-06-29T23:22:50.756238,1591.0642100569523,-1247.047703598163,-6820.502949141621,-7.242337723345946,0.5244365513080991,-1.7889913919233442,48178U
2025-06-29T23:23:50.756238,1153.6553119558025,-1213.1295919594768,-6914.212332243579,-7.333098571409294,0.6057884791992084,-1.33362819252424,48178U
2025-06-29T23:24:50.756238,711.6721126576499,-1174.4013966564637,-6980.435000369543,-7.3947656088961535,0.6847195452531415,-0.8730712192321939,48178U
2025-06-29T23:25:50.756238,266.86769307752604,-1131.0176730710646,-7018.913622429561,-7.427109550355991,0.7609213521429138,-0.40913303667158285,48178U
2025-06-29T23:26:50.756238,-178.9944807053511,-1083.1511634132764,-7029.499990767666,-7.430013632657028,0.8340962642841154,0.05636262515327287,48178U
2025-06-29T23:27:50.756238,-624.1473160052433,-1030.9921200834985,-7012.15549747932,-7.40347378913053,0.9039584333469229,0.5215873380219532,48178U
2025-06-29T23:28:50.756238,-1066.8268537076253,-974.7475685479168,-6966.951223111206,-7.347598526463517,0.9702347880310458,0.9847144253942076,48178U
2025-06-29T23:29:50.756238,-1505.2790123139591,-914.6405118463952,-6894.06763868385,-7.2626085075985705,1.0326659888724683,1.4439253974486657,48178U
2025-06-29T23:30:50.756238,-1937.7662981752678,-850.9090788199208,-6793.793921834676,-7.148835839815101,1.0910073484072247,1.8974163737369845,48178U
2025-06-29T23:31:50.756238,-2362.574464063015,-783.8056181439817,-6666.52688776175,-7.0067230632097655,1.1450297164340724,2.3434044950084054,48178U
2025-06-29T23:32:50.756238,-2778.01909782229,-713.5957402924097,-6512.769535616894,-6.836821831159205,1.1945203294247768,2.780134323907861,48178U
2025-06-29T23:33:50.756238,-3182.4521222590633,-640.5573096364219,-6333.129211099167,-6.639791271210152,1.2392836223612897,3.2058842315601472,48178U
2025-06-29T23:34:50.756238,-3574.268186638631,-564.9793890132368,-6128.315386289637,-6.416396012366749,1.2791420004652432,3.6189727636059317,48178U
2025-06-29T23:35:50.756238,-3951.91092928403,-487.1611392756186,-5899.13705828076,-6.167503863063005,1.313936567466773,4.017764975217184,48178U
2025-06-29T23:36:50.756238,-4313.879089803144,-407.4106765582528,-5646.499768919091,-5.89408312332537,1.343527806272407,4.400678720142784,48178U
2025-06-29T23:37:50.756238,-4658.732448492268,-326.04389026673744,-5371.402249021297,-5.597199514822737,1.3677962071714787,4.766190874094608,48178U
2025-06-29T23:38:50.756238,-4985.097569493493,-243.38322511330705,-5074.932691781392,-5.278012713739584,1.3866428381001876,5.112843467941813,48178U
2025-06-29T23:39:50.756238,-5291.673323570466,-159.75643083658542,-4758.264661595513,-4.9377724735169295,1.3999898510041118,5.439249701630482,48178U
2025-06-29T23:40:50.756238,-5577.236165464384,-75.49528366553228,-4422.652646604729,-4.577814327911033,1.4077809179973988,5.744099805143789,48178U
2025-06-29T23:41:50.756238,-5840.6451406032475,9.06571609461519,-4069.42726516467,-4.199554868687278,1.4099815908865387,6.026166709247922,48178U
2025-06-29T23:42:50.756238,-6080.846595570646,93.59066554929512,-3699.990138932712,-3.8044865973265836,1.4065795776601115,6.2843114854014175,48178U
2025-06-29T23:43:50.756238,-6296.878566943327,177.74359461213822,-3315.808447701569,-3.3941723556200865,1.3975849297991287,6.517488511934538,48178U
2025-06-29T23:44:50.756238,-6487.874823536408,261.1898097789906,-2918.4091837976466,-2.9702393461789076,1.3830301347155392,6.724750322150513,48178U
2025-06-29T23:45:50.756238,-6653.068538048211,343.59724046341677,-2509.3731263450013,-2.534372760080341,1.3629701082716688,6.905252089744425,48178U
2025-06-29T23:46:50.756238,-6791.795565177045,424.6377817422243,-2090.3285586170964,-2.088309035673251,1.3374820831721896,7.058255707491787,48178U
2025-06-29T23:47:50.756238,-6903.497305043318,503.9886271893174,-1662.9447540445367,-1.6338287787578374,1.3066653900148335,7.1831334171416055,48178U
2025-06-29T23:48:50.756238,-6987.7231326753745,581.3335852889544,-1228.925259012552,-1.1727493806559697,1.2706411289270356,7.279370951294366,48178U
2025-06-29T23:49:50.756238,-7044.132376697838,656.3643728417776,-790.0010027701721,-0.706917376332295,1.2295517309628938,7.346570152035582,48178U
2025-06-29T23:50:50.756238,-7072.49583303314,728.7818787646188,-347.923266750439,-0.23820058977306802,1.1835604097585855,7.384451036000507,48178U
2025-06-29T23:51:50.756238,-7072.696802382758,798.2973917557625,95.54345275555606,0.2315198819577182,1.1328505053053557,7.392853281280378,48178U
2025-06-29T23:52:50.756238,-7044.73164343356,864.6337854476019,538.6286533328132,0.7003577912904143,1.0776247230609095,7.371737117985093,48178U
2025-06-29T23:53:50.756238,-6988.70983707998,927.5266549027109,979.5630704741277,1.1664299124653927,1.0181042729396692,7.321183611181731,48178U
2025-06-29T23:54:50.756238,-6904.853560395758,986.7253986157154,1416.5859203172033,1.6278642056146004,0.9545279139677916,7.2413943321358465,48178U
2025-06-29T23:55:50.756238,-6793.496772564632,1041.9942405651175,1847.9521044755857,2.0828079147314824,0.8871509115186542,7.132690421096109,48178U
2025-06-29T23:56:50.756238,-6655.083818414812,1093.1131873024701,2271.9393407537273,2.5294355428980158,0.8162439150311847,6.995511052072178,48178U
2025-06-29T23:57:50.756238,-6490.167558531653,1139.8789155640861,2686.8551843635955,2.9659566505046184,0.7420917649284224,6.830411316961592,48178U
2025-06-29T23:58:50.756238,-6299.407038079699,1182.1055864321013,3091.043905491342,3.390623425610483,0.6649922380754034,6.6380595527895006,48178U
2025-06-29T23:59:50.756238,-6083.56470938981,1219.6255826445108,3482.893190657404,3.8017379799300963,0.5852547415294508,6.419234141561073,48178U
2025-06-30T00:00:50.756238,-5843.503226014912,1252.29016624423,3860.8406372192585,4.197659329044683,0.5031989645366584,6.174819817145161,48178U
2025-06-30T00:01:50.756238,-5580.181828269058,1279.9700543558297,4223.380012562824,4.5768100211923075,0.41915349870857477,5.905803517570587,48178U
2025-06-30T00:02:50.756238,-5294.652342232459,1302.555911467352,4569.06725190558,4.937682385145861,0.33345443608932196,5.613269824057232,48178U
2025-06-30T00:03:50.756238,-4988.054815785418,1319.9587571661827,4896.52617117878,5.278844374098619,0.24644395440005737,5.298396029946424,48178U
2025-06-30T00:04:50.756238,-4661.612816434219,1332.1102888182584,5204.453874068738,5.5989449889024705,0.15846889815062698,4.962446883437839,48178U
2025-06-30T00:05:50.756238,-4316.628416510011,1338.9631191801454,5491.625834926204,5.8967192702561615,0.0698793635616994,4.606769047700106,48178U
2025-06-30T00:06:50.756238,-3954.4768917753986,1340.4909293855953,5756.9006418314675,6.170992855322553,-0.018972705624688682,4.232785320561209,48178U
2025-06-30T00:07:50.756238,-3576.6011595832647,1336.688538145727,5999.224386577551,6.420686099592465,-0.10773490531886357,3.8419886536903967,48178U
2025-06-30T00:08:50.756238,-3184.505982556511,1327.5718883410134,6217.634690636083,6.6448177694359725,-0.19605573610842947,3.435936008104276,48178U
2025-06-30T00:09:50.756238,-2779.751963303703,1313.1779524622136,6411.2643582864575,6.8425083145933945,-0.2835859420102583,3.0162420790798787,48178U
2025-06-30T00:10:50.756238,-2363.949355053247,1293.5645585764853,6579.344649947836,7.012982732724863,-0.36997981979956895,2.5845729193602787,48178U
2025-06-30T00:11:50.756238,-1938.7517122970146,1268.8101386573003,6721.208170363426,7.155573040031509,-0.45489649667932947,2.142639485043787,48178U
2025-06-30T00:12:50.756238,-1505.8494046596459,1239.0134012268463,6836.291367619755,7.26972036284563,-0.5380011748671047,1.6921911239710075,48178U
2025-06-30T00:13:50.756238,-1066.9630163149425,1204.2929303244512,6924.136640042783,7.354976664980466,-0.618966342362397,1.2350090219660732,48178U
2025-06-30T00:14:50.756238,-623.8366524065967,1164.7867128425855,6984.394048813546,7.411006124591925,-0.6974729496928659,0.7728996181335578,48178U
2025-06-30T00:15:50.756238,-178.23117315082865,1120.6515962722635,7016.82263471042,7.437586172423849,-0.773211552804734,0.30768799673876657,48178U
2025-06-30T00:16:50.756238,268.08262434523425,1072.0626788831212,7021.291337745108,7.434608200707604,-0.8458834224496664,-0.15878873983160557,48178U
2025-06-30T00:17:50.756238,713.3308569805083,1019.2126343415258,6997.779518658792,7.402077948819709,-0.9152016204228309,-0.6246881147840049,48178U
2025-06-30T00:18:50.756238,1155.7434199789116,962.3109727518456,6946.377081334077,7.3401155682420915,-0.9808920428319797,-1.0881689364572933,48178U
2025-06-30T00:19:50.756238,1593.5608453780987,901.5832401045144,6867.284195208767,7.248955365606626,-1.0426944302312005,-1.547397973278941,48178U
2025-06-30T00:20:50.756238,2025.041135254347,837.270158137965,6760.810616810277,7.128945218841126,-1.1003633439566702,-2.0005566432139084,48178U
2025-06-30T00:21:50.756238,2448.4665498527743,769.6267066775843,6627.374609618567,6.980545657865082,-1.153669107379109,-2.44584771531997,48178U
2025-06-30T00:22:50.756238,2862.150330177012,698.9211506131822,6467.501461671621,6.8043285981087,-1.20239871006569,-2.8815020186456626,48178U
2025-06-30T00:23:50.756238,3264.443333818202,625.4340138178302,6281.821600695974,6.60097571252336,-1.2463566720601063,-3.305785150533723,48178U
2025-06-30T00:24:50.756238,3653.740561873485,549.457002503356,6071.068307130935,6.3712764258852586,-1.2853658646762864,-3.717004172508261,48178U
2025-06-30T00:25:50.756238,4028.48755380334,471.2918807463439,5836.075026245849,6.116125514190096,-1.3192682834012688,-4.113514277518763,48178U
2025-06-30T00:26:50.756238,4387.186626033059,391.24930120540927,5577.772281660337,5.836520291905177,-1.3479257677521244,-4.493725407535615,48178U
2025-06-30T00:27:50.756238,4728.402929086193,309.6475943810687,5297.184193984302,5.5335573708522,-1.3712206622686662,-4.856108795545289,48178U
2025-06-30T00:28:50.756238,5050.770297142714,226.81152012856813,4995.424609971953,5.208428976533526,-1.3890564122861255,-5.199203401118614,48178U
2025-06-30T00:29:50.756238,5352.99686305434,143.07098555105745,4673.6928496552155,4.862418810914996,-1.4013580877406657,-5.521622203971325,48178U
2025-06-30T00:30:50.756238,5633.870411476296,58.759733768984376,4333.269081026834,4.496897454618947,-1.40807282806654,-5.822058315922159,48178U
2025-06-30T00:31:50.756238,5892.263442286237,-25.7859914676237,3975.509334520249,4.113317306684773,-1.4091702012250518,-6.0992908678719795,48178U
2025-06-30T00:32:50.756238,6127.137916664767,-110.22879998217256,3601.8401720873976,3.713207065690007,-1.4046424701232243,-6.35219062585553,48178U
2025-06-30T00:33:50.756238,6337.549658552183,-194.23152243415302,3213.7530285703733,3.29816576248902,-1.3945047601018137,-6.579725288367647,48178U
2025-06-30T00:34:50.756238,6522.652385072296,-277.45858454698583,2812.7982458575334,2.869856361524669,-1.3787951218120373,-6.780964416546686,48178U
2025-06-30T00:35:50.756238,6681.701340616027,-359.5773818380923,2400.5788234547326,2.4299989549432106,-1.35757448465251,-6.955083949132989,48178U
2025-06-30T00:36:50.756238,6814.056511120033,-440.2596482002086,1978.7439116122073,1.9803635804090152,-1.3309264969641534,-7.101370255999436,48178U
2025-06-30T00:37:50.756238,6919.185396983742,-519.1828114260231,1548.9820761401475,1.5227627006180093,-1.2989572503829054,-7.219223686749363,48178U
2025-06-30T00:38:50.756238,6996.665325625749,-596.03132868441,1113.014366390492,1.0590433886951862,-1.2617948870744269,-7.308161575003851,48178U
2025-06-30T00:39:50.756238,7046.185287487739,-670.4979949121326,672.5872201487603,0.5910792694061998,-1.2195890899985697,-7.3678206640746335,48178U
2025-06-30T00:40:50.756238,7067.547282449922,-742.2852171394878,229.46524105659273,0.12076227096104704,-1.1725104578293675,-7.397958925774027,48178U
2025-06-30T00:41:50.756238,7060.667167036203,-811.1062479108165,-214.57611431657955,-0.35000575395522343,-1.1207497676483333,-7.398456750956533,48178U
2025-06-30T00:42:50.756238,7025.574996400743,-876.6863711935687,-657.7579015766993,-0.819321476572744,-1.0645171299903242,-7.369317497839172,48178U
2025-06-30T00:43:50.756238,6962.414858826247,-938.7640344870813,-1098.305067002268,-1.285288546992054,-1.0040410422118808,-7.310667392001177,48178U
2025-06-30T00:44:50.756238,6871.44420425486,-997.0919212409614,-1534.4538005360778,-1.7460259926260826,-0.93956734742997,-7.222754779999948,48178U
2025-06-30T00:45:50.756238,6753.03267213689,-1051.437958163799,-1964.4588247319557,-2.199676498107379,-0.8713581074093666,-7.105948746532417,48178U
2025-06-30T00:46:50.756238,6607.660427542548,-1101.5862525371665,-2386.600581958285,-2.6444145069550156,-0.7996903987262851,-6.9607371127923985,48178U
2025-06-30T00:47:50.756238,6435.916017966705,-1147.3379552336141,-2799.1922834418747,-3.078454088777784,-0.7248550422813153,-6.787723840912141,48178U
2025-06-30T00:48:50.756238,6238.493766498353,-1188.5120457597536,-3200.5867854370117,-3.500056520341594,-0.6471552767559504,-6.587625875931893,48178U
2025-06-30T00:49:50.756238,6016.190719960846,-1224.9460362925695,-3589.1832598803976,-3.90753753430431,-0.5669053868919834,-6.361269462435674,48178U
2025-06-30T00:50:50.756238,5769.903173216421,-1256.4965923318707,-3963.433629264294,-4.299274195621705,-0.4844292975229934,-6.109585977691356,48178U
2025-06-30T00:51:50.756238,5500.622793018587,-1283.04006824415,-4321.8487380957,-4.673711372388971,-0.4000591441010665,-5.8336073267167805,48178U
2025-06-30T00:52:50.756238,5209.432366571555,-1304.47295660584,-4663.004236113667,-5.029367774963326,-0.3141338300567389,-5.534460947099734,48178U
2025-06-30T00:53:50.756238,4897.501201302071,-1320.712250856358,-4985.54615134812,-5.36484154440461,-0.22699758072382112,-5.213364472595764,48178U
2025-06-30T00:54:50.756238,4566.080203264743,-1331.695721331299,-5288.196134050758,-5.678815378353388,-0.13899850277925863,-4.871620104523174,48178U
2025-06-30T00:55:50.756238,4216.4966620997,-1337.382105254961,-5569.756355439241,-5.970061189226007,-0.050487157222139825,-4.510608738819666,48178U
2025-06-30T00:56:50.756238,3850.1487705773366,-1337.7512117201757,-5829.1140479960695,-6.237444295837885,0.03818484711543045,-4.131783894419658,48178U
2025-06-30T00:57:50.756238,3468.4999065152524,-1332.8039430688434,-6065.2456767130725,-6.4799271551155355,0.12666623363768936,-3.7366654854571415,48178U
2025-06-30T00:58:50.756238,3073.0727043122847,-1322.5622344038502,-6277.220733093388,-6.696572645250368,0.2146074068765878,-3.3268334758789937,48178U
2025-06-30T00:59:50.756238,2665.442942538787,-1307.0689132134396,-6464.205145900689,-6.886546915395921,0.30166176656986055,-2.9039214505137068,48178U
2025-06-30T01:00:50.756238,2247.233273034405,-1286.3874812731642,-6625.46430452992,-7.049121819717065,0.387486984361087,-2.4696101316989325,48178U
2025-06-30T01:01:50.756238,1820.1068158432035,-1260.6018211134851,-6760.365692458521,-7.183676955236726,0.4717462415434432,-2.02562086541655,48178U
2025-06-30T01:02:50.756238,1385.7606431359582,-1229.815829408536,-6868.381129510585,-7.289701323487538,0.5541094271360496,-1.5737090957335549,48178U
2025-06-30T01:03:50.756238,945.9191740784571,-1194.1529796612976,-6949.088622640451,-7.366794635506498,0.6342542963058989,-1.1156578413870974,48178U
2025-06-30T01:04:50.756238,502.32750149064066,-1153.7558165431692,-7002.173825626282,-7.414668278277267,0.7118675897021518,-0.6532711838020288,48178U
2025-06-30T01:05:50.756238,56.74467011514961,-1108.785384199613,-7027.4311085001455,-7.433145958448983,0.7866461146470074,-0.18836777181700995,48178U
2025-06-30T01:06:50.756238,-389.06307452723735,-1059.4205907725916,-7024.764237752993,-7.422164036168067,0.8582977893102544,0.27722565487841044,48178U
2025-06-30T01:07:50.756238,-833.3290483832983,-1005.8575113230206,-6994.186668399845,-7.3817715583247105,0.9265426509915715,0.7416807240578756,48178U
2025-06-30T01:08:50.756238,-1274.2928843350774,-948.3086312756731,-6935.82144891601,-7.312129996612644,0.9911138294463536,1.203173873023378,48178U
2025-06-30T01:09:50.756238,-1710.2072632019767,-887.0020324652132,-6849.900739920685,-7.21351269172642,1.0517584858320825,1.6598927769891834,48178U
2025-06-30T01:10:50.756238,-2139.344602548291,-822.1805238432989,-6736.764947345677,-7.086304000970807,1.1082387173444892,2.110042765949623,48178U
2025-06-30T01:11:50.756238,-2560.0036852828816,-754.1007189229754,-6596.861470742401,-6.930998142727412,1.160332426978509,2.5518532308280344,48178U
2025-06-30T01:12:50.756238,-2970.516209535696,-683.032062094218,-6430.743067406915,-6.74819772780345,1.2078341571189604,2.983584017437863,48178U
2025-06-30T01:13:50.756238,-3369.253240616909,-609.2558060461064,-6239.065833187304,-6.538611964842435,1.250555884875465,3.403531803727866,48178U
2025-06-30T01:14:50.756238,-3754.631545030572,-533.0639426818537,-6022.5868012272,-6.303054524859521,1.288327776257723,3.8100364520382097,48178U
2025-06-30T01:15:50.756238,-4125.119785579909,-454.75809011230336,-5782.161160529951,-6.042441048697863,1.32099889548027,4.201487323821044,48178U
2025-06-30T01:16:50.756238,-4479.244555625398,-374.64833855880016,-5518.739097123037,-5.757786280874256,1.3484378649263957,4.576329539655643,48178U
2025-06-30T01:17:50.756238,-4815.596229591955,-293.052058283986,-5233.36226177622,-5.450200813948798,1.3705334706243293,4.933070162595395,48178U
2025-06-30T01:18:50.756238,-5132.834605902805,-210.29267299985406,-4927.15986970937,-5.120887429261792,1.3871952075258391,5.270284278089046,48178U
2025-06-30T01:19:50.756238,-5429.694317821237,-126.69840253972843,-4601.344439406075,-4.771137022504013,1.3983537584643666,5.586620939241166,48178U
2025-06-30T01:20:50.756238,-5704.989986977656,-42.60097898707407,-4257.207179763951,-4.4023241063456,1.403961400412534,5.880808941901335,48178U
2025-06-30T01:21:50.756238,-5957.621094176042,41.66565919940935,-3896.1130369111747,-4.015901886702995,1.4039923316049077,6.151662390679975,48178U
2025-06-30T01:22:50.756238,-6186.576541931391,125.76669011948354,-3519.4954145215543,-3.6133969145474905,1.3984429132197447,6.398086014080927,48178U
2025-06-30T01:23:50.756238,-6390.93888349458,209.36774311212574,-3128.8505840295124,-3.1964033209933636,1.3873318196545306,6.6190801850420025,48178U
2025-06-30T01:24:50.756238,-6569.888193827835,292.1362395513793,-2725.731803697587,-2.7665766495476305,1.3707000919670815,6.8137456023125775,48178U
2025-06-30T01:25:50.756238,-6722.70555893925,373.74273379241816,-2311.7431682893375,-2.3256273060199977,1.3486110897855643,6.98128758814996,48178U
2025-06-30T01:26:50.756238,-6848.776161474525,453.86224807320133,-1888.5332136192753,-1.8753136529824375,1.3211503378959955,7.121019959140582,48178U
2025-06-30T01:27:50.756238,-6947.591942229732,532.1755949684914,-1457.7883028300726,-1.4174347820666473,1.2884252647769627,7.232368429267932,48178U
2025-06-30T01:28:50.756238,-7018.753819433944,608.3706808695416,-1021.2258235717982,-0.9538230033271464,1.2505648315374671,7.314873507789227,48178U
2025-06-30T01:29:50.756238,-7061.973450157787,682.1437839059729,-580.5872273818775,-0.4863360963124623,1.2077190509955427,7.368192858902477,48178U
2025-06-30T01:30:50.756238,-7077.074521020733,753.2007997518181,-137.63094437893795,-0.016849372146875624,1.1600583979749164,7.392103095504585,48178U
2025-06-30T01:31:50.756238,-7063.993558436289,821.2584488613383,305.87479213010096,0.4527524002866516,1.1077731132581266,7.3865009854104535,48178U
2025-06-30T01:32:50.756238,-7022.780251899953,886.0454388657556,748.1591754272478,0.9205831481933694,1.0510724049780271,7.351404055066865,48178U
2025-06-30T01:33:50.756238,-6953.597287224882,947.3035761278862,1187.456073160675,1.3847636712039522,0.9901835525155397,7.286950582866328,48178U
2025-06-30T01:34:50.756238,-6856.719690096605,1004.7888207890934,1622.0112564687731,1.843429782125243,0.9253509191660131,7.193398981447929,48178U
2025-06-30T01:35:50.756238,-6732.533683784164,1058.2722800504343,2050.089573977057,2.294740354670343,0.8568348809032875,7.071126575661439,48178U
2025-06-30T01:36:50.756238,-6581.535068238158,1107.541134896569,2469.982034804739,2.736885222522502,0.7849106794802988,6.9206277899595,48178U
2025-06-30T01:37:50.756238,-6404.327131061958,1152.3994959862137,2880.0127657351313,3.1680928769547654,0.7098672088348855,6.742511765675003,48178U
2025-06-30T01:38:50.756238,-6201.618103897674,1192.669184986733,3278.545809111345,3.5866379140914635,0.6320057442993203,6.537499434751061,48178U
2025-06-30T01:39:50.756238,-5974.218180566431,1228.1904382101573,3663.991729770426,3.9908481876250286,0.5516386244308475,6.3064200818548555,48178U
2025-06-30T01:40:50.756238,-5723.036115796595,1258.8225300003746,4034.8140013774714,4.37911162823757,0.46908789538352785,6.050207431285613,48178U
2025-06-30T01:41:50.756238,-5449.075425528179,1284.4443139133868,4389.535144806785,4.749882696940494,0.3846839276325211,5.7698952985766265,48178U
2025-06-30T01:42:50.756238,-5153.430211564844,1304.9546803131223,4726.742593687892,5.101688445853437,0.29876401454812646,5.466612849112383,48178U
2025-06-30T01:43:50.756238,-4837.280634749554,1320.2729295608588,5045.09426481258,5.433134166379868,0.21167096181795877,5.1415795074061625,48178U
2025-06-30T01:44:50.756238,-4501.888061856787,1330.339060497746,5343.323813730188,5.7429086111078655,0.1237516760517658,4.79609956090691,48178U
2025-06-30T01:45:50.756238,-4148.589912037334,1335.1139743972835,5620.245558470574,6.029788781864273,0.03535576010430102,4.431556501370454,48178U
2025-06-30T01:46:50.756238,-3778.794228940861,1334.579594991031,5874.7590568683945,6.292644281994116,-0.05316587825075323,4.049407145015605,48178U
2025-06-30T01:47:50.756238,-3393.9740046115517,1328.7389055410858,6105.853325361574,6.5304412359553075,-0.14146239863235377,3.6511755700024215,48178U
2025-06-30T01:48:50.756238,-2995.6612809358376,1317.615904243913,6312.610689357574,6.742245783574301,-0.2291843766868189,3.238446906350049,48178U
2025-06-30T01:49:50.756238,-2585.441053883427,1301.2554795011583,6494.21025725402,6.927227159677335,-0.31598512537448575,2.8128610094345357,48178U
2025-06-30T01:50:50.756238,-2164.945005059219,1279.7232067856646,6649.931011948726,7.084660372229431,-0.4015219861854223,2.3761060438362165,48178U
2025-06-30T01:51:50.756238,-1735.8450842571579,1253.1050689691485,6779.154515147433,7.213928493523672,-0.4854575884270203,1.9299119997608445,48178U
2025-06-30T01:52:50.756238,-1299.8469658038944,1221.5071020663925,6881.367220985909,7.314524579380048,-0.5674610754845825,1.4760441597020384,48178U
2025-06-30T01:53:50.756238,-858.6834006038606,1185.0549683987645,6956.162396412763,7.386053230751697,-0.6472092975716753,1.0162965286872456,48178U
2025-06-30T01:54:50.756238,-414.10748496157333,1143.8934591942766,7003.24164646758,7.428231810688702,-0.7243879709471064,0.5524852374963742,48178U
2025-06-30T01:55:50.756238,32.114133462463656,1098.1859286333415,7022.41604305065,7.4408913273699895,-0.7986928038604922,0.08644192485711226,48178U
2025-06-30T01:56:50.756238,478.20809276677534,1048.113661329856,7013.606856058803,7.4239769910242055,-0.8698305895909784,-0.37999289805248315,48178U
2025-06-30T01:57:50.756238,922.401177577963,993.8751752162506,6976.845885903039,7.377548449185518,-0.9375202668655739,-0.8449764993193065,48178U
2025-06-30T01:58:50.756238,1362.9271842221826,935.6854617899646,6912.275396478377,7.301779701050295,-1.0014939476901787,-1.3066705937010974,48178U
2025-06-30T01:59:50.756238,1798.033770985882,873.7751656875153,6820.147647680244,7.196958687911297,-1.0614979122113801,-1.7632480251869214,48178U
2025-06-30T02:00:50.756238,2225.9892738603703,808.3897055909337,6700.824026615422,7.063486552950404,-1.1172935696714672,-2.212899463199628,48178U
2025-06-30T02:01:50.756238,2645.089467667866,739.7883385452662,6554.773776792797,6.901876560264226,-1.168658383850417,-2.6538401090293635,48178U
2025-06-30T02:02:50.756238,3053.664251766238,668.243169884093,6382.572324857712,6.712752660071914,-1.2153867606358963,-3.0843164063128756,48178U
2025-06-30T02:03:50.756238,3450.0842386796867,594.0381111237256,6184.899204899514,6.496847684779504,-1.2572908945630503,-3.5026127458490484,48178U
2025-06-30T02:04:50.756238,3832.767223029187,517.46778840058,5962.535581061511,6.25500115910441,-1.294201570355603,-3.9070581508851867,48178U
2025-06-30T02:05:50.756238,4200.184507108711,438.8364042867072,5716.361370143695,5.988156706910068,-1.3259689147192864,-4.296032924403894,48178U
2025-06-30T02:06:50.756238,4550.867058417596,358.45655612451185,5447.351967135454,5.697359037852922,-1.3524630929247514,-4.667975235061194,48178U
2025-06-30T02:07:50.756238,4883.411473471407,276.6480143703648,5156.57457816814,5.383750498457692,-1.373574944106167,-5.0213876134660405,48178U
2025-06-30T02:08:50.756238,5196.485721381193,193.7364648103053,4845.184167197733,5.048567174782579,-1.3892165487303674,-5.3548433257059935,48178U
2025-06-30T02:09:50.756238,5488.834639959602,110.05221892891652,4514.419024901855,4.693134537486698,-1.3993217213805442,-5.666992586495137,48178U
2025-06-30T02:10:50.756238,5759.285156784387,25.928897103611792,4165.595970560321,4.318862624563125,-1.4038464218865159,-5.9565685705080975,48178U
2025-06-30T02:11:50.756238,6006.751207404834,-58.29791025627987,3800.105200387395,3.9272407625084145,-1.4027690779147217,-6.222393177152331,48178U
2025-06-30T02:12:50.756238,6230.238323175301,-142.291998119905,3419.40479847395,3.5198318327157447,-1.3960908124401044,-6.4633825018230615,48178U
2025-06-30T02:13:50.756238,6428.847861793952,-225.71791290999823,3025.0149293451104,3.098266096471481,-1.3838355700393108,-6.678551965410885,48178U
2025-06-30T02:14:50.756238,6601.780854563464,-308.24232298676566,2618.5117341752884,2.6642345990091036,-1.3660501366791389,-6.867021053612943,48178U
2025-06-30T02:15:50.756238,6748.341445934356,-389.5353870312554,2201.520955407334,2.219482179934396,-1.3428040486013004,-7.028017618762418,48178U
2025-06-30T02:16:50.756238,6867.939902653679,-469.27211355310055,1775.7113174557253,1.7658001244370762,-1.3141893870117152,-7.160881699040994,48178U
2025-06-30T02:17:50.756238,6960.095172151327,-547.133704601511,1342.7876937235533,1.305018496246358,-1.2803204565370563,-7.265068813420649,48178U
2025-06-30T02:18:50.756238,7024.436972436712,-622.8088766748864,904.4840925409139,0.8389981993583693,-1.2413333467804049,-7.340152695228144,48178U
2025-06-30T02:19:50.756238,7060.70739876631,-695.9951518249178,462.55649671306986,0.3696228208978884,-1.1973853777564787,-7.385827432792881,48178U
2025-06-30T02:20:50.756238,7068.76203563058,-766.4001120439683,18.775593067136708,-0.10120968812818214,-1.1486544314714175,-7.4019089920923005,48178U
2025-06-30T02:21:50.756238,7048.57056612699,-833.7426102063204,-425.0805703266483,-0.571595434103076,-1.0953381733903684,-7.388336103467683,48178U
2025-06-30T02:22:50.756238,7000.216874467813,-897.7539311012061,-867.2339607260855,-1.0396330418519653,-1.037653168967681,-7.345170502152705,48178U
2025-06-30T02:23:50.756238,6923.898641146362,-958.1788964491575,-1305.9139321821656,-1.503432092336986,-0.9758339017546399,-7.272596520328434,48178U
2025-06-30T02:24:50.756238,6819.926434073822,-1014.7769082222234,-1739.3645531051927,-1.9611214742408447,-0.910131700812759,-7.170920036462746,48178U
2025-06-30T02:25:50.756238,6688.722302724045,-1067.322925086142,-2165.8518517301304,-2.4108575883457033,-0.8408135862107308,-7.040566795584784,48178U
2025-06-30T02:26:50.756238,6530.81788591108,-1115.6083673374987,-2583.670942333337,-2.850832346494884,-0.7681610422423855,-6.882080121664216,48178U
2025-06-30T02:27:50.756238,6346.852047201382,-1159.4419463089853,-2991.152996543116,-3.2792809109352863,-0.6924687286481256,-6.696118050201962,48178U
2025-06-30T02:28:50.756238,6137.568055068371,-1198.6504148471827,-3386.6720259669773,-3.6944891248436194,-0.6140431405396366,-6.483449915308104,48178U
2025-06-30T02:29:50.756238,5903.810327670444,-1233.0792361172146,-3768.6514445898824,-4.094800590691133,-0.5332012279069154,-6.244952430778558,48178U
2025-06-30T02:30:50.756238,5646.520764539858,-1262.5931686404388,-4135.57038189733,-4.478623359588854,-0.45026898553268585,-5.981605308865935,48178U
2025-06-30T02:31:50.756238,5366.734689464899,-1287.0767661139296,-4485.969720406117,-4.844436201701248,-0.3655800238550261,-5.694486463469308,48178U
2025-06-30T02:32:50.756238,5065.576430420689,-1306.434791178421,-4818.45783415,-5.190794434979091,-0.2794741308244336,-5.384766846299823,48178U
2025-06-30T02:33:50.756238,4744.254563546201,-1320.5925428833868,-5131.716007604113,-5.516335296630042,-0.19229583411744358,-5.0537049652015025,48178U
2025-06-30T02:34:50.756238,4404.05684888032,-1329.4960981340678,-5424.503517471542,-5.819782848703471,-0.10439297222311412,-4.702641133246325,48178U
2025-06-30T02:35:50.756238,4046.3448858805837,-1333.1124678858575,-5695.66236262341,-6.09995241570231,-0.016115281945484707,-4.332991495552882,48178U
2025-06-30T02:36:50.756238,3672.5485166879853,-1331.429669270765,-5944.121630217627,-6.355754558062561,0.07218699119808855,-3.9462418781061563,48178U
2025-06-30T02:37:50.756238,3284.1600047075676,-1324.4567151946083,-6168.901488568967,-6.586198590502413,0.16016445431837842,-3.5439414993168934,48178U
2025-06-30T02:38:50.756238,2882.7280153939423,-1312.2235232296357,-6369.116799657753,-6.790395658505944,0.24746989599884067,-3.127696580813097,48178U
2025-06-30T02:39:50.756238,2469.851425244769,-1294.7807458471616,-6543.980346197313,-6.967561389460125,0.33375957950238677,-2.6991638892140015,48178U
2025-06-30T02:40:50.756238,2047.1729839279665,-1272.199524190194,-6692.805669934953,-7.117018137178106,0.41869449823577265,-2.2600442355490444,48178U
2025-06-30T02:41:50.756238,1616.3728533257224,-1244.571167683404,-6815.009519289206,-7.238196839657804,0.5019415922960019,-1.812075953820335,48178U
2025-06-30T02:42:50.756238,1179.1620460773743,-1212.0067618228677,-6910.11390556087,-7.33063850999618,0.5831749257271841,-1.3570283751135834,48178U
2025-06-30T02:43:50.756238,737.2757850413824,-1174.6367064902045,-6977.747767787486,-7.393995379440153,0.6620768247631201,-0.89669530887344,48178U
2025-06-30T02:44:50.756238,292.4668040197887,-1132.6101871047917,-7017.648246872414,-7.4280317097063895,0.7383389778043402,-0.43288853864591487,48178U
2025-06-30T02:45:50.756238,-153.50139085632082,-1086.094580874124,-7029.661569943981,-7.432624289067248,0.8116634981674862,0.032568664089727306,48178U
2025-06-30T02:46:50.756238,-598.8612804459943,-1035.2748003376603,-7013.743546027678,-7.4077626234289164,0.8817639507438154,0.4978480072824275,48178U
2025-06-30T02:47:50.756238,-1041.8480945435233,-980.3525763346591,-6969.9596740960615,-7.353548829893418,0.9483663436157315,0.9611226281783678,48178U
2025-06-30T02:48:50.756238,-1480.7065586921183,-921.5456824727154,-6898.484864450829,-7.270197236286726,1.0112100854142738,1.420573528095431,48178U
2025-06-30T02:49:50.756238,-1913.6976081908665,-859.0871031406506,-6799.602774247462,-7.158033686046486,1.0700489087735994,1.874395994609157,48178U
2025-06-30T02:50:50.756238,-2339.1050514594585,-793.2241471062973,-6673.704757852222,-7.017494543892461,1.124651759671915,2.320806012788738,48178U
2025-06-30T02:51:50.756238,-2755.2421645362783,-724.2175087741775,-6521.288432682671,-6.849125394043443,1.174803651769522,2.7580466653199056,48178U
2025-06-30T02:52:50.756238,-3160.4581978972883,-652.3402792549103,-6342.9558612768915,-6.653579419574288,1.220306484095794,3.1843945186980807,48178U
2025-06-30T02:53:50.756238,-3553.1447760173864,-577.8769095232253,-6139.411350615932,-6.43161544899114,1.2609798196307924,3.598165989265329,48178U
2025-06-30T02:54:50.756238,-3931.7421692208973,-501.12212811188505,-5911.458870218499,-6.18409565436887,1.296661621513481,3.9977236788630184,48178U
2025-06-30T02:55:50.756238,-4294.745416392968,-422.3798160113921,-5659.999091285202,-5.911982884567765,1.3272089428187201,4.381482665396343,48178U
2025-06-30T02:56:50.756238,-4640.710276157398,-341.96184170764434,-5386.02605018872,-5.616337617176699,1.3524985651220205,4.747916728892437,48178U
2025-06-30T02:57:50.756238,-4968.25898314185,-260.18685960523914,-5090.623440953071,-5.298314514017238,1.3724275804403998,5.095564488779682,48178U
2025-06-30T02:58:50.756238,-5276.08578524163,-177.3790753914332,-4774.960542850029,-4.959158567088671,1.3869139106474704,5.42303542356558,48178U
2025-06-30T02:59:50.756238,-5562.962236858157,-93.8669823202261,-4440.287791317611,-4.600200825205688,1.3958967580989936,5.729015739444474,48178U
2025-06-30T03:00:50.756238,-5827.742222914379,-9.982072705725145,-4087.9320022776515,-4.222853695376023,1.3993369810576368,6.012274050796111,48178U
2025-06-30T03:01:50.756238,-6069.3666880405235,73.94247065343828,-3719.2912624226974,-3.8286058180084392,1.3972173875138272,6.271666832101839,48178U
2025-06-30T03:02:50.756238,-6286.868045525075,157.57309804294664,-3335.8295004551737,-3.4190165204898544,1.3895429412291944,6.506143598505848,48178U
2025-06-30T03:03:50.756238,-6479.374241025019,240.57722594254824,-2939.070756956676,-2.995709859809839,1.3763408742551901,6.7147517707305235,48178U
2025-06-30T03:04:50.756238,-6646.112446964624,322.62457393946585,-2530.593173044516,-2.5603682710919355,1.357660700799059,6.896641179745683,48178U
2025-06-30T03:05:50.756238,-6786.412364613002,403.388499368162,-2112.0227208874367,-2.114725845682853,1.3335741281209177,7.051068167091372,48178U
2025-06-30T03:06:50.756238,-6899.709112565307,482.5473234193418,-1685.026701513612,-1.6605612686638003,1.3041748611165398,7.177399238671828,48178U
2025-06-30T03:07:50.756238,-6985.545682259913,559.7856422664662,-1251.3070379126732,-1.1996904519643918,1.269578298358277,7.275114232628997,48178U
2025-06-30T03:08:50.756238,-7043.574943524228,634.7956166704893,-812.5933936348879,-0.7339589049364933,1.229921118594086,7.3438089658391785,48178U
2025-06-30T03:09:50.756238,-7073.561185797179,707.2782335002621,-370.63614908022646,-0.26523388933019015,1.1853607580117982,7.383197328432373,48178U
2025-06-30T03:10:50.756238,-7075.3811836166005,776.9445326638903,72.80073066032168,0.20460359011489232,1.1360747799252462,7.393112801425313,48178U
2025-06-30T03:11:50.756238,-7049.024778129528,843.5167930863017,515.9469012473076,0.6736669049331675,1.082260139891549,7.37350937893218,48178U
2025-06-30T03:12:50.756238,-6994.594969718892,906.7296715871499,957.0328817460144,1.1400719752544957,1.0241323505868196,7.324461883295392,48178U
2025-06-30T03:13:50.756238,-6912.307520281158,966.3312888084802,1394.297297922668,1.6019454372397157,0.9619245520138605,7.246165668674296,48178U
2025-06-30T03:14:50.756238,-6802.490067163424,1022.0842567105581,1825.9940895718014,2.0574327477200227,0.8958864937517003,7.138935715939226,48178U
2025-06-30T03:15:50.756238,-6665.580754209639,1073.766642584386,2250.3996456344,2.504706169304543,0.8262834369556853,7.0032051289374495,48178U
2025-06-30T03:16:50.756238,-6502.126388700776,1121.172865017732,2665.81983168258,2.941972581538697,0.753394984645475,6.839523049120142,48178U
2025-06-30T03:17:50.756238,-6312.780136143355,1164.1145177813924,3070.596875545877,3.367481067040823,0.6775138494604719,6.648552011958316,48178U
2025-06-30T03:18:50.756238,-6098.29876780003,1202.4211181668204,3463.116078433973,3.779530225838066,0.5989445684977803,6.431064774349339,48178U
2025-06-30T03:19:50.756238,-5859.539478517396,1235.9407768896094,3841.8123208048496,4.176475176200651,0.5180021750717518,6.187940647176923,48178U
2025-06-30T03:20:50.756238,-5597.4562947418935,1264.540787264711,4205.176334399432,4.5567342059865545,0.4350108372422768,5.9201613712067,48178U
2025-06-30T03:21:50.756238,-5313.096094598856,1288.1081319444534,4551.760714240425,4.918795044654861,0.350302472759885,5.628806577491512,48178U
2025-06-30T03:22:50.756238,-5007.594263512943,1306.5499060787536,4880.185646925959,5.2612207325033555,0.2642153496792034,5.31504887536203,48178U
2025-06-30T03:23:50.756238,-4682.170010072742,1319.7936562955385,5189.144334155263,5.582655070111503,0.17709268132136077,4.98014861188188,48178U
2025-06-30T03:24:50.756238,-4338.121367677234,1327.7876354003488,5477.4080930580885,5.881827637241546,0.08928122354105199,4.625448346358103,48178U
2025-06-30T03:25:50.756238,-3976.8199079782385,1330.5009731470193,5743.83111747742,6.157558376351838,0.0011298814105028478,4.252367082191949,48178U
2025-06-30T03:26:50.756238,-3599.705192263971,1327.9237638317406,5987.354886834546,6.408761741246895,-0.08701166850021866,3.862394296110433,48178U
2025-06-30T03:27:50.756238,-3208.2789867621586,1320.0670718052975,6207.01221152246,6.6344504160587965,-0.17479433504920955,3.4570838017725314,48178U
2025-06-30T03:28:50.756238,-2804.099267408054,1306.962856281396,6401.930905894172,6.833738613606569,-0.26187094445517967,3.0380474810327587,48178U
2025-06-30T03:29:50.756238,-2388.774039001297,1288.663817042989,6571.337081786031,7.005844965100088,-0.34789754400545575,2.6069489119699307,48178U
2025-06-30T03:30:50.756238,-1963.954992881176,1265.243162815423,6714.558057143971,7.150095015107317,-0.4325346752227305,2.1654969182959003,48178U
2025-06-30T03:31:50.756238,-1531.3310263945214,1236.7943041904887,6831.024875660148,7.265923336633937,-0.5154486149875126,1.7154390601995892,48178U
2025-06-30T03:32:50.756238,-1092.6216465262546,1203.4304730547697,6920.27443440659,7.352875281115616,-0.5963125838086728,1.2585550822043383,48178U
2025-06-30T03:33:50.756238,-649.5702791991232,1165.2842705074913,6981.951217264314,7.410608377130867,-0.6748079209793681,0.7966503294462466,48178U
2025-06-30T03:34:50.756238,-203.9375049644947,1122.5071452567802,7015.808632522256,7.438893389803497,-0.7506252267363168,0.33154914008016184,48178U
2025-06-30T03:35:50.756238,242.50575883861967,1075.2688044695337,7021.709953390003,7.437615050297616,-0.8234654717418172,-0.13491178153910116,48178U
2025-06-30T03:36:50.756238,687.9851098663366,1023.756559028514,6999.628860376838,7.4067724616682495,-0.8930410742299182,-0.6008900085599582,48178U
2025-06-30T03:37:50.756238,1130.7295271747275,968.1746051337386,6949.6495845817335,7.346479183786113,-0.9590769449984483,-1.0645440513041866,48178U
2025-06-30T03:38:50.756238,1568.9782329887348,908.7432441822303,6871.966650973183,7.2569629962996,-1.0213115001017639,-1.524040032487,48178U
2025-06-30T03:39:50.756238,2000.9875304056432,845.6980428818347,6766.884220768756,7.138565334826624,-1.0794976406191283,-1.977558377100662,48178U
2025-06-30T03:40:50.756238,2425.0375972119496,779.2889356088084,6634.81503211055,6.991740391986009,-1.133403698265299,-2.4233005146547897,48178U
2025-06-30T03:41:50.756238,2839.439215392119,709.7792711129782,6476.278938431641,6.817053871677451,-1.182814344900794,-2.859495589138037,48178U
2025-06-30T03:42:50.756238,3242.5404151349503,637.4448058123312,6291.901044269957,6.615181382381643,-1.2275314632238208,-3.2844071689240777,48178U
2025-06-30T03:43:50.756238,3632.733011225208,562.5726461056391,6082.4094388592475,6.386906453342198,-1.267374975118603,-3.696339944998128,48178U
2025-06-30T03:44:50.756238,4008.4590087042006,485.460142366365,5848.632528646619,6.133118156441757,-1.3021836233354478,-4.09364640149177,48178U
2025-06-30T03:45:50.756238,4368.216853640409,406.4137375629638,5591.495970982712,5.854808316501416,-1.3318157014243368,-4.474733437750932,48178U
2025-06-30T03:46:50.756238,4710.567503830131,325.74777377671876,5312.019212623342,5.553068293686149,-1.356149726173126,-4.838068916218486,48178U
2025-06-30T03:47:50.756238,5034.140293346506,243.78326024342616,5011.311638344322,5.229085323684625,-1.3750850462520392,-5.182188105531537,48178U
2025-06-30T03:48:50.756238,5337.638563981193,160.84660695976146,4690.5683370318,4.884138404483917,-1.388542380358277,-5.505699983457704,48178U
2025-06-30T03:49:50.756238,5619.8450362429785,77.26832826095294,4351.06549469961,4.51959372244929,-1.3964642779418923,-5.807293360259894,48178U
2025-06-30T03:50:50.756238,5879.6268920686725,-6.618278753461151,3994.155426553387,4.13689961558405,-1.398815495551673,-6.085742779256052,48178U
2025-06-30T03:51:50.756238,6115.94054158568,-90.47847569159678,3621.2612627723906,3.7375810774521243,-1.3955832820329606,-6.339914148721881,48178U
2025-06-30T03:52:50.756238,6327.836046591943,-173.97743857066834,3233.8713055630938,3.3232338116796076,-1.386777566204413,-6.568770057390431,48178U
2025-06-30T03:53:50.756238,6514.461174270405,-256.78162173546025,2833.533077836487,2.895517853641701,-1.372431041253117,-6.771374725123411,48178U
2025-06-30T03:54:50.756238,6675.065055736017,-338.56012360784746,2421.847087001794,2.4561507832133884,-1.3525991409116793,-6.9468985406065915,48178U
2025-06-30T03:55:50.756238,6809.0014258358715,-418.98604768543197,2000.4603298870345,2.006900559140521,-1.3273599034822763,-7.094622139742549,48178U
2025-06-30T03:56:50.756238,6915.73142251148,-497.73785194285745,1571.0595677936183,1.5495780127064913,-1.2968137209494126,-7.213939981055938,48178U
2025-06-30T03:57:50.756238,6994.825926569425,-574.5006796937236,1135.3644030575456,1.086029044596817,-1.2610829717269745,-7.304363378496623,48178U
2025-06-30T03:58:50.756238,7045.967425501048,-648.9676649174197,695.1201907601325,0.6181265746382897,-1.2203115369902036,-7.36552295705576,48178U
2025-06-30T03:59:50.756238,7068.951388130605,-720.8412050951827,252.09082114044818,0.14776229900268112,-1.1746642020084501,-7.3971705026197405,48178U
2025-06-30T04:00:50.756238,7063.687140278822,-789.8341947314219,-191.9485902344704,-0.3231616866359574,-1.1243259453764058,-7.39918018430104,48178U
2025-06-30T04:01:50.756238,7030.198235233538,-855.671212953963,-635.219066393061,-0.7927413367083861,-1.0695011205000264,-7.371549134912457,48178U
2025-06-30T04:02:50.756238,6968.622316556369,-918.0896588922035,-1075.9451482098905,-1.2590791152809706,-1.0104125350840056,-7.314397383093696,48178U
2025-06-30T04:03:50.756238,6879.210474546769,-976.8408289163876,-1512.36225006343,-1.7202924023688542,-0.9473004356530378,-7.227967138635104,48178U
2025-06-30T04:04:50.756238,6762.3261014527825,-1031.6909302814938,-1942.7239533351603,-2.1745217849005285,-0.8804214052781622,-7.112621440543966,48178U
2025-06-30T04:05:50.756238,6618.443254189339,-1082.4220262387046,-2365.3091999808366,-2.6199391724337215,-0.810047183647209,-6.968842185143681,48178U
2025-06-30T04:06:50.756238,6448.144536821429,-1128.8329082526527,-2778.4293496828072,-3.0547556811666228,-0.7364634193811277,-6.797227558763617,48178U
2025-06-30T04:07:50.756238,6252.118518325452,-1170.7398915749607,-3180.4350657718037,-3.4772292342876447,-0.6599683650422635,-6.598488906171597,48178U
2025-06-30T04:08:50.756238,6031.156704099646,-1207.9775310622822,-3569.722997156215,-3.885671832131679,-0.5808715255929457,-6.373447071647986,48178U
2025-06-30T04:09:50.756238,5786.150082296661,-1240.3992547774571,-3944.742225871548,-4.278456451798037,-0.49949227113723543,-6.123028254347688,48178U
2025-06-30T04:10:50.756238,5518.085268267045,-1267.8779135581926,-4304.000452477465,-4.654023542615415,-0.41615842462259955,-5.848259423241626,48178U
2025-06-30T04:11:50.756238,5228.040272202254,-1290.3062453678697,-4646.069894328806,-5.010887090913701,-0.33120483480141344,-5.550263339396771,48178U
2025-06-30T04:12:50.756238,4917.1799164294525,-1307.5972538443957,-4969.592874663708,-5.3476402347659455,-0.2449719441714549,-5.230253234604504,48178U
2025-06-30T04:13:50.756238,4586.750929753474,-1319.6845010225425,-5273.287083391907,-5.662960416453026,-0.15780436086017324,-4.8895271954257025,48178U
2025-06-30T04:14:50.756238,4238.076746758849,-1326.5223147157656,-5555.950493384595,-5.955614067192466,-0.07004944251425933,-4.5294623006194925,48178U
2025-06-30T04:15:50.756238,3872.5520401171425,-1328.0859114954785,-5816.465918877544,-6.224460824942268,0.01794410075662914,-4.151508557762649,48178U
2025-06-30T04:16:50.756238,3491.637013715164,-1324.3714365945207,-6053.805205255044,-6.468457291679339,0.1058275784203631,-3.757182681757809,48178U
2025-06-30T04:17:50.756238,3096.8514838932488,-1315.3959223841696,-6267.033041917245,-6.686660341295294,0.1932536617037449,-3.348061754041225,48178U
2025-06-30T04:18:50.756238,2689.768775284856,-1301.1971673293567,-6455.310392127181,-6.878229993057287,0.27987769218712905,-2.9257767967816504,48178U
2025-06-30T04:19:50.756238,2272.0094567710157,-1281.833537516736,-6617.897535631367,-7.042431868342627,0.3653589541515548,-2.492006291436541,48178U
2025-06-30T04:20:50.756238,1845.2349419468712,-1257.3836929787312,-6754.1567214486395,-7.178639250050672,0.44936190900512996,-2.0484696658812864,48178U
2025-06-30T04:21:50.756238,1411.140977313125,-1227.9462411096092,-6863.554429512935,-7.286334764714991,0.5315573909890748,-1.596920769164298,48178U
2025-06-30T04:22:50.756238,971.4510402207078,-1193.639319494756,-6945.6632408413825,-7.365111706918651,0.6116237640955254,-1.1391413479730272,48178U
2025-06-30T04:23:50.756238,527.9096674646976,-1154.600110460711,-7000.163316600853,-7.414675024232913,0.689248040698023,-0.6769345343065082,48178U
2025-06-30T04:24:50.756238,82.27573440372109,-1110.9842896116654,-7026.843486889403,-7.434841978660118,0.7641269627855045,-0.21211834981844976,48178U
2025-06-30T04:25:50.756238,-363.68429638094466,-1062.9654105591023,-7025.601950274067,-7.42554249760393,0.8359680468930593,0.25348077103092137,48178U
2025-06-30T04:26:50.756238,-808.2031385471838,-1010.7342279852389,-6996.446585178238,-7.386819223876394,0.9044905938376065,0.718034439384263,48178U
2025-06-30T04:27:50.756238,-1249.519439675161,-954.4979611212158,-6939.494874142128,-7.318827270360807,0.9694266641964221,1.1797187539090606,48178U
2025-06-30T04:28:50.756238,-1685.884515486442,-894.4794996754706,-6854.973441846277,-7.22183368087712,1.0305220201277756,1.6367207288124312,48178U
2025-06-30T04:29:50.756238,-2115.569042877458,-830.9165542279966,-6743.217207647544,-7.096216594737984,1.0875370336414687,2.087244710169006,48178U
2025-06-30T04:30:50.756238,-2536.869693777684,-764.0607531192408,-6604.668153287196,-6.942464108635415,1.1402475608086338,2.5295187814675297,48178U
2025-06-30T04:31:50.756238,-2948.115691349381,-694.1766879167083,-6439.873706450321,-6.761172826049598,1.188445780682777,2.961801157057812,48178U
2025-06-30T04:32:50.756238,-3347.6752693791072,-621.5409096390642,-6249.484741028691,-6.553046081488344,1.2319409969235344,3.3823865591634354,48178U
2025-06-30T04:33:50.756238,-3733.9620148783997,-546.4408780644271,-6034.253195318053,-6.318891824706013,1.2705603993013683,3.7896125704068915,48178U
2025-06-30T04:34:50.756238,-4105.441072984504,-469.17386664318263,-5795.029309996502,-6.059620148733515,1.304149781456811,4.181865949548927,48178U
2025-06-30T04:35:50.756238,-4460.63519227482,-390.04582577625854,-5532.758488610349,-5.776240445169134,1.332574210525755,4.557588893533111,48178U
2025-06-30T04:36:50.756238,-4798.130587640653,-309.37020750281937,-5248.477784452929,-5.469858170791556,1.3557186435588502,4.9152852241373495,48178U
2025-06-30T04:37:50.756238,-5116.582596940491,-227.4667549682137,-4943.312019189237,-5.141671211209959,1.3734884850890658,5.253526472732831,48178U
2025-06-30T04:38:50.756238,-5414.721106954115,-144.66026037542065,-4618.469540238424,-4.792965829828903,1.385810079774086,5.570957832164276,48178U
2025-06-30T04:39:50.756238,-5691.355723425805,-61.27929553083832,-4275.237626042077,-4.425112194131112,1.3926311337631305,5.866303940446312,48178U
2025-06-30T04:40:50.756238,-5945.380659810743,22.345080564950706,-3914.977550411059,-4.039559475567987,1.3939210583641533,6.138374457569755,48178U
2025-06-30T04:41:50.756238,-6175.77931915589,105.88063221971159,-3539.119319657676,-3.6378305246576725,1.3896712296896767,6.386069393736648,48178U
2025-06-30T04:42:50.756238,-6381.628543845215,188.99527041859332,-3149.1560987697185,-3.2215161286839824,1.379895158275923,6.608384145408522,48178U
2025-06-30T04:43:50.756238,-6562.102508621321,271.3583835084781,-2746.6383454335964,-2.7922688655190218,1.3646285631805628,6.804414194631419,48178U
2025-06-30T04:44:50.756238,-6716.476233218196,352.64216930845026,-2333.167673514806,-2.351796573703106,1.3439293457689432,6.973359427094584,48178U
2025-06-30T04:45:50.756238,-6844.128692408403,432.5229625213569,-1910.3904701259892,-1.9018554653105677,1.3178774592791274,7.114528025645554,48178U
2025-06-30T04:46:50.756238,-6944.545503013959,510.68255110560085,-1479.99129299394,-1.4442429145395475,1.2865746712926374,7.227339898242445,48178U
2025-06-30T04:47:50.756238,-7017.32116959209,586.8094751324702,-1043.686077178191,-0.9807899609365556,1.2501442174031114,7.311329602705028,48178U
2025-06-30T04:48:50.756238,-7062.160872998736,660.6003015881956,-603.2151823261432,-0.513353571611895,1.2087303456382685,7.366148734996167,48178U
2025-06-30T04:49:50.756238,-7078.881788832525,731.7608685937664,-160.3363134813886,-0.043808711508252524,1.162497752515659,7.391567753037319,48178U
2025-06-30T04:50:50.756238,-7067.4139258153255,800.0074926061852,283.1826500278817,0.42595972536882165,1.1116309129641886,7.38747721409285,48178U
2025-06-30T04:51:50.756238,-7027.800477422307,865.06813234043,725.5708819847653,0.8940650680289521,1.056333307679616,7.353888410393145,48178U
2025-06-30T04:52:50.756238,-6960.1976834676925,926.6835034000527,1165.0618565977106,1.358627046392586,0.9968265527700996,7.290933394717729,48178U
2025-06-30T04:53:50.756238,-6864.874201817624,984.6081379337966,1599.9005791029272,1.8177799369412992,0.9333494377433242,7.198864394934144,48178U
2025-06-30T04:54:50.756238,-6742.2099938688925,1038.6113840275102,2028.3507631616264,2.269680618616776,0.8661568789641569,7.078052623779104,48178U
2025-06-30T04:55:50.756238,-6592.694730831038,1088.478339997014,2448.7019191546615,2.7125164831971227,0.7955187966337062,6.928986497270544,48178U
2025-06-30T04:56:50.756238,-6416.925731115264,1134.0107192515652,2859.276318469075,3.1445131471842673,0.721718924087944,6.752269281855645,48178U
2025-06-30T04:57:50.756238,-6215.6054422006255,1175.0276419420322,3258.4358002609606,3.5639419160508226,0.6450535587639318,6.548616196542752,48178U
2025-06-30T04:58:50.756238,-5989.538483160751,1211.3663501792055,3644.588388913537,3.969126956377903,0.565830264523271,6.31885100166908,48178U
2025-06-30T04:59:50.756238,-5739.62826655136,1242.882844192374,4016.194692432939,4.358452136805921,0.48436653515237227,6.063902110488981,48178U
2025-06-30T05:00:50.756238,-5466.873220525151,1269.452437386714,4371.774054314314,4.730367504676108,0.4009884287729578,5.784798263301881,48178U
2025-06-30T05:01:50.756238,-5172.362633854056,1290.9702288330834,4709.910433854961,5.083395371515488,0.3160291826122406,5.4826638063265385,48178U
2025-06-30T05:02:50.756238,-4857.272147957853,1307.3514922784916,5029.257992477546,5.416135986964686,0.2298278171064601,5.158713618903026,48178U
2025-06-30T05:03:50.756238,-4522.858921080766,1318.5319812855016,5328.546366248065,5.727272787119184,0.14272773767343563,4.814247732888922,48178U
2025-06-30T05:04:50.756238,-4170.456490422264,1324.468150587059,5606.585607387568,6.015577209373612,0.05507534171296911,4.450645687338022,48178U
2025-06-30T05:05:50.756238,-3801.4693583336557,1325.1372941718648,5862.270780119152,6.279913071534277,-0.03278136249019056,4.06936065978175,48178U
2025-06-30T05:06:50.756238,-3417.36732868059,1320.537600988392,6094.586198595816,6.519240518017806,-0.12049411923935402,3.6719134127952637,48178U
2025-06-30T05:07:50.756238,-3019.6796191744693,1310.6881294706634,6302.609296883492,6.732619540251117,-0.20771576654172877,3.259886091150373,48178U
2025-06-30T05:08:50.756238,-2609.9887749443897,1295.628702344435,6485.5141229823785,6.919213081810597,-0.29410155111866404,2.834915900901578,48178U
2025-06-30T05:09:50.756238,-2189.9244079116497,1275.4197233698335,6642.574450628066,7.078289741305128,-0.37931041450575254,2.398688697403048,48178U
2025-06-30T05:10:50.756238,-1761.1567857038076,1250.14191781951,6773.166504103495,7.209226087474187,-0.4630062483056357,1.9529325047113149,48178U
2025-06-30T05:11:50.756238,-1325.3902929509886,1219.895998584697,6876.771292512424,7.311508601439491,-0.5448591174183879,1.4994109842752363,48178U
2025-06-30T05:12:50.756238,-884.3567869235062,1184.8022598535524,6952.976550911413,7.38473526054024,-0.6245464507000437,1.039916866468738,48178U
2025-06-30T05:13:50.756238,-439.8088686367673,1145.0001003245081,7001.478286395435,7.428616776777421,-0.701754198970688,0.5762653545528013,48178U
2025-06-30T05:14:50.756238,6.486910179969642,1100.64747791201,7022.0819277065175,7.442977500693174,-0.7761779605938304,0.11028750723281829,48178U
2025-06-30T05:15:50.756238,452.75688441816106,1051.9202978848114,7014.703077220782,7.427755998651515,-0.8475240749670401,-0.3561763967282425,48178U
2025-06-30T05:16:50.756238,897.2271377921346,999.0117363562046,6979.367864317895,7.383005308134075,-0.9155106842047768,-0.821283510288491,48178U
2025-06-30T05:17:50.756238,1338.1303706381198,942.1315010350982,6916.212899193946,7.308892871994743,-0.9798687630567822,-1.2831950857279022,48178U
2025-06-30T05:18:50.756238,1773.7127539937014,881.5050311542457,6825.4848262052865,7.20570014883038,-1.0403431167089388,-1.740083157545944,48178U
2025-06-30T05:19:50.756238,2202.2407503650948,817.3726385273329,6707.5394758804505,7.073821892917426,-1.096693345574109,-2.1901372392074596,48178U
2025-06-30T05:20:50.756238,2622.0078810900045,749.9885917591716,6562.840614871821,6.913765093740214,-1.1486947755239607,-2.631571030421857,48178U
2025-06-30T05:21:50.756238,3031.3414195250375,679.6201457458924,6391.958293387386,6.726147562179778,-1.196139351272669,-3.0626291289210963,48178U
2025-06-30T05:22:50.756238,3428.608988430942,606.5465187630284,6195.566790101757,6.5116961481229225,-1.2388364898299795,-3.4815937371996712,48178U
2025-06-30T05:23:50.756238,3812.2250389696974,531.0578196469218,5974.44215523066,6.271244572732836,-1.2766138901356001,-3.8867913505618437,48178U
2025-06-30T05:24:50.756238,4180.657187693446,453.4539278316722,5729.459353403245,6.005730858022152,-1.3093182942046844,-4.276599408227355,48178U
2025-06-30T05:25:50.756238,4532.432386869417,374.04332930503256,5461.589009199742,5.716194336769077,-1.3368161943954762,-4.649452884378018,48178U
2025-06-30T05:26:50.756238,4866.142902494638,293.14191189048387,5171.893759758108,5.403772227275072,-1.3589944807897212,-5.003850791068667,48178U
2025-06-30T05:27:50.756238,5180.452073508354,211.0717236337083,4861.524220663454,5.069695759959387,-1.3757610221910823,-5.338362560122823,48178U
2025-06-30T05:28:50.756238,5474.099824969694,128.15969848648695,4531.714573493733,4.715285846385649,-1.387045173918113,-5.6516342665855674,48178U
2025-06-30T05:29:50.756238,5745.907907627137,44.73635387068247,4183.777785668282,4.341948285721647,-1.392798205435819,-5.942394652463,48178U
2025-06-30T05:30:50.756238,5994.784836041717,-38.86553484773186,3819.100475937091,3.951168509105407,-1.3929936409263806,-6.209460906122978,48178U
2025-06-30T05:31:50.756238,6219.730497705003,-122.31227755600634,3439.1374415355986,3.5445058683818083,-1.3876275061831485,-6.4517441504755135,48178U
2025-06-30T05:32:50.756238,6419.840406171924,-205.27062446434644,3045.405865866884,3.1235874822404677,-1.3767184757023039,-6.66825459172934,48178U
2025-06-30T05:33:50.756238,6594.309572138913,-287.4091268712345,2639.4792286185866,2.6901016598617313,-1.3603079145531698,-6.858106280237609,48178U
2025-06-30T05:34:50.756238,6742.43596792767,-368.3994971897575,2222.980942920562,2.2457909290307163,-1.338459810508981,-7.020521436058364,48178U
2025-06-30T05:35:50.756238,6863.623562568206,-447.91796152355147,1797.5777471057982,1.7924447028129555,-1.3112605930018695,-7.1548342939382215,48178U
