timestamp,x_km,y_km,z_km,vx_km_s,vy_km_s,vz_km_s,name
2025-06-28T18:08:04.888901,27101.894553467555,32255.463547962256,-1604.9546999660236,-2.341581196969035,1.978890463999002,0.2379674886158893,EUTELSAT 7A
2025-06-28T18:09:04.888901,26961.14321611507,32373.885450303344,-1590.6630432673335,-2.3502080561818626,1.968577534916779,0.23847748280972964,EUTELSAT 7A
2025-06-28T18:10:04.888901,26819.8756268402,32491.68745620931,-1576.3409223722438,-2.3587899249742446,1.958226897631742,0.23898291188042453,EUTELSAT 7A
2025-06-28T18:11:04.888901,26678.094489960014,32608.867309175894,-1561.988611447687,-2.3673266388520213,1.9478387502960894,0.23948376613283015,EUTELSAT 7A
2025-06-28T18:12:04.888901,26535.80251963495,32725.422764609433,-1547.6063852397037,-2.3758180341855653,1.9374132917819504,0.23998003595941775,EUTELSAT 7A
2025-06-28T18:13:04.888901,26393.00243981718,32841.35158986977,-1533.194519068205,-2.3842639482129013,1.9269507216775952,0.2404717118404574,EUTELSAT 7A
2025-06-28T18:14:04.888901,26249.696984198094,32956.65156431333,-1518.753288821668,-2.392664219042862,1.9164512402835834,0.24095878434420312,EUTELSAT 7A
2025-06-28T18:15:04.888901,26105.888896156255,33071.32047933555,-1504.2829709518833,-2.4010186856581885,1.9059150486089533,0.24144124412707355,EUTELSAT 7A
2025-06-28T18:16:04.888901,25961.580928704894,33185.356138413255,-1489.7838424686543,-2.409327187918628,1.8953423483673733,0.24191908193383255,EUTELSAT 7A
2025-06-28T18:17:04.888901,25816.77584443855,33298.75635714728,-1475.2561809344375,-2.417589566564049,1.8847333419732326,0.24239228859776946,EUTELSAT 7A
2025-06-28T18:18:04.888901,25671.476415481266,33411.51896330361,-1460.7002644591273,-2.4258056632174463,1.8740882325378387,0.24286085504087268,EUTELSAT 7A
2025-06-28T18:19:04.888901,25525.685423432613,33523.64179685569,-1446.116371694645,-2.4339753203880448,1.863407223865472,0.24332477227400778,EUTELSAT 7A
2025-06-28T18:20:04.888901,25379.40565931477,33635.122710025695,-1431.504781829635,-2.442098381474302,1.8526905204494974,0.24378403139708965,EUTELSAT 7A
2025-06-28T18:21:04.888901,25232.639923519077,33745.95956732573,-1416.8657745841117,-2.45017469076693,1.8419383274684495,0.24423862359925436,EUTELSAT 7A
2025-06-28T18:22:04.888901,25085.391025752313,33856.1502455989,-1402.1996302041005,-2.458204093451894,1.8311508507821,0.24468854015902938,EUTELSAT 7A
2025-06-28T18:23:04.888901,24937.66178498315,33965.69263405985,-1387.5066294562857,-2.4661864356133836,1.8203282969275263,0.24513377244450185,EUTELSAT 7A
2025-06-28T18:24:04.888901,24789.455029387744,34074.58463433563,-1372.787053622604,-2.4741215642367878,1.8094708731151288,0.24557431191348464,EUTELSAT 7A
2025-06-28T18:25:04.888901,24640.77359629592,34182.824160505734,-1358.0411844948715,-2.4820093272116353,1.798578787224684,0.24601015011368255,EUTELSAT 7A
2025-06-28T18:26:04.888901,24491.62033213674,34290.40913914218,-1343.2693043693944,-2.48984957333452,1.7876522478013546,0.24644127868285418,EUTELSAT 7A
2025-06-28T18:27:04.888901,24341.998092384056,34397.337509349236,-1328.4716960415585,-2.4976421523120056,1.7766914640517018,0.24686768934897363,EUTELSAT 7A
2025-06-28T18:28:04.888901,24191.909741501506,34503.60722280331,-1313.648642800381,-2.5053869147635424,1.7656966458396484,0.2472893739303909,EUTELSAT 7A
2025-06-28T18:29:04.888901,24041.358152888177,34609.216243791794,-1298.8004284231374,-2.5130837122243173,1.7546680036825015,0.2477063243359891,EUTELSAT 7A
2025-06-28T18:30:04.888901,23890.34620882318,34714.162549252505,-1283.9273371698855,-2.5207323971481226,1.7436057487468877,0.24811853256534072,EUTELSAT 7A
2025-06-28T18:31:04.888901,23738.87680041041,34818.444128812494,-1269.0296537780166,-2.5283328229102064,1.7325100928447013,0.24852599070886283,EUTELSAT 7A
2025-06-28T18:32:04.888901,23586.952827523754,34922.05898482632,-1254.107663456852,-2.5358848438100665,1.721381248429091,0.24892869094796838,EUTELSAT 7A
2025-06-28T18:33:04.888901,23434.577198750685,35025.00513241484,-1239.1616518821102,-2.5433883150742918,1.710219428590327,0.24932662555521878,EUTELSAT 7A
2025-06-28T18:34:04.888901,23281.752831337173,35127.28059950304,-1224.1919051904724,-2.5508430928593295,1.6990248470517597,0.24971978689447255,EUTELSAT 7A
2025-06-28T18:35:04.888901,23128.482651131784,35228.883426857916,-1209.1987099741173,-2.5582490342542483,1.687797718165721,0.25010816742103203,EUTELSAT 7A
2025-06-28T18:36:04.888901,22974.769592529254,35329.81166812622,-1194.1823532751798,-2.5656059972835097,1.6765382569093927,0.2504917596817905,EUTELSAT 7A
2025-06-28T18:37:04.888901,22820.6165984148,35430.06338987158,-1179.1431225803128,-2.5729138409096786,1.6652466788807194,0.25087055631537436,EUTELSAT 7A
2025-06-28T18:38:04.888901,22666.026620107106,35529.636671612076,-1164.081305815104,-2.5801724250361744,1.653923200294233,0.2512445500522877,EUTELSAT 7A
2025-06-28T18:39:04.888901,22511.00261730256,35628.52960585649,-1148.9971913386512,-2.58738161050992,1.6425680379769636,0.2516137337150503,EUTELSAT 7A
2025-06-28T18:40:04.888901,22355.54755801792,35726.74029814146,-1133.8910679379544,-2.5945412591240653,1.6311814093642334,0.251978100218338,EUTELSAT 7A
2025-06-28T18:41:04.888901,22199.664418533772,35824.26686706762,-1118.7632248224318,-2.6016512336206246,1.619763532495518,0.2523376425691188,EUTELSAT 7A
2025-06-28T18:42:04.888901,22043.356183337477,35921.10744433572,-1103.613951618364,-2.6087113976931264,1.608314626010259,0.2526923538667884,EUTELSAT 7A
2025-06-28T18:43:04.888901,21886.625845065944,36017.26017478257,-1088.4435383633422,-2.6157216159892402,1.5968349091436693,0.25304222730330317,EUTELSAT 7A
2025-06-28T18:44:04.888901,21729.47640444852,36112.723216416474,-1073.2522755007312,-2.6226817541133722,1.585324601722551,0.25338725616331154,EUTELSAT 7A
2025-06-28T18:45:04.888901,21571.910870249056,36207.494740452974,-1058.0404538740643,-2.629591678629275,1.5737839241610414,0.2537274338242848,EUTELSAT 7A
2025-06-28T18:46:04.888901,21413.93225920873,36301.572931349576,-1042.808364721508,-2.6364512570625975,1.5622130974564274,0.2540627537566441,EUTELSAT 7A
2025-06-28T18:47:04.888901,21255.543595988034,36394.955986840796,-1027.5562996702677,-2.643260357903442,1.550612343184888,0.25439320952388705,EUTELSAT 7A
2025-06-28T18:48:04.888901,21096.747913108917,36487.642117972755,-1012.2845507310029,-2.6500188506089017,1.538981883497255,0.254718794782712,EUTELSAT 7A
2025-06-28T18:49:04.888901,20937.54825089644,36579.629549137535,-996.9934102922102,-2.656726605605576,1.5273219411147383,0.2550395032831412,EUTELSAT 7A
2025-06-28T18:50:04.888901,20777.94765742112,36670.91651810716,-981.6831711146779,-2.6633834942920487,1.515632739324691,0.25535532886864054,EUTELSAT 7A
2025-06-28T18:51:04.888901,20617.949188439838,36761.50127606761,-966.3541263258057,-2.66998938904139,1.5039145019762856,0.25566626547623983,EUTELSAT 7A
2025-06-28T18:52:04.888901,20457.555907337683,36851.38208765232,-951.0065694140313,-2.676544163203603,1.492167453476247,0.2559723071366495,EUTELSAT 7A
2025-06-28T18:53:04.888901,20296.770885069247,36940.55723097543,-935.6407942231966,-2.683047691108056,1.4803918187845464,0.25627344797437585,EUTELSAT 7A
2025-06-28T18:54:04.888901,20135.597200099797,37029.02499766494,-920.2570949469272,-2.689499848065916,1.4685878234100926,0.2565696822078348,EUTELSAT 7A
2025-06-28T18:55:04.888901,19974.037938346028,37116.78369289556,-904.8557661229594,-2.6959005103725455,1.4567556934063848,0.2568610041494642,EUTELSAT 7A
2025-06-28T18:56:04.888901,19812.09619311741,37203.831635421106,-889.4371026275486,-2.7022495553098818,1.4448956553672145,0.25714740820583326,EUTELSAT 7A
2025-06-28T18:57:04.888901,19649.77506505653,37290.16715760688,-874.001399669777,-2.708546861148804,1.4330079364222916,0.25742888887775106,EUTELSAT 7A
2025-06-28T18:58:04.888901,19487.07766207982,37375.78860546171,-858.5489527859141,-2.7147923071514812,1.4210927642328952,0.2577054407603726,EUTELSAT 7A
2025-06-28T18:59:04.888901,19324.00709931804,37460.694338669724,-843.0800578337461,-2.7209857735736964,1.4091503669875158,0.2579770585433043,EUTELSAT 7A
2025-06-28T19:00:04.888901,19160.566499056527,37544.88273062172,-827.5950109869159,-2.72712714166715,1.3971809733974696,0.2582437370107058,EUTELSAT 7A
2025-06-28T19:01:04.888901,18996.75899067557,37628.35216844651,-812.0941087292465,-2.7332162936817475,1.3851848126925301,0.25850547104139115,EUTELSAT 7A
2025-06-28T19:02:04.888901,18832.587710589934,37711.101053042024,-796.5776478490294,-2.739253112867883,1.3731621146164918,0.2587622556089287,EUTELSAT 7A
2025-06-28T19:03:04.888901,18668.055802189545,37793.12779910571,-781.0459254333974,-2.7452374834786597,1.3611131094228204,0.25901408578173707,EUTELSAT 7A
2025-06-28T19:04:04.888901,18503.166415778574,37874.430835165134,-765.4992388625745,-2.751169290772149,1.3490380278701926,0.25926095672318195,EUTELSAT 7A
2025-06-28T19:05:04.888901,18337.922708515485,37955.00860360828,-749.9378858042066,-2.7570484210135793,1.3369371012180906,0.25950286369166875,EUTELSAT 7A
2025-06-28T19:06:04.888901,18172.327844352225,38034.85956071333,-734.3621642076392,-2.7628747614775473,1.324810561222353,0.25973980204073527,EUTELSAT 7A
2025-06-28T19:07:04.888901,18006.38499397395,38113.98217667828,-718.7723722982291,-2.7686482004501713,1.3126586401307485,0.2599717672191412,EUTELSAT 7A
2025-06-28T19:08:04.888901,17840.097334737933,38192.37493565046,-703.1688085716041,-2.774368627231257,1.3004815706784996,0.2601987547709565,EUTELSAT 7A
2025-06-28T19:09:04.888901,17673.46805061288,38270.03633575549,-687.5517717879608,-2.7800359321364247,1.2882795860838347,0.26042076033564765,EUTELSAT 7A
2025-06-28T19:10:04.888901,17506.500332118034,38346.96488912622,-671.921560966343,-2.78565000649922,1.2760529200435171,0.26063777964816176,EUTELSAT 7A
2025-06-28T19:11:04.888901,17339.197376261578,38423.15912193132,-656.2784753788778,-2.79121074267322,1.2638018067283363,0.2608498085390105,EUTELSAT 7A
2025-06-28T19:12:04.888901,17171.562386479873,38498.61757440353,-640.6228145450798,-2.796718034034092,1.251526480778647,0.2610568429343495,EUTELSAT 7A
2025-06-28T19:13:04.888901,17003.598572575956,38573.33880086769,-624.9548782261006,-2.8021717749816566,1.239227177299859,0.26125887885605786,EUTELSAT 7A
2025-06-28T19:14:04.888901,16835.30915065757,38647.32136976866,-609.2749664189417,-2.8075718609419305,1.2269041318578995,0.261455912421816,EUTELSAT 7A
2025-06-28T19:15:04.888901,16666.69734307639,38720.56386369848,-593.5833793507873,-2.8129181883691166,1.2145575804747506,0.26164793984517953,EUTELSAT 7A
2025-06-28T19:16:04.888901,16497.766378365366,38793.06487942404,-577.8804174731582,-2.818210654747635,1.2021877596238575,0.2618349574356542,EUTELSAT 7A
2025-06-28T19:17:04.888901,16328.519491177496,38864.82302791366,-562.1663814562235,-2.8234491585940678,1.189794906225639,0.2620169615987667,EUTELSAT 7A
2025-06-28T19:18:04.888901,16158.959922223752,38935.836934363935,-546.441572183017,-2.8286335994591254,1.1773792576429338,0.2621939488361343,EUTELSAT 7A
2025-06-28T19:19:04.888901,15989.090918210379,39006.1052382262,-530.7062907436285,-2.833763877929599,1.1649410516764074,0.2623659157455332,EUTELSAT 7A
2025-06-28T19:20:04.888901,15818.915731777628,39075.62659323247,-514.9608384295084,-2.838839895630247,1.1524805265600544,0.26253285902096474,EUTELSAT 7A
2025-06-28T19:21:04.888901,15648.437621436673,39144.399667421465,-499.2055167276368,-2.8438615552257103,1.1399979209565754,0.26269477545271863,EUTELSAT 7A
2025-06-28T19:22:04.888901,15477.659851507451,39212.42314316418,-483.4406273147557,-2.848828760422388,1.127493473952819,0.2628516619274368,EUTELSAT 7A
2025-06-28T19:23:04.888901,15306.58569205624,39279.69571718905,-467.6664720516152,-2.853741415970284,1.1149674250552049,0.26300351542817263,EUTELSAT 7A
2025-06-28T19:24:04.888901,15135.218418832377,39346.21610060733,-451.88335297711956,-2.8585994276648576,1.1024200141850797,0.2631503330344502,EUTELSAT 7A
2025-06-28T19:25:04.888901,14963.561313206526,39411.983018937295,-436.0915723026404,-2.86340270234882,1.089851481674197,0.26329211192232094,EUTELSAT 7A
2025-06-28T19:26:04.888901,14791.617662106692,39476.99521212931,-420.2914324061187,-2.868151147913948,1.0772620682600187,0.2634288493644186,EUTELSAT 7A
2025-06-28T19:27:04.888901,14619.390757955909,39541.25143458968,-404.4832358263393,-2.872844673302852,1.0646520150811496,0.2635605427300125,EUTELSAT 7A
2025-06-28T19:28:04.888901,14446.883898609038,39604.750455204616,-388.6672852571097,-2.8774831885107273,1.0520215636727017,0.2636871894850584,EUTELSAT 7A
2025-06-28T19:29:04.888901,14274.1003872892,39667.49105736406,-372.8438835414384,-2.8820666045871004,1.0393709559616318,0.26380878719224826,EUTELSAT 7A
2025-06-28T19:30:04.888901,14101.043532525044,39729.47203898482,-357.0133336657731,-2.8865948336375298,1.0267004342621444,0.26392533351105707,EUTELSAT 7A
2025-06-28T19:31:04.888901,13927.716648086762,39790.692212533904,-341.17593875414644,-2.8910677888253145,1.0140102412709946,0.2640368261977894,EUTELSAT 7A
2025-06-28T19:32:04.888901,13754.123052923158,39851.15040505103,-325.33200206241514,-2.895485384373154,1.0013006200628791,0.26414326310562247,EUTELSAT 7A
2025-06-28T19:33:04.888901,13580.26607109732,39910.84545817151,-309.4818269723804,-2.899847535564819,0.9885718140857147,0.2642446421846484,EUTELSAT 7A
2025-06-28T19:34:04.888901,13406.149031723571,39969.77622814832,-293.6257169860384,-2.904154158746771,0.9758240671560152,0.2643409614819138,EUTELSAT 7A
2025-06-28T19:35:04.888901,13231.77526890333,40027.941585873996,-277.76397571972575,-2.9084051713297785,0.9630576234541914,0.2644322191414589,EUTELSAT 7A
2025-06-28T19:36:04.888901,13057.14812166127,40085.34041690247,-261.8969068983106,-2.912600491790513,0.9502727275198656,0.26451841340435256,EUTELSAT 7A
2025-06-28T19:37:04.888901,12882.270933881293,40141.97162147046,-246.02481434936215,-2.9167400396731176,0.9374696242471768,0.2645995426087277,EUTELSAT 7A
2025-06-28T19:38:04.888901,12707.147054242452,40197.83411451857,-230.148001997337,-2.9208237355907616,0.9246485588800842,0.26467560518981365,EUTELSAT 7A
2025-06-28T19:39:04.888901,12531.779836154958,40252.92682571202,-214.266773857756,-2.924851501227164,0.9118097770076734,0.2647465996799664,EUTELSAT 7A
2025-06-28T19:40:04.888901,12356.172637695327,40307.24869946153,-198.38143403134129,-2.9288232593381194,0.898953524559399,0.2648125247086979,EUTELSAT 7A
2025-06-28T19:41:04.888901,12180.328821542797,40360.79869494325,-182.49228669824345,-2.9327389337529666,0.886080047800423,0.26487337900270297,EUTELSAT 7A
2025-06-28T19:42:04.888901,12004.251754914367,40413.575786118934,-166.59963611217262,-2.936598449376072,0.8731895933268514,0.2649291613858841,EUTELSAT 7A
2025-06-28T19:43:04.888901,11827.944809500203,40465.578961755695,-150.70378659455812,-2.9404017321882767,0.8602824080609965,0.2649798707793749,EUTELSAT 7A
2025-06-28T19:44:04.888901,11651.411361399318,40516.807225445315,-134.80504252874286,-2.944148709248323,0.8473587392466609,0.2650255062015617,EUTELSAT 7A
2025-06-28T19:45:04.888901,11474.654791054692,40567.259595623465,-118.90370835413309,-2.947839308694252,0.8344188344443779,0.26506606676810207,EUTELSAT 7A
2025-06-28T19:46:04.888901,11297.678483188583,40616.93510558851,-103.00008856037282,-2.9514734597448005,0.8214629415266695,0.2651015516919435,EUTELSAT 7A
2025-06-28T19:47:04.888901,11120.485826737295,40665.83280352022,-87.09448768147486,-2.9550510927007694,0.8084913086732624,0.26513196028333863,EUTELSAT 7A
2025-06-28T19:48:04.888901,10943.080214786645,40713.95175249786,-71.18721029001956,-2.9585721389463555,0.7955041843663544,0.2651572919498589,EUTELSAT 7A
2025-06-28T19:49:04.888901,10765.465044506838,40761.291030518325,-55.278560991308915,-2.9620365309504826,0.7825018173858386,0.26517754619640693,EUTELSAT 7A
2025-06-28T19:50:04.888901,10587.643717086972,40807.84973051391,-39.36884441749728,-2.9654442022681025,0.7694844568045012,0.26519272262522625,EUTELSAT 7A
2025-06-28T19:51:04.888901,10409.619637670485,40853.6269603695,-23.45836522180072,-2.9687950875414795,0.7564523519832878,0.26520282093591,EUTELSAT 7A
2025-06-28T19:52:04.888901,10231.39621528925,40898.62184294001,-7.547428072610078,-2.9720891225014445,0.7434057525664686,0.26520784092540667,EUTELSAT 7A
2025-06-28T19:53:04.888901,10052.976862798581,40942.83351606705,8.363662352328946,-2.9753262439686443,0.7303449084768732,0.265207782488025,EUTELSAT 7A
2025-06-28T19:54:04.888901,9874.36499681166,40986.26113259559,24.274601371760298,-2.978506389854756,0.7172700699110821,0.2652026456154365,EUTELSAT 7A
2025-06-28T19:55:04.888901,9695.564037634267,41028.90386039011,40.18508430674519,-2.9816294991636743,0.7041814873346388,0.2651924303966758,EUTELSAT 7A
2025-06-28T19:56:04.888901,9516.577409198839,41070.7608823508,56.0948064865365,-2.9846955119927125,0.6910794114772154,0.26517713701814033,EUTELSAT 7A
2025-06-28T19:57:04.888901,9337.40853899916,41111.83139642905,72.00346325438451,-2.987704369533735,0.6779640933278226,0.2651567657635863,EUTELSAT 7A
2025-06-28T19:58:04.888901,9158.060858024452,41152.11461564303,87.91074997340446,-2.9906560140743044,0.6648357841299748,0.26513131701412457,EUTELSAT 7A
2025-06-28T19:59:04.888901,8978.53780069386,41191.60976809268,103.81636203238729,-2.99355038899879,0.6516947353768886,0.2651007912482133,EUTELSAT 7A
2025-06-28T20:00:04.888901,8798.842804790118,41230.316096974704,119.7199948516884,-2.996387438789467,0.6385411988066145,0.2650651890416496,EUTELSAT 7A
2025-06-28T20:01:04.888901,8618.979311394303,41268.23286059692,135.62134388900645,-2.999167109027574,0.625375426397255,0.26502451106755903,EUTELSAT 7A
2025-06-28T20:02:04.888901,8438.950764819363,41305.35933239267,151.52010464526586,-3.0018893463943828,0.6121976703620885,0.2649787580963833,EUTELSAT 7A
2025-06-28T20:03:04.888901,8258.760612544247,41341.69480093473,167.41597267044307,-3.0045540986722097,0.5990081831447387,0.26492793099586515,EUTELSAT 7A
2025-06-28T20:04:04.888901,8078.412305147769,41377.23856994905,183.30864356940765,-3.007161314745434,0.5858072174143243,0.2648720307310335,EUTELSAT 7A
2025-06-28T20:05:04.888901,7897.90929624251,41411.98995832799,199.1978130077501,-3.0097109446014825,0.5725950260606123,0.2648110583641842,EUTELSAT 7A
2025-06-28T20:06:04.888901,7717.255042408812,41445.94830014352,215.08317671760278,-3.0122029393317873,0.559371862189177,0.26474501505486125,EUTELSAT 7A
2025-06-28T20:07:04.888901,7536.453003127909,41479.11294466006,230.96443050352502,-3.014637251132742,0.546137979116496,0.2646739020598339,EUTELSAT 7A
2025-06-28T20:08:04.888901,7355.506640716309,41511.48325634685,246.8412702482744,-3.0170138333066183,0.5328936303651385,0.2645977207330736,EUTELSAT 7A
2025-06-28T20:09:04.888901,7174.419420259021,41543.058614890346,262.7133919186683,-3.0193326402624634,0.5196390696588673,0.2645164725257287,EUTELSAT 7A
2025-06-28T20:10:04.888901,6993.194809543068,41573.83841520596,278.58049157142585,-3.0215936275169897,0.5063745509177652,0.26443015898609656,EUTELSAT 7A
2025-06-28T20:11:04.888901,6811.836278991318,41603.822067449815,294.4422653589604,-3.0237967516954227,0.49310032825337907,0.26433878175959435,EUTELSAT 7A
2025-06-28T20:12:04.888901,6630.347301595586,41633.008997030076,310.298409535241,-3.0259419705323527,0.4798166559638179,0.2642423425887282,EUTELSAT 7A
2025-06-28T20:13:04.888901,6448.731352850398,41661.39864461796,326.1486204615854,-3.028029242872534,0.46652378852889115,0.2641408433130601,EUTELSAT 7A
2025-06-28T20:14:04.888901,6266.991910685961,41688.99046615851,341.99259461251614,-3.0300585286716943,0.45322198060519664,0.26403428586917227,EUTELSAT 7A
2025-06-28T20:15:04.888901,6085.132455401942,41715.78393288104,357.83002858153714,-3.0320297889973005,0.4399114870212623,0.263922672290632,EUTELSAT 7A
2025-06-28T20:16:04.888901,5903.156469600397,41741.77853130932,373.66061908699083,-3.0339429860293086,0.426592562772627,0.2638060047079515,EUTELSAT 7A
2025-06-28T20:17:04.888901,5721.067438119082,41766.97376327144,389.48406297785556,-3.035798083060902,0.4132654630169522,0.26368428534854804,EUTELSAT 7A
2025-06-28T20:18:04.888901,5538.868847964792,41791.3691459094,405.3000572395488,-3.0375950444991964,0.3999304430691308,0.2635575165367017,EUTELSAT 7A
2025-06-28T20:19:04.888901,5356.564188246196,41814.9642116884,421.10829899976653,-3.0393338358659228,0.3865877583963633,0.2634257006935107,EUTELSAT 7A
2025-06-28T20:20:04.888901,5174.15695010736,41837.75850840578,436.90848553425104,-3.041014423798103,0.37323766461328184,0.26328884033684596,EUTELSAT 7A
2025-06-28T20:21:04.888901,4991.650626660348,41859.75159919984,452.70031427263683,-3.042636776048687,0.35988041747700783,0.2631469380813026,EUTELSAT 7A
2025-06-28T20:22:04.888901,4809.048712918641,41880.94306255806,468.48348280421766,-3.0442008614871803,0.3465162728822694,0.2629999966381503,EUTELSAT 7A
2025-06-28T20:23:04.888901,4626.354705729979,41901.33249232538,484.25768888376064,-3.0457066501002394,0.33314548685647577,0.2628480188152816,EUTELSAT 7A
2025-06-28T20:24:04.888901,4443.572103709077,41920.91949771196,500.0226304373161,-3.047154112992262,0.31976831555478397,0.26269100751715824,EUTELSAT 7A
2025-06-28T20:25:04.888901,4260.70440717105,41939.703703300605,515.7780055679738,-3.048543222385937,0.3063850152552157,0.26252896574475615,EUTELSAT 7A
2025-06-28T20:26:04.888901,4077.7551180637893,41957.684749054126,531.5235125616886,-3.049873951622784,0.2929958423536991,0.2623618965955076,EUTELSAT 7A
2025-06-28T20:27:04.888901,3894.7277399012746,41974.86229032218,547.2588498930329,-3.0511462751636693,0.2796010533591768,0.26218980326324287,EUTELSAT 7A
2025-06-28T20:28:04.888901,3711.625777696067,41991.235997847914,562.9837162310004,-3.0523601685893014,0.2662009048886576,0.26201268903812824,EUTELSAT 7A
2025-06-28T20:29:04.888901,3528.4527378921384,42006.80555777436,578.6978104447888,-3.053515608600698,0.2527956536622883,0.26183055730660365,EUTELSAT 7A
2025-06-28T20:30:04.888901,3345.2121282978205,42021.5706716504,594.4008316095491,-3.054612573019645,0.23938555649843823,0.2616434115513187,EUTELSAT 7A
2025-06-28T20:31:04.888901,3161.907458018326,42035.531056436535,610.0924790121842,-3.055651040789119,0.22597087030875068,0.2614512553510647,EUTELSAT 7A
2025-06-28T20:32:04.888901,2978.542237388841,42048.68644451036,625.7724521570751,-3.0566309919736945,0.21255185209323507,0.2612540923807077,EUTELSAT 7A
2025-06-28T20:33:04.888901,2795.1199779066574,42061.03658367165,641.4404507718955,-3.057552407759936,0.19912875893529178,0.2610519264111169,EUTELSAT 7A
2025-06-28T20:34:04.888901,2611.6441921642786,42072.58123714734,657.0961748133325,-3.0584152704567558,0.18570184799680506,0.26084476130909356,EUTELSAT 7A
2025-06-28T20:35:04.888901,2428.118393782016,42083.320183595926,672.7393244728421,-3.0592195634957604,0.17227137651320182,0.26063260103729663,EUTELSAT 7A
2025-06-28T20:36:04.888901,2244.5460973403824,42093.25321711188,688.3696001824187,-3.05996527143157,0.1588376017884924,0.26041544965416674,EUTELSAT 7A
2025-06-28T20:37:04.888901,2060.9308183129738,42102.38014722949,703.9867026203175,-3.0606523799421215,0.14540078119034977,0.26019331131384926,EUTELSAT 7A
2025-06-28T20:38:04.888901,1877.2760729989338,42110.70079892662,719.5903327168041,-3.061280875828939,0.13196117214515632,0.259966190266114,EUTELSAT 7A
2025-06-28T20:39:04.888901,1693.5853784554295,42118.21501262805,735.1801916598971,-3.0618507470173966,0.11851903213305251,0.2597340908562739,EUTELSAT 7A
2025-06-28T20:40:04.888901,1509.862252430529,42124.92264420852,750.7559809010756,-3.0623619825569492,0.10507461868301504,0.2594970175251031,EUTELSAT 7A
2025-06-28T20:41:04.888901,1326.1102132955182,42130.82356499563,766.3174021610167,-3.0628145726213476,0.09162818936789359,0.2592549748087503,EUTELSAT 7A
2025-06-28T20:42:04.888901,1142.3327799773133,42135.917661772146,781.8641574353305,-3.063208508508829,0.07818000179945381,0.25900796733865256,EUTELSAT 7A
2025-06-28T20:43:04.888901,958.5334718912794,42140.20483677833,797.3959490002472,-3.063543782642285,0.06473031362345188,0.258755999841447,EUTELSAT 7A
2025-06-28T20:44:04.888901,774.7158088736782,42143.68500771379,812.9124794183377,-3.063820388569412,0.05127938251468075,0.25849907713887976,EUTELSAT 7A
2025-06-28T20:45:04.888901,590.883311113983,42146.358107739026,828.4134515442232,-3.0640383209628324,0.03782746617200605,0.25823720414771373,EUTELSAT 7A
2025-06-28T20:46:04.888901,407.0394990875708,42148.22408547681,843.8985685302677,-3.064197575620206,0.02437482231343194,0.25797038587963445,EUTELSAT 7A
2025-06-28T20:47:04.888901,223.18789348816114,42149.28290501311,859.367533832264,-3.06429814946431,0.010921708671145895,0.2576986274411542,EUTELSAT 7A
2025-06-28T20:48:04.888901,39.332015160389496,42149.534545897826,874.8200512151275,-3.064340040543093,-0.002531617013425607,0.2574219340335139,EUTELSAT 7A
2025-06-28T20:49:04.888901,-144.52461496786606,42148.97900314521,890.2558247585746,-3.064323248029728,-0.01598489699457874,0.25714031095258333,EUTELSAT 7A
2025-06-28T20:50:04.888901,-328.37847595292214,42147.61628723393,905.6745588628015,-3.0642477722226205,-0.029437873527277413,0.2568537635887602,EUTELSAT 7A
2025-06-28T20:51:04.888901,-512.226046902762,42145.44642410693,921.075958254147,-3.064113614545404,-0.0428902888721012,0.25656229742686637,EUTELSAT 7A
2025-06-28T20:52:04.888901,-696.0638070445056,42142.46945517092,936.4597279907476,-3.063920777546922,-0.056341885300192726,0.25626591804604276,EUTELSAT 7A
2025-06-28T20:53:04.888901,-879.888235792143,42138.68543729558,951.8255734682145,-3.0636692649011716,-0.06979240509822368,0.2559646311196424,EUTELSAT 7A
2025-06-28T20:54:04.888901,-1063.6958128137737,42134.09444281252,967.1732004252603,-3.0633590814072402,-0.08324159057332542,0.2556584424151217,EUTELSAT 7A
2025-06-28T20:55:04.888901,-1247.4830180992535,42128.69655951386,982.5023149493521,-3.0629902329892147,-0.0966891840580495,0.25534735779393014,EUTELSAT 7A
2025-06-28T20:56:04.888901,-1431.2463320276431,42122.49189065057,997.8126234823459,-3.062562726696066,-0.11013492791531271,0.2550313832113971,EUTELSAT 7A
2025-06-28T20:57:04.888901,-1614.98223543483,42115.480554930524,1013.1038328261258,-3.062076570701518,-0.12357856454335625,0.25471052471661826,EUTELSAT 7A
2025-06-28T20:58:04.888901,-1798.6872096805541,42107.66268651623,1028.375650148187,-3.0615317743038886,-0.1370198363806592,0.25438478845234,EUTELSAT 7A
2025-06-28T20:59:04.888901,-1982.3577367166645,42099.03843502218,1043.6277829873186,-3.060928347925916,-0.1504584859109442,0.2540541806548404,EUTELSAT 7A
2025-06-28T21:00:04.888901,-2165.9902991538606,42089.60796551214,1058.859939259153,-3.060266303114557,-0.16389425566807064,0.25371870765381016,EUTELSAT 7A
2025-06-28T21:01:04.888901,-2349.5813803293295,42079.371458495865,1074.071827261776,-3.0595456525407685,-0.1773268882409944,0.25337837587223216,EUTELSAT 7A
2025-06-28T21:02:04.888901,-2533.1274643746183,42068.32910992569,1089.2631556813667,-3.058766409999261,-0.1907561262787433,0.25303319182625594,EUTELSAT 7A
2025-06-28T21:03:04.888901,-2716.6250362821906,42056.481131192784,1104.4336335977043,-3.0579285904082405,-0.20418171249529912,0.2526831621250757,EUTELSAT 7A
2025-06-28T21:04:04.888901,-2900.070581973663,42043.82774912311,1119.58297048982,-3.057032209809116,-0.2176033896745981,0.2523282934708004,EUTELSAT 7A
2025-06-28T21:05:04.888901,-3083.4605883668,42030.36920597304,1134.7108762415337,-3.0560772853661975,-0.23102090067544498,0.25196859265832733,EUTELSAT 7A
2025-06-28T21:06:04.888901,-3266.79154344268,42016.1057594248,1149.8170611470016,-3.0550638353663655,-0.24443398843643743,0.2516040665752112,EUTELSAT 7A
2025-06-28T21:07:04.888901,-3450.059936313701,42001.037682581395,1164.9012359163303,-3.053991879218718,-0.25784239598095093,0.2512347222015309,EUTELSAT 7A
2025-06-28T21:08:04.888901,-3633.2622572899645,41985.16526396152,1179.9631116810372,-3.0528614374542036,-0.2712458664220071,0.2508605666097578,EUTELSAT 7A
2025-06-28T21:09:04.888901,-3816.3949979475683,41968.48880749394,1195.0023999996786,-3.0516725317252202,-0.28464414296727963,0.2504816069646171,EUTELSAT 7A
2025-06-28T21:10:04.888901,-3999.4546511950916,41951.00863251167,1210.0188128633163,-3.0504251848052046,-0.2980369689239711,0.25009785052295264,EUTELSAT 7A
2025-06-28T21:11:04.888901,-4182.437711341229,41932.725073745954,1225.0120627010672,-3.0491194205881964,-0.31142408770376795,0.24970930463358676,EUTELSAT 7A
2025-06-28T21:12:04.888901,-4365.340674161935,41913.638481319686,1239.9818623856165,-3.047755264088376,-0.3248052428277677,0.24931597673717915,EUTELSAT 7A
2025-06-28T21:13:04.888901,-4548.160036967662,41893.74922074084,1254.9279252387223,-3.0463327414395818,-0.33818017793140437,0.24891787436608392,EUTELSAT 7A
2025-06-28T21:14:04.888901,-4730.892298670464,41873.05767289537,1269.8499650367105,-3.0448518798948174,-0.35154863676937037,0.24851500514420521,EUTELSAT 7A
2025-06-28T21:15:04.888901,-4913.533959850902,41851.56423403998,1284.7476960159436,-3.0433127078257205,-0.3649103632205215,0.24810737678685163,EUTELSAT 7A
2025-06-28T21:16:04.888901,-5096.0815228258525,41829.26931579441,1299.6208328783594,-3.0417152547220194,-0.37826510129284807,0.24769499710058582,EUTELSAT 7A
2025-06-28T21:17:04.888901,-5278.531491714734,41806.17334513371,1314.4690907968723,-3.0400595511909656,-0.39161259512832963,0.24727787398307705,EUTELSAT 7A
2025-06-28T21:18:04.888901,-5460.880372506883,41782.27676437993,1329.2921854208591,-3.038345628956754,-0.4049525890078753,0.2468560154229488,EUTELSAT 7A
2025-06-28T21:19:04.888901,-5643.124673128956,41757.580031193625,1344.0898328816527,-3.036573520859897,-0.41828482735626377,0.24642942949962388,EUTELSAT 7A
2025-06-28T21:20:04.888901,-5825.260903511084,41732.0836185652,1358.8617497979092,-3.0347432608566107,-0.4316090547469952,0.2459981243831718,EUTELSAT 7A
2025-06-28T21:21:04.888901,-6007.285575654475,41705.788014805665,1373.6076532811098,-3.03285488401815,-0.44492501590724454,0.24556210833414982,EUTELSAT 7A
2025-06-28T21:22:04.888901,-6189.195203697919,41678.69372353746,1388.32726094094,-3.030908426530141,-0.45823245572273985,0.24512138970344552,EUTELSAT 7A
2025-06-28T21:23:04.888901,-6370.986303984868,41650.8012636846,1403.020290890733,-3.028903925691882,-0.47153111924267666,0.24467597693211562,EUTELSAT 7A
2025-06-28T21:24:04.888901,-6552.6553951299775,41622.111169462914,1417.6864617528586,-3.026841419915629,-0.484820751684599,0.24422587855122435,EUTELSAT 7A
2025-06-28T21:25:04.888901,-6734.198998086106,41592.62399036961,1432.3254926641225,-3.024720948725855,-0.4981010984393095,0.24377110318167966,EUTELSAT 7A
2025-06-28T21:26:04.888901,-6915.613636210936,41562.34029117286,1446.9371032811612,-3.0225425527584915,-0.5113719050757527,0.24331165953406705,EUTELSAT 7A
2025-06-28T21:27:04.888901,-7096.895835333406,41531.26065190095,1461.521013785785,-3.020306273760148,-0.5246329173458851,0.24284755640848318,EUTELSAT 7A
2025-06-28T21:28:04.888901,-7278.042123820839,41499.38566783109,1476.0769448903993,-3.0180121545873035,-0.5378838811895972,0.24237880269436565,EUTELSAT 7A
2025-06-28T21:29:04.888901,-7459.049032644982,41466.71594947807,1490.6046178433025,-3.015660239205492,-0.5511245427395531,0.24190540737032357,EUTELSAT 7A
2025-06-28T21:30:04.888901,-7639.913095448754,41433.25212258249,1505.103754434059,-3.0132505726884515,-0.5643546483260841,0.24142737950396426,EUTELSAT 7A
2025-06-28T21:31:04.888901,-7820.6308486129365,41398.99482809874,1519.574076998848,-3.010783201217251,-0.5775739444820762,0.24094472825171845,EUTELSAT 7A
2025-06-28T21:32:04.888901,-8001.198831322082,41363.944722182794,1534.0153084257502,-3.008258172079416,-0.5907821779478031,0.24045746285866615,EUTELSAT 7A
2025-06-28T21:33:04.888901,-8181.613585631247,41328.102476179505,1548.4271721600846,-3.0056755336680085,-0.6039790956758161,0.23996559265835754,EUTELSAT 7A
2025-06-28T21:34:04.888901,-8361.871656532227,41291.468776609865,1562.8093922097164,-3.0030353354806976,-0.617164444835799,0.239469127072634,EUTELSAT 7A
2025-06-28T21:35:04.888901,-8541.969592019794,41254.044325157614,1577.1616931503354,-3.000337628118811,-0.6303379728194264,0.23896807561144756,EUTELSAT 7A
2025-06-28T21:36:04.888901,-8721.903943157762,41215.829838656005,1591.4838001307385,-2.9975824632863612,-0.6434994272452013,0.23846244787267765,EUTELSAT 7A
2025-06-28T21:37:04.888901,-8901.671264145196,41176.826049073934,1605.775438878095,-2.9947698937890475,-0.6566485559633108,0.23795225354194707,EUTELSAT 7A
2025-06-28T21:38:04.888901,-9081.268112382577,41137.03370350189,1620.036335703225,-2.9918999735332426,-0.6697851070604779,0.23743750239243572,EUTELSAT 7A
2025-06-28T21:39:04.888901,-9260.691048537752,41096.453564137664,1634.2662175058322,-2.988972757524952,-0.6829088288647891,0.23691820428469257,EUTELSAT 7A
2025-06-28T21:40:04.888901,-9439.936636611856,41055.08640827164,1648.4648117797428,-2.9859883018687623,-0.6960194699505332,0.2363943691664464,EUTELSAT 7A
2025-06-28T21:41:04.888901,-9619.001444005093,41012.933028272,1662.6318466181226,-2.9829466637667568,-0.7091167791430184,0.2358660070724152,EUTELSAT 7A
2025-06-28T21:42:04.888901,-9797.88204158286,40969.9942315694,1676.767050718715,-2.9798479015174135,-0.7222005055234177,0.23533312812411197,EUTELSAT 7A
2025-06-28T21:43:04.888901,-9976.575003741003,40926.27084064157,1690.8701533890007,-2.976692074514493,-0.7352703984335568,0.2347957425296523,EUTELSAT 7A
2025-06-28T21:44:04.888901,-10155.076908472018,40881.76369299747,1704.9408845514317,-2.9734792432458823,-0.7483262074807606,0.2342538605835558,EUTELSAT 7A
2025-06-28T21:45:04.888901,-10333.384337430336,40836.473641161225,1718.9789747485797,-2.9702094692924397,-0.7613676825426405,0.23370749266655014,EUTELSAT 7A
2025-06-28T21:46:04.888901,-10511.493875998081,40790.40155265575,1732.9841551483314,-2.966882815326806,-0.7743945737719145,0.23315664924537047,EUTELSAT 7A
2025-06-28T21:47:04.888901,-10689.402113350283,40743.54830998616,1746.9561575490036,-2.963499345112202,-0.7874066316011837,0.23260134087255896,EUTELSAT 7A
2025-06-28T21:48:04.888901,-10867.105642520466,40695.914810622766,1760.8947143845157,-2.960059123501199,-0.800403606747743,0.23204157818626178,EUTELSAT 7A
2025-06-28T21:49:04.888901,-11044.601060465708,40647.50196698396,1774.7995587294934,-2.9565622164344743,-0.8133852502183438,0.2314773719100247,EUTELSAT 7A
2025-06-28T21:50:04.888901,-11221.88496813262,40598.31070641846,1788.6704243044421,-2.9530086909395306,-0.8263513133140351,0.23090873285258617,EUTELSAT 7A
2025-06-28T21:51:04.888901,-11398.95397052138,40548.34197118784,1802.5070454807662,-2.9493986151294274,-0.839301547634852,0.23033567190767149,EUTELSAT 7A
2025-06-28T21:52:04.888901,-11575.804676751806,40497.596718448185,1816.3091572859385,-2.9457320582014463,-0.8522357050846594,0.22975820005378117,EUTELSAT 7A
2025-06-28T21:53:04.888901,-11752.433700128013,40446.07592023179,1830.0764954085496,-2.9420090904357763,-0.8651535378758898,0.22917632835398122,EUTELSAT 7A
2025-06-28T21:54:04.888901,-11928.83765820305,40393.780563428656,1843.8087962033558,-2.938229783194156,-0.8780547985342796,0.22859006795569115,EUTELSAT 7A
2025-06-28T21:55:04.888901,-12105.013172844428,40340.71164976725,1857.5057966963818,-2.934394208918495,-0.8909392399036721,0.22799943009046766,EUTELSAT 7A
2025-06-28T21:56:04.888901,-12280.95687029793,40286.870195795644,1871.1672345898935,-2.9305024411294966,-0.9038066151506923,0.2274044260737916,EUTELSAT 7A
2025-06-28T21:57:04.888901,-12456.665381253604,40232.257232861564,1884.7928482675247,-2.926554554425212,-0.9166566777695829,0.22680506730484656,EUTELSAT 7A
2025-06-28T21:58:04.888901,-12632.135340909004,40176.87380709302,1898.3823767991864,-2.922550624479639,-0.9294891815868392,0.22620136526630416,EUTELSAT 7A
2025-06-28T21:59:04.888901,-12807.363389034388,40120.72097937807,1911.935559946127,-2.9184907280412484,-0.9423038807659854,0.22559333152410072,EUTELSAT 7A
2025-06-28T22:00:04.888901,-12982.34617003745,40063.79982534423,1925.4521381659397,-2.9143749429314973,-0.9551005298123166,0.22498097772721448,EUTELSAT 7A
2025-06-28T22:01:04.888901,-13157.080333026785,40006.11143533825,1938.9318526174782,-2.9102033480433573,-0.9678788835775555,0.22436431560744402,EUTELSAT 7A
2025-06-28T22:02:04.888901,-13331.562531876983,39947.65691440483,1952.3744451658781,-2.9059760233397687,-0.9806386972646107,0.2237433569791803,EUTELSAT 7A
2025-06-28T22:03:04.888901,-13505.7894252921,39888.4373822656,1965.7796583874515,-2.9016930498521245,-0.9933797264322393,0.22311811373918183,EUTELSAT 7A
2025-06-28T22:04:04.888901,-13679.757676870344,39828.45397329753,1979.1472355746798,-2.8973545096786912,-1.006101726999777,0.22248859786634376,EUTELSAT 7A
2025-06-28T22:05:04.888901,-13853.463955167568,39767.70783651122,1992.476920741091,-2.892960485983039,-1.018804455251796,0.22185482142146865,EUTELSAT 7A
2025-06-28T22:06:04.888901,-14026.90493376103,39706.20013552889,2005.7684586261598,-2.888511062992451,-1.0314876678427742,0.22121679654703638,EUTELSAT 7A
2025-06-28T22:07:04.888901,-14200.077291314023,39643.93204856184,2019.021594700268,-2.884006325996273,-1.0441511218018298,0.2205745354669664,EUTELSAT 7A
2025-06-28T22:08:04.888901,-14372.977711638367,39580.90476838809,2032.236075169492,-2.879446361344306,-1.056794574537301,0.21992805048638772,EUTELSAT 7A
2025-06-28T22:09:04.888901,-14545.602883758971,39517.119502329304,2045.4116469805472,-2.8748312564451157,-1.0694177838414773,0.21927735399139836,EUTELSAT 7A
2025-06-28T22:10:04.888901,-14717.949501976651,39452.57747222774,2058.5480578255842,-2.8701610997643696,-1.0820205078951945,0.21862245844882988,EUTELSAT 7A
2025-06-28T22:11:04.888901,-14890.014265931988,39387.27991442262,2071.6450561470624,-2.865435980823124,-1.094602505272526,0.21796337640600613,EUTELSAT 7A
2025-06-28T22:12:04.888901,-15061.793880668178,39321.22807972666,2084.702391142544,-2.8606559901961024,-1.1071635349453741,0.21730012049050298,EUTELSAT 7A
2025-06-28T22:13:04.888901,-15233.285056694423,39254.42323340182,2097.719812769515,-2.855821219509959,-1.119703356288122,0.21663270340990548,EUTELSAT 7A
2025-06-28T22:14:04.888901,-15404.484510049226,39186.86665513508,2110.697071750201,-2.8509317614414966,-1.1322217290822656,0.2159611379515619,EUTELSAT 7A
2025-06-28T22:15:04.888901,-15575.38896236261,39118.559639014056,2123.633919576283,-2.8459877097159154,-1.1447184135209785,0.21528543698234176,EUTELSAT 7A
2025-06-28T22:16:04.888901,-15745.99514091976,39049.50349350187,2136.5301085137276,-2.8409891591049714,-1.1571931702137639,0.21460561344838408,EUTELSAT 7A
2025-06-28T22:17:04.888901,-15916.299778723522,38979.69954141219,2149.38539160751,-2.835936205425175,-1.1696457601910413,0.21392168037485057,EUTELSAT 7A
2025-06-28T22:18:04.888901,-16086.299614556563,38909.14911988393,2162.199522686322,-2.8308289455359463,-1.1820759449086968,0.2132336508656765,EUTELSAT 7A
2025-06-28T22:19:04.888901,-16255.991393044636,38837.85358035536,2174.972256367337,-2.8256674773377437,-1.1944834862527174,0.21254153810331602,EUTELSAT 7A
2025-06-28T22:20:04.888901,-16425.371864718512,38765.814288538306,2187.703348060889,-2.8204518997701755,-1.2068681465437259,0.2118453553484904,EUTELSAT 7A
2025-06-28T22:21:04.888901,-16594.437786076433,38693.03262439192,2200.3925539751613,-2.815182312810105,-1.2192296885415577,0.21114511593993268,EUTELSAT 7A
2025-06-28T22:22:04.888901,-16763.18591964596,38619.509982096264,2213.0396311208438,-2.809858817469731,-1.2315678754497916,0.21044083329413243,EUTELSAT 7A
2025-06-28T22:23:04.888901,-16931.613034046622,38545.24777002534,2225.644337315829,-2.804481515794625,-1.2438824709203338,0.20973252090507555,EUTELSAT 7A
2025-06-28T22:24:04.888901,-17099.715904051405,38470.24741072025,2238.2064311898243,-2.7990505108617794,-1.2561732390579283,0.20902019234398644,EUTELSAT 7A
2025-06-28T22:25:04.888901,-17267.491310648857,38394.510340861765,2250.725672188996,-2.7935659067776197,-1.2684399444246994,0.2083038612590663,EUTELSAT 7A
2025-06-28T22:26:04.888901,-17434.9360411044,38318.03801124291,2263.2018205805534,-2.788027808676008,-1.280682352044647,0.2075835413752319,EUTELSAT 7A
2025-06-28T22:27:04.888901,-17602.046889022346,38240.831886740925,2275.63463745737,-2.782436322716209,-1.2929002274081844,0.20685924649385046,EUTELSAT 7A
2025-06-28T22:28:04.888901,-17768.82065440727,38162.89344628919,2288.023884742566,-2.7767915560808474,-1.3050933364766368,0.2061309904924743,EUTELSAT 7A
2025-06-28T22:29:04.888901,-17935.254143725037,38084.224182849,2300.3693251940394,-2.7710936169738516,-1.3172614456867069,0.20539878732457542,EUTELSAT 7A
2025-06-28T22:30:04.888901,-18101.344169964326,38004.82560338071,2312.670722409041,-2.7653426146183713,-1.3294043219549858,0.20466265101927597,EUTELSAT 7A
2025-06-28T22:31:04.888901,-18267.087552697656,37924.69922881488,2324.927840828694,-2.7595386592546665,-1.341521732682416,0.2039225956810789,EUTELSAT 7A
2025-06-28T22:32:04.888901,-18432.48111814233,37843.8465940231,2337.1404457425174,-2.753681862137989,-1.3536134457587592,0.20317863548959667,EUTELSAT 7A
2025-06-28T22:33:04.888901,-18597.521699221255,37762.2692477885,2349.308303292916,-2.7477723355364465,-1.3656792295670486,0.20243078469927878,EUTELSAT 7A
2025-06-28T22:34:04.888901,-18762.20613562357,37679.96875277606,2361.4311804796544,-2.741810192728837,-1.3777188529880258,0.20167905763913824,EUTELSAT 7A
2025-06-28T22:35:04.888901,-18926.531273865432,37596.94668550257,2373.5088451643496,-2.7357955480024643,-1.389732085404597,0.20092346871247485,EUTELSAT 7A
2025-06-28T22:36:04.888901,-19090.49396735037,37513.2046363063,2385.5410660749,-2.7297285166509426,-1.401718696706248,0.20016403239659866,EUTELSAT 7A
2025-06-28T22:37:04.888901,-19254.09107642921,37428.74420931678,2397.5276128098967,-2.72360921497199,-1.4136784572934367,0.19940076324255387,EUTELSAT 7A
2025-06-28T22:38:04.888901,-19417.319468461057,37343.56702242351,2409.468255843096,-2.717437760265159,-1.4256111380820533,0.19863367587483496,EUTELSAT 7A
2025-06-28T22:39:04.888901,-19580.176017872647,37257.67470724538,2421.362766527768,-2.7112142708296076,-1.437516510507768,0.19786278499110896,EUTELSAT 7A
2025-06-28T22:40:04.888901,-19742.65760621843,37171.06890909908,2433.210917101092,-2.7049388659618088,-1.4493943465304313,0.19708810536193133,EUTELSAT 7A
2025-06-28T22:41:04.888901,-19904.761122240587,37083.75128696757,2445.012480688538,-2.6986116659532597,-1.4612444186384703,0.1963096518304623,EUTELSAT 7A
2025-06-28T22:42:04.888901,-20066.483461928357,36995.72351346828,2456.7672313081903,-2.692232792088156,-1.4730664998532248,0.1955274393121813,EUTELSAT 7A
2025-06-28T22:43:04.888901,-20227.821528577566,36906.98727482102,2468.474943875087,-2.6858023666410777,-1.4848603637333109,0.19474148279460127,EUTELSAT 7A
2025-06-28T22:44:04.888901,-20388.772232850228,36817.54427081548,2480.1353942055434,-2.679320512874612,-1.4966257843789885,0.1939517973369786,EUTELSAT 7A
2025-06-28T22:45:04.888901,-20549.332492833357,36727.39621477883,2491.7483590214283,-2.6727873550369985,-1.508362536436457,0.1931583980700256,EUTELSAT 7A
2025-06-28T22:46:04.888901,-20709.499234098526,36636.54483354253,2503.313615954469,-2.666203018359726,-1.520070395102225,0.1923613001956178,EUTELSAT 7A
2025-06-28T22:47:04.888901,-20869.26938976031,36544.99186740949,2514.830943550484,-2.6595676290551284,-1.531749136127381,0.19156051898650306,EUTELSAT 7A
2025-06-28T22:48:04.888901,-21028.639900535356,36452.73907012046,2526.3001212736444,-2.652881314313959,-1.5433985358219235,0.1907560697860075,EUTELSAT 7A
2025-06-28T22:49:04.888901,-21187.607714800833,36359.7882088205,2537.7209295106895,-2.6461442023029353,-1.5550183710590362,0.18994796800774066,EUTELSAT 7A
2025-06-28T22:50:04.888901,-21346.169788653242,36266.14106402487,2549.093149575156,-2.639356422162266,-1.5666084192793945,0.18913622913529798,EUTELSAT 7A
2025-06-28T22:51:04.888901,-21504.323085966116,36171.799429585175,2560.4165637115257,-2.6325181040031915,-1.5781684584953901,0.18832086872196577,EUTELSAT 7A
2025-06-28T22:52:04.888901,-21662.06457844899,36076.765112654524,2571.6909550994465,-2.625629378905447,-1.5896982672954447,0.18750190239041922,EUTELSAT 7A
2025-06-28T22:53:04.888901,-21819.39124570491,35981.03993365321,2582.91610785786,-2.61869037891476,-1.6011976248482207,0.18667934583242365,EUTELSAT 7A
2025-06-28T22:54:04.888901,-21976.30007528835,35884.6257262336,2594.0918070491334,-2.6117012370403083,-1.6126663109068595,0.1858532148085333,EUTELSAT 7A
2025-06-28T22:55:04.888901,-22132.788062763182,35787.52433724489,2605.217838683197,-2.6046620872521475,-1.624104105813229,0.18502352514778675,EUTELSAT 7A
2025-06-28T22:56:04.888901,-22288.852211760113,35689.737626697744,2616.293989721633,-2.597573064478645,-1.6355107905021185,0.18419029274740376,EUTELSAT 7A
2025-06-28T22:57:04.888901,-22444.489534034117,35591.26746772855,2627.320048081759,-2.590434304603874,-1.6468861465054518,0.1833535335724791,EUTELSAT 7A
2025-06-28T22:58:04.888901,-22599.697049521397,35492.11574656366,2638.295802640672,-2.583245944465021,-1.6582299559564506,0.18251326365567744,EUTELSAT 7A
2025-06-28T22:59:04.888901,-22754.471786397302,35392.28436248269,2649.221043239345,-2.576008121849704,-1.6695420015938724,0.18166949909692096,EUTELSAT 7A
2025-06-28T23:00:04.888901,-22908.810781132328,35291.77522778268,2660.0955606865923,-2.568720975493377,-1.6808220667661113,0.18082225606308452,EUTELSAT 7A
2025-06-28T23:01:04.888901,-23062.711078549415,35190.590267741034,2670.9191467631117,-2.561384645076626,-1.6920699354353899,0.1799715507876826,EUTELSAT 7A
2025-06-28T23:02:04.888901,-23216.169731880676,35088.73142057847,2681.6915942254786,-2.5539992712224824,-1.7032853921819127,0.1791173995705561,EUTELSAT 7A
2025-06-28T23:03:04.888901,-23369.18380282345,34986.20063742219,2692.4126968100895,-2.5465649954937324,-1.7144682222079637,0.17825981877756192,EUTELSAT 7A
2025-06-28T23:04:04.888901,-23521.750361596925,34882.99988226811,2703.0822492371335,-2.5390819603901775,-1.7256182113420533,0.17739882484025568,EUTELSAT 7A
2025-06-28T23:05:04.888901,-23673.866486998224,34779.131131943286,2713.7000472145246,-2.5315503093459006,-1.7367351460430192,0.17653443425557763,EUTELSAT 7A
2025-06-28T23:06:04.888901,-23825.529266458198,34674.59637606802,2724.265887441802,-2.5239701867265043,-1.7478188134041142,0.17566666358553426,EUTELSAT 7A
2025-06-28T23:07:04.888901,-23976.73579609753,34569.3976170175,2734.779567614039,-2.5163417378263264,-1.7588690011571042,0.17479552945688054,EUTELSAT 7A
2025-06-28T23:08:04.888901,-24127.483180782045,34463.53686988362,2745.240886425706,-2.5086651088656575,-1.7698854976763196,0.17392104856080084,EUTELSAT 7A
2025-06-28T23:09:04.888901,-24277.768534178525,34357.01616243608,2755.649643574544,-2.5009404469879093,-1.7808680919827375,0.1730432376525863,EUTELSAT 7A
2025-06-28T23:10:04.888901,-24427.588978809723,34249.83753508354,2766.005639765381,-2.4931679002567972,-1.7918165737480065,0.17216211355131492,EUTELSAT 7A
2025-06-28T23:11:04.888901,-24576.94164610958,34142.00304083457,2776.308676713957,-2.4853476176534874,-1.8027307332984872,0.17127769313952676,EUTELSAT 7A
2025-06-28T23:12:04.888901,-24725.82367647822,34033.514745258086,2786.5585571507263,-2.4774797490737286,-1.8136103616192778,0.17038999336290017,EUTELSAT 7A
2025-06-28T23:13:04.888901,-24874.23221933682,33924.37472644376,2796.7550848246383,-2.4695644453249646,-1.824455250358219,0.1694990312299254,EUTELSAT 7A
2025-06-28T23:14:04.888901,-25022.164433182086,33814.58507496217,2806.8980645068877,-2.4616018581234367,-1.835265191829889,0.16860482381157788,EUTELSAT 7A
2025-06-28T23:15:04.888901,-25169.61748564065,33704.14789382463,2816.9873019946535,-2.4535921400912644,-1.8460399790195818,0.16770738824099082,EUTELSAT 7A
2025-06-28T23:16:04.888901,-25316.588553523572,33593.06529844287,2827.022604114834,-2.4455354447535056,-1.8567794055872844,0.1668067417131244,EUTELSAT 7A
2025-06-28T23:17:04.888901,-25463.074822880117,33481.33941658846,2837.0037787277224,-2.4374319265352073,-1.8674832658716238,0.16590290148443693,EUTELSAT 7A
2025-06-28T23:18:04.888901,-25609.073489051887,33368.97238835192,2846.9306347307047,-2.429281740758431,-1.8781513548938167,0.16499588487255223,EUTELSAT 7A
2025-06-28T23:19:04.888901,-25754.581756726668,33255.96636610148,2856.8029820619263,-2.42108504363925,-1.888783468361609,0.16408570925592514,EUTELSAT 7A
2025-06-28T23:20:04.888901,-25899.5968399914,33142.323514442316,2866.620631703896,-2.412841992284784,-1.8993794026731545,0.16317239207351236,EUTELSAT 7A
2025-06-28T23:21:04.888901,-26044.115962386397,33028.046010174214,2876.383395687158,-2.4045527446901223,-1.9099389549209806,0.16225595082443056,EUTELSAT 7A
2025-06-28T23:22:04.888901,-26188.136356957548,32913.13604225071,2886.09108709383,-2.3962174597353387,-1.9204619228957975,0.16133640306762725,EUTELSAT 7A
2025-06-28T23:23:04.888901,-26331.655266310514,32797.595811736064,2895.74352006126,-2.3878362971823752,-1.9309481050904722,0.16041376642153546,EUTELSAT 7A
2025-06-28T23:24:04.888901,-26474.669942662324,32681.427531763977,2905.3405097855048,-2.3794094176720297,-1.9413973007037943,0.1594880585637427,EUTELSAT 7A
2025-06-28T23:25:04.888901,-26617.17764789475,32564.633427494555,2914.8818725249166,-2.3709369827208238,-1.9518093096443832,0.1585592972306463,EUTELSAT 7A
2025-06-28T23:26:04.888901,-26759.175653606773,32447.215736071586,2924.3674256036625,-2.3624191547178985,-1.9621839325345227,0.15762750021711328,EUTELSAT 7A
2025-06-28T23:27:04.888901,-26900.661241166483,32329.176706579947,2933.796987415207,-2.3538560969219064,-1.9725209707139566,0.15669268537613953,EUTELSAT 7A
2025-06-28T23:28:04.888901,-27041.631701763337,32210.51860000219,2943.1703774257853,-2.3452479734578655,-1.9828202262437113,0.15575487061850646,EUTELSAT 7A
2025-06-28T23:29:04.888901,-27182.084336459993,32091.243689175284,2952.487416177873,-2.336594949313995,-1.9930815019098838,0.15481407391243612,EUTELSAT 7A
2025-06-28T23:30:04.888901,-27322.016456244182,31971.354258746833,2961.74792529362,-2.3278971903385433,-2.003304601227432,0.1538703132832459,EUTELSAT 7A
2025-06-28T23:31:04.888901,-27461.425382079982,31850.85260513137,2970.951727478265,-2.3191548632366015,-2.013489328443932,0.15292360681300254,EUTELSAT 7A
2025-06-28T23:32:04.888901,-27600.30844495929,31729.741036466257,2980.098646523524,-2.3103681355668892,-2.0236354885433303,0.15197397264017415,EUTELSAT 7A
2025-06-28T23:33:04.888901,-27738.662985952775,31608.021872567428,2989.188507310971,-2.3015371757385417,-2.033742887249678,0.15102142895928236,EUTELSAT 7A
2025-06-28T23:34:04.888901,-27876.486356261066,31485.697444884736,2998.22113581539,-2.2926621530078566,-2.0438113310308643,0.15006599402055154,EUTELSAT 7A
2025-06-28T23:35:04.888901,-28013.7759172651,31362.770096457425,3007.1963591080994,-2.283743237475056,-2.053840627102309,0.14910768612955955,EUTELSAT 7A
2025-06-28T23:36:04.888901,-28150.529040577185,31239.242181868896,3016.114005360281,-2.274780600080985,-2.06383058343068,0.14814652364688366,EUTELSAT 7A
2025-06-28T23:37:04.888901,-28286.74310809081,31115.11606720179,3024.973903846247,-2.265774412603856,-2.073781008737548,0.14718252498775014,EUTELSAT 7A
2025-06-28T23:38:04.888901,-28422.415512031108,30990.394129992415,3033.775884946721,-2.2567248476559243,-2.0836917125030645,0.14621570862167882,EUTELSAT 7A
2025-06-28T23:39:04.888901,-28557.543655004647,30865.078759185246,3042.5197801520826,-2.2476320786801756,-2.093562504969609,0.14524609307212946,EUTELSAT 7A
2025-06-28T23:40:04.888901,-28692.124950049325,30739.172355086877,3051.205422065594,-2.2384962799469807,-2.103393197145432,0.14427369691614342,EUTELSAT 7A
2025-06-28T23:41:04.888901,-28826.156820683667,30612.677329320293,3059.832644406602,-2.2293176265507597,-2.1131836008082567,0.14329853878399007,EUTELSAT 7A
2025-06-28T23:42:04.888901,-28959.636700956496,30485.596104778215,3068.401282013725,-2.220096294406592,-2.1229335285089124,0.14232063735880512,EUTELSAT 7A
2025-06-28T23:43:04.888901,-29092.562035495765,30357.931115576866,3076.9111708480114,-2.2108324602468503,-2.1326427935749006,0.14134001137623453,EUTELSAT 7A
2025-06-28T23:44:04.888901,-29224.930279557713,30229.684807009173,3085.362147996081,-2.2015263016177946,-2.1423112101139883,0.14035667962407256,EUTELSAT 7A
2025-06-28T23:45:04.888901,-29356.738899075346,30100.859635497927,3093.754051673236,-2.1921779968761603,-2.151938593017751,0.13937066094190265,EUTELSAT 7A
2025-06-28T23:46:04.888901,-29487.98537070716,29971.45806854858,3102.0867212265634,-2.1827877251857246,-2.16152475796513,0.13838197422073378,EUTELSAT 7A
2025-06-28T23:47:04.888901,-29618.667181885747,29841.482584701607,3110.359997138035,-2.1733556665138405,-2.1710695214259896,0.13739063840263585,EUTELSAT 7A
2025-06-28T23:48:04.888901,-29748.78183086507,29710.93567348563,3118.5737210275006,-2.163882001628026,-2.180572700664567,0.13639667248038095,EUTELSAT 7A
2025-06-28T23:49:04.888901,-29878.326826768967,29579.819835369275,3126.7277356557584,-2.1543669120924536,-2.1900341137430153,0.13540009549707516,EUTELSAT 7A
2025-06-28T23:50:04.888901,-30007.299689639123,29448.137581712726,3134.8218849275913,-2.1448105802644317,-2.199453579524912,0.1344009265457894,EUTELSAT 7A
2025-06-28T23:51:04.888901,-30135.697950481754,29315.891434720445,3142.856013894689,-2.135213189290959,-2.208830917678668,0.13339918476919949,EUTELSAT 7A
2025-06-28T23:52:04.888901,-30263.51915131551,29183.083927392126,3150.8299687586627,-2.1255749231051566,-2.2181659486810243,0.13239488935921295,EUTELSAT 7A
2025-06-28T23:53:04.888901,-30390.760845218316,29049.71760347424,3158.743596873969,-2.1158959664227406,-2.2274584938204796,0.1313880595566022,EUTELSAT 7A
2025-06-28T23:54:04.888901,-30517.42059637421,28915.7950174114,3166.5967467508362,-2.106176504738481,-2.236708375200705,0.13037871465063516,EUTELSAT 7A
2025-06-28T23:55:04.888901,-30643.49598011984,28781.318734297303,3174.3892680581507,-2.096416724322631,-2.2459154157439447,0.1293668739787051,EUTELSAT 7A
2025-06-28T23:56:04.888901,-30768.984582991365,28646.291329825148,3182.1210116263583,-2.0866168122173234,-2.255079439194441,0.12835255692595585,EUTELSAT 7A
2025-06-28T23:57:04.888901,-30893.884002770123,28510.715390238696,3189.7918294502956,-2.0767769562330027,-2.2642002701217705,0.12733578292491363,EUTELSAT 7A
2025-06-28T23:58:04.888901,-31018.191848528844,28374.59351228252,3197.401574692028,-2.0668973449448025,-2.273277733924215,0.1263165714551116,EUTELSAT 7A
2025-06-28T23:59:04.888901,-31141.905740677503,28237.928303151984,3204.9501016836675,-2.0569781676889103,-2.282311656832113,0.12529494204271518,EUTELSAT 7A
2025-06-29T00:00:04.888901,-31265.02331100872,28100.722380443407,3212.4372659301503,-2.0470196145589377,-2.291301865911181,0.1242709142601478,EUTELSAT 7A
2025-06-29T00:01:04.888901,-31387.542202743076,27962.978372103928,3219.8629241119925,-2.037021876402273,-2.300248189065809,0.12324450772571584,EUTELSAT 7A
2025-06-29T00:02:04.888901,-31509.460070574518,27824.698916380697,3227.2269340880657,-2.026985144816376,-2.309150455042391,0.1222157421032285,EUTELSAT 7A
2025-06-29T00:03:04.888901,-31630.774580714955,27685.886661770634,3234.5291548982777,-2.016909612145132,-2.31800849343257,0.12118463710162286,EUTELSAT 7A
2025-06-29T00:04:04.888901,-31751.483410938865,27546.54426696968,3241.7694467662823,-2.0067954714751473,-2.3268221346765006,0.12015121247458606,EUTELSAT 7A
2025-06-29T00:05:04.888901,-31871.584250628202,27406.674400821234,3248.9476711021707,-1.9966429166320043,-2.335591210066126,0.1191154880201714,EUTELSAT 7A
2025-06-29T00:06:04.888901,-31991.074800816044,27266.27974226565,3256.0636905050915,-1.98645214217658,-2.344315551748365,0.11807748358042319,EUTELSAT 7A
2025-06-29T00:07:04.888901,-32109.952774230922,27125.36298028852,3263.1173687658957,-1.9762233434012844,-2.352994992728348,0.11703721904099336,EUTELSAT 7A
2025-06-29T00:08:04.888901,-32228.21589534078,26983.926813868748,3270.108570869755,-1.965956716326282,-2.3616293668726245,0.11599471433075714,EUTELSAT 7A
2025-06-29T00:09:04.888901,-32345.861900396136,26841.97395192734,3277.03716299872,-1.95565245769576,-2.3702185089123184,0.11494998942143382,EUTELSAT 7A
2025-06-29T00:10:04.888901,-32462.888537473424,26699.507113275293,3283.9030125342797,-1.9453107649741428,-2.3787622544462885,0.11390306432720312,EUTELSAT 7A
2025-06-29T00:11:04.888901,-32579.293566518514,26556.529026561173,3290.705988059922,-1.9349318363422643,-2.3872604399442996,0.11285395910431725,EUTELSAT 7A
2025-06-29T00:12:04.888901,-32695.074759389143,26413.042430218986,3297.4459593636266,-1.9245158706935865,-2.3957129027501316,0.11180269385071888,EUTELSAT 7A
2025-06-29T00:13:04.888901,-32810.22989989769,26269.050072415695,3304.122797440353,-1.9140630676303738,-2.404119481084691,0.11074928870565474,EUTELSAT 7A
2025-06-29T00:14:04.888901,-32924.75678385381,26124.554710998236,3310.736374494527,-1.9035736274598307,-2.412480014049122,0.10969376384928656,EUTELSAT 7A
2025-06-29T00:15:04.888901,-33038.65321910631,25979.55911344078,3317.286563942466,-1.893047751190277,-2.4207943416278748,0.10863613950230513,EUTELSAT 7A
2025-06-29T00:16:04.888901,-33151.91702558517,25834.06605679183,3323.773240414799,-1.8824856405272825,-2.4290623046917545,0.10757643592554356,EUTELSAT 7A
2025-06-29T00:17:04.888901,-33264.546035343265,25688.07832762075,3330.196279758874,-1.8718874978697835,-2.4372837450009786,0.10651467341958575,EUTELSAT 7A
2025-06-29T00:18:04.888901,-33376.538092598144,25541.598721963983,3336.5555590411345,-1.8612535263061678,-2.4454585052082205,0.10545087232437524,EUTELSAT 7A
2025-06-29T00:19:04.888901,-33487.8910537727,25394.630045272268,3342.8509565494464,-1.8505839296104276,-2.45358642886157,0.10438505301882976,EUTELSAT 7A
2025-06-29T00:20:04.888901,-33598.602787536685,25247.17511235593,3349.0823517954536,-1.8398789122381838,-2.461667360407579,0.10331723592044413,EUTELSAT 7A
2025-06-29T00:21:04.888901,-33708.671174847375,25099.23674733131,3355.2496255168653,-1.8291386793227826,-2.469701145194211,0.1022474414849006,EUTELSAT 7A
2025-06-29T00:22:04.888901,-33818.09410898985,24950.817783566763,3361.3526596797306,-1.818363436671367,-2.4776876294737886,0.10117569020567818,EUTELSAT 7A
2025-06-29T00:23:04.888901,-33926.869495617684,24801.921063627884,3367.391337480712,-1.8075533907608878,-2.485626660405957,0.10010200261365451,EUTELSAT 7A
2025-06-29T00:24:04.888901,-34034.995252792854,24652.54943922322,3373.3655433493072,-1.796708748734153,-2.493518086060596,0.09902639927671461,EUTELSAT 7A
2025-06-29T00:25:04.888901,-34142.4693110253,24502.705771149765,3379.2751629500467,-1.7858297183958627,-2.5013617554207093,0.09794890079935699,EUTELSAT 7A
2025-06-29T00:26:04.888901,-34249.289613313114,24352.39292923749,3385.120083184713,-1.7749165082085692,-2.50915751838535,0.09686952782229327,EUTELSAT 7A
2025-06-29T00:27:04.888901,-34355.45411518129,24201.613792294964,3390.900192194459,-1.7639693272887182,-2.5169052257724474,0.0957883010220572,EUTELSAT 7A
2025-06-29T00:28:04.888901,-34460.960784721254,24050.371248053707,3396.6153793619796,-1.752988385402603,-2.5246047293216933,0.09470524111060408,EUTELSAT 7A
2025-06-29T00:29:04.888901,-34565.80760262943,23898.668193113062,3402.2655353136024,-1.7419738929623463,-2.5322558816973477,0.09362036883491513,EUTELSAT 7A
2025-06-29T00:30:04.888901,-34669.99256224616,23746.5075328843,3407.8505519213963,-1.7309260610218362,-2.539858536491083,0.09253370497659665,EUTELSAT 7A
2025-06-29T00:31:04.888901,-34773.5136695938,23593.89218153532,3413.3703223052194,-1.7198451012726976,-2.5474125482247594,0.09144527035148438,EUTELSAT 7A
2025-06-29T00:32:04.888901,-34876.36894341507,23440.825061934436,3418.8247408347784,-1.708731226040204,-2.554917772353214,0.09035508580924052,EUTELSAT 7A
2025-06-29T00:33:04.888901,-34978.55641521092,23287.309105594395,3424.213703131633,-1.6975846482792019,-2.562374065267032,0.0892631722329555,EUTELSAT 7A
2025-06-29T00:34:04.888901,-35080.074129278,23133.347252616306,3429.537106071191,-1.686405581570027,-2.569781284295271,0.08816955053874655,EUTELSAT 7A
2025-06-29T00:35:04.888901,-35180.92014274641,22978.942451632884,3434.7948477846917,-1.6751942401143765,-2.577139287708215,0.08707424167535484,EUTELSAT 7A
2025-06-29T00:36:04.888901,-35281.0925256165,22824.097659752246,3439.986827661136,-1.6639508387312185,-2.5844479347200555,0.08597726662374493,EUTELSAT 7A
2025-06-29T00:37:04.888901,-35380.58936079583,22668.815842501404,3445.1129463492025,-1.6526755928526768,-2.591707085491584,0.08487864639670357,EUTELSAT 7A
2025-06-29T00:38:04.888901,-35479.408744136264,22513.099973768472,3450.1731057591783,-1.641368718519825,-2.5989166011328972,0.08377840203843,EUTELSAT 7A
2025-06-29T00:39:04.888901,-35577.54878446979,22356.953035746606,3455.1672090647917,-1.630030432378608,-2.606076343706007,0.08267655462413874,EUTELSAT 7A
2025-06-29T00:40:04.888901,-35675.007603645055,22200.37801887635,3460.0951607050856,-1.618660951675645,-2.6131861762275004,0.08157312525965171,EUTELSAT 7A
2025-06-29T00:41:04.888901,-35771.78333656305,22043.377921788542,3464.9568663862287,-1.6072604942540725,-2.6202459626711403,0.08046813508099501,EUTELSAT 7A
2025-06-29T00:42:04.888901,-35867.87413121319,21885.955751246143,3469.7522330833394,-1.5958292785493118,-2.6272555679704945,0.07936160525398797,EUTELSAT 7A
2025-06-29T00:43:04.888901,-35963.27814870812,21728.114522087544,3474.481169042226,-1.5843675235849437,-2.634214858021476,0.07825355697384469,EUTELSAT 7A
2025-06-29T00:44:04.888901,-36057.99356331927,21569.85725716823,3479.1435837811605,-1.5728754489684609,-2.641123699684921,0.07714401146476234,EUTELSAT 7A
2025-06-29T00:45:04.888901,-36152.018562511934,21411.186987302346,3483.739388092616,-1.561353274887015,-2.6479819607891524,0.07603298997951154,EUTELSAT 7A
2025-06-29T00:46:04.888901,-36245.35134697924,21252.10675120581,3488.2684940449312,-1.54980122210328,-2.654789510132456,0.07492051379903623,EUTELSAT 7A
2025-06-29T00:47:04.888901,-36337.99013067741,21092.61959543667,3492.730814984039,-1.5382195119511028,-2.6615462174856397,0.07380660423203607,EUTELSAT 7A
2025-06-29T00:48:04.888901,-36429.93314085927,20932.728574337514,3497.126265535077,-1.5266083663313221,-2.6682519535944818,0.07269128261456329,EUTELSAT 7A
2025-06-29T00:49:04.888901,-36521.17861810825,20772.43674997698,3501.4547616040322,-1.514968007707506,-2.674906590182203,0.07157457030961334,EUTELSAT 7A
2025-06-29T00:50:04.888901,-36611.724816372305,20611.747192090428,3505.716220379356,-1.5032986591016333,-2.681509999951934,0.0704564887067113,EUTELSAT 7A
2025-06-29T00:51:04.888901,-36701.57000299709,20450.66297802138,3509.91056033353,-1.4916005440898337,-2.6880620565891333,0.06933705922150234,EUTELSAT 7A
2025-06-29T00:52:04.888901,-36790.712458759,20289.187192662688,3514.0377012246254,-1.4798738867981056,-2.694562634763996,0.0682163032953433,EUTELSAT 7A
2025-06-29T00:53:04.888901,-36879.150477898154,20127.322928397174,3518.097564097833,-1.468118911897996,-2.7010116101338464,0.06709424239488877,EUTELSAT 7A
2025-06-29T00:54:04.888901,-36966.88236815098,19965.073285038397,3522.0900712869698,-1.4563358446022898,-2.707408859345517,0.06597089801167984,EUTELSAT 7A
2025-06-29T00:55:04.888901,-37053.90645078257,19802.44136977109,3526.015146415964,-1.4445249106606721,-2.713754260037697,0.06484629166173093,EUTELSAT 7A
2025-06-29T00:56:04.888901,-37140.22106061873,19639.430297091763,3529.8727144003046,-1.4326863363554099,-2.7200476908432676,0.06372044488511797,EUTELSAT 7A
2025-06-29T00:57:04.888901,-37225.82454607778,19476.043188748896,3533.6627014484743,-1.4208203484969975,-2.726289031391621,0.06259337924556437,EUTELSAT 7A
2025-06-29T00:58:04.888901,-37310.715269202185,19312.283173683125,3537.38503506336,-1.408927174419802,-2.73247816231095,0.06146511633002783,EUTELSAT 7A
2025-06-29T00:59:04.888901,-37394.8916056898,19148.15338796708,3541.039644043631,-1.3970070419776879,-2.7386149652305347,0.06033567774828459,EUTELSAT 7A
2025-06-29T01:00:04.888901,-37478.35194492502,18983.6569747454,3544.6264584851006,-1.3850601795396495,-2.7446993227829948,0.05920508513251617,EUTELSAT 7A
2025-06-29T01:01:04.888901,-37561.09469000922,18818.797084174796,3548.1454097820465,-1.373086815985449,-2.750731118606515,0.05807336013689571,EUTELSAT 7A
2025-06-29T01:02:04.888901,-37643.118257791815,18653.576873362756,3551.5964306285364,-1.3610871807011562,-2.756710237347098,0.05694052443716737,EUTELSAT 7A
2025-06-29T01:03:04.888901,-37724.4210789,18487.99950630793,3554.979455019697,-1.3490615035748104,-2.762636564660729,0.055806599730235995,EUTELSAT 7A
2025-06-29T01:04:04.888901,-37805.00159776908,18322.068153838845,3558.2944182529727,-1.3370100149919613,-2.76850998721558,0.05467160773374692,EUTELSAT 7A
2025-06-29T01:05:04.888901,-37884.85827267191,18155.785993553705,3561.541256929362,-1.3249329458312833,-2.77433039269415,0.05353557018567286,EUTELSAT 7A
2025-06-29T01:06:04.888901,-37963.989575748536,17989.156209758865,3564.71990895462,-1.312830527460106,-2.7800976697954245,0.0523985088438932,EUTELSAT 7A
2025-06-29T01:07:04.888901,-38042.39399303541,17822.181993407925,3567.830313540448,-1.3007029917299753,-2.7858117082369955,0.051260445485777524,EUTELSAT 7A
2025-06-29T01:08:04.888901,-38120.0700244941,17654.866542040992,3570.8724112056434,-1.288550570972235,-2.791472398757145,0.05012140190777027,EUTELSAT 7A
2025-06-29T01:09:04.888901,-38197.016184040134,17487.213059722904,3573.846143777231,-1.2763734979935337,-2.797079633116946,0.04898139992496996,EUTELSAT 7A
2025-06-29T01:10:04.888901,-38273.230999571366,17319.22475698173,3576.7514543915804,-1.2641720060713462,-2.802633304102328,0.04784046137070978,EUTELSAT 7A
2025-06-29T01:11:04.888901,-38348.713012995926,17150.90485074787,3579.588287495476,-1.2519463289495436,-2.808133305526095,0.046698608096143325,EUTELSAT 7A
2025-06-29T01:12:04.888901,-38423.460780260335,16982.256564291532,3582.356588847183,-1.2396967008338426,-2.8135795322299795,0.04555586196981948,EUTELSAT 7A
2025-06-29T01:13:04.888901,-38497.472871376754,16813.283127161707,3585.05630551747,-1.2274233563873662,-2.8189718800866204,0.044412244877268504,EUTELSAT 7A
2025-06-29T01:14:04.888901,-38570.74787045064,16643.98777512363,3587.687385890623,-1.21512653072609,-2.8243102460015637,0.04326777872057723,EUTELSAT 7A
2025-06-29T01:15:04.888901,-38643.284375707546,16474.373750097107,3590.249779665425,-1.202806459414358,-2.829594527915221,0.04212248541797224,EUTELSAT 7A
2025-06-29T01:16:04.888901,-38715.08099951991,16304.44430009439,3592.743437856107,-1.1904633784603582,-2.8348246248048055,0.04097638690339876,EUTELSAT 7A
2025-06-29T01:17:04.888901,-38786.136368433705,16134.202679157543,3595.168312793291,-1.1780975243115677,-2.8400004366862706,0.039829505126098015,EUTELSAT 7A
2025-06-29T01:18:04.888901,-38856.449123194405,15963.652147296594,3597.5243581248765,-1.1657091338502523,-2.845121864616198,0.038681862050189614,EUTELSAT 7A
2025-06-29T01:19:04.888901,-38926.017918773185,15792.795970426645,3599.811528816938,-1.153298444388887,-2.8501888106936897,0.03753347965424753,EUTELSAT 7A
2025-06-29T01:20:04.888901,-38994.84142439243,15621.637420305397,3602.029781154572,-1.1408656936656136,-2.8552011780622344,0.03638437993087938,EUTELSAT 7A
2025-06-29T01:21:04.888901,-39062.91832355127,15450.179774470414,3604.1790727427333,-1.1284111198396716,-2.860158870911543,0.035234584886304536,EUTELSAT 7A
2025-06-29T01:22:04.888901,-39130.24731405047,15278.42631617639,3606.2593625070217,-1.115934961486841,-2.865061794479376,0.034084116539932895,EUTELSAT 7A
2025-06-29T01:23:04.888901,-39196.827108017664,15106.380334332009,3608.2706106944884,-1.1034374575948378,-2.8699098550533484,0.03293299692394095,EUTELSAT 7A
2025-06-29T01:24:04.888901,-39262.65643193162,14934.04512343694,3610.2127788743683,-1.090918847558738,-2.8747029599727147,0.03178124808284944,EUTELSAT 7A
2025-06-29T01:25:04.888901,-39327.734026646496,14761.423983519213,3612.0858299388074,-1.0783793711764176,-2.879441017630114,0.030628892073104597,EUTELSAT 7A
2025-06-29T01:26:04.888901,-39392.0586474163,14588.520220070957,3613.8897281035906,-1.0658192686438743,-2.8841239374733454,0.029475950962647345,EUTELSAT 7A
2025-06-29T01:27:04.888901,-39455.62906391815,14415.337143985917,3615.624438908788,-1.0532387805506866,-2.8887516300070577,0.028322446830497502,EUTELSAT 7A
2025-06-29T01:28:04.888901,-39518.444060275986,14241.878071495716,3617.2899292194256,-1.0406381478753721,-2.8933240067944666,0.02716840176632713,EUTELSAT 7A
2025-06-29T01:29:04.888901,-39580.502435069626,14068.14632414592,3618.886167225752,-1.028017611983642,-2.897840980458007,0.026013837870300836,EUTELSAT 7A
2025-06-29T01:30:04.888901,-39641.80300141424,13894.145228573678,3620.4131224452785,-1.0153774146122427,-2.902302464685115,0.02485877725159779,EUTELSAT 7A
2025-06-29T01:31:04.888901,-39702.34458689809,13719.878116681597,3621.8707657211753,-1.0027177978815756,-2.9067083742236792,0.02370324202956624,EUTELSAT 7A
2025-06-29T01:32:04.888901,-39762.126033661356,13545.348325416251,3623.259069224289,-0.9900390042796033,-2.9110586248877786,0.022547254332252492,EUTELSAT 7A
2025-06-29T01:33:04.888901,-39821.14619840442,13370.559196742604,3624.578006453294,-0.9773412766599847,-2.915353133558277,0.02139083629623111,EUTELSAT 7A
2025-06-29T01:34:04.888901,-39879.40395240932,13195.514077581181,3625.8275522352005,-0.9646248582374993,-2.919591818184371,0.02023401006618915,EUTELSAT 7A
2025-06-29T01:35:04.888901,-39936.898181561475,13020.216319743045,3627.0076827258204,-0.9518899925833202,-2.9237745977851697,0.01907679779449519,EUTELSAT 7A
2025-06-29T01:36:04.888901,-39993.62778637085,12844.669279865899,3628.1183754102212,-0.9391369236203639,-2.927901392451226,0.017919221640777326,EUTELSAT 7A
2025-06-29T01:37:04.888901,-40049.591681992904,12668.876319349782,3629.159609103145,-0.9263658956186128,-2.9319721233460494,0.01676130377149828,EUTELSAT 7A
2025-06-29T01:38:04.888901,-40104.788798249385,12492.840804292455,3630.1313639494083,-0.9135771531904129,-2.9359867127076136,0.01560306635952932,EUTELSAT 7A
2025-06-29T01:39:04.888901,-40159.21807964856,12316.566105425098,3631.0336214242748,-0.9007709412857964,-2.9399450838498224,0.014444531583726255,EUTELSAT 7A
2025-06-29T01:40:04.888901,-40212.87848540553,12140.055598047618,3631.8663643338036,-0.8879475051877732,-2.94384716116397,0.013285721628504013,EUTELSAT 7A
2025-06-29T01:41:04.888901,-40265.76898946183,11963.312661964086,3632.6295768151635,-0.8751070905076372,-2.947692870120172,0.012126658683411687,EUTELSAT 7A
2025-06-29T01:42:04.888901,-40317.88858050522,11786.340681417543,3633.3232443369366,-0.8622499431802215,-2.9514821372687874,0.010967364942705091,EUTELSAT 7A
2025-06-29T01:43:04.888901,-40369.23626198884,11609.143045025754,3633.9473536993864,-0.8493763094592229,-2.9552148902418014,0.009807862604924554,EUTELSAT 7A
2025-06-29T01:44:04.888901,-40419.811052150144,11431.723145715934,3634.5018930346946,-0.8364864359124564,-2.9588910577542045,0.008648173872467626,EUTELSAT 7A
2025-06-29T01:45:04.888901,-40469.61198402977,11254.084380659526,3634.9868518071944,-0.8235805694171076,-2.9625105696053455,0.007488320951162056,EUTELSAT 7A
2025-06-29T01:46:04.888901,-40518.63810548976,11076.230151207723,3635.4022208135516,-0.8106589571550428,-2.9660733566802517,0.006328326049844417,EUTELSAT 7A
2025-06-29T01:47:04.888901,-40566.888479231864,10898.163862825526,3635.747992182935,-0.7977218466080136,-2.9695793509509563,0.0051682113799288625,EUTELSAT 7A
2025-06-29T01:48:04.888901,-40614.362182815355,10719.888925027057,3636.0241593771702,-0.7847694855529476,-2.9730284854777698,0.004007999154986101,EUTELSAT 7A
2025-06-29T01:49:04.888901,-40661.05830867442,10541.408751310295,3636.230717190837,-0.7718021220572038,-2.976420694410554,0.002847711590317061,EUTELSAT 7A
2025-06-29T01:50:04.888901,-40706.97596413586,10362.726759090563,3636.367661751377,-0.7588200044737327,-2.9797559129899844,0.0016873709025206991,EUTELSAT 7A
2025-06-29T01:51:04.888901,-40752.114271435516,10183.84636963694,3636.434990519151,-0.745823381436449,-2.9830340775487416,0.0005269993090799314,EUTELSAT 7A
2025-06-29T01:52:04.888901,-40796.47236773545,10004.771008004958,3636.4327022874845,-0.73281250185534,-2.986255125512755,-0.0006333809720747547,EUTELSAT 7A
2025-06-29T01:53:04.888901,-40840.0494051401,9825.504102972058,3636.360797182673,-0.7197876149117661,-2.98941899540236,-0.0017937477229847953,EUTELSAT 7A
2025-06-29T01:54:04.888901,-40882.84455071268,9646.049086970996,3636.219276663988,-0.7067489700536178,-2.992525626833475,-0.0029540787260948008,EUTELSAT 7A
2025-06-29T01:55:04.888901,-40924.856986490675,9466.40939602507,3636.0081435236193,-0.6936968169906059,-2.995574960518739,-0.00411435176467155,EUTELSAT 7A
2025-06-29T01:56:04.888901,-40966.08590950167,9286.58846968179,3635.7274018866356,-0.6806314056894326,-2.9985669382686266,-0.005274544623233844,EUTELSAT 7A
2025-06-29T01:57:04.888901,-41006.53053177857,9106.589750946587,3635.377057210876,-0.6675529863689741,-3.0015015029925625,-0.006434635087979498,EUTELSAT 7A
2025-06-29T01:58:04.888901,-41046.1900803745,8926.41668621771,3634.957116286853,-0.6544618094955404,-3.004378598699982,-0.007594600947206462,EUTELSAT 7A
2025-06-29T01:59:04.888901,-41085.06379737764,8746.072725219197,3634.4675872376024,-0.6413581257780039,-3.00719817050141,-0.008754419991744332,EUTELSAT 7A
2025-06-29T02:00:04.888901,-41123.15093992556,8565.561320935776,3633.90847951853,-0.62824218616306,-3.009960164609476,-0.009914070015373496,EUTELSAT 7A
2025-06-29T02:01:04.888901,-41160.450780219275,8384.885929546002,3633.279803917212,-0.6151142418303676,-3.0126645283399447,-0.011073528815255262,EUTELSAT 7A
2025-06-29T02:02:04.888901,-41196.962605537185,8204.050010356477,3632.581572553186,-0.6019745441877616,-3.0153112101127,-0.012232774192354372,EUTELSAT 7A
2025-06-29T02:03:04.888901,-41232.68571824867,8023.057025735062,3631.813798877711,-0.588823344866396,-3.0179001594527284,-0.013391783951867839,EUTELSAT 7A
2025-06-29T02:04:04.888901,-41267.619435827146,7841.910441045136,3630.9764976734955,-0.5756608957159619,-3.0204313269910594,-0.014550535903645852,EUTELSAT 7A
2025-06-29T02:05:04.888901,-41301.7630908632,7660.613724578693,3630.069685054406,-0.5624874487998226,-3.0229046644657096,-0.01570900786262074,EUTELSAT 7A
2025-06-29T02:06:04.888901,-41335.11603107724,7479.17034749038,3629.093378465167,-0.5493032563902128,-3.025320124722572,-0.016867177649228626,EUTELSAT 7A
2025-06-29T02:07:04.888901,-41367.677619331764,7297.583783730679,3628.047596680987,-0.536108570963382,-3.0276776617163255,-0.01802502308983633,EUTELSAT 7A
2025-06-29T02:08:04.888901,-41399.447233643616,7115.857509979417,3626.932359807221,-0.5229036451947577,-3.0299772305112875,-0.019182522017165856,EUTELSAT 7A
2025-06-29T02:09:04.888901,-41430.424267195755,6933.995005578848,3625.747689278955,-0.5096887319540762,-3.0322187872822677,-0.02033965227072073,EUTELSAT 7A
2025-06-29T02:10:04.888901,-41460.608128348635,6751.999752467995,3624.4936078606033,-0.4964640843006096,-3.034402289315381,-0.02149639169720483,EUTELSAT 7A
2025-06-29T02:11:04.888901,-41489.998240651585,6569.875235114728,3623.170139645449,-0.4832299554782254,-3.0365276950088633,-0.02265271815095372,EUTELSAT 7A
2025-06-29T02:12:04.888901,-41518.5940428537,6387.624940449523,3621.7773100551835,-0.4699865989105678,-3.0385949638738485,-0.02380860949435602,EUTELSAT 7A
2025-06-29T02:13:04.888901,-41546.39498891442,6205.252357799374,3620.3151458394173,-0.4567342681962518,-3.040604056535116,-0.02496404359827285,EUTELSAT 7A
2025-06-29T02:14:04.888901,-41573.40054801393,6022.7609788196505,3618.7836750751367,-0.443473217103908,-3.0425549347318506,-0.026118998342470022,EUTELSAT 7A
2025-06-29T02:15:04.888901,-41599.61020456328,5840.154297427862,3617.1829271661773,-0.43020369956736365,-3.0444475613183477,-0.027273451616037326,EUTELSAT 7A
2025-06-29T02:16:04.888901,-41625.02345821397,5657.43580973726,3615.5129328426497,-0.41692596968081624,-3.046281900264704,-0.028427381317808982,EUTELSAT 7A
2025-06-29T02:17:04.888901,-41649.639823867656,5474.609013988701,3613.773724160336,-0.40364028169387556,-3.0480579166575072,-0.0295807653567942,EUTELSAT 7A
2025-06-29T02:18:04.888901,-41673.45883168511,5291.67741048463,3611.9653345000697,-0.39034689000676476,-3.049775576700474,-0.03073358165259357,EUTELSAT 7A
2025-06-29T02:19:04.888901,-41696.48002709527,5108.644501521569,3610.0877985670895,-0.3770460491654095,-3.0514348477150905,-0.03188580813582562,EUTELSAT 7A
2025-06-29T02:20:04.888901,-41718.702970803715,4925.513791323346,3608.141152390367,-0.3637380138565831,-3.0530356981412208,-0.033037422748546874,EUTELSAT 7A
2025-06-29T02:21:04.888901,-41740.12723880112,4742.288785973297,3606.1254333219,-0.3504230389029743,-3.0545780975376906,-0.034188403444678606,EUTELSAT 7A
2025-06-29T02:22:04.888901,-41760.752422371115,4558.972993348031,3604.0406800360006,-0.3371013792583725,-3.0560620165828607,-0.0353387281904236,EUTELSAT 7A
2025-06-29T02:23:04.888901,-41780.578128098045,4375.56992304965,3601.8869325285355,-0.32377329000273786,-3.057487427075171,-0.036488374964691296,EUTELSAT 7A
2025-06-29T02:24:04.888901,-41799.60397787445,4192.083086338636,3599.664232116162,-0.31043902633732107,-3.058854301933663,-0.03763732175951901,EUTELSAT 7A
2025-06-29T02:25:04.888901,-41817.829608908134,4008.5159960667925,3597.3726214355156,-0.29709884357978616,-3.0601626151984838,-0.038785546580492165,EUTELSAT 7A
2025-06-29T02:26:04.888901,-41835.25467372903,3824.872166609503,3595.0121444423944,-0.2837529971592855,-3.061412342031365,-0.03993302744716808,EUTELSAT 7A
2025-06-29T02:27:04.888901,-41851.87884019577,3641.1551137990436,3592.5828464109063,-0.2704017426116102,-3.062603458716089,-0.0410797423934933,EUTELSAT 7A
2025-06-29T02:28:04.888901,-41867.70179150186,3457.368354856731,3590.0847739325905,-0.2570453355742551,-3.063735942658916,-0.04222566946822698,EUTELSAT 7A
2025-06-29T02:29:04.888901,-41882.72322618167,3273.51540832604,3587.5179749155213,-0.24368403178155734,-3.0648097723890126,-0.0433707867353584,EUTELSAT 7A
2025-06-29T02:30:04.888901,-41896.942858116156,3089.599794004561,3584.8824985833758,-0.23031808705974646,-3.0658249275588387,-0.04451507227453076,EUTELSAT 7A
2025-06-29T02:31:04.888901,-41910.36041653811,2905.625032877328,3582.1783954744915,-0.2169477573220984,-3.066781388944526,-0.045658504181456866,EUTELSAT 7A
2025-06-29T02:32:04.888901,-41922.975646037354,2721.5946470489735,3579.405717440881,-0.20357329856400005,-3.067679138446223,-0.04680106056834002,EUTELSAT 7A
2025-06-29T02:33:04.888901,-41934.78830656547,2537.512159676112,3576.5645176472362,-0.19019496685803497,-3.068518159088436,-0.047942719564295175,EUTELSAT 7A
2025-06-29T02:34:04.888901,-41945.798173440235,2353.3810949003578,3573.6548505698997,-0.17681301834911092,-3.069298435020328,-0.049083459315763564,EUTELSAT 7A
2025-06-29T02:35:04.888901,-41956.0050373499,2169.204977780509,3570.676771995812,-0.16342770924953123,-3.070019951516013,-0.050223257986933785,EUTELSAT 7A
2025-06-29T02:36:04.888901,-41965.408704357054,1984.9873342250132,3567.630339021435,-0.15003929583408165,-3.0706826949748183,-0.051362093760159426,EUTELSAT 7A
2025-06-29T02:37:04.888901,-41974.008995902135,1800.7316909248325,3564.515610051654,-0.13664803443515156,-3.0712866529215277,-0.05249994483637479,EUTELSAT 7A
2025-06-29T02:38:04.888901,-41981.805748806895,1616.441575285322,3561.332644798644,-0.12325418143777887,-3.071831814006609,-0.053636789435515274,EUTELSAT 7A
2025-06-29T02:39:04.888901,-41988.79881527734,1432.1205153592725,3558.0815042807258,-0.10985799327478306,-3.072318168006409,-0.054772605796930884,EUTELSAT 7A
2025-06-29T02:40:04.888901,-41994.98806290643,1247.7720397787039,3554.7622508211757,-0.09645972642180552,-3.072745705823337,-0.05590737217980681,EUTELSAT 7A
2025-06-29T02:41:04.888901,-42000.37337467646,1063.3996776883296,3551.374948047046,-0.08305963739247285,-3.0731144194860223,-0.057041066863572555,EUTELSAT 7A
2025-06-29T02:42:04.888901,-42004.95464896136,879.0069586764213,3547.919660887905,-0.06965798273336846,-3.0734243021494487,-0.0581736681483282,EUTELSAT 7A
2025-06-29T02:43:04.888901,-42008.731799528294,694.5974127088841,3544.396455574623,-0.056255019019242195,-3.073675348095071,-0.05930515435524839,EUTELSAT 7A
2025-06-29T02:44:04.888901,-42011.70475553944,510.17457006038177,3540.8053996380645,-0.04285100284800047,-3.073867552730908,-0.06043550382700596,EUTELSAT 7A
2025-06-29T02:45:04.888901,-42013.873461553005,325.74196124783987,3537.1465619078085,-0.029446190835873576,-3.0740009125916123,-0.06156469492817924,EUTELSAT 7A
2025-06-29T02:46:04.888901,-42015.23787752434,141.3031169619798,3533.420012510808,-0.016040839612436696,-3.0740754253385214,-0.06269270604567125,EUTELSAT 7A
2025-06-29T02:47:04.888901,-42015.79797880653,-43.13843200040987,3529.6258228700353,-0.0026352058156871574,-3.0740910897596874,-0.06381951558912434,EUTELSAT 7A
2025-06-29T02:48:04.888901,-42015.55375615077,-227.57915480297203,3525.7640657031284,0.010770453912790799,-3.0740479057698815,-0.06494510199132639,EUTELSAT 7A
2025-06-29T02:49:04.888901,-42014.50521570642,-412.0155206383302,3521.8348150209654,0.02417588293280905,-3.073945874410582,-0.06606944370862934,EUTELSAT 7A
2025-06-29T02:50:04.888901,-42012.65237902072,-596.4439987954938,3517.8381461262525,0.037580824610476404,-3.0737849978499323,-0.06719251922136021,EUTELSAT 7A
2025-06-29T02:51:04.888901,-42009.99528303841,-780.8610587272165,3513.774135612072,0.050985022323094306,-3.0735652793826924,-0.06831430703423104,EUTELSAT 7A
2025-06-29T02:52:04.888901,-42006.53398010077,-965.2631701179782,3509.642861360399,0.06438821946409995,-3.0732867234301495,-0.06943478567675322,EUTELSAT 7A
2025-06-29T02:53:04.888901,-42002.26853794456,-1149.6468029510554,3505.444402540616,0.07779015944794161,-3.072949335540022,-0.07055393370364421,EUTELSAT 7A
2025-06-29T02:54:04.888901,-41997.1990397006,-1334.0084275767954,3501.178839607972,0.09119058571504203,-3.072553122386337,-0.07167172969524291,EUTELSAT 7A
2025-06-29T02:55:04.888901,-41991.32558389208,-1518.344514779314,3496.846254302051,0.10458924173664624,-3.0720980917692873,-0.07278815225791321,EUTELSAT 7A
2025-06-29T02:56:04.888901,-41984.648284432595,-1702.6515358447011,3492.4467296451885,0.11798587101978046,-3.071584252615058,-0.07390318002445811,EUTELSAT 7A
2025-06-29T02:57:04.888901,-41977.167270623715,-1886.9259626287642,3487.9803499408636,0.13138021711217626,-3.071011614975648,-0.07501679165452867,EUTELSAT 7A
2025-06-29T02:58:04.888901,-41968.882687152574,-2071.164267623816,3483.4472007721,0.14477202360712532,-3.070380190028657,-0.07612896583502832,EUTELSAT 7A
2025-06-29T02:59:04.888901,-41959.7946940889,-2255.362924026438,3478.8473689998073,0.15816103414840485,-3.0696899900770553,-0.07723968128052158,EUTELSAT 7A
2025-06-29T03:00:04.888901,-41949.90346688181,-2439.5184058057102,3474.180942761099,0.17154699243523797,-3.068941028548933,-0.07834891673364577,EUTELSAT 7A
2025-06-29T03:01:04.888901,-41939.209196356365,-2623.6271877697823,3469.4480114676107,0.1849296422271325,-3.068133319997226,-0.07945665096551212,EUTELSAT 7A
2025-06-29T03:02:04.888901,-41927.712088709835,-2807.685745633605,3464.648665803782,0.1983087273488036,-3.0672668800994174,-0.08056286277611253,EUTELSAT 7A
2025-06-29T03:03:04.888901,-41915.41236550762,-2991.690556086985,3459.782997725093,0.2116839916951211,-3.066341725657227,-0.08166753099472981,EUTELSAT 7A
2025-06-29T03:04:04.888901,-41902.31026367884,-3175.6380968611484,3454.8511004563165,0.2250551792359473,-3.065357874596268,-0.08277063448033609,EUTELSAT 7A
2025-06-29T03:05:04.888901,-41888.406035511834,-3359.5248467965043,3449.853068489722,0.23842203402106352,-3.064315345965692,-0.08387215212200004,EUTELSAT 7A
2025-06-29T03:06:04.888901,-41873.699948649024,-3543.3472859105605,3444.7889975832372,0.25178430018510434,-3.0632141599378038,-0.08497206283929334,EUTELSAT 7A
2025-06-29T03:07:04.888901,-41858.192286081845,-3727.1018954642745,3439.6589847586397,0.2651417219523821,-3.0620543378076595,-0.08607034558268765,EUTELSAT 7A
2025-06-29T03:08:04.888901,-41841.883346145056,-3910.7851580305337,3434.463128299652,0.27849404364186386,-3.060835901992645,-0.08716697933396392,EUTELSAT 7A
2025-06-29T03:09:04.888901,-41824.77344251109,-4094.393557560614,3429.2015277500886,0.2918410096720013,-3.059558876032026,-0.08826194310660943,EUTELSAT 7A
2025-06-29T03:10:04.888901,-41806.8629041838,-4277.923579451779,3423.874283911923,0.30518236456564435,-3.0582232845864863,-0.08935521594622013,EUTELSAT 7A
2025-06-29T03:11:04.888901,-41788.15207549215,-4461.371710614538,3418.481498843353,0.3185178529549288,-3.056829153437636,-0.0904467769309023,EUTELSAT 7A
2025-06-29T03:12:04.888901,-41768.64131608342,-4644.734439540086,3413.023275856836,0.3318472195861784,-3.055376509487499,-0.09153660517167249,EUTELSAT 7A
2025-06-29T03:13:04.888901,-41748.33100091628,-4828.008256367011,3407.4997195171127,0.3451702093247535,-3.0538653807579914,-0.09262467981285544,EUTELSAT 7A
2025-06-29T03:14:04.888901,-41727.22152025342,-5011.189652949321,3401.9109356391723,0.3584865671599939,-3.0522957963903523,-0.09371098003248654,EUTELSAT 7A
2025-06-29T03:15:04.888901,-41705.31327965407,-5194.275122922593,3396.257031286255,0.3717960382100268,-3.0506677866445866,-0.09479548504270473,EUTELSAT 7A
2025-06-29T03:16:04.888901,-41682.60669996604,-5377.261161771507,3390.5381147677695,0.38509836772667605,-3.048981382898862,-0.09587817409015247,EUTELSAT 7A
2025-06-29T03:17:04.888901,-41659.10221731763,-5560.144266897284,3384.754295637213,0.39839330110036025,-3.0472366176488874,-0.09695902645637425,EUTELSAT 7A
2025-06-29T03:18:04.888901,-41634.80028310903,-5742.920937684192,3378.9056846900694,0.4116805838649304,-3.0454335245072808,-0.09803802145820982,EUTELSAT 7A
2025-06-29T03:19:04.888901,-41609.70136400377,-5925.587675566516,3372.992393961697,0.42495996170253253,-3.0435721382029124,-0.09911513844818995,EUTELSAT 7A
2025-06-29T03:20:04.888901,-41583.8059419195,-6108.140984096192,3367.014536725136,0.43823118044852494,-3.041652494580212,-0.10019035681493389,EUTELSAT 7A
2025-06-29T03:21:04.888901,-41557.1145140187,-6290.577369009041,3360.9722274889637,0.45149398609629177,-3.0396746305984763,-0.10126365598354062,EUTELSAT 7A
2025-06-29T03:22:04.888901,-41529.62759269914,-6472.893338291642,3354.8655819950977,0.4647481248021024,-3.037638584331146,-0.10233501541598139,EUTELSAT 7A
2025-06-29T03:23:04.888901,-41501.34570558386,-6655.085402248648,3348.694717216547,0.47799334289000195,-3.03554439496505,-0.10340441461149526,EUTELSAT 7A
2025-06-29T03:24:04.888901,-41472.26939551097,-6837.15007356902,3342.459751355185,0.49122938685662637,-3.033392102799654,-0.10447183310697841,EUTELSAT 7A
2025-06-29T03:25:04.888901,-41442.39922052316,-7019.08386739337,3336.1608038394647,0.5044560033760961,-3.0311817492462607,-0.10553725047737779,EUTELSAT 7A
2025-06-29T03:26:04.888901,-41411.73575385698,-7200.883301379868,3329.797995322146,0.5176729393048026,-3.028913376827208,-0.10660064633607773,EUTELSAT 7A
2025-06-29T03:27:04.888901,-41380.27958393166,-7382.544895771527,3323.3714476779573,0.5308799416863016,-3.0265870291750336,-0.10766200033529277,EUTELSAT 7A
2025-06-29T03:28:04.888901,-41348.03131433773,-7564.065173462771,3316.881284001254,0.5440767577561462,-3.0242027510316256,-0.10872129216645704,EUTELSAT 7A
2025-06-29T03:29:04.888901,-41314.99156382542,-7745.4406600654165,3310.32762860367,0.5572631349466866,-3.021760588247356,-0.10977850156060881,EUTELSAT 7A
2025-06-29T03:30:04.888901,-41281.16096629271,-7926.667883975619,3303.710607011724,0.5704388208919279,-3.019260587780177,-0.11083360828878028,EUTELSAT 7A
2025-06-29T03:31:04.888901,-41246.540170773,-8107.743376440337,3297.030345964396,0.5836035634323669,-3.016702797694715,-0.111886592162385,EUTELSAT 7A
2025-06-29T03:32:04.888901,-41211.12984142269,-8288.663671623164,3290.2869734107226,0.5967571106197698,-3.0140872671613295,-0.11293743303359983,EUTELSAT 7A
2025-06-29T03:33:04.888901,-41174.93065750823,-8469.4253066715,3283.4806185073007,0.6098992107220563,-3.0114140464551564,-0.11398611079575544,EUTELSAT 7A
2025-06-29T03:34:04.888901,-41137.94331339323,-8650.024821781823,3276.6114116158533,0.6230296122280399,-3.00868318695513,-0.11503260538371443,EUTELSAT 7A
2025-06-29T03:35:04.888901,-41100.168518524675,-8830.458760267047,3269.679484300669,0.6361480638523245,-3.005894741142985,-0.11607689677426167,EUTELSAT 7A
2025-06-29T03:36:04.888901,-41061.606997419665,-9010.72366862147,3262.6849693261383,0.6492543145400219,-3.0030487626022344,-0.11711896498648007,EUTELSAT 7A
2025-06-29T03:37:04.888901,-41022.25948965114,-9190.816096587547,3255.6280006541588,0.6623481134716042,-3.0001453060171324,-0.11815879008213574,EUTELSAT 7A
2025-06-29T03:38:04.888901,-40982.12674983381,-9370.732597221657,3248.5087134415908,0.6754292100676796,-2.9971844271716055,-0.11919635216605849,EUTELSAT 7A
2025-06-29T03:39:04.888901,-40941.20954760942,-9550.469726960277,3241.3272440376404,0.6884973539938061,-2.9941661829481747,-0.12023163138652238,EUTELSAT 7A
2025-06-29T03:40:04.888901,-40899.50866763205,-9730.024045685577,3234.0837299812615,0.7015522951652512,-2.9910906313268484,-0.12126460793562382,EUTELSAT 7A
2025-06-29T03:41:04.888901,-40857.02490955297,-9909.392116791489,3226.778309998503,0.7145937837517949,-2.987957831383992,-0.12229526204966103,EUTELSAT 7A
2025-06-29T03:42:04.888901,-40813.75908800504,-10088.570507249586,3219.411123999836,0.7276215701825169,-2.9847678432911895,-0.12332357400951292,EUTELSAT 7A
2025-06-29T03:43:04.888901,-40769.712032587384,-10267.555787673906,3211.982313077513,0.740635405150504,-2.9815207283140763,-0.12434952414101007,EUTELSAT 7A
2025-06-29T03:44:04.888901,-40724.88458784908,-10446.344532387511,3204.492019502807,0.7536350396176883,-2.978216548811148,-0.12537309281531686,EUTELSAT 7A
2025-06-29T03:45:04.888901,-40679.277613273014,-10624.933319487624,3196.940386723313,0.766620224819576,-2.9748553682325505,-0.12639426044930366,EUTELSAT 7A
2025-06-29T03:46:04.888901,-40632.89198325923,-10803.318730911444,3189.327559360169,0.7795907122700333,-2.9714372511188443,-0.12741300750592258,EUTELSAT 7A
2025-06-29T03:47:04.888901,-40585.728587108264,-10981.497352500644,3181.653683205315,0.7925462537659688,-2.9679622630997735,-0.12842931449457648,EUTELSAT 7A
2025-06-29T03:48:04.888901,-40537.788329003895,-11159.465774067658,3173.918905218671,0.8054866013921499,-2.964430470892974,-0.12944316197149588,EUTELSAT 7A
2025-06-29T03:49:04.888901,-40489.07212799568,-11337.220589460576,3166.1233735253136,0.818411507525917,-2.9608419423026855,-0.1304545305401086,EUTELSAT 7A
2025-06-29T03:50:04.888901,-40439.580917981446,-11514.758396627843,3158.2672374126614,0.8313207248418861,-2.9571967462184547,-0.1314634008514083,EUTELSAT 7A
2025-06-29T03:51:04.888901,-40389.31564768911,-11692.075797684129,3150.3506473275725,0.844214006316731,-2.9534949526137764,-0.13246975360432736,EUTELSAT 7A
2025-06-29T03:52:04.888901,-40338.2772806585,-11869.169398974962,3142.3737548734807,0.8570911052338789,-2.9497366325447514,-0.1334735695461041,EUTELSAT 7A
2025-06-29T03:53:04.888901,-40286.466795222856,-12046.035811141188,3134.336712807494,0.869951775188196,-2.9459218581487248,-0.134474829472648,EUTELSAT 7A
2025-06-29T03:54:04.888901,-40233.8851844899,-12222.671649184744,3126.2396750374364,0.8827957700907613,-2.9420507026428604,-0.13547351422891124,EUTELSAT 7A
2025-06-29T03:55:04.888901,-40180.533456322824,-12399.073532532544,3118.082796618923,0.895622844173511,-2.938123240322753,-0.13646960470924996,EUTELSAT 7A
2025-06-29T03:56:04.888901,-40126.412633320884,-12575.238085101344,3109.8662337523792,0.9084327519939492,-2.9341395465609814,-0.13746308185779024,EUTELSAT 7A
2025-06-29T03:57:04.888901,-40071.52375279955,-12751.161935363196,3101.59014378001,0.9212252484399004,-2.9300996978056326,-0.1384539266687964,EUTELSAT 7A
2025-06-29T03:58:04.888901,-40015.86786677084,-12926.841716408318,3093.254685182841,0.9340000887340809,-2.92600377157886,-0.1394421201870255,EUTELSAT 7A
2025-06-29T03:59:04.888901,-39959.44604192286,-13102.274066010861,3084.86001757763,0.946757028438872,-2.9218518464753553,-0.14042764350809656,EUTELSAT 7A
2025-06-29T04:00:04.888901,-39902.259359599346,-13277.455626692716,3076.4063017138255,0.9594958234609562,-2.917644002160841,-0.14141047777884846,EUTELSAT 7A
2025-06-29T04:01:04.888901,-39844.308915779024,-13452.38304578726,3067.8936994704945,0.9722162300559494,-2.9133803193705377,-0.142390604197698,EUTELSAT 7A
2025-06-29T04:02:04.888901,-39785.595821054165,-13627.052975504648,3059.322373853177,0.9849180048331398,-2.9090608799075826,-0.14336800401500444,EUTELSAT 7A
2025-06-29T04:03:04.888901,-39726.12120060952,-13801.46207299488,3050.69248899079,0.9976009047600748,-2.9046857666414714,-0.14434265853342312,EUTELSAT 7A
2025-06-29T04:04:04.888901,-39665.88619420081,-13975.607000411603,3042.0042101325057,1.0102646871671852,-2.900255063506455,-0.14531454910826005,EUTELSAT 7A
2025-06-29T04:05:04.888901,-39604.89195613234,-14149.484424976923,3033.25770364451,1.0229091097525058,-2.8957688554999037,-0.1462836571478353,EUTELSAT 7A
2025-06-29T04:06:04.888901,-39543.13965523527,-14323.091019044132,3024.453137006883,1.0355339305862221,-2.8912272286806866,-0.1472499641138309,EUTELSAT 7A
2025-06-29T04:07:04.888901,-39480.63047484492,-14496.423460161965,3015.590678810348,1.0481389081153376,-2.8866302701674917,-0.14821345152164817,EUTELSAT 7A
2025-06-29T04:08:04.888901,-39417.36561277802,-14669.478431137904,3006.6704987530397,1.0607238011682798,-2.8819780681371583,-0.14917410094076022,EUTELSAT 7A
2025-06-29T04:09:04.888901,-39353.346281309714,-14842.252620101832,2997.69276763726,1.0732883689595138,-2.8772707118229626,-0.15013189399506358,EUTELSAT 7A
2025-06-29T04:10:04.888901,-39288.573707150375,-15014.742720568878,2988.6576573662137,1.0858323710941133,-2.872508291512911,-0.1510868123632273,EUTELSAT 7A
2025-06-29T04:11:04.888901,-39223.049131421896,-15186.945431503085,2979.5653409406887,1.0983555675723815,-2.867690898547991,-0.15203883777904434,EUTELSAT 7A
2025-06-29T04:12:04.888901,-39156.773809633836,-15358.85745738049,2970.415992455749,1.1108577187944342,-2.8628186253204024,-0.15298795203178048,EUTELSAT 7A
2025-06-29T04:13:04.888901,-39089.74901165936,-15530.47550825199,2961.209787097397,1.123338585564765,-2.8578915652717862,-0.15393413696652078,EUTELSAT 7A
2025-06-29T04:14:04.888901,-39021.976021710776,-15701.796299806425,2951.946901139209,1.1357979290968285,-2.852909812891412,-0.15487737448451683,EUTELSAT 7A
2025-06-29T04:15:04.888901,-38953.45613831506,-15872.816553432902,2942.6275119389834,1.1482355110175626,-2.847873463714379,-0.15581764654352953,EUTELSAT 7A
2025-06-29T04:16:04.888901,-38884.190674288475,-16043.532996284557,2933.2517979352783,1.1606510933720233,-2.842782614319732,-0.15675493515817976,EUTELSAT 7A
2025-06-29T04:17:04.888901,-38814.18095671192,-16213.942361339617,2923.819938644072,1.1730444386278194,-2.83763736232865,-0.15768922240028246,EUTELSAT 7A
2025-06-29T04:18:04.888901,-38743.42832690482,-16384.041387465564,2914.332114655233,1.185415309679769,-2.8324378064025155,-0.15862049039919845,EUTELSAT 7A
2025-06-29T04:19:04.888901,-38671.93414039995,-16553.82681947999,2904.788507629139,1.197763469854322,-2.827184046241053,-0.1595487213421671,EUTELSAT 7A
2025-06-29T04:20:04.888901,-38599.69976691711,-16723.29540821342,2895.1893002931592,1.2100886829141222,-2.8218761825803966,-0.16047389747464977,EUTELSAT 7A
2025-06-29T04:21:04.888901,-38526.72659033666,-16892.4439105721,2885.534676438121,1.222390713062566,-2.8165143171911233,-0.16139600110067126,EUTELSAT 7A
2025-06-29T04:22:04.888901,-38453.0160086734,-17061.269089598623,2875.824820914858,1.2346693249482035,-2.8110985528763375,-0.16231501458315084,EUTELSAT 7A
2025-06-29T04:23:04.888901,-38378.56943404902,-17229.767714535443,2866.059919630572,1.2469242836693588,-2.80562899346964,-0.16323092034424705,EUTELSAT 7A
2025-06-29T04:24:04.888901,-38303.38829266583,-17397.936560885097,2856.240159545369,1.2591553547784933,-2.800105743833174,-0.16414370086568483,EUTELSAT 7A
2025-06-29T04:25:04.888901,-38227.47402477881,-17565.772410472742,2846.365728668616,1.2713623042867526,-2.7945289098555826,-0.16505333868909433,EUTELSAT 7A
2025-06-29T04:26:04.888901,-38150.82808466805,-17733.272051507527,2836.4368160553454,1.2835448986684221,-2.7888985984499692,-0.1659598164163433,EUTELSAT 7A
2025-06-29T04:27:04.888901,-38073.451940610896,-17900.432278644057,2826.4536118026394,1.2957029048653914,-2.7832149175518395,-0.16686311670986906,EUTELSAT 7A
2025-06-29T04:28:04.888901,-37995.34707485381,-18067.249893043314,2816.416307045984,1.3078360902915773,-2.7774779761170354,-0.16776322229300783,EUTELSAT 7A
2025-06-29T04:29:04.888901,-37916.51498358379,-18233.72170243429,2806.3250939556106,1.3199442228373994,-2.771687884119622,-0.16866011595032604,EUTELSAT 7A
2025-06-29T04:30:04.888901,-37836.957176899676,-18399.8445211748,2796.1801657327937,1.3320270708741964,-2.7658447525497754,-0.16955378052794823,EUTELSAT 7A
2025-06-29T04:31:04.888901,-37756.675178783196,-18565.615170312467,2785.981716606164,1.3440844032586525,-2.7599486934116446,-0.17044419893388396,EUTELSAT 7A
2025-06-29T04:32:04.888901,-37675.67052706986,-18731.03047764493,2775.729941828007,1.3561159893371761,-2.7539998197212183,-0.171331354138352,EUTELSAT 7A
2025-06-29T04:33:04.888901,-37593.94477341909,-18896.087277781553,2765.425037670472,1.3681215989503708,-2.7479982455041077,-0.17221522917410903,EUTELSAT 7A
2025-06-29T04:34:04.888901,-37511.49948328477,-19060.78241220302,2755.0672014218494,1.3801010024373717,-2.7419440857933886,-0.17309580713677,EUTELSAT 7A
2025-06-29T04:35:04.888901,-37428.33623588507,-19225.112729322074,2744.6566313827825,1.3920539706402473,-2.735837456627373,-0.17397307118513147,EUTELSAT 7A
2025-06-29T04:36:04.888901,-37344.45662417203,-19389.075084543965,2734.193526862444,1.4039802749084012,-2.729678475047374,-0.17484700454149435,EUTELSAT 7A
2025-06-29T04:37:04.888901,-37259.86225480125,-19552.666340326028,2723.678088174756,1.4158796871028825,-2.7234672590954654,-0.17571759049198052,EUTELSAT 7A
2025-06-29T04:38:04.888901,-37174.55474810079,-19715.883366238144,2713.1105166345174,1.4277519796007905,-2.7172039278122004,-0.1765848123868546,EUTELSAT 7A
2025-06-29T04:39:04.888901,-37088.53573804038,-19878.723039022174,2702.4910145535796,1.4395969252995793,-2.710888601234334,-0.177448653640839,EUTELSAT 7A
2025-06-29T04:40:04.888901,-37001.806872199566,-20041.182242652438,2691.819785236913,1.4514142976214541,-2.7045214003924887,-0.17830909773343417,EUTELSAT 7A
2025-06-29T04:41:04.888901,-36914.369811736775,-20203.257868393983,2681.097032978791,1.4632038705176063,-2.698102447308869,-0.1791661282092273,EUTELSAT 7A
2025-06-29T04:42:04.888901,-36826.22623135691,-20364.946814863284,2670.322963058813,1.474965418472608,-2.6916318649948736,-0.18001972867821214,EUTELSAT 7A
2025-06-29T04:43:04.888901,-36737.37781927943,-20526.245988086757,2659.4977817379954,1.4866987165086722,-2.6851097774487553,-0.18086988281609784,EUTELSAT 7A
2025-06-29T04:44:04.888901,-36647.826277206026,-20687.15230155998,2648.6216962548297,1.498403540189952,-2.6785363096532366,-0.18171657436462055,EUTELSAT 7A
2025-06-29T04:45:04.888901,-36557.573320287585,-20847.662676307442,2637.6949148212593,1.5100796656268705,-2.671911587573074,-0.18255978713185744,EUTELSAT 7A
2025-06-29T04:46:04.888901,-36466.62067709187,-21007.774040940207,2626.7176466187707,1.5217268694803159,-2.665235738152687,-0.18339950499252866,EUTELSAT 7A
2025-06-29T04:47:04.888901,-36374.970089570124,-21167.48333171516,2615.6901017943437,1.533344928965939,-2.6585088893136968,-0.18423571188830842,EUTELSAT 7A
2025-06-29T04:48:04.888901,-36282.62331302336,-21326.787492593994,2604.6124914564048,1.5449336218584375,-2.651731169952446,-0.18506839182813267,EUTELSAT 7A
2025-06-29T04:49:04.888901,-36189.582116069214,-21485.683475300822,2593.485027670833,1.556492726495736,-2.64490270993756,-0.18589752888850003,EUTELSAT 7A
2025-06-29T04:50:04.888901,-36095.84828060747,-21644.168239381284,2582.3079234568395,1.5680220217832828,-2.6380236401074084,-0.18672310721377963,EUTELSAT 7A
2025-06-29T04:51:04.888901,-36001.42360178634,-21802.238752259924,2571.081392782934,1.5795212871982085,-2.6310940922676305,-0.1875451110165097,EUTELSAT 7A
2025-06-29T04:52:04.888901,-35906.30988796788,-21959.89198929843,2559.8056505628165,1.5909903027935621,-2.6241141991885844,-0.18836352457769967,EUTELSAT 7A
2025-06-29T04:53:04.888901,-35810.50896069328,-22117.12493385341,2548.4809126512528,1.6024288492024978,-2.6170840946028027,-0.1891783322471299,EUTELSAT 7A
2025-06-29T04:54:04.888901,-35714.022654647815,-22273.93457733444,2537.107395839916,1.6138367076424955,-2.610003913202399,-0.18998951844365178,EUTELSAT 7A
2025-06-29T04:55:04.888901,-35616.852817626095,-22430.31791926052,2525.6853178533056,1.625213659919459,-2.6028737906365325,-0.1907970676554796,EUTELSAT 7A
2025-06-29T04:56:04.888901,-35519.00131049602,-22586.271967318717,2514.214897344489,1.6365594884319676,-2.5956938635087456,-0.1916009644404925,EUTELSAT 7A
2025-06-29T04:57:04.888901,-35420.470007140924,-22741.793737456013,2502.6963538883324,1.6478739761779575,-2.588464269372712,-0.1924011934267072,EUTELSAT 7A
2025-06-29T04:58:04.888901,-35321.26079451392,-22896.880253794283,2491.1299079878327,1.65915690674852,-2.581185146736222,-0.19319773931184023,EUTELSAT 7A
2025-06-29T04:59:04.888901,-35221.37557246619,-23051.528548900897,2479.5157810540672,1.6704080643475852,-2.573856635048581,-0.19399058686469947,EUTELSAT 7A
2025-06-29T05:00:04.888901,-35120.81625380086,-23205.735663702737,2467.8541954125,1.6816272337856586,-2.566478874704556,-0.1947797209247397,EUTELSAT 7A
2025-06-29T05:01:04.888901,-35019.58476421366,-23359.4986475787,2456.1453742960744,1.6928142004865352,-2.559052007040009,-0.1955651264025365,EUTELSAT 7A
2025-06-29T05:02:04.888901,-34917.683042256416,-23512.814558415244,2444.389541840997,1.703968750491337,-2.5515761743292247,-0.19634678828006988,EUTELSAT 7A
2025-06-29T05:03:04.888901,-34815.11303929927,-23665.680462663822,2432.5869230823555,1.7150906704626832,-2.5440515197821267,-0.19712469161101626,EUTELSAT 7A
2025-06-29T05:04:04.888901,-34711.8767194936,-23818.093435396135,2420.737743949865,1.7261797476887002,-2.536478187541559,-0.19789882152102953,EUTELSAT 7A
2025-06-29T05:05:04.888901,-34607.976059734596,-23970.05056036001,2408.842231263552,1.7372357700870746,-2.528856322680524,-0.1986691632080238,EUTELSAT 7A
2025-06-29T05:06:04.888901,-34503.41304962295,-24121.548930035508,2396.900612729372,1.748258526209132,-2.5211860711993785,-0.19943570194245794,EUTELSAT 7A
2025-06-29T05:07:04.888901,-34398.18969142684,-24272.585645690357,2384.9131169348675,1.7592478052438567,-2.5134675800230357,-0.20019842306761493,EUTELSAT 7A
2025-06-29T05:08:04.888901,-34292.308000043755,-24423.157817435083,2372.8799733447963,1.770203397021897,-2.505700996998161,-0.20095731199988062,EUTELSAT 7A
2025-06-29T05:09:04.888901,-34185.77000296147,-24573.26256427878,2360.801412296718,1.7811250920196102,-2.4978864708903052,-0.2017123542290236,EUTELSAT 7A
2025-06-29T05:10:04.888901,-34078.57774021987,-24722.897014183178,2348.6776649966314,1.7920126813629922,-2.4900241513810983,-0.20246353531846692,EUTELSAT 7A
2025-06-29T05:11:04.888901,-33970.73326437083,-24872.05830411897,2336.508963514455,1.8028659568317633,-2.4821141890653053,-0.20321084090557048,EUTELSAT 7A
2025-06-29T05:12:04.888901,-33862.23864043997,-25020.743580118968,2324.2955407796994,1.8136847108632252,-2.4741567354480134,-0.20395425670189676,EUTELSAT 7A
2025-06-29T05:13:04.888901,-33753.09594588632,-25168.949997333766,2312.0376305769123,1.8244687365563053,-2.46615194294167,-0.2046937684934885,EUTELSAT 7A
2025-06-29T05:14:04.888901,-33643.30727056276,-25316.674720085583,2299.7354675412507,1.8352178276754638,-2.458099964863181,-0.20542936214113713,EUTELSAT 7A
2025-06-29T05:15:04.888901,-33532.87471667606,-25463.91492192244,2287.38928715398,1.845931778654626,-2.450000955430972,-0.20616102358065203,EUTELSAT 7A
2025-06-29T05:16:04.888901,-33421.800398746396,-25610.667785672435,2274.9993257379547,1.8566103846011237,-2.441855069762015,-0.20688873882312936,EUTELSAT 7A
2025-06-29T05:17:04.888901,-33310.086443567176,-25756.930503497108,2262.565820453117,1.8672534412995643,-2.4336624638688797,-0.20761249395521694,EUTELSAT 7A
2025-06-29T05:18:04.888901,-33197.73499016355,-25902.700276945878,2250.0890092919053,1.8778607452157907,-2.4254232946566914,-0.20833227513938235,EUTELSAT 7A
2025-06-29T05:19:04.888901,-33084.748189752376,-26047.97431700856,2237.569131074763,1.8884320935006826,-2.4171377199201802,-0.2090480686141723,EUTELSAT 7A
2025-06-29T05:20:04.888901,-32971.12820570047,-26192.749844169095,2225.0064254455438,1.8989672839940666,-2.4088058983406255,-0.2097598606944764,EUTELSAT 7A
2025-06-29T05:21:04.888901,-32856.877213482956,-26337.024088458966,2212.401132866877,1.9094661152285892,-2.4004279894827967,-0.21046763777179023,EUTELSAT 7A
2025-06-29T05:22:04.888901,-32741.99740064229,-26480.79428950932,2199.7534946156566,1.9199283864334968,-2.392004153791942,-0.2111713863144692,EUTELSAT 7A
2025-06-29T05:23:04.888901,-32626.490966745427,-26624.05769660472,2187.0637527783124,1.9303538975385466,-2.383534552590644,-0.2118710928679927,EUTELSAT 7A
2025-06-29T05:24:04.888901,-32510.36012334262,-26766.811568734593,2174.332150246286,1.9407424491777303,-2.3750193480757993,-0.21256674405521328,EUTELSAT 7A
2025-06-29T05:25:04.888901,-32393.607093924165,-26909.053174646662,2161.5589307112787,1.9510938426931612,-2.3664587033154416,-0.2132583265766181,EUTELSAT 7A
2025-06-29T05:26:04.888901,-32276.23411387852,-27050.77979289828,2148.744338660667,1.9614078801387935,-2.3578527822456627,-0.213945827210577,EUTELSAT 7A
2025-06-29T05:27:04.888901,-32158.243430449256,-27191.988711908656,2135.8886193727963,1.9716843642842201,-2.3492017496674635,-0.2146292328135958,EUTELSAT 7A
2025-06-29T05:28:04.888901,-32039.63730269146,-27332.677230011257,2122.9920189122317,1.9819230986184724,-2.340505771243547,-0.2153085303205696,EUTELSAT 7A
2025-06-29T05:29:04.888901,-31920.418001429567,-27472.842655504286,2110.0547841251605,1.9921238873536766,-2.3317650134952213,-0.21598370674502507,EUTELSAT 7A
2025-06-29T05:30:04.888901,-31800.587809212917,-27612.482306702972,2097.077162634572,2.002286535428869,-2.3229796437991466,-0.21665474917937352,EUTELSAT 7A
2025-06-29T05:31:04.888901,-31680.14902027226,-27751.593511990683,2084.0594028355367,2.0124108485136842,-2.314149830384139,-0.21732164479515448,EUTELSAT 7A
2025-06-29T05:32:04.888901,-31559.10394047609,-27890.173609869562,2071.0017538904863,2.0224966330120466,-2.3052757423279653,-0.21798438084327904,EUTELSAT 7A
2025-06-29T05:33:04.888901,-31437.4548872862,-28028.219949011753,2057.9044657244135,2.032543696065878,-2.296357549554087,-0.21864294465427375,EUTELSAT 7A
2025-06-29T05:34:04.888901,-31315.20418971341,-28165.729888309786,2044.7677890201032,2.0425518455587617,-2.287395422828408,-0.21929732363852084,EUTELSAT 7A
2025-06-29T05:35:04.888901,-31192.3541882729,-28302.70079692731,2031.5919752133173,2.0525208901196184,-2.2783895337559925,-0.21994750528649917,EUTELSAT 7A
2025-06-29T05:36:04.888901,-31068.90723493935,-28439.130054349105,2018.3772764879986,2.0624506391263426,-2.2693400547777913,-0.2205934771690211,EUTELSAT 7A
2025-06-29T05:37:04.888901,-30944.86569310205,-28575.015050431146,2005.123945771441,2.0723409027094357,-2.2602471591673297,-0.22123522693746905,EUTELSAT 7A
2025-06-29T05:38:04.888901,-30820.231937519573,-28710.353185450505,1991.8322367294543,2.0821914917556206,-2.2511110210273926,-0.22187274232403084,EUTELSAT 7A
2025-06-29T05:39:04.888901,-30695.008354274083,-28845.14187015515,1978.502403761489,2.092002217911465,-2.2419318152866743,-0.22250601114193383,EUTELSAT 7A
2025-06-29T05:40:04.888901,-30569.197340726005,-28979.3785258131,1965.1347019957918,2.1017728935869466,-2.2327097176964483,-0.22313502128567553,EUTELSAT 7A
2025-06-29T05:41:04.888901,-30442.801305467765,-29113.060584262003,1951.7293872845012,2.111503331959047,-2.223444904827178,-0.22375976073125498,EUTELSAT 7A
2025-06-29T05:42:04.888901,-30315.8226682779,-29246.1854879579,1938.2867161987701,2.1211933469752986,-2.214137554065148,-0.22438021753640078,EUTELSAT 7A
2025-06-29T05:43:04.888901,-30188.263860074625,-29378.75069002423,1924.8069460238453,2.1308427533573355,-2.204787843609069,-0.22499637984079893,EUTELSAT 7A
2025-06-29T05:44:04.888901,-30060.127322869386,-29510.753654300403,1911.2903347541553,2.14045136660442,-2.1953959524666513,-0.22560823586631776,EUTELSAT 7A
2025-06-29T05:45:04.888901,-29931.415509719754,-29642.191855390465,1897.7371410883363,2.15001900299698,-2.1859620604511742,-0.22621577391723377,EUTELSAT 7A
2025-06-29T05:46:04.888901,-29802.130884682952,-29773.062778710868,1884.147624424338,2.1595454796000664,-2.1764863481780634,-0.2268189823804515,EUTELSAT 7A
2025-06-29T05:47:04.888901,-29672.275922768436,-29903.363920538795,1870.5220448544324,2.169030614266872,-2.1669689970614194,-0.2274178497257261,EUTELSAT 7A
2025-06-29T05:48:04.888901,-29541.853109890213,-30033.09278806021,1856.8606631602006,2.1784742256422076,-2.157410189310518,-0.2280123645058834,EUTELSAT 7A
2025-06-29T05:49:04.888901,-29410.864942819924,-30162.246899416787,1843.1637408076274,2.187876133165918,-2.1478101079263756,-0.22860251535703502,EUTELSAT 7A
2025-06-29T05:50:04.888901,-29279.313929138203,-30290.823783754127,1829.4315399419945,2.1972361570763765,-2.13816893669818,-0.22918829099879814,EUTELSAT 7A
2025-06-29T05:51:04.888901,-29147.202587187494,-30418.820981268178,1815.6643233829698,2.2065541184138517,-2.128486860199833,-0.22976968023450645,EUTELSAT 7A
2025-06-29T05:52:04.888901,-29014.53344602309,-30546.236043252837,1801.8623546194788,2.2158298390239715,-2.118764063786359,-0.23034667195142614,EUTELSAT 7A
2025-06-29T05:53:04.888901,-28881.309045365495,-30673.066532146073,1788.0258978047655,2.2250631415610598,-2.109000733590415,-0.23091925512096442,EUTELSAT 7A
2025-06-29T05:54:04.888901,-28747.531935550895,-30799.310021577294,1774.155217751229,2.2342538494915796,-2.09919705651866,-0.23148741879888257,EUTELSAT 7A
2025-06-29T05:55:04.888901,-28613.204677482954,-30924.964096413005,1760.2505799254309,2.243401787097451,-2.0893532202482215,-0.23205115212550145,EUTELSAT 7A
2025-06-29T05:56:04.888901,-28478.329842583913,-31050.02635280296,1746.3122504430198,2.2525067794793934,-2.079469413223111,-0.23261044432590816,EUTELSAT 7A
2025-06-29T05:57:04.888901,-28342.91001274468,-31174.494398226572,1732.3404960635823,2.261568652560299,-2.0695458246505685,-0.23316528471016326,EUTELSAT 7A
2025-06-29T05:58:04.888901,-28206.94778027605,-31298.36585153812,1718.3355841855898,2.270587233088509,-2.059582644497482,-0.23371566267350138,EUTELSAT 7A
2025-06-29T05:59:04.888901,-28070.445747858794,-31421.638343012317,1704.297782841268,2.2795623486411274,-2.0495800634867365,-0.23426156769653395,EUTELSAT 7A
2025-06-29T06:00:04.888901,-27933.40652849381,-31544.309514389744,1690.2273606914566,2.2884938276273146,-2.039538273093558,-0.23480298934545002,EUTELSAT 7A
2025-06-29T06:01:04.888901,-27795.832745452222,-31666.377018921692,1676.1245870204843,2.2973814992915402,-2.029457465541853,-0.23533991727221348,EUTELSAT 7A
2025-06-29T06:02:04.888901,-27657.72703222506,-31787.83852141503,1661.989731731009,2.306225193716848,-2.0193378338005306,-0.23587234121476,EUTELSAT 7A
2025-06-29T06:03:04.888901,-27519.09203247306,-31908.69169827677,1647.8230653388687,2.315024741828075,-2.0091795715798133,-0.23640025099719258,EUTELSAT 7A
2025-06-29T06:04:04.888901,-27379.930399975678,-32028.934237558475,1633.6248589678785,2.3237799753950963,-1.998982873327512,-0.23692363652997486,EUTELSAT 7A
2025-06-29T06:05:04.888901,-27240.24479858065,-32148.56383900045,1619.3953843446686,2.332490727036009,-1.9887479342253198,-0.23744248781012284,EUTELSAT 7A
2025-06-29T06:06:04.888901,-27100.037902152788,-32267.57821407556,1605.1349137934674,2.3411568302203305,-1.9784749501850696,-0.23795679492139526,EUTELSAT 7A
2025-06-29T06:07:04.888901,-26959.312394522996,-32385.97508603288,1590.843720230918,2.3497781192721567,-1.9681641178449942,-0.23846654803448158,EUTELSAT 7A
2025-06-29T06:08:04.888901,-26818.070969436776,-32503.75218994131,1576.522077160835,2.358354429373333,-1.957815634565955,-0.23897173740718908,EUTELSAT 7A
2025-06-29T06:09:04.888901,-26676.31633049803,-32620.907272736797,1562.1702586685033,2.366885596566863,-1.9474296984273096,-0.23947235338464454,EUTELSAT 7A
2025-06-29T06:10:04.888901,-26534.051191131028,-32737.43809325325,1547.788539416843,2.3753714577592016,-1.9370065082241723,-0.2399683863994291,EUTELSAT 7A
2025-06-29T06:11:04.888901,-26391.278274515007,-32853.34242227739,1533.3771946397633,2.383811850724184,-1.926546263462578,-0.24045982697180834,EUTELSAT 7A
2025-06-29T06:12:04.888901,-26248.00031353639,-32968.61804258726,1518.936500137355,2.392206614105851,-1.9160491643559978,-0.24094666570989653,EUTELSAT 7A
2025-06-29T06:13:04.888901,-26104.220050736436,-33083.26274899485,1504.4667322706002,2.400555587421518,-1.9055154118215019,-0.24142889330983586,EUTELSAT 7A
2025-06-29T06:14:04.888901,-25959.94023825923,-33197.27434838755,1489.9681679561397,2.4088586110648076,-1.8949452074759514,-0.24190650055597052,EUTELSAT 7A
2025-06-29T06:15:04.888901,-25815.163637798243,-33310.65065977077,1475.4410846608982,2.417115526308729,-1.8843387536320904,-0.2423794783210258,EUTELSAT 7A
2025-06-29T06:16:04.888901,-25669.893020544205,-33423.38951430903,1460.885760396846,2.4253261753086663,-1.8736962532947155,-0.24284781756627807,EUTELSAT 7A
2025-06-29T06:17:04.888901,-25524.131167131465,-33535.488755367725,1446.3024737156245,2.4334904011054075,-1.8630179101567614,-0.24331150934172893,EUTELSAT 7A
2025-06-29T06:18:04.888901,-25377.88086758533,-33646.94623855396,1431.6915037032725,2.4416080476281086,-1.8523039285954366,-0.24377054478627344,EUTELSAT 7A
2025-06-29T06:19:04.888901,-25231.144921268336,-33757.759831757714,1417.0531299748502,2.4496789596972883,-1.8415545136682903,-0.24422491512786978,EUTELSAT 7A
2025-06-29T06:20:04.888901,-25083.92613682666,-33867.92741519262,1402.3876326690968,2.45770298302777,-1.8307698711092872,-0.24467461168370558,EUTELSAT 7A
2025-06-29T06:21:04.888901,-24936.227332136485,-33977.44688143619,1387.695292443074,2.4656799642316254,-1.8199502073248837,-0.2451196258603626,EUTELSAT 7A
2025-06-29T06:22:04.888901,-24788.05133425024,-34086.31613547009,1372.9763904668225,2.4736097508210775,-1.809095729390088,-0.24555994915397986,EUTELSAT 7A
2025-06-29T06:23:04.888901,-24639.400979342154,-34194.53309472035,1358.2312084179434,2.4814921912114305,-1.7982066450444756,-0.24599557315041562,EUTELSAT 7A
2025-06-29T06:24:04.888901,-24490.279112654236,-34302.09568909684,1343.460028476241,2.489327134723933,-1.787283162688235,-0.2464264895254071,EUTELSAT 7A
2025-06-29T06:25:04.888901,-24340.68858844165,-34409.00186103305,1328.6631333183004,2.4971144315886655,-1.7763254913781623,-0.24685269004472882,EUTELSAT 7A
2025-06-29T06:26:04.888901,-24190.632269918526,-34515.249565524995,1313.84080611213,2.504853932947361,-1.7653338408237036,-0.2472741665643478,EUTELSAT 7A
2025-06-29T06:27:04.888901,-24040.113029202403,-34620.836770170805,1298.9933305116688,2.512545490856279,-1.75430842138288,-0.24769091103058022,EUTELSAT 7A
2025-06-29T06:28:04.888901,-23889.13374726004,-34725.76145520896,1284.1209906514307,2.5201889582889905,-1.7432494440583237,-0.2481029154802426,EUTELSAT 7A
2025-06-29T06:29:04.888901,-23737.697313851946,-34830.02161355716,1269.2240711410432,2.527784189139185,-1.732157120493216,-0.24851017204080383,EUTELSAT 7A
2025-06-29T06:30:04.888901,-23585.80662747713,-34933.615250850504,1254.3028570598026,2.5353310382234553,-1.7210316629672473,-0.24891267293053465,EUTELSAT 7A
2025-06-29T06:31:04.888901,-23433.46459531742,-35036.54038547983,1239.3576339512097,2.5428293612840656,-1.7098732843925324,-0.2493104104586555,EUTELSAT 7A
2025-06-29T06:32:04.888901,-23280.67413318242,-35138.79504862902,1224.3886878175485,2.550279014991679,-1.6986821983095908,-0.24970337702548198,EUTELSAT 7A
2025-06-29T06:33:04.888901,-23127.43816545316,-35240.37728431308,1209.3963051143796,2.5576798569481016,-1.6874586188832157,-0.2500915651225696,EUTELSAT 7A
2025-06-29T06:34:04.888901,-22973.759625026407,-35341.2851494152,1194.3807727450758,2.565031745688989,-1.6762027608984031,-0.2504749673328565,EUTELSAT 7A
2025-06-29T06:35:04.888901,-22819.641453258468,-35441.516713723984,1179.3423780553323,2.5723345406865357,-1.6649148397562339,-0.25085357633080385,EUTELSAT 7A
2025-06-29T06:36:04.888901,-22665.086599909,-35541.070059970145,1164.2814088276757,2.579588102352149,-1.6535950714697631,-0.25122738488253515,EUTELSAT 7A
2025-06-29T06:37:04.888901,-22510.098023084498,-35639.94328386326,1149.1981532759573,2.5867922920391124,-1.6422436726598875,-0.25159638584597327,EUTELSAT 7A
2025-06-29T06:38:04.888901,-22354.678689181932,-35738.13449412785,1134.0929000398603,2.5939469720452064,-1.630860860551214,-0.2519605721709763,EUTELSAT 7A
2025-06-29T06:39:04.888901,-22198.83157283139,-35835.64181254,1118.9659381793213,2.601052005615361,-1.6194468529678672,-0.25231993689947135,EUTELSAT 7A
2025-06-29T06:40:04.888901,-22042.559656839898,-35932.46337396259,1103.8175571690754,2.6081072569442285,-1.6080018683293784,-0.2526744731655869,EUTELSAT 7A
2025-06-29T06:41:04.888901,-21885.86593213405,-36028.59732638122,1088.6480468930897,2.6151125911787734,-1.5965261256464836,-0.253024174195782,EUTELSAT 7A
2025-06-29T06:42:04.888901,-21728.75339770275,-36124.04183093953,1073.4576976390138,2.622067874420843,-1.5850198445169374,-0.25336903330897553,EUTELSAT 7A
2025-06-29T06:43:04.888901,-21571.225060539917,-36218.79506197425,1058.2468000926392,2.6289729737297236,-1.5734832451213183,-0.2537090439166737,EUTELSAT 7A
2025-06-29T06:44:04.888901,-21413.283935586813,-36312.855207050125,1043.0156453323214,2.6358277571246562,-1.561916548218809,-0.25404419952309387,EUTELSAT 7A
2025-06-29T06:45:04.888901,-21254.933045674552,-36406.22046699442,1027.7645248234387,2.642632093587356,-1.5503199751429908,-0.25437449372528825,EUTELSAT 7A
2025-06-29T06:46:04.888901,-21096.175421466323,-36498.88905593118,1012.493730412818,2.6493858530644943,-1.5386937477976177,-0.2546999202132654,EUTELSAT 7A
2025-06-29T06:47:04.888901,-20937.014101399196,-36590.85920131555,997.203554323133,2.656088906470189,-1.5270380886523518,-0.25502047277011003,EUTELSAT 7A
2025-06-29T06:48:04.888901,-20777.45213162616,-36682.129143967366,981.8942891473358,2.6627411256884503,-1.5153532207385345,-0.2553361452721006,EUTELSAT 7A
2025-06-29T06:49:04.888901,-20617.49256595784,-36772.69713810484,966.5662278430534,2.6693423835756156,-1.5036393676449091,-0.2556469316888258,EUTELSAT 7A
2025-06-29T06:50:04.888901,-20457.138465804168,-36862.561451377805,951.2196637270024,2.6758925539627763,-1.4918967535133651,-0.2559528260832986,EUTELSAT 7A
2025-06-29T06:51:04.888901,-20296.392900115443,-36951.72036490101,935.8548904693369,2.6823915116581745,-1.4801256030346162,-0.2562538226120693,EUTELSAT 7A
2025-06-29T06:52:04.888901,-20135.25894532416,-37040.17217328653,920.4722020880906,2.688839132449588,-1.468326141443956,-0.25654991552533607,EUTELSAT 7A
2025-06-29T06:53:04.888901,-19973.739685285767,-37127.915184676654,905.0718929435084,2.6952352931066867,-1.4564985945169133,-0.2568410991670537,EUTELSAT 7A
2025-06-29T06:54:04.888901,-19811.83821122008,-37214.947720775875,889.6542577324647,2.701579871383374,-1.444643188564974,-0.257127367975041,EUTELSAT 7A
2025-06-29T06:55:04.888901,-19649.557621651536,-37301.26811688331,874.2195914827635,2.707872746020135,-1.4327601504312066,-0.25740871648108704,EUTELSAT 7A
2025-06-29T06:56:04.888901,-19486.901022350594,-37386.87472192406,858.7681895475649,2.714113796746312,-1.420849707485978,-0.2576851393110534,EUTELSAT 7A
2025-06-29T06:57:04.888901,-19323.871526274077,-37471.76589848083,843.3003475997091,2.720302904282407,-1.4089120876225913,-0.2579566311849773,EUTELSAT 7A
2025-06-29T06:58:04.888901,-19160.47225350548,-37555.94002282537,827.8163616260551,2.726439950342356,-1.3969475192529153,-0.25822318691717006,EUTELSAT 7A
2025-06-29T06:59:04.888901,-18996.70633119542,-37639.39548494927,812.3165279218252,2.7325248176357744,-1.3849562313030321,-0.25848480141631797,EUTELSAT 7A
2025-06-29T07:00:04.888901,-18832.57689350191,-37722.13068859472,796.8011430849559,2.7385573898701816,-1.372938453208868,-0.25874146968557604,EUTELSAT 7A
2025-06-29T07:01:04.888901,-18668.08708153022,-37804.14405128502,781.2705040103989,2.7445375517532247,-1.360894414911796,-0.2589931868226645,EUTELSAT 7A
2025-06-29T07:02:04.888901,-18503.24004327334,-37885.43400435456,765.7249078845056,2.7504651889948484,-1.3488243468542795,-0.25923994801996036,EUTELSAT 7A
2025-06-29T07:03:04.888901,-18338.03893355069,-37965.99899297918,750.1646521792389,2.7563401883095118,-1.3367284799753947,-0.25948174856459033,EUTELSAT 7A
2025-06-29T07:04:04.888901,-18172.48691394905,-38045.83747620537,734.5900346466033,2.7621624374182905,-1.3246070457065025,-0.2597185838385175,EUTELSAT 7A
2025-06-29T07:05:04.888901,-18006.58715276128,-38124.94792697997,719.0013533128741,2.767931825051051,-1.312460275966776,-0.2599504493186311,EUTELSAT 7A
2025-06-29T07:06:04.888901,-17840.34282492598,-38203.32883217921,703.3989064729301,2.773648240948549,-1.3002884031587816,-0.2601773405768311,EUTELSAT 7A
2025-06-29T07:07:04.888901,-17673.757111966843,-38280.97869263753,687.7829926845493,2.7793115758645297,-1.2880916601640477,-0.2603992532801122,EUTELSAT 7A
2025-06-29T07:08:04.888901,-17506.833201931495,-38357.896023176356,672.1539107626802,2.7849217215678133,-1.2758702803385915,-0.26061618319064583,EUTELSAT 7A
2025-06-29T07:09:04.888901,-17339.57428933108,-38434.079352632165,656.511959773768,2.790478570844335,-1.263624497508499,-0.26082812616586026,EUTELSAT 7A
2025-06-29T07:10:04.888901,-17171.983575078673,-38509.52722388485,640.8574390300042,2.7959820174992003,-1.2513545459654254,-0.26103507815851945,EUTELSAT 7A
2025-06-29T07:11:04.888901,-17004.06426642829,-38584.23819388524,625.190648083617,2.8014319563587025,-1.2390606604621364,-0.26123703521679925,EUTELSAT 7A
2025-06-29T07:12:04.888901,-16835.81957691353,-38658.210833682926,609.5118867211448,2.80682828327231,-1.2267430762080132,-0.26143399348436197,EUTELSAT 7A
2025-06-29T07:13:04.888901,-16667.252726286133,-38731.443728453196,593.8214549577052,2.8121708951146642,-1.2144020288645732,-0.2616259492004301,EUTELSAT 7A
2025-06-29T07:14:04.888901,-16498.36694045453,-38803.93547752428,578.1196530312702,2.8174596897875213,-1.202037754540965,-0.26181289869985647,EUTELSAT 7A
2025-06-29T07:15:04.888901,-16329.165451421643,-38875.68469440405,562.4067813968809,2.8226945662217178,-1.18965048978943,-0.26199483841319454,EUTELSAT 7A
2025-06-29T07:16:04.888901,-16159.65149722392,-38946.69000680627,546.6831407209773,2.8278754243790645,-1.1772404716008393,-0.262171764866765,EUTELSAT 7A
2025-06-29T07:17:04.888901,-15989.828321868694,-39016.95005667699,530.949031875592,2.8330021652542716,-1.164807937400118,-0.26234367468272235,EUTELSAT 7A
2025-06-29T07:18:04.888901,-15819.699175272537,-39086.4635002204,515.2047559326202,2.8380746908768164,-1.152353125041734,-0.26251056457911753,EUTELSAT 7A
2025-06-29T07:19:04.888901,-15649.267313198905,-39155.22900792441,499.45061415806236,2.843092904312815,-1.1398762728051464,-0.26267243136996116,EUTELSAT 7A
2025-06-29T07:20:04.888901,-15478.535997196219,-39223.245264586,483.68690800627644,2.848056709666855,-1.1273776193902703,-0.2628292719652831,EUTELSAT 7A
2025-06-29T07:21:04.888901,-15307.508494535072,-39290.51096933645,467.9139391141959,2.8529660120838307,-1.1148574039128947,-0.2629810833711908,EUTELSAT 7A
2025-06-29T07:22:04.888901,-15136.188078145977,-39357.02483566597,452.1320092955676,2.85782071775074,-1.1023158659001273,-0.26312786268992616,EUTELSAT 7A
2025-06-29T07:23:04.888901,-14964.578026556812,-39422.78559144843,436.34142053519344,2.8626207338984653,-1.0897532452858216,-0.26326960711991965,EUTELSAT 7A
2025-06-29T07:24:04.888901,-14792.681623830204,-39487.791978965404,420.5424749831598,2.86736596880354,-1.0771697824060018,-0.2634063139558441,EUTELSAT 7A
2025-06-29T07:25:04.888901,-14620.502159500445,-39552.04275493039,404.73547494904153,2.8720563317898953,-1.064565717994252,-0.26353798058866457,EUTELSAT 7A
2025-06-29T07:26:04.888901,-14448.042928510948,-39615.53669051234,388.920722896145,2.876691733230574,-1.0519412931771415,-0.2636646045056886,EUTELSAT 7A
2025-06-29T07:27:04.888901,-14275.307231150919,-39678.272571359295,373.09852143570834,2.8812720845494497,-1.0392967494695997,-0.2637861832906133,EUTELSAT 7A
2025-06-29T07:28:04.888901,-14102.298372992598,-39740.249197621306,357.269173321137,2.8857972982228914,-1.0266323287703263,-0.2639027146235699,EUTELSAT 7A
2025-06-29T07:29:04.888901,-13929.019664827769,-39801.4653839735,341.4329814422004,2.890267287781444,-1.0139482733571523,-0.26401419628116934,EUTELSAT 7A
2025-06-29T07:30:04.888901,-13755.474422604675,-39861.919959638675,325.59024881925245,2.89468196781146,-1.001244825882429,-0.26412062613654236,EUTELSAT 7A
2025-06-29T07:31:04.888901,-13581.665967364486,-39921.611768409515,309.74127859743277,2.899041253956729,-0.9885222293683835,-0.2642220021593806,EUTELSAT 7A
2025-06-29T07:32:04.888901,-13407.59762517765,-39980.53966867081,293.88637404085927,2.9033450629200845,-0.9757807272024709,-0.2643183224159742,EUTELSAT 7A
2025-06-29T07:33:04.888901,-13233.272727080912,-40038.7025334211,278.0258385268826,2.9075933124649715,-0.9630205631327646,-0.2644095850692487,EUTELSAT 7A
2025-06-29T07:34:04.888901,-13058.69460901294,-40096.099250294166,262.15997554022596,2.9117859214170263,-0.9502419812632581,-0.264495788378799,EUTELSAT 7A
2025-06-29T07:35:04.888901,-12883.86661175089,-40152.72872158037,246.28908866721713,2.915922809665611,-0.9374452260492259,-0.2645769307009223,EUTELSAT 7A
2025-06-29T07:36:04.888901,-12708.792080846422,-40208.589864247486,230.41348158997585,2.92000389816534,-0.9246305422925495,-0.26465301048864903,EUTELSAT 7A
2025-06-29T07:37:04.888901,-12533.474366561912,-40263.68160996136,214.53345808061704,2.9240291089375745,-0.9117981751370534,-0.26472402629177166,EUTELSAT 7A
2025-06-29T07:38:04.888901,-12357.916823806241,-40318.00290510633,198.6493219954457,2.9279983650719115,-0.8989483700638149,-0.2647899767568717,EUTELSAT 7A
2025-06-29T07:39:04.888901,-12182.122812070558,-40371.55271080533,182.76137726912194,2.9319115907276454,-0.8860813728864704,-0.26485086062734575,EUTELSAT 7A
2025-06-29T07:40:04.888901,-12006.095695364498,-40424.33000293961,166.86992790890486,2.935768711135201,-0.8731974297465517,-0.26490667674342794,EUTELSAT 7A
2025-06-29T07:41:04.888901,-11829.838842151348,-40476.33377216836,150.97527798878895,2.9395696525975654,-0.8602967871087533,-0.2649574240422123,EUTELSAT 7A
2025-06-29T07:42:04.888901,-11653.355625284079,-40527.563023947914,135.07773164373242,2.943314342491674,-0.8473796917562519,-0.2650031015576719,EUTELSAT 7A
2025-06-29T07:43:04.888901,-11476.649421940318,-40578.01677855078,119.17759306379432,2.947002709269812,-0.8344463907859618,-0.2650437084206781,EUTELSAT 7A
2025-06-29T07:44:04.888901,-11299.723613558546,-40627.69407108419,103.27516648838986,2.950634682460948,-0.8214971316038674,-0.2650792438590145,EUTELSAT 7A
2025-06-29T07:45:04.888901,-11122.58158577284,-40676.59395150867,87.37075620041605,2.9542101926720905,-0.8085321619202573,-0.26510970719739335,EUTELSAT 7A
2025-06-29T07:46:04.888901,-10945.226728348325,-40724.715484656044,71.46466652045812,2.957729171589603,-0.7955517297450095,-0.26513509785746653,EUTELSAT 7A
2025-06-29T07:47:04.888901,-10767.66243511668,-40772.05775024722,55.55720180099449,2.9611915519804928,-0.7825560833828771,-0.26515541535783677,EUTELSAT 7A
2025-06-29T07:48:04.888901,-10589.892103910659,-40818.619842909924,39.64866642053292,2.964597267693703,-0.7695454714287051,-0.2651706593140664,EUTELSAT 7A
2025-06-29T07:49:04.888901,-10411.919136499797,-40864.40087219578,23.739364777839686,2.9679462536613537,-0.7565201427627318,-0.2651808294386836,EUTELSAT 7A
2025-06-29T07:50:04.888901,-10233.746938524753,-40909.39996259741,7.829601286081571,2.971238445899992,-0.7434803465457954,-0.2651859255411879,EUTELSAT 7A
2025-06-29T07:51:04.888901,-10055.378919432656,-40953.616253565066,-8.080319632965741,2.9744737815117985,-0.7304263322146061,-0.26518594752805397,EUTELSAT 7A
2025-06-29T07:52:04.888901,-9876.818492412025,-40997.048899523,-23.99009355471938,2.977652198685779,-0.7173583494769942,-0.26518089540273126,EUTELSAT 7A
2025-06-29T07:53:04.888901,-9698.069074326837,-41039.69706988572,-39.89941605767258,2.980773636698952,-0.7042766483070938,-0.2651707692656452,EUTELSAT 7A
2025-06-29T07:54:04.888901,-9519.134085652078,-41081.55994907372,-55.8079827291351,2.9838380359174863,-0.6911814789406315,-0.26515556931419415,EUTELSAT 7A
2025-06-29T07:55:04.888901,-9340.016950407726,-41122.636736529035,-71.71548917110364,2.9868453377978446,-0.6780730918701081,-0.265135295842745,EUTELSAT 7A
2025-06-29T07:56:04.888901,-9160.721096093748,-41162.926646730506,-87.62163100604887,2.9897954848878885,-0.6649517378400451,-0.26510994924262754,EUTELSAT 7A
2025-06-29T07:57:04.888901,-8981.249953624118,-41202.42890920886,-103.5261038827634,2.9926884208279745,-0.651817667842169,-0.26507953000212614,EUTELSAT 7A
2025-06-29T07:58:04.888901,-8801.606957261583,-41241.14276856125,-119.42860348215585,2.9955240903520233,-0.6386711331106437,-0.26504403870647075,EUTELSAT 7A
2025-06-29T07:59:04.888901,-8621.795544552075,-41279.06748446572,-135.32882552305574,2.998302439288562,-0.6255123851172789,-0.26500347603782454,EUTELSAT 7A
2025-06-29T08:00:04.888901,-8441.819156258474,-41316.202331695386,-151.22646576808017,3.0010234145617685,-0.6123416755666937,-0.2649578427752707,EUTELSAT 7A
2025-06-29T08:01:04.888901,-8261.681236295692,-41352.54660013209,-167.12122002936962,3.0036869641924593,-0.5991592563915743,-0.2649071397947976,EUTELSAT 7A
2025-06-29T08:02:04.888901,-8081.3852316640805,-41388.09959478013,-183.01278417447392,3.0062930372990904,-0.5859653797478068,-0.26485136806928095,EUTELSAT 7A
2025-06-29T08:03:04.888901,-7900.934592383864,-41422.86063577942,-198.9008541321276,3.0088415840987186,-0.5727602980096923,-0.26479052866846575,EUTELSAT 7A
2025-06-29T08:04:04.888901,-7720.332771429309,-41456.829058418385,-214.78512589806093,3.0113325559079467,-0.5595442637651357,-0.26472462275894465,EUTELSAT 7A
2025-06-29T08:05:04.888901,-7539.583224662321,-41490.00421314679,-230.66529554083908,3.013765905143853,-0.5463175298107971,-0.264653651604136,EUTELSAT 7A
2025-06-29T08:06:04.888901,-7358.689410766955,-41522.38546558797,-246.54105920762416,3.016141585324879,-0.5330803491473063,-0.26457761656425854,EUTELSAT 7A
2025-06-29T08:07:04.888901,-7177.654791182723,-41553.972196550974,-262.41211313002646,3.0184595510717336,-0.5198329749743946,-0.2644965190963065,EUTELSAT 7A
2025-06-29T08:08:04.888901,-6996.482830039048,-41584.76380204242,-278.2781536298693,3.0207197581082332,-0.5065756606861048,-0.2644103607540197,EUTELSAT 7A
2025-06-29T08:09:04.888901,-6815.17699408853,-41614.75969327793,-294.13887712502503,3.022922163262157,-0.4933086598659185,-0.2643191431878549,EUTELSAT 7A
2025-06-29T08:10:04.888901,-6633.740752640666,-41643.95929669342,-309.9939801352261,3.025066724466062,-0.48003222628191533,-0.26422286814495344,EUTELSAT 7A
2025-06-29T08:11:04.888901,-6452.177577496298,-41672.36205395594,-325.8431592877929,3.0271534007580727,-0.4667466138819847,-0.26412153746910744,EUTELSAT 7A
2025-06-29T08:12:04.888901,-6270.490942880105,-41699.96742197442,-341.68611132354033,3.0291821522826754,-0.4534520767888959,-0.26401515310072454,EUTELSAT 7A
2025-06-29T08:13:04.888901,-6088.684325375229,-41726.77487290993,-357.52253310247295,3.031152940291458,-0.4401488692955243,-0.2639037170767907,EUTELSAT 7A
2025-06-29T08:14:04.888901,-5906.761203856333,-41752.78389418579,-373.35212160962993,3.033065727143852,-0.42683724585996063,-0.2637872315308308,EUTELSAT 7A
2025-06-29T08:15:04.888901,-5724.725059423069,-41777.993988497365,-389.1745739608775,3.0349204763078492,-0.41351746110065457,-0.2636656986928671,EUTELSAT 7A
2025-06-29T08:16:04.888901,-5542.579375333697,-41802.40467382144,-404.9895874086778,3.0367171523606915,-0.4001897697915649,-0.26353912088937753,EUTELSAT 7A
2025-06-29T08:17:04.888901,-5360.327636938486,-41826.01548342549,-420.7968593478861,3.0384557209895386,-0.3868544268572969,-0.26340750054325024,EUTELSAT 7A
2025-06-29T08:18:04.888901,-5177.973331613121,-41848.82596587658,-436.59608732152384,3.040136148992128,-0.3735116873682392,-0.26327084017373686,EUTELSAT 7A
2025-06-29T08:19:04.888901,-4995.519948692011,-41870.835685049875,-452.38696902656847,3.0417584042773975,-0.3601618065356934,-0.2631291423964051,EUTELSAT 7A
2025-06-29T08:20:04.888901,-4812.970979401517,-41892.04422013704,-468.1692023197326,3.043322455866096,-0.346805039706998,-0.26298240992308763,EUTELSAT 7A
2025-06-29T08:21:04.888901,-4630.329916793535,-41912.451165654194,-483.94248522321425,3.044828273891369,-0.33344164236067875,-0.26283064556183056,EUTELSAT 7A
2025-06-29T08:22:04.888901,-4447.600255678227,-41932.05613144975,-499.70651593050854,3.0462758295993284,-0.32007187010153476,-0.262673852216839,EUTELSAT 7A
2025-06-29T08:23:04.888901,-4264.785492557801,-41950.85874271164,-515.4609928121346,3.0476650953495934,-0.30669597865580556,-0.26251203288842256,EUTELSAT 7A
2025-06-29T08:24:04.888901,-4081.889125559136,-41968.85863997466,-531.2056144214326,3.0489960446158206,-0.29331422386624967,-0.2623451906729368,EUTELSAT 7A
2025-06-29T08:25:04.888901,-3898.9146543672964,-41986.055479127164,-546.9400795003077,3.0502686519861966,-0.27992686168729014,-0.2621733287627239,EUTELSAT 7A
2025-06-29T08:26:04.888901,-3715.865580158771,-42002.44893141773,-562.6640869849631,3.051482893163925,-0.26653414818013943,-0.2619964504460525,EUTELSAT 7A
2025-06-29T08:27:04.888901,-3532.745405533969,-42018.03868346137,-578.3773360117169,3.0526387449676937,-0.2531363395078706,-0.2618145591070536,EUTELSAT 7A
2025-06-29T08:28:04.888901,-3349.5576344509086,-42032.82443724544,-594.0795259226849,3.053736185332098,-0.23973369193057592,-0.2616276582256564,EUTELSAT 7A
2025-06-29T08:29:04.888901,-3166.3057721578602,-42046.80591013545,-609.770356271569,3.0547751933080742,-0.22632646180044763,-0.26143575137752145,EUTELSAT 7A
2025-06-29T08:30:04.888901,-2982.993325126583,-42059.98283488028,-625.4495268293765,3.0557557490632843,-0.21291490555690426,-0.2612388422339724,EUTELSAT 7A
2025-06-29T08:31:04.888901,-2799.6238009850044,-42072.354959617405,-641.1167375901806,3.0566778338824987,-0.19949927972167392,-0.26103693456192534,EUTELSAT 7A
2025-06-29T08:32:04.888901,-2616.2007084505713,-42083.92204787764,-656.7716887768256,3.057541430167945,-0.1860798408939295,-0.2608300322238173,EUTELSAT 7A
2025-06-29T08:33:04.888901,-2432.7275572630665,-42094.683878589574,-672.414080846662,3.058346521439647,-0.17265684574538245,-0.260618139177532,EUTELSAT 7A
2025-06-29T08:34:04.888901,-2249.2078581171972,-42104.64024608391,-688.043614497303,3.059093092335728,-0.1592305510153609,-0.260401259476324,EUTELSAT 7A
2025-06-29T08:35:04.888901,-2065.6451225961077,-42113.79096009723,-703.659990672287,3.0597811286127095,-0.1458012135059557,-0.26017939726874156,EUTELSAT 7A
2025-06-29T08:36:04.888901,-1882.0428631037876,-42122.13584577566,-719.2629105668414,3.0604106171457763,-0.1323690900770859,-0.2599525567985473,EUTELSAT 7A
2025-06-29T08:37:04.888901,-1698.404592798084,-42129.67474367833,-734.8520756335747,3.060981545929019,-0.11893443764160616,-0.25972074240463605,EUTELSAT 7A
2025-06-29T08:38:04.888901,-1514.7338255236702,-42136.407509780154,-750.4271875881734,3.0614939040756726,-0.10549751316041535,-0.25948395852095446,EUTELSAT 7A
2025-06-29T08:39:04.888901,-1331.0340757446793,-42142.33401547478,-765.9879484151234,3.061947681818311,-0.0920585736375363,-0.2592422096764126,EUTELSAT 7A
2025-06-29T08:40:04.888901,-1147.308858477644,-42147.45414757694,-781.5340603733924,3.0623428705090334,-0.0786178761152212,-0.2589955004948002,EUTELSAT 7A
2025-06-29T08:41:04.888901,-963.5616892246791,-42151.767808324534,-797.0652260020909,3.0626794626196325,-0.06517567766907242,-0.25874383569469767,EUTELSAT 7A
2025-06-29T08:42:04.888901,-779.7960839054933,-42155.274915380665,-812.5811481262265,3.062957451741725,-0.051732235403080085,-0.2584872200893852,EUTELSAT 7A
2025-06-29T08:43:04.888901,-596.0155587909194,-42157.97540183496,-828.0815298623164,3.0631768325868833,-0.03828780644476815,-0.25822565858675145,EUTELSAT 7A
2025-06-29T08:44:04.888901,-412.22363043542776,-42159.86921620509,-843.5660746240918,3.063337600986728,-0.024842647940268737,-0.2579591561891994,EUTELSAT 7A
2025-06-29T08:45:04.888901,-228.42381560994107,-42160.95632243748,-859.0344861281599,3.0634397538930034,-0.011397017049417315,-0.25768771799355145,EUTELSAT 7A
2025-06-29T08:46:04.888901,-44.619631234661306,-42161.236699908186,-874.4864683996637,3.0634832893776385,0.00204882905915219,-0.25741134919095093,EUTELSAT 7A
2025-06-29T08:47:04.888901,139.18540568831145,-42160.71034342321,-889.9217257779516,3.063468206632778,0.0154946332129254,-0.2571300550667639,EUTELSAT 7A
2025-06-29T08:48:04.888901,322.9877781418566,-42159.37726321852,-905.3399629222025,3.0633945059707983,0.028940138240389587,-0.25684384100047813,EUTELSAT 7A
2025-06-29T08:49:04.888901,506.7839691612016,-42157.23748495996,-920.7408848170778,3.0632621888242997,0.04238508697595177,-0.25655271246559974,EUTELSAT 7A
2025-06-29T08:50:04.888901,690.5704619013476,-42154.29104974261,-936.1241967783815,3.063071257746075,0.055829222264861825,-0.2562566750295494,EUTELSAT 7A
2025-06-29T08:51:04.888901,874.3437397041281,-42150.53801409018,-951.4896044586764,3.0628217164090596,0.06927228696810564,-0.2559557343535554,EUTELSAT 7A
2025-06-29T08:52:04.888901,1058.1002861651668,-42145.978449953676,-966.8368138528896,3.062513569606265,0.08271402396729496,-0.2556498961925462,EUTELSAT 7A
2025-06-29T08:53:04.888901,1241.836585201277,-42140.61244471021,-982.1655313039481,3.062146823250673,0.09615417616958599,-0.2553391663950398,EUTELSAT 7A
2025-06-29T08:54:04.888901,1425.5491211179537,-42134.44010116125,-997.4754635084115,3.061721484375139,0.10959248651260645,-0.255023550903033,EUTELSAT 7A
2025-06-29T08:55:04.888901,1609.234378676056,-42127.46153753066,-1012.7663175220421,3.0612375611322373,0.1230286979693238,-0.25470305575188673,EUTELSAT 7A
2025-06-29T08:56:04.888901,1792.8888431592763,-42119.676887462345,-1028.0378007654197,3.0606950627941276,0.13646255355296968,-0.25437768707021274,EUTELSAT 7A
2025-06-29T08:57:04.888901,1976.509000441213,-42111.08630001788,-1043.2896210295291,3.0600939997523473,0.14989379632193553,-0.2540474510797543,EUTELSAT 7A
2025-06-29T08:58:04.888901,2160.091337052524,-42101.68993967342,-1058.521486481346,3.059434383517641,0.1633221693846753,-0.2537123540952692,EUTELSAT 7A
2025-06-29T08:59:04.888901,2343.6323402480925,-42091.48798631676,-1073.7331056694109,3.058716226719721,0.1767474159046074,-0.253372402524409,EUTELSAT 7A
2025-06-29T09:00:04.888901,2527.1284980743517,-42080.48063524371,-1088.9241875294147,3.057939543107029,0.19016927910502907,-0.2530276028675953,EUTELSAT 7A
2025-06-29T09:01:04.888901,2710.576299435993,-42068.6680971545,-1104.0944413897366,3.0571043475464794,0.20358750227398575,-0.25267796171789797,EUTELSAT 7A
2025-06-29T09:02:04.888901,2893.972234163298,-42056.05059814968,-1119.243576977002,3.0562106560231683,0.21700182876918642,-0.25232348576090774,EUTELSAT 7A
2025-06-29T09:03:04.888901,3077.312793079221,-42042.62837972576,-1134.3713044216472,3.0552584856400697,0.2304120020228982,-0.2519641817746091,EUTELSAT 7A
2025-06-29T09:04:04.888901,3260.5944680664875,-42028.40169877071,-1149.4773342634496,3.0542478546177083,0.243817765546846,-0.25160005662925083,EUTELSAT 7A
2025-06-29T09:05:04.888901,3443.8137521347635,-42013.37082755884,-1164.5613774570752,3.0531787822938075,0.2572188629371137,-0.25123111728721464,EUTELSAT 7A
2025-06-29T09:06:04.888901,3626.9671394869238,-41997.536053745906,-1179.6231453775408,3.052051289122929,0.27061503787898245,-0.25085737080288384,EUTELSAT 7A
2025-06-29T09:07:04.888901,3810.0511255873303,-41980.89768036322,-1194.6623498258318,3.0508653966760746,0.2840060341519126,-0.2504788243225067,EUTELSAT 7A
2025-06-29T09:08:04.888901,3993.06220722755,-41963.45602581217,-1209.6787030343091,3.049621127640274,0.29739159563434187,-0.2500954850840615,EUTELSAT 7A
2025-06-29T09:09:04.888901,4175.996882593976,-41945.211423858054,-1224.6719176722659,3.0483185058181546,0.3107714663086197,-0.24970736041711794,EUTELSAT 7A
2025-06-29T09:10:04.888901,4358.851651334784,-41926.164223623586,-1239.641706851414,3.046957556127486,0.32414539026589406,-0.24931445774269748,EUTELSAT 7A
2025-06-29T09:11:04.888901,4541.623014626516,-41906.3147895823,-1254.5877841313506,3.0455383046007056,0.33751311171097426,-0.2489167845731316,EUTELSAT 7A
2025-06-29T09:12:04.888901,4724.307475241198,-41885.663501551644,-1269.5098635250474,3.0440607783844182,0.3508743749672247,-0.2485143485119189,EUTELSAT 7A
2025-06-29T09:13:04.888901,4906.901537612838,-41864.21075468563,-1284.4076595042911,3.042525005738881,0.36422892448142247,-0.2481071572535799,EUTELSAT 7A
2025-06-29T09:14:04.888901,5089.401707904546,-41841.95695946733,-1299.280887005161,3.040931016037464,0.3775765048286532,-0.24769521858350999,EUTELSAT 7A
2025-06-29T09:15:04.888901,5271.804494075461,-41818.90254170097,-1314.129261433501,3.039278839766086,0.3909168607171982,-0.24727854037783095,EUTELSAT 7A
2025-06-29T09:16:04.888901,5454.106405946868,-41795.047942503945,-1328.9524986702904,3.0375685085226416,0.40424973699335803,-0.24685713060324171,EUTELSAT 7A
2025-06-29T09:17:04.888901,5636.303955269434,-41770.39361829814,-1343.7503150771379,3.0358000550163897,0.41757487864636067,-0.24643099731686519,EUTELSAT 7A
2025-06-29T09:18:04.888901,5818.393655789762,-41744.94004080145,-1358.522427501677,3.03397351306733,0.4308920308132186,-0.24600014866609496,EUTELSAT 7A
2025-06-29T09:19:04.888901,6000.372023316749,-41718.68769701869,-1373.268553282966,3.0320889176055665,0.44420093878357164,-0.24556459288844082,EUTELSAT 7A
2025-06-29T09:20:04.888901,6182.235575788502,-41691.63708923219,-1387.9884102569085,3.0301463046706356,0.4575013480045709,-0.24512433831137057,EUTELSAT 7A
2025-06-29T09:21:04.888901,6363.980833338765,-41663.788734992326,-1402.6817167616452,3.0281457114108137,0.47079300408572755,-0.24467939335215153,EUTELSAT 7A
2025-06-29T09:22:04.888901,6545.60431836349,-41635.14316710757,-1417.3481916429373,3.0260871760824206,0.48407565280376885,-0.24422976651769013,EUTELSAT 7A
2025-06-29T09:23:04.888901,6727.102555586868,-41605.7009336344,-1431.9875542595025,3.0239707380490803,0.49734904010745984,-0.24377546640437037,EUTELSAT 7A
2025-06-29T09:24:04.888901,6908.472072128439,-41575.46259786665,-1446.599524488443,3.021796437780978,0.5106129121225002,-0.24331650169788852,EUTELSAT 7A
2025-06-29T09:25:04.888901,7089.709397568901,-41544.42873832497,-1461.1838227305448,3.0195643168540833,0.5238670151563253,-0.24285288117308895,EUTELSAT 7A
2025-06-29T09:26:04.888901,7270.811064016877,-41512.59994874556,-1475.7401699156644,3.017274417949357,0.5371110957029827,-0.24238461369379544,EUTELSAT 7A
2025-06-29T09:27:04.888901,7451.773606174819,-41479.976838069015,-1490.268287508027,3.0149267848519434,0.5503449004479374,-0.2419117082126434,EUTELSAT 7A
2025-06-29T09:28:04.888901,7632.593561405214,-41446.56003042863,-1504.7678975115552,3.012521462450332,0.563568176272907,-0.24143417377090878,EUTELSAT 7A
2025-06-29T09:29:04.888901,7813.267469797101,-41412.35016513836,-1519.2387224751988,3.0100584967355064,0.5767806702607143,-0.24095201949833592,EUTELSAT 7A
2025-06-29T09:30:04.888901,7993.791874231896,-41377.347896680854,-1533.6804854982256,3.0075379348000593,0.5899821297000917,-0.24046525461296275,EUTELSAT 7A
2025-06-29T09:31:04.888901,8174.163320449764,-41341.553894694676,-1548.092910235529,3.0049598248372997,0.603172302090524,-0.23997388842094522,EUTELSAT 7A
2025-06-29T09:32:04.888901,8354.378357115245,-41304.96884396178,-1562.4757209028844,3.0023242161403383,0.6163509351470384,-0.23947793031638118,EUTELSAT 7A
2025-06-29T09:33:04.888901,8534.433535883472,-41267.59344439423,-1576.8286422822362,2.999631159101147,0.629517776805039,-0.23897738978112984,EUTELSAT 7A
2025-06-29T09:34:04.888901,8714.325411465921,-41229.428411020934,-1591.1513997269483,2.996880705209591,0.6426725752250998,-0.2384722763846318,EUTELSAT 7A
2025-06-29T09:35:04.888901,8894.05054169642,-41190.47447397403,-1605.443719167069,2.9940729070524594,0.6558150787977867,-0.23796259978372622,EUTELSAT 7A
2025-06-29T09:36:04.888901,9073.605487596977,-41150.73237847473,-1619.7053271145678,2.9912078183124526,0.6689450361484597,-0.23744836972246675,EUTELSAT 7A
2025-06-29T09:37:04.888901,9252.986813442982,-41110.20288481943,-1633.9359506685184,2.9882854937671715,0.6820621961420312,-0.23692959603193672,EUTELSAT 7A
2025-06-29T09:38:04.888901,9432.191086829702,-41068.886768364864,-1648.1353175203953,2.9853059892880602,0.6951663078878181,-0.23640628863006014,EUTELSAT 7A
2025-06-29T09:39:04.888901,9611.214878737335,-41026.78481951346,-1662.3031559592173,2.9822693618393523,0.7082571207442893,-0.23587845752141384,EUTELSAT 7A
2025-06-29T09:40:04.888901,9790.054763596372,-40983.89784369826,-1676.4391948767402,2.979175669476985,0.7213343843238376,-0.23534611279703718,EUTELSAT 7A
2025-06-29T09:41:04.888901,9968.70731935356,-40940.22666136752,-1690.5431637726713,2.9760249713474867,0.7343978484975876,-0.23480926463423815,EUTELSAT 7A
2025-06-29T09:42:04.888901,10147.169127537187,-40895.77210796894,-1704.614792759833,2.9728173276868546,0.7474472634001686,-0.2342679232964006,EUTELSAT 7A
2025-06-29T09:43:04.888901,10325.436773321993,-40850.53503393393,-1718.6538125692848,2.96955279981941,0.760482379434443,-0.23372209913278863,EUTELSAT 7A
2025-06-29T09:44:04.888901,10503.506845595117,-40804.51630466107,-1732.6599545555293,2.966231450156626,0.7735029472763245,-0.23317180257834855,EUTELSAT 7A
2025-06-29T09:45:04.888901,10681.375937020648,-40757.71680049993,-1746.6329507015926,2.9628533421959387,0.7865087178794857,-0.23261704415351062,EUTELSAT 7A
2025-06-29T09:46:04.888901,10859.040644105182,-40710.137416733975,-1760.5725336241824,2.9594185405195392,0.7994994424801428,-0.23205783446398856,EUTELSAT 7A
2025-06-29T09:47:04.888901,11036.497567262571,-40661.779063563605,-1774.4784365787734,2.955927110793151,0.8124748726017825,-0.23149418420057755,EUTELSAT 7A
2025-06-29T09:48:04.888901,11213.743310879187,-40612.642666088774,-1788.3503934647345,2.9523791197647613,0.8254347600599202,-0.23092610413894962,EUTELSAT 7A
2025-06-29T09:49:04.888901,11390.774483378487,-40562.729164291326,-1802.188138830385,2.948774635263371,0.8383788569668159,-0.23035360513944955,EUTELSAT 7A
2025-06-29T09:50:04.888901,11567.587697286077,-40512.03951301702,-1815.9914078780816,2.9451137261976887,0.8513069157362201,-0.2297766981468872,EUTELSAT 7A
2025-06-29T09:51:04.888901,11744.179569294578,-40460.57468195724,-1829.7599364693044,2.9413964625548186,0.8642186890881071,-0.22919539419032822,EUTELSAT 7A
2025-06-29T09:52:04.888901,11920.546720327753,-40408.33565563064,-1843.4934611296499,2.93762291539894,0.8771139300533562,-0.22860970438288583,EUTELSAT 7A
2025-06-29T09:53:04.888901,12096.685775605629,-40355.32343336426,-1857.1917190539189,2.9337931568699407,0.8899923919785002,-0.22801963992150734,EUTELSAT 7A
2025-06-29T09:54:04.888901,12272.59336470899,-40301.5390292743,-1870.8544481111326,2.929907260182045,0.9028538285304373,-0.2274252120867605,EUTELSAT 7A
2025-06-29T09:55:04.888901,12448.266121643104,-40246.98347224713,-1884.4813868494957,2.925965299622434,0.9156979937010751,-0.22682643224262133,EUTELSAT 7A
2025-06-29T09:56:04.888901,12623.700684903039,-40191.657805919225,-1898.0722745014614,2.9219673505498105,0.9285246418121026,-0.22622331183625394,EUTELSAT 7A
2025-06-29T09:57:04.888901,12798.89369753723,-40135.56308865754,-1911.6268509886781,2.917913489392975,0.9413335275196245,-0.22561586239779435,EUTELSAT 7A
2025-06-29T09:58:04.888901,12973.841807211676,-40078.70039353918,-1925.1448569269442,2.913803793649377,0.9541244058188484,-0.2250040955401317,EUTELSAT 7A
2025-06-29T09:59:04.888901,13148.541666274516,-40021.07080833092,-1938.6260336312278,2.909638341883619,0.9668970320487941,-0.22438802295868387,EUTELSAT 7A
2025-06-29T10:00:04.888901,13322.989931819619,-39962.67543546838,-1952.0701231205599,2.9054172137259764,0.9796511618969391,-0.22376765643117744,EUTELSAT 7A
2025-06-29T10:01:04.888901,13497.183265750235,-39903.51539203515,-1965.4768681229625,2.9011404898708872,0.9923865514038581,-0.22314300781742274,EUTELSAT 7A
2025-06-29T10:02:04.888901,13671.118334843306,-39843.591809741345,-1978.8460120803957,2.896808252075396,1.0051029569679188,-0.22251408905908715,EUTELSAT 7A
2025-06-29T10:03:04.888901,13844.791810813012,-39782.905834901954,-1992.1772991536625,2.892420583157608,1.0178001353499166,-0.22188091217946743,EUTELSAT 7A
2025-06-29T10:04:04.888901,14018.200370374205,-39721.4586284151,-2005.4704742272677,2.8879775669951187,1.0304778436777071,-0.22124348928326176,EUTELSAT 7A
2025-06-29T10:05:04.888901,14191.34069530613,-39659.251365739736,-2018.725282914326,2.883479288523404,1.043135839450851,-0.2206018325563379,EUTELSAT 7A
2025-06-29T10:06:04.888901,14364.20947251586,-39596.285236873235,-2031.9414715614207,2.8789258337342054,1.0557738805452481,-0.2199559542655012,EUTELSAT 7A
2025-06-29T10:07:04.888901,14536.803394101256,-39532.56144632877,-2045.118787253418,2.874317289673909,1.068391725217731,-0.21930586675826264,EUTELSAT 7A
2025-06-29T10:08:04.888901,14709.119157414772,-39468.08121311224,-2058.256977818362,2.869653744441864,1.0809891321107137,-0.21865158246260055,EUTELSAT 7A
2025-06-29T10:09:04.888901,14881.153465126268,-39402.8457706989,-2071.3557918322526,2.864935287188717,1.0935658602567861,-0.2179931138867254,EUTELSAT 7A
2025-06-29T10:10:04.888901,15052.90302528588,-39336.856367010056,-2084.414978623859,2.8601620081147203,1.1061216690832945,-0.21733047361884236,EUTELSAT 7A
2025-06-29T10:11:04.888901,15224.364551387145,-39270.11426438905,-2097.434288279508,2.8553339984680095,1.1186563184169485,-0.21666367432691036,EUTELSAT 7A
2025-06-29T10:12:04.888901,15395.534762430078,-39202.62073957716,-2110.413471647902,2.850451350542852,1.1311695684884273,-0.21599272875839937,EUTELSAT 7A
2025-06-29T10:13:04.888901,15566.410382983118,-39134.37708368939,-2123.352280344805,2.8455141576779246,1.1436611799368972,-0.21531764974005133,EUTELSAT 7A
2025-06-29T10:14:04.888901,15736.988143246714,-39065.38460218962,-2136.2504667578814,2.840522514254494,1.1561309138146507,-0.21463845017763136,EUTELSAT 7A
2025-06-29T10:15:04.888901,15907.264779115018,-38995.64461486581,-2149.1077840513562,2.8354765156946544,1.1685785315916122,-0.2139551430556851,EUTELSAT 7A
2025-06-29T10:16:04.888901,16077.237032238592,-38925.158455804805,-2161.9239861707665,2.8303762584594967,1.181003795159911,-0.21326774143729035,EUTELSAT 7A
2025-06-29T10:17:04.888901,16246.901650087013,-38853.92747336675,-2174.6988278476856,2.8252218400472606,1.193406466838447,-0.2125762584638065,EUTELSAT 7A
2025-06-29T10:18:04.888901,16416.255386010347,-38781.95303015949,-2187.4320646043598,2.8200133589915075,1.2057863093773848,-0.2118807073546271,EUTELSAT 7A
2025-06-29T10:19:04.888901,16585.294999301797,-38709.23650301255,-2200.1234527584297,2.8147509148592156,1.2181430859627138,-0.21118110140692592,EUTELSAT 7A
2025-06-29T10:20:04.888901,16754.01725525939,-38635.77928295068,-2212.772749427569,2.8094346082488997,1.230476560220763,-0.2104774539954041,EUTELSAT 7A
2025-06-29T10:21:04.888901,16922.418925247843,-38561.5827751675,-2225.3797125341293,2.8040645407886924,1.2427864962227029,-0.2097697785720355,EUTELSAT 7A
2025-06-29T10:22:04.888901,17090.4967867603,-38486.648398998615,-2237.944100809769,2.7986408151344135,1.2550726584890575,-0.20905808866581055,EUTELSAT 7A
2025-06-29T10:23:04.888901,17258.247623479965,-38410.977587894464,-2250.465673800074,2.7931635349676056,1.267334811994201,-0.20834239788247788,EUTELSAT 7A
2025-06-29T10:24:04.888901,17425.668225341655,-38334.571789392925,-2262.944191869156,2.7876328049935637,1.2795727221708475,-0.20762271990428505,EUTELSAT 7A
2025-06-29T10:25:04.888901,17592.755388592792,-38257.43246509187,-2275.3794162042063,2.7820487309393567,1.2917861549145055,-0.2068990684897194,EUTELSAT 7A
2025-06-29T10:26:04.888901,17759.50591585525,-38179.56109062106,-2287.7711088201113,2.7764114195517866,1.3039748765879853,-0.2061714574732432,EUTELSAT 7A
2025-06-29T10:27:04.888901,17925.91661618587,-38100.959155614066,-2300.1190325639527,2.770720978595384,1.3161386540258204,-0.20543990076503318,EUTELSAT 7A
2025-06-29T10:28:04.888901,18091.984305137823,-38021.62816367987,-2312.422951119577,2.764977516850339,1.32827725453874,-0.20470441235071307,EUTELSAT 7A
2025-06-29T10:29:04.888901,18257.705804821486,-37941.56963237402,-2324.6826290121035,2.7591811441104332,1.3403904459181188,-0.2039650062910878,EUTELSAT 7A
2025-06-29T10:30:04.888901,18423.077943964974,-37860.78509316987,-2336.897831612421,2.753331971180957,1.352477996440385,-0.2032216967218767,EUTELSAT 7A
2025-06-29T10:31:04.888901,18588.097557975154,-37779.27609142902,-2349.0683251416954,2.7474301098765848,1.3645396748714798,-0.20247449785344154,EUTELSAT 7A
2025-06-29T10:32:04.888901,18752.761488997483,-37697.044186372295,-2361.193876675796,2.741475673019271,1.3765752504712203,-0.20172342397051976,EUTELSAT 7A
2025-06-29T10:33:04.888901,18917.066585977176,-37614.09095104944,-2373.2742541498083,2.7354687744360717,1.3885844929977664,-0.200968489431948,EUTELSAT 7A
2025-06-29T10:34:04.888901,19081.00970471871,-37530.41797230956,-2385.3092263624135,2.729409528957008,1.4005671727119577,-0.20020970867039226,EUTELSAT 7A
2025-06-29T10:35:04.888901,19244.58770794657,-37446.02685077047,-2397.2985629803647,2.7232980524128507,1.412523060381753,-0.19944709619206982,EUTELSAT 7A
2025-06-29T10:36:04.888901,19407.79746536475,-37360.91920078838,-2409.2420345428445,2.7171344616329405,1.4244519272865652,-0.1986806665764753,EUTELSAT 7A
2025-06-29T10:37:04.888901,19570.63585371693,-37275.096650426916,-2421.1394124658914,2.710918874442942,1.4363535452216583,-0.19791043447610054,EUTELSAT 7A
2025-06-29T10:38:04.888901,19733.099756845924,-37188.56084142613,-2432.9904690467415,2.7046514096626195,1.448227686502484,-0.19713641461615802,EUTELSAT 7A
2025-06-29T10:39:04.888901,19895.186065753507,-37101.3134291711,-2444.7949774682033,2.6983321871035604,1.4600741239690465,-0.1963586217942977,EUTELSAT 7A
2025-06-29T10:40:04.888901,20056.891678659522,-37013.356082660466,-2456.5527118029786,2.6919613275669048,1.4718926309902154,-0.19557707088032755,EUTELSAT 7A
2025-06-29T10:41:04.888901,20218.213501061506,-36924.690484474406,-2468.263447017997,2.685538952841039,1.4836829814680774,-0.1947917768159286,EUTELSAT 7A
2025-06-29T10:42:04.888901,20379.14844579375,-36835.318330742535,-2479.9269589787164,2.6790651856992795,1.4954449498422517,-0.1940027546143703,EUTELSAT 7A
2025-06-29T10:43:04.888901,20539.693433086268,-36745.24133111159,-2491.543024453407,2.6725401498975305,1.5071783110941817,-0.1932100193602248,EUTELSAT 7A
2025-06-29T10:44:04.888901,20699.84539062375,-36654.46120871276,-2503.111421117425,2.665963970171935,1.5188828407514479,-0.19241358620908,EUTELSAT 7A
2025-06-29T10:45:04.888901,20859.60125360425,-36562.97970012879,-2514.6319275574624,2.6593367722364967,1.5305583148920445,-0.19161347038724985,EUTELSAT 7A
2025-06-29T10:46:04.888901,21018.957964797795,-36470.79855536087,-2526.104323275774,2.652658682780684,1.5422045101486592,-0.19080968719148525,EUTELSAT 7A
2025-06-29T10:47:04.888901,21177.912474604764,-36377.91953779519,-2537.528388694405,2.6459298294670286,1.5538212037129324,-0.1900022519886819,EUTELSAT 7A
2025-06-29T10:48:04.888901,21336.461741114552,-36284.34442416916,-2548.9039051593977,2.639150340928674,1.5654081733397378,-0.18919118021558678,EUTELSAT 7A
2025-06-29T10:49:04.888901,21494.60273016316,-36190.07500453775,-2560.2306549449527,2.6323203467669516,1.5769651973513905,-0.18837648737850632,EUTELSAT 7A
2025-06-29T10:50:04.888901,21652.3324153917,-36095.113082239084,-2571.5084212576103,2.625439977548891,1.5884920546419052,-0.18755818905300836,EUTELSAT 7A
2025-06-29T10:51:04.888901,21809.647778304046,-35999.46047386011,-2582.736988240394,2.6185093648047473,1.599988524681215,-0.1867363008836268,EUTELSAT 7A
2025-06-29T10:52:04.888901,21966.54580832448,-35903.11900920195,-2593.9161409769335,2.6115286410254974,1.6114543875193723,-0.1859108385835636,EUTELSAT 7A
2025-06-29T10:53:04.888901,22123.02350285553,-35806.09053124487,-2605.045665495581,2.6044979396603045,1.6228894237907692,-0.18508181793438827,EUTELSAT 7A
2025-06-29T10:54:04.888901,22279.077867335065,-35708.37689611317,-2616.125348773504,2.5974173951139936,1.6342934147183088,-0.18424925478573842,EUTELSAT 7A
2025-06-29T10:55:04.888901,22434.705915293733,-35609.979973039764,-2627.154978740755,2.590287142744484,1.645666142117593,-0.18341316505501734,EUTELSAT 7A
2025-06-29T10:56:04.888901,22589.90466841214,-35510.901644330384,-2638.134344284342,2.5831073188602067,1.6570073884010956,-0.18257356472708963,EUTELSAT 7A
2025-06-29T10:57:04.888901,22744.671156577675,-35411.143805327694,-2649.063235252256,2.5758780607175153,1.6683169365823125,-0.1817304698539778,EUTELSAT 7A
2025-06-29T10:58:04.888901,22899.002417941138,-35310.708364375314,-2659.9414424574798,2.568599506518084,1.6795945702798887,-0.1808838965545574,EUTELSAT 7A
2025-06-29T10:59:04.888901,23052.89549897379,-35209.59724278107,-2670.768757682017,2.5612717954062525,1.6908400737217866,-0.18003386101424698,EUTELSAT 7A
2025-06-29T11:00:04.888901,23206.347454523628,-35107.812374780355,-2681.5449736808614,2.5538950674663914,1.7020532317493946,-0.1791803794847017,EUTELSAT 7A
2025-06-29T11:01:04.888901,23359.355347871457,-35005.35570749947,-2692.2698841859474,2.5464694637202365,1.7132338298216139,-0.178323468283504,EUTELSAT 7A
2025-06-29T11:02:04.888901,23511.91625078769,-34902.22920091806,-2702.9432839101396,2.538995126124186,1.7243816540190053,-0.17746314379385,EUTELSAT 7A
2025-06-29T11:03:04.888901,23664.02724358749,-34798.43482783218,-2713.5649685510994,2.531472197566628,1.735496491047815,-0.17659942246424154,EUTELSAT 7A
2025-06-29T11:04:04.888901,23815.68541518733,-34693.9745738161,-2724.1347347952433,2.523900821865191,1.7465781282441055,-0.17573232080816867,EUTELSAT 7A
2025-06-29T11:05:04.888901,23966.887863160355,-34588.8504371848,-2734.6523803216164,2.516281143764018,1.757626353577788,-0.1748618554037973,EUTELSAT 7A
2025-06-29T11:06:04.888901,24117.631693791944,-34483.06442895556,-2745.1177038057617,2.5086133089310088,1.768640955656685,-0.17398804289365227,EUTELSAT 7A
2025-06-29T11:07:04.888901,24267.914022134857,-34376.61857280984,-2755.53050492356,2.5008974639550523,1.7796217237305516,-0.17311089998430157,EUTELSAT 7A
2025-06-29T11:08:04.888901,24417.731972064856,-34269.514905054275,-2765.890584355098,2.493133756343219,1.7905684476951342,-0.17223044344603547,EUTELSAT 7A
2025-06-29T11:09:04.888901,24567.08267633528,-34161.75547458208,-2776.1977437884443,2.485322334517968,1.8014809180961588,-0.17134669011254947,EUTELSAT 7A
2025-06-29T11:10:04.888901,24715.963276632006,-34053.34234283398,-2786.4517859234625,2.4774633478143153,1.812358926133333,-0.17045965688062237,EUTELSAT 7A
2025-06-29T11:11:04.888901,24864.370923628252,-33944.277583758485,-2796.652514475588,2.4695569464769864,1.823202263664357,-0.16956936070979398,EUTELSAT 7A
2025-06-29T11:12:04.888901,25012.302777039087,-33834.56328377259,-2806.7997341795876,2.461603281657554,1.8340107232088942,-0.16867581862204184,EUTELSAT 7A
2025-06-29T11:13:04.888901,25159.75600567531,-33724.20154172208,-2816.893250793268,2.4536025054115767,1.8447840979525034,-0.1677790477014587,EUTELSAT 7A
2025-06-29T11:14:04.888901,25306.727787498192,-33613.19446884101,-2826.932871101229,2.4455547706956793,1.8555221817506422,-0.1668790650939244,EUTELSAT 7A
2025-06-29T11:15:04.888901,25453.21530967316,-33501.54418871173,-2836.9184029185444,2.4374602313646516,1.8662247691325737,-0.1659758880067799,EUTELSAT 7A
2025-06-29T11:16:04.888901,25599.21576862347,-33389.252837224354,-2846.8496550944296,2.4293190421685313,1.876891655305295,-0.1650695337085015,EUTELSAT 7A
2025-06-29T11:17:04.888901,25744.726370084238,-33276.32256253564,-2856.7264375159284,2.4211313587496206,1.8875226361574728,-0.16416001952836726,EUTELSAT 7A
2025-06-29T11:18:04.888901,25889.74432915544,-33162.755525028406,-2866.5485611115196,2.4128973376395635,1.8981175082633188,-0.16324736285613142,EUTELSAT 7A
2025-06-29T11:19:04.888901,26034.2668703555,-33048.553897270016,-2876.3158378547596,2.40461713625634,1.9086760688864908,-0.16233158114168983,EUTELSAT 7A
2025-06-29T11:20:04.888901,26178.291227674188,-32933.71986397094,-2886.0280807678655,2.3962909129012737,1.919198115983968,-0.16141269189474883,EUTELSAT 7A
2025-06-29T11:21:04.888901,26321.814644625672,-32818.255621943084,-2895.6851039253042,2.387918826756017,1.9296834482099086,-0.16049071268449086,EUTELSAT 7A
2025-06-29T11:22:04.888901,26464.83437430106,-32702.16338005786,-2905.2867224573392,2.3795010378795256,1.940131864919497,-0.15956566113924048,EUTELSAT 7A
2025-06-29T11:23:04.888901,26607.34767942122,-32585.445359203906,-2914.8327525535888,2.3710377072049966,1.950543166172789,-0.15863755494612677,EUTELSAT 7A
2025-06-29T11:24:04.888901,26749.351832388867,-32468.103792244776,-2924.323011466519,2.3625289965368155,1.9609171527385252,-0.1577064118507481,EUTELSAT 7A
2025-06-29T11:25:04.888901,26890.844115340853,-32350.140923976352,-2933.75731751496,2.3539750685474745,1.971253626097932,-0.15677224965683298,EUTELSAT 7A
2025-06-29T11:26:04.888901,27031.82182020026,-32231.559011083737,-2943.1354900875845,2.3453760867744595,1.9815523884485455,-0.1558350862258999,EUTELSAT 7A
2025-06-29T11:27:04.888901,27172.28224872806,-32112.360322098495,-2952.45734964635,2.336732215617153,1.9918132427079578,-0.15489493947691838,EUTELSAT 7A
2025-06-29T11:28:04.888901,27312.222712574636,-31992.54713735517,-2961.7227177299405,2.328043620333705,2.002035992517601,-0.15395182738596763,EUTELSAT 7A
2025-06-29T11:29:04.888901,27451.640533331665,-31872.121748947586,-2970.9314169572062,2.319310467037855,2.012220442246515,-0.15300576798589088,EUTELSAT 7A
2025-06-29T11:30:04.888901,27590.533042582752,-31751.086460685397,-2980.0832710305167,2.3105329226958062,2.0223663969950603,-0.15205677936595596,EUTELSAT 7A
2025-06-29T11:31:04.888901,27728.89758195495,-31629.443588049908,-2989.178104739176,2.3017111551230207,2.0324736625986635,-0.15110487967150713,EUTELSAT 7A
2025-06-29T11:32:04.888901,27866.731503169307,-31507.195458149967,-2998.2157439627463,2.29284533298104,2.042542045631516,-0.15015008710362152,EUTELSAT 7A
2025-06-29T11:33:04.888901,28004.03216809198,-31384.34440967714,-3007.1960156744176,2.2839356257742405,2.0525713534103094,-0.14919241991875884,EUTELSAT 7A
2025-06-29T11:34:04.888901,28140.79694878393,-31260.892792861854,-3016.118747944266,2.2749822038466596,2.0625613939978504,-0.1482318964284189,EUTELSAT 7A
2025-06-29T11:35:04.888901,28277.023227552207,-31136.842969427526,-3024.9837699426125,2.265985238378684,2.0725119762068127,-0.14726853499878573,EUTELSAT 7A
2025-06-29T11:36:04.888901,28412.708396999078,-31012.19731254636,-3033.7909119432334,2.2569449013838505,2.082422909603324,-0.14630235405038372,EUTELSAT 7A
2025-06-29T11:37:04.888901,28547.84986007246,-30886.95820679351,-3042.5400053266426,2.247861365705534,2.0922940045106464,-0.14533337205772304,EUTELSAT 7A
2025-06-29T11:38:04.888901,28682.4450301156,-30761.128048101604,-3051.2308825833193,2.2387348050136584,2.1021250720128,-0.14436160754894747,EUTELSAT 7A
2025-06-29T11:39:04.888901,28816.491330916328,-30634.70924371517,-3059.863377316904,2.2295653938013973,2.1119159239581613,-0.14338707910548262,EUTELSAT 7A
2025-06-29T11:40:04.888901,28949.986196756556,-30507.704212144447,-3068.4373242473926,2.220353307381844,2.1216663729630794,-0.14240980536168052,EUTELSAT 7A
2025-06-29T11:41:04.888901,29082.927072461116,-30380.115383119533,-3076.95255921429,2.211098721884686,2.131376232415435,-0.14142980500446606,EUTELSAT 7A
2025-06-29T11:42:04.888901,29215.3114134473,-30251.945197543337,-3085.4089191797934,2.2018018142528035,2.141045316478261,-0.14044709677297615,EUTELSAT 7A
2025-06-29T11:43:04.888901,29347.136685772548,-30123.19610744585,-3093.806242231847,2.192462762238973,2.1506734400932226,-0.13946169945821002,EUTELSAT 7A
2025-06-29T11:44:04.888901,29478.4003661837,-29993.87057593665,-3102.1443675872993,2.183081744402418,2.160260418984218,-0.13847363190266435,EUTELSAT 7A
2025-06-29T11:45:04.888901,29609.099942165136,-29863.97107715809,-3110.4231355949655,2.173658940105431,2.1698060696608827,-0.13748291299997684,EUTELSAT 7A
2025-06-29T11:46:04.888901,29739.232911986583,-29733.500096238073,-3118.6423877386696,2.164194529509964,2.1793102094220886,-0.13648956169456622,EUTELSAT 7A
2025-06-29T11:47:04.888901,29868.796784751416,-29602.46012924247,-3126.801966640314,2.1546886935741725,2.1887726563594683,-0.13549359698126906,EUTELSAT 7A
2025-06-29T11:48:04.888901,29997.789080443818,-29470.853683127712,-3134.9017160628523,2.1451416140490016,2.198193229360856,-0.13449503790498096,EUTELSAT 7A
2025-06-29T11:49:04.888901,30126.207329976798,-29338.68327569254,-3142.9414809133214,2.135553473474684,2.2075717481137938,-0.13349390356028973,EUTELSAT 7A
2025-06-29T11:50:04.888901,30254.049075238916,-29205.951435530267,-3150.921107245781,2.1259244551772976,2.2169080331089464,-0.13249021309111406,EUTELSAT 7A
2025-06-29T11:51:04.888901,30381.311869141726,-29072.660701980294,-3158.8404422642857,2.1162547432652508,2.2262019056435602,-0.13148398569033723,EUTELSAT 7A
2025-06-29T11:52:04.888901,30507.993275666424,-28938.81362507964,-3166.6993343257996,2.1065445226257795,2.235453187824872,-0.13047524059944124,EUTELSAT 7A
2025-06-29T11:53:04.888901,30634.090869910433,-28804.412765514317,-3174.4976329430956,2.0967939789214327,2.244661702573511,-0.1294639971081408,EUTELSAT 7A
2025-06-29T11:54:04.888901,30759.602238134077,-28669.460694570233,-3182.2351887876684,2.0870032985865135,2.2538272736269027,-0.12845027455401334,EUTELSAT 7A
2025-06-29T11:55:04.888901,30884.52497780633,-28533.959994084453,-3189.9118536925484,2.077172668823562,2.2629497255426134,-0.12743409232213387,EUTELSAT 7A
2025-06-29T11:56:04.888901,31008.85669765122,-28397.913256395474,-3197.527480655181,2.067302277599754,2.272028883701739,-0.12641546984470156,EUTELSAT 7A
2025-06-29T11:57:04.888901,31132.595017693406,-28261.323084293992,-3205.081923840225,2.0573923136433345,2.2810645743122255,-0.12539442660067182,EUTELSAT 7A
2025-06-29T11:58:04.888901,31255.737569303696,-28124.192090973116,-3212.575038582349,2.0474429664400278,2.290056624412204,-0.12437098211538387,EUTELSAT 7A
2025-06-29T11:59:04.888901,31378.28199524457,-27986.52289997837,-3220.006681389006,2.037454426229409,2.2990048618733034,-0.12334515596018791,EUTELSAT 7A
2025-06-29T12:00:04.888901,31500.22594971522,-27848.31814515756,-3227.3767099431857,2.027426884001285,2.307909115403947,-0.12231696775207192,EUTELSAT 7A
2025-06-29T12:01:04.888901,31621.56709839618,-27709.580470610897,-3234.6849831061263,2.0173605314920793,2.316769214552608,-0.1212864371532901,EUTELSAT 7A
2025-06-29T12:02:04.888901,31742.303118494514,-27570.312530639836,-3241.931360920039,2.0072555611811365,2.3255849897111096,-0.12025358387098391,EUTELSAT 7A
2025-06-29T12:03:04.888901,31862.431698787943,-27430.516989696815,-3249.1157046107846,1.9971121662870799,2.334356272117847,-0.1192184276568086,EUTELSAT 7A
2025-06-29T12:04:04.888901,31981.950539669033,-27290.196522334405,-3256.2378765905178,1.9869305407641396,2.3430828938610158,-0.11818098830655747,EUTELSAT 7A
2025-06-29T12:05:04.888901,32100.85735318947,-27149.35381315394,-3263.2977404603466,1.9767108792984267,2.351764687881842,-0.11714128565978195,EUTELSAT 7A
2025-06-29T12:06:04.888901,32219.149863103816,-27007.991556754303,-3270.295161012938,1.9664533773042348,2.3604014879777804,-0.11609933959941361,EUTELSAT 7A
2025-06-29T12:07:04.888901,32336.82580491287,-26866.1124576807,-3277.230004235102,1.9561582309203311,2.3689931288056805,-0.11505517005138693,EUTELSAT 7A
2025-06-29T12:08:04.888901,32453.882925907244,-26723.7192303728,-3284.102137310369,1.9458256370062001,2.3775394458849637,-0.11400879698425752,EUTELSAT 7A
2025-06-29T12:09:04.888901,32570.318985210448,-26580.81459911276,-3290.9114286215404,1.9354557931382887,2.38604027560078,-0.11296024040882074,EUTELSAT 7A
2025-06-29T12:10:04.888901,32686.131753821595,-26437.40129797367,-3297.6577477531873,1.9250488976062718,2.3944954552071174,-0.11190952037773326,EUTELSAT 7A
2025-06-29T12:11:04.888901,32801.31901465846,-26293.482070766753,-3304.3409654941893,1.91460514940923,2.4029048228299468,-0.11085665698512623,EUTELSAT 7A
2025-06-29T12:12:04.888901,32915.878562599544,-26149.059670989376,-3310.9609538401746,1.904124748251889,2.411268217470301,-0.10980167036622553,EUTELSAT 7A
2025-06-29T12:13:04.888901,33029.808204526715,-26004.136861772004,-3317.5175859960063,1.8936078945407844,2.419585479007383,-0.10874458069696402,EUTELSAT 7A
2025-06-29T12:14:04.888901,33143.105759366605,-25858.71641582618,-3324.0107363781794,1.8830547893804872,2.427856448201589,-0.10768540819360262,EUTELSAT 7A
2025-06-29T12:15:04.888901,33255.769058133024,-25712.80111539062,-3330.440280617263,1.8724656345697142,2.436080966697614,-0.1066241731123375,EUTELSAT 7A
2025-06-29T12:16:04.888901,33367.795943968136,-25566.3937521788,-3336.8060955602655,1.8618406325975208,2.4442588770274414,-0.10556089574891886,EUTELSAT 7A
2025-06-29T12:17:04.888901,33479.184272183586,-25419.497127325478,-3343.1080592729872,1.851179986639447,2.4523900226133706,-0.1044955964382634,EUTELSAT 7A
2025-06-29T12:18:04.888901,33589.931910302206,-25272.114051332643,-3349.3460510423915,1.8404839005535916,2.4604742477710455,-0.10342829555406201,EUTELSAT 7A
2025-06-29T12:19:04.888901,33700.036738098126,-25124.247344016734,-3355.519951378889,1.8297525788767939,2.4685113977123834,-0.1023590135083971,EUTELSAT 7A
2025-06-29T12:20:04.888901,33809.49664763793,-24975.899834453878,-3361.6296420186477,1.8189862268206796,2.4765013185485976,-0.10128777075134836,EUTELSAT 7A
2025-06-29T12:21:04.888901,33918.30954332059,-24827.07436092664,-3367.675005925841,1.8081850502677934,2.484443857293099,-0.10021458777060654,EUTELSAT 7A
2025-06-29T12:22:04.888901,34026.473341917976,-24677.773770869262,-3373.6559272949225,1.7973492557676398,2.4923388618644515,-0.09913948509107963,EUTELSAT 7A
2025-06-29T12:23:04.888901,34133.985972614595,-24528.000920813287,-3379.5722915528213,1.786479050532753,2.5001861810892954,-0.09806248327450169,EUTELSAT 7A
2025-06-29T12:24:04.888901,34240.84537704707,-24377.758676333506,-3385.423985361146,1.7755746424347751,2.507985664705211,-0.09698360291904341,EUTELSAT 7A
2025-06-29T12:25:04.888901,34347.049509344084,-24227.04991199232,-3391.2108966183832,1.7646362400004327,2.5157371633636427,-0.09590286465891375,EUTELSAT 7A
2025-06-29T12:26:04.888901,34452.59633616495,-24075.87751128581,-3396.932914462007,1.7536640524076297,2.5234405286327166,-0.09482028916397207,EUTELSAT 7A
2025-06-29T12:27:04.888901,34557.48383673886,-23924.244366588093,-3402.589929270634,1.7426582894814242,2.531095613000113,-0.09373589713933106,EUTELSAT 7A
2025-06-29T12:28:04.888901,34661.71000290365,-23772.15337909606,-3408.181832666119,1.731619161690025,2.5387022698758885,-0.0926497093249609,EUTELSAT 7A
2025-06-29T12:29:04.888901,34765.27283914435,-23619.607458773873,-3413.708517515651,1.7205468801407682,2.5462603535952972,-0.09156174649529317,EUTELSAT 7A
2025-06-29T12:30:04.888901,34868.170362630844,-23466.609524298154,-3419.169877933764,1.7094416565761579,2.5537697194215414,-0.09047202945882965,EUTELSAT 7A
2025-06-29T12:31:04.888901,34970.40060325666,-23313.162503000945,-3424.5658092844315,1.6983037033697272,2.5612302235486055,-0.08938057905773722,EUTELSAT 7A
2025-06-29T12:32:04.888901,35071.96160367612,-23159.269330814845,-3429.8962081830246,1.6871332335220746,2.568641723103968,-0.08828741616745654,EUTELSAT 7A
2025-06-29T12:33:04.888901,35172.851419342136,-23004.932952216364,-3435.16097249832,1.6759304606567544,2.576004076151364,-0.08719256169630053,EUTELSAT 7A
2025-06-29T12:34:04.888901,35273.06811854314,-22850.156320170172,-3440.3600013544506,1.664695599016245,2.5833171416934806,-0.08609603658505857,EUTELSAT 7A
2025-06-29T12:35:04.888901,35372.609782440704,-22694.94239607174,-3445.493195132861,1.6534288634577938,2.590580779674714,-0.08499786180659061,EUTELSAT 7A
2025-06-29T12:36:04.888901,35471.474505105645,-22539.294149691785,-3450.560455474197,1.6421304694493941,2.5977948509837923,-0.08389805836543389,EUTELSAT 7A
2025-06-29T12:37:04.888901,35569.66039355475,-22383.214559119253,-3455.5616852801936,1.630800633065657,2.604959217456474,-0.08279664729740019,EUTELSAT 7A
2025-06-29T12:38:04.888901,35667.16556778755,-22226.706610703575,-3460.49678871558,1.6194395709836278,2.6120737418782243,-0.08169364966916849,EUTELSAT 7A
2025-06-29T12:39:04.888901,35763.98816082129,-22069.77329899929,-3465.36567120985,1.6080475004787804,2.619138287986774,-0.08058908657789501,EUTELSAT 7A
2025-06-29T12:40:04.888901,35860.126318727875,-21912.41762670695,-3470.168239459152,1.5966246394207317,2.62615272047482,-0.07948297915079702,EUTELSAT 7A
2025-06-29T12:41:04.888901,35955.5782006685,-21754.64260461726,-3474.9044014280275,1.5851712062691996,2.633116904992549,-0.07837534854476029,EUTELSAT 7A
2025-06-29T12:42:04.888901,36050.34197892943,-21596.451251552633,-3479.5740663512065,1.57368742006977,2.6400307081502628,-0.07726621594592903,EUTELSAT 7A
2025-06-29T12:43:04.888901,36144.41583895699,-21437.846594309678,-3484.1771447353494,1.5621735004497295,2.6468939975209227,-0.07615560256930243,EUTELSAT 7A
2025-06-29T12:44:04.888901,36237.79797939191,-21278.83166760192,-3488.713548360743,1.55062966761392,2.6537066416426693,-0.07504352965833429,EUTELSAT 7A
2025-06-29T12:45:04.888901,36330.486612104454,-21119.40951400104,-3493.1831902830327,1.5390561423404796,2.660468510021381,-0.07393001848452133,EUTELSAT 7A
2025-06-29T12:46:04.888901,36422.479962228244,-20959.583183879273,-3497.5859848348628,1.5274531459766723,2.6671794731331513,-0.0728150903470014,EUTELSAT 7A
2025-06-29T12:47:04.888901,36513.776268194495,-20799.355735350833,-3501.921847627534,1.5158209004346463,2.673839402426791,-0.07169876657214487,EUTELSAT 7A
2025-06-29T12:48:04.888901,36604.37378176571,-20638.730234213683,-3506.1906955526315,1.504159628187211,2.6804481703262826,-0.07058106851314877,EUTELSAT 7A
2025-06-29T12:49:04.888901,36694.27076806924,-20477.709753890704,-3510.3924467836137,1.4924695522635816,2.687005650233241,-0.06946201754962775,EUTELSAT 7A
2025-06-29T12:50:04.888901,36783.4655056305,-20316.297375371123,-3514.527020777386,1.480750896245135,2.693511716529341,-0.068341635087207,EUTELSAT 7A
2025-06-29T12:51:04.888901,36871.9562864059,-20154.49618715184,-3518.5943382758537,1.4690038842611557,2.6999662445787123,-0.06721994255711476,EUTELSAT 7A
2025-06-29T12:52:04.888901,36959.741415815704,-19992.309285178064,-3522.5943213074406,1.4572287409845381,2.7063691107303542,-0.0660969614157713,EUTELSAT 7A
2025-06-29T12:53:04.888901,37046.81921277655,-19829.73977278418,-3526.5268931886,1.4454256916275037,2.7127201923205075,-0.06497271314437883,EUTELSAT 7A
2025-06-29T12:54:04.888901,37133.188009733625,-19666.79076063452,-3530.391978525276,1.433594961937309,2.719019367675003,-0.06384721924851283,EUTELSAT 7A
2025-06-29T12:55:04.888901,37218.846152692444,-19503.46536666422,-3534.1895032143584,1.4217367781919592,2.7252665161115885,-0.06272050125771265,EUTELSAT 7A
2025-06-29T12:56:04.888901,37303.79200125086,-19339.766716019254,-3537.919394445109,1.4098513671958681,2.7314615179422645,-0.06159258072506871,EUTELSAT 7A
2025-06-29T12:57:04.888901,37388.02392863046,-19175.697940996633,-3541.5815807005656,1.3979389562755202,2.737604254475578,-0.060463479226809495,EUTELSAT 7A
2025-06-29T12:58:04.888901,37471.54032170756,-19011.26218098494,-3545.1759917589143,1.3859997732751665,2.7436946080188975,-0.05933321836189339,EUTELSAT 7A
2025-06-29T12:59:04.888901,37554.339581044434,-18846.462582404012,-3548.7025586948457,1.374034046552449,2.7497324618806767,-0.05820181975159304,EUTELSAT 7A
2025-06-29T13:00:04.888901,37636.42012091961,-18681.30229864509,-3552.1612138808687,1.362042004974073,2.755717700372695,-0.05706930503908567,EUTELSAT 7A
2025-06-29T13:01:04.888901,37717.78036935885,-18515.784490009974,-3555.551890988637,1.3500238779113898,2.7616502088122936,-0.055935695889034485,EUTELSAT 7A
2025-06-29T13:02:04.888901,37798.41876816454,-18349.91232365166,-3558.8745249901963,1.3379798952360973,2.7675298735245435,-0.05480101398718319,EUTELSAT 7A
2025-06-29T13:03:04.888901,37878.333772946295,-18183.688973512664,-3562.129052159263,1.3259102873157744,2.7733565818444768,-0.05366528103993351,EUTELSAT 7A
2025-06-29T13:04:04.888901,37957.52385315014,-18017.117620265086,-3565.3154100724346,1.3138152850095353,2.7791302221192207,-0.05252851877393587,EUTELSAT 7A
2025-06-29T13:05:04.888901,38035.98749208804,-17850.201451249613,-3568.433537610403,1.301695119663607,2.7848506837101485,-0.051390748935673046,EUTELSAT 7A
2025-06-29T13:06:04.888901,38113.72318696688,-17682.943660414683,-3571.4833749591207,1.2895500231069268,2.7905178569950118,-0.05025199329104525,EUTELSAT 7A
2025-06-29T13:07:04.888901,38190.72944891753,-17515.347448255117,-3574.464863610967,1.2773802276466881,2.796131633370053,-0.04911227362495267,EUTELSAT 7A
2025-06-29T13:08:04.888901,38267.00480302313,-17347.416021751415,-3577.377946365872,1.265185966063945,2.8016919052520772,-0.04797161174088242,EUTELSAT 7A
2025-06-29T13:09:04.888901,38342.54778834742,-17179.152594308365,-3580.2225673324065,1.252967471609163,2.807198566080526,-0.04683002946049118,EUTELSAT 7A
2025-06-29T13:10:04.888901,38417.35695796302,-17010.560385693243,-3582.998671928879,1.2407249779977407,2.8126515103195446,-0.04568754862318654,EUTELSAT 7A
2025-06-29T13:11:04.888901,38491.43087897897,-16841.642621974497,-3585.7062068843766,1.2284587194055618,2.8180506334599906,-0.04454419108571095,EUTELSAT 7A
2025-06-29T13:12:04.888901,38564.76813256828,-16672.4025354604,-3588.345120239801,1.2161689304645533,2.8233958320214483,-0.04339997872172634,EUTELSAT 7A
2025-06-29T13:13:04.888901,38637.36731399511,-16502.843364636672,-3590.9153613488565,1.2038558462581634,2.828687003554228,-0.042254933421392714,EUTELSAT 7A
2025-06-29T13:14:04.888901,38709.22703264186,-16332.968354105127,-3593.416880879051,1.1915197023169113,2.833924046641326,-0.04110907709095342,EUTELSAT 7A
2025-06-29T13:15:04.888901,38780.34591203567,-16162.780754521415,-3595.8496308126246,1.1791607346138782,2.8391068609003804,-0.039962431652315306,EUTELSAT 7A
2025-06-29T13:16:04.888901,38850.72258987499,-15992.283822532801,-3598.2135644474947,1.166779179560196,2.844235346985605,-0.03881501904262932,EUTELSAT 7A
2025-06-29T13:17:04.888901,38920.35571805574,-15821.480820715848,-3600.5086363981495,1.15437527400053,2.8493094065897075,-0.037666861213871215,EUTELSAT 7A
2025-06-29T13:18:04.888901,38989.24396269699,-15650.375017514614,-3602.734802596525,1.1419492552085975,2.8543289424457563,-0.036517980132425534,EUTELSAT 7A
2025-06-29T13:19:04.888901,39057.38600416683,-15478.969687177416,-3604.892020292866,1.1295013608825875,2.8592938583290866,-0.03536839777866173,EUTELSAT 7A
2025-06-29T13:20:04.888901,39124.7805371075,-15307.26810969475,-3606.9802480565404,1.117031829140654,2.8642040590591265,-0.03421813614651664,EUTELSAT 7A
2025-06-29T13:21:04.888901,39191.42627046051,-15135.273570736435,-3608.9994457768516,1.1045408985163665,2.8690594505012443,-0.033067217243074355,EUTELSAT 7A
2025-06-29T13:22:04.888901,39257.321927491525,-14962.989361588718,-3610.9495746638095,1.0920288079541447,2.8738599395685562,-0.03191566308814434,EUTELSAT 7A
2025-06-29T13:23:04.888901,39322.466245814634,-14790.41877909157,-3612.830597248876,1.0794957968047172,2.878605434223715,-0.03076349571384309,EUTELSAT 7A
2025-06-29T13:24:04.888901,39386.85797741692,-14617.56512557545,-3614.6424773857125,1.0669421048205305,2.883295843480693,-0.029610737164170505,EUTELSAT 7A
2025-06-29T13:25:04.888901,39450.495888682206,-14444.43170879816,-3616.3851802508534,1.0543679721511767,2.8879310774065265,-0.028457409494590243,EUTELSAT 7A
2025-06-29T13:26:04.888901,39513.37876041469,-14271.021841882073,-3618.058672344398,1.0417736393388415,2.892511047123047,-0.027303534771610082,EUTELSAT 7A
2025-06-29T13:27:04.888901,39575.50538787678,-14097.338843210173,-3619.662921491019,1.0291593473107583,2.8970356648096387,-0.026149135072091188,EUTELSAT 7A
2025-06-29T13:28:04.888901,39636.874580755226,-13923.386036522292,-3621.1978968391286,1.0165253373862073,2.901504843700781,-0.024994232483887005,EUTELSAT 7A
2025-06-29T13:29:04.888901,39697.485163269455,-13749.166750613134,-3622.6635688636843,1.0038718512545919,2.905918498093944,-0.023838849103836476,EUTELSAT 7A
2025-06-29T13:30:04.888901,39757.335974137015,-13574.684319427439,-3624.05990936528,0.9911991309823555,2.910276543347079,-0.02268300703839795,EUTELSAT 7A
2025-06-29T13:31:04.888901,39816.42586661032,-13399.942081956035,-3625.386891471066,0.978507419005443,2.914578895881312,-0.021526728402958852,EUTELSAT 7A
2025-06-29T13:32:04.888901,39874.75370849855,-13224.943382172967,-3626.644489635278,0.965796958124736,2.9188254731825256,-0.02037003532141992,EUTELSAT 7A
2025-06-29T13:33:04.888901,39932.31838218958,-13049.691568970416,-3627.8326796397323,0.9530679915013388,2.923016193802984,-0.019212949925764472,EUTELSAT 7A
2025-06-29T13:34:04.888901,39989.118784671184,-12874.18999609583,-3628.951438594297,0.940320762652016,2.927150977362868,-0.01805549435564356,EUTELSAT 7A
2025-06-29T13:35:04.888901,40045.15382755256,-12698.442022086798,-3630.000744937342,0.9275555154444708,2.931229744551863,-0.01689769075794585,EUTELSAT 7A
2025-06-29T13:36:04.888901,40100.42243708494,-12522.45101020766,-3630.980578436164,0.9147724940927454,2.9352524171306538,-0.015739561286380002,EUTELSAT 7A
2025-06-29T13:37:04.888901,40154.92355418247,-12346.220328384456,-3631.890920187371,0.901971943152509,2.939218917932467,-0.014581128101046403,EUTELSAT 7A
2025-06-29T13:38:04.888901,40208.65613444243,-12169.753349141101,-3632.7317526172733,0.8891541075164212,2.9431291708645344,-0.013422413368017333,EUTELSAT 7A
2025-06-29T13:39:04.888901,40261.619148165315,-11993.053449534798,-3633.503059482209,0.8763192324094521,2.946983100909577,-0.012263439258912384,EUTELSAT 7A
2025-06-29T13:40:04.888901,40313.81158037469,-11816.1240110912,-3634.2048258688747,0.8634675633841805,2.9507806341272484,-0.011104227950473639,EUTELSAT 7A
2025-06-29T13:41:04.888901,40365.23243083674,-11638.968419739891,-3634.8370381946274,0.8505993463161099,2.954521697655568,-0.009944801624141898,EUTELSAT 7A
2025-06-29T13:42:04.888901,40415.880714079285,-11461.59006575002,-3635.399684207735,0.8377148273990036,2.9582062197123142,-0.00878518246563578,EUTELSAT 7A
2025-06-29T13:43:04.888901,40465.75545941112,-11283.992343664611,-3635.892752987643,0.8248142531401172,2.961834129596435,-0.00762539266452157,EUTELSAT 7A
2025-06-29T13:44:04.888901,40514.85571094029,-11106.178652236391,-3636.316234945171,0.8118978703555472,2.965405357689397,-0.006465454413794452,EUTELSAT 7A
2025-06-29T13:45:04.888901,40563.18052759266,-10928.152394362874,-3636.6701218227226,0.7989659261655173,2.9689198354565267,-0.0053053899094538835,EUTELSAT 7A
2025-06-29T13:46:04.888901,40610.72898313001,-10749.916977020783,-3636.954406694445,0.7860186679896252,2.972377495448351,-0.004145221350077038,EUTELSAT 7A
2025-06-29T13:47:04.888901,40657.50016616801,-10571.475811200702,-3637.1690839663775,0.7730563435420982,2.975778271301902,-0.0029849709363921222,EUTELSAT 7A
2025-06-29T13:48:04.888901,40703.49318019331,-10392.832311843067,-3637.314149376561,0.760079200827154,2.979122097741977,-0.001824660870862822,EUTELSAT 7A
2025-06-29T13:49:04.888901,40748.70714358138,-10213.989897771185,-3637.3895999951324,0.7470874881341387,2.9824089105824374,-0.0006643133572521565,EUTELSAT 7A
2025-06-29T13:50:04.888901,40793.141189612914,-10034.951991627577,-3637.3954342243937,0.7340814540329078,2.98563864672741,0.00049604939979015,EUTELSAT 7A
2025-06-29T13:51:04.888901,40836.79446649103,-9855.722019806975,-3637.331651798849,0.7210613473689671,2.988811244172549,0.0016564051951628747,EUTELSAT 7A
2025-06-29T13:52:04.888901,40879.66613735717,-9676.30341239205,-3637.1982537852205,0.7080274172588094,2.9919266420062045,0.0028167318237292713,EUTELSAT 7A
2025-06-29T13:53:04.888901,40921.75538030766,-9496.699603086783,-3636.9952425824335,0.6949799130850783,2.994984780410623,0.003977007080748481,EUTELSAT 7A
2025-06-29T13:54:04.888901,40963.06138840923,-9316.914029151665,-3636.722621921591,0.6819190844918677,2.9979856006630916,0.00513720876229453,EUTELSAT 7A
2025-06-29T13:55:04.888901,41003.58336971477,-9136.950131337175,-3636.3803968659045,0.6688451813798955,3.0009290451370934,0.006297314665685859,EUTELSAT 7A
2025-06-29T13:56:04.888901,41043.32054727834,-8956.811353818764,-3635.9685738106064,0.6557584539017851,3.003815057303403,0.007457302589904937,EUTELSAT 7A
2025-06-29T13:57:04.888901,41082.272159170374,-8776.501144130467,-3635.4871604828413,0.6426591524572489,3.006643581731198,0.008617150336025774,EUTELSAT 7A
2025-06-29T13:58:04.888901,41120.43745849227,-8596.022953099027,-3634.9361659415304,0.6295475276883067,3.0094145640891306,0.009776835707638664,EUTELSAT 7A
2025-06-29T13:59:04.888901,41157.81571339074,-8415.380234778,-3634.3156005771966,0.6164238304745056,3.0121279511463817,0.0109363365112732,EUTELSAT 7A
2025-06-29T14:00:04.888901,41194.40620707197,-8234.576446381823,-3633.62547611179,0.6032883119281339,3.0147836907736907,0.012095630556822785,EUTELSAT 7A
2025-06-29T14:01:04.888901,41230.208237815496,-8053.61504821906,-3632.865805598467,0.5901412233893778,3.0173817319443788,0.013254695657972021,EUTELSAT 7A
2025-06-29T14:02:04.888901,41265.221118987574,-7872.499503627157,-3632.0366034213475,0.5769828164215864,3.0199220247353247,0.014413509632615847,EUTELSAT 7A
2025-06-29T14:03:04.888901,41299.44417905455,-7691.2332789057355,-3631.137885295257,0.5638133428064291,3.022404520327941,0.015572050303286157,EUTELSAT 7A
2025-06-29T14:04:04.888901,41332.87676159582,-7509.819843249969,-3630.1696682654338,0.5506330545390616,3.0248291710091317,0.016730295497578655,EUTELSAT 7A
2025-06-29T14:05:04.888901,41365.51822531639,-7328.262668684888,-3629.131970707207,0.5374422038233581,3.027195930172206,0.01788822304857214,EUTELSAT 7A
2025-06-29T14:06:04.888901,41397.36794405942,-7146.565229998174,-3628.0248123256606,0.5242410430670322,3.0295047523178003,0.019045810795257676,EUTELSAT 7A
2025-06-29T14:07:04.888901,41428.425306818106,-6964.731004674562,-3626.8482141552677,0.5110298248768776,3.0317555930547524,0.020203036582957315,EUTELSAT 7A
2025-06-29T14:08:04.888901,41458.68971774766,-6782.76347282882,-3625.602198559494,0.4978088020539007,3.0339484091009647,0.02135987826375066,EUTELSAT 7A
2025-06-29T14:09:04.888901,41488.16059617667,-6600.666117139236,-3624.286789230382,0.48457822758849556,3.0360831582842613,0.02251631369689833,EUTELSAT 7A
2025-06-29T14:10:04.888901,41516.83737661848,-6418.442422780986,-3622.9020111881123,0.47133835465560536,3.0381597995431964,0.023672320749265664,EUTELSAT 7A
2025-06-29T14:11:04.888901,41544.71950878195,-6236.095877359632,-3621.447890780526,0.45808943660989576,3.0401782929278602,0.024827877295744906,EUTELSAT 7A
2025-06-29T14:12:04.888901,41571.806457582206,-6053.629970844194,-3619.9244556826357,0.4448317269808965,3.0421385996006642,0.025982961219680044,EUTELSAT 7A
2025-06-29T14:13:04.888901,41598.097703150954,-5871.048195500359,-3618.3317348961054,0.43156547946815293,3.044040681837094,0.02713755041328978,EUTELSAT 7A
2025-06-29T14:14:04.888901,41623.5927408465,-5688.354045824226,-3616.66975874871,0.418290947936415,3.04588450302644,0.028291622778087232,EUTELSAT 7A
2025-06-29T14:15:04.888901,41648.29108126358,-5505.551018474678,-3614.9385588937575,0.40500838641072945,3.047670027672532,0.02944515622530787,EUTELSAT 7A
2025-06-29T14:16:04.888901,41672.19225024283,-5322.642612206863,-3613.138168309501,0.39171804907160857,3.049397221394414,0.03059812867632911,EUTELSAT 7A
2025-06-29T14:17:04.888901,41695.29578887984,-5139.6323278054815,-3611.268621298511,0.37842019025018864,3.051066050927032,0.03175051806309221,EUTELSAT 7A
2025-06-29T14:18:04.888901,41717.60125353422,-4956.523668017369,-3609.3299534870325,0.36511506442333497,3.0526764841218816,0.03290230232852628,EUTELSAT 7A
2025-06-29T14:19:04.888901,41739.10821583812,-4773.3201374847,-3607.3222018243146,0.35180292620879006,3.054228489947636,0.034053459426970335,EUTELSAT 7A
2025-06-29T14:20:04.888901,41759.816262704524,-4590.025242677965,-3605.2454045819136,0.33848403036030983,3.055722038490761,0.035203967324593584,EUTELSAT 7A
2025-06-29T14:21:04.888901,41779.72499633526,-4406.642491829005,-3603.0996013529702,0.32515863176279963,3.057157100956096,0.03635380399981724,EUTELSAT 7A
2025-06-29T14:22:04.888901,41798.83403422871,-4223.175394863699,-3600.884833051457,0.3118269854274282,3.058533649667429,0.03750294744373677,EUTELSAT 7A
2025-06-29T14:23:04.888901,41817.1430091874,-4039.6274633345524,-3598.601141911419,0.2984893464867299,3.0598516580680366,0.038651375660544794,EUTELSAT 7A
2025-06-29T14:24:04.888901,41834.65156932484,-3856.0022103544657,-3596.24857148616,0.2851459701897989,3.061111100721209,0.039799066667945984,EUTELSAT 7A
2025-06-29T14:25:04.888901,41851.359378072644,-3672.3031505279946,-3593.8271666474275,0.2717971118972953,3.06231195331076,0.04094599849758755,EUTELSAT 7A
2025-06-29T14:26:04.888901,41867.26611418694,-3488.5337998856717,-3591.33697358457,0.25844302707667494,3.063454192641493,0.04209214919546938,EUTELSAT 7A
2025-06-29T14:27:04.888901,41882.37147175464,-3304.6976758159544,-3588.778039803647,0.24508397129724982,3.0645377966396756,0.0432374968223697,EUTELSAT 7A
2025-06-29T14:28:04.888901,41896.67516019943,-3120.798296997771,-3586.150414126548,0.23172020022528766,3.0655627443534694,0.044382019454265294,EUTELSAT 7A
2025-06-29T14:29:04.888901,41910.17690428746,-2936.8391833337037,-3583.4541466900596,0.21835196961915912,3.066529015953353,0.0455256951827487,EUTELSAT 7A
2025-06-29T14:30:04.888901,41922.87644413265,-2752.823855882206,-3580.6892889449127,0.20497953532441665,3.067436592732511,0.04666850211544953,EUTELSAT 7A
2025-06-29T14:31:04.888901,41934.77353520189,-2568.755836790429,-3577.855893654816,0.19160315326891397,3.068285457107217,0.047810418376452814,EUTELSAT 7A
2025-06-29T14:32:04.888901,41945.8679483197,-2384.6386492267825,-3574.9540148954534,0.178223079457909,3.069075592617176,0.04895142210671754,EUTELSAT 7A
2025-06-29T14:33:04.888901,41956.159469672806,-2200.4758173136684,-3571.983708053457,0.16483956996917723,3.069806983925865,0.05009149146449474,EUTELSAT 7A
2025-06-29T14:34:04.888901,41965.64790081435,-2016.2708660599928,-3568.9450298253664,0.15145288094811102,3.0704796168208346,0.05123060462574542,EUTELSAT 7A
2025-06-29T14:35:04.888901,41974.33305866772,-1832.0273212933032,-3565.838038216538,0.13806326860278928,3.0710934782140042,0.05236873978456127,EUTELSAT 7A
2025-06-29T14:36:04.888901,41982.214775530294,-1647.7487095929116,-3562.66279254006,0.12467098919911947,3.0716485561419242,0.05350587515357822,EUTELSAT 7A
2025-06-29T14:37:04.888901,41989.29289907666,-1463.4385582219047,-3559.419353415616,0.11127629905589975,3.072144839766024,0.05464198896439656,EUTELSAT 7A
2025-06-29T14:38:04.888901,41995.56729236164,-1279.1003950604415,-3556.1077827683557,0.09787945453997293,3.072582319372835,0.0557770594679934,EUTELSAT 7A
2025-06-29T14:39:04.888901,42001.03783382309,-1094.7377485369693,-3552.7281438276837,0.08448071206122933,3.0729609863741922,0.05691106493514617,EUTELSAT 7A
2025-06-29T14:40:04.888901,42005.70441728429,-910.3541475620372,-3549.2805011261044,0.07108032806779954,3.073280833307413,0.05804398365684083,EUTELSAT 7A
2025-06-29T14:41:04.888901,42009.566951956134,-725.9531214598946,-3545.764920497959,0.057678559041084446,3.07354185383546,0.05917579394469292,EUTELSAT 7A
2025-06-29T14:42:04.888901,42012.6253624389,-541.538199901227,-3542.181469078195,0.04427566149086832,3.0737440427470824,0.060306474131360914,EUTELSAT 7A
2025-06-29T14:43:04.888901,42014.87958872385,-357.1129128354962,-3538.5302153010857,0.030871891950404216,3.0738873959569224,0.06143600257096204,EUTELSAT 7A
2025-06-29T14:44:04.888901,42016.32958619456,-172.68079042357238,-3534.8112288989387,0.017467506971518,3.0739719105056134,0.06256435763948534,EUTELSAT 7A
2025-06-29T14:45:04.888901,42016.975325627776,11.754637029694644,-3531.024580900761,0.004062763119709982,3.0739975845598573,0.0636915177352053,EUTELSAT 7A
2025-06-29T14:46:04.888901,42016.816793194106,196.18983914362627,-3527.1703436309167,-0.009342083030796774,3.073964417412476,0.0648174612790988,EUTELSAT 7A
2025-06-29T14:47:04.888901,42015.85399045849,380.6212855287906,-3523.2485907077494,-0.022746774901929737,3.0738724094824317,0.06594216671525543,EUTELSAT 7A
2025-06-29T14:48:04.888901,42014.08693438015,565.0454458544757,-3519.259397042184,-0.03615105591667133,3.0737215623148506,0.06706561251129012,EUTELSAT 7A
2025-06-29T14:49:04.888901,42011.51565731249,749.4587899170575,-3515.202838836301,-0.04955466950402464,3.0735118785809945,0.06818777715875944,EUTELSAT 7A
2025-06-29T14:50:04.888901,42008.140207002514,933.8577877062753,-3511.078993581901,-0.06295735910383136,3.0732433620782396,0.06930863917356708,EUTELSAT 7A
2025-06-29T14:51:04.888901,42003.96064659008,1118.2389094740076,-3506.8879400590126,-0.07635886817176803,3.0729160177300088,0.0704281770963814,EUTELSAT 7A
2025-06-29T14:52:04.888901,41998.97705460677,1302.5986258010328,-3502.6297583344112,-0.08975894018419862,3.0725298515857045,0.07154636949304238,EUTELSAT 7A
2025-06-29T14:53:04.888901,41993.189524974485,1486.933407665174,-3498.30452976008,-0.10315731864312674,3.0720848708206048,0.07266319495497547,EUTELSAT 7A
2025-06-29T14:54:04.888901,41986.5981670038,1671.2397265082427,-3493.9123369716845,-0.11655374708105927,3.0715810837357354,0.07377863209959815,EUTELSAT 7A
2025-06-29T14:55:04.888901,41979.20310539202,1855.5140543041755,-3489.453263886982,-0.12994796906596037,3.0710184997577428,0.07489265957073278,EUTELSAT 7A
2025-06-29T14:56:04.888901,41971.00448022079,2039.7528636262252,-3484.927395704229,-0.1433397282061339,3.0703971294387173,0.07600525603901433,EUTELSAT 7A
2025-06-29T14:57:04.888901,41962.00244695361,2223.952627714284,-3480.3348189005756,-0.15672876815511552,3.0697169844560146,0.07711640020229701,EUTELSAT 7A
2025-06-29T14:58:04.888901,41952.197176432994,2408.1098205427866,-3475.675621230407,-0.17011483261660937,3.068978077612047,0.07822607078606542,EUTELSAT 7A
2025-06-29T14:59:04.888901,41941.588854877205,2592.220916888317,-3470.9498917236656,-0.18349766534940146,3.0681804228340512,0.07933424654384241,EUTELSAT 7A
2025-06-29T15:00:04.888901,41930.177683876944,2776.2823923963924,-3466.1577206841807,-0.19687701017221446,3.067324035173848,0.08044090625759175,EUTELSAT 7A
2025-06-29T15:01:04.888901,41917.96388039149,2960.290723649799,-3461.299199687929,-0.21025261096867362,3.0664089308075595,0.08154602873813072,EUTELSAT 7A
2025-06-29T15:02:04.888901,41904.947676744734,3144.24238823529,-3456.374421581302,-0.2236242116921568,3.0654351270353244,0.08264959282553032,EUTELSAT 7A
2025-06-29T15:03:04.888901,41891.1293206208,3328.1338648115366,-3451.383480479338,-0.23699155637073194,3.0644026422809794,0.08375157738952511,EUTELSAT 7A
2025-06-29T15:04:04.888901,41876.50907505945,3511.961633176129,-3446.326471763932,-0.25035438911202984,3.063311496091724,0.08485196132991477,EUTELSAT 7A
2025-06-29T15:05:04.888901,41861.087218451146,3695.722174333341,-3441.203492082016,-0.2637124541081683,3.0621617091377633,0.0859507235769709,EUTELSAT 7A
2025-06-29T15:06:04.888901,41844.86404453181,3879.4119705613407,-3436.0146393437167,-0.27706549564064037,3.060953303211931,0.08704784309184001,EUTELSAT 7A
2025-06-29T15:07:04.888901,41827.83986237736,4063.027505479583,-3430.760012720498,-0.29041325808521123,3.059686301229282,0.08814329886694677,EUTELSAT 7A
2025-06-29T15:08:04.888901,41810.01499639788,4246.565264115825,-3425.4397126432723,-0.3037554859167929,3.058360727226682,0.08923706992639485,EUTELSAT 7A
2025-06-29T15:09:04.888901,41791.38978633154,4430.021732973836,-3420.0538408004863,-0.31709192371436506,3.0569766063623507,0.09032913532637117,EUTELSAT 7A
2025-06-29T15:10:04.888901,41771.964587238224,4613.3934001004845,-3414.602500136179,-0.3304223161658545,3.055533964915408,0.09141947415554665,EUTELSAT 7A
2025-06-29T15:11:04.888901,41751.73976949272,4796.6767551530675,-3409.0857948480298,-0.3437464080730283,3.054032830285378,0.09250806553547716,EUTELSAT 7A
2025-06-29T15:12:04.888901,41730.715718777974,4979.868289466127,-3403.5038303853776,-0.35706394435635386,3.052473230991692,0.09359488862100131,EUTELSAT 7A
2025-06-29T15:13:04.888901,41708.89283607757,5162.964496119493,-3397.856713447181,-0.37037467005994595,3.050855196673148,0.09467992260064569,EUTELSAT 7A
2025-06-29T15:14:04.888901,41686.27153766837,5345.961870004319,-3392.1445519800404,-0.38367833035636795,3.0491787580873675,0.09576314669701624,EUTELSAT 7A
2025-06-29T15:15:04.888901,41662.85225511251,5528.8569078909995,-3386.3674551760914,-0.3969746705515717,3.04744394711022,0.09684454016720238,EUTELSAT 7A
2025-06-29T15:16:04.888901,41638.6354352494,5711.646108495952,-3380.5255334709504,-0.41026343608975147,3.0456507967352304,0.09792408230317175,EUTELSAT 7A
2025-06-29T15:17:04.888901,41613.6215401871,5894.325972548791,-3374.6188985415984,-0.42354437255823224,3.0437993410729627,0.09900175243216897,EUTELSAT 7A
2025-06-29T15:18:04.888901,41587.811047293755,6076.893002859031,-3368.6476633042676,-0.4368172256923174,3.041889615350385,0.10007752991710943,EUTELSAT 7A
2025-06-29T15:19:04.888901,41561.20444918842,6259.343704383494,-3362.6119419122674,-0.45008174138019275,3.039921655910214,0.10115139415697805,EUTELSAT 7A
2025-06-29T15:20:04.888901,41533.80225373194,6441.674584292831,-3356.511849753835,-0.46333766566776335,3.0378955002102264,0.10222332458722148,EUTELSAT 7A
2025-06-29T15:21:04.888901,41505.60498401712,6623.882152038662,-3350.3475034499193,-0.47658474476353635,3.0358111868225692,0.10329330068014386,EUTELSAT 7A
2025-06-29T15:22:04.888901,41476.61317835899,6805.96291942011,-3344.1190208519615,-0.48982272504346186,3.0336687554330335,0.10436130194529916,EUTELSAT 7A
2025-06-29T15:23:04.888901,41446.82739028445,6987.913400651158,-3337.8265210396426,-0.5030513530558307,3.031468246840308,0.10542730792988655,EUTELSAT 7A
2025-06-29T15:24:04.888901,41416.24818852199,7169.73011242674,-3331.4701243186323,-0.5162703755260796,3.029209702955223,0.10649129821913919,EUTELSAT 7A
2025-06-29T15:25:04.888901,41384.87615699077,7351.409573989944,-3325.049952218276,-0.529479539361683,3.0268931667999492,0.10755325243671836,EUTELSAT 7A
2025-06-29T15:26:04.888901,41352.711894789594,7532.948307198274,-3318.56612748929,-0.5426785916569702,3.024518682507209,0.10861315024510224,EUTELSAT 7A
2025-06-29T15:27:04.888901,41319.7560161855,7714.342836590723,-3312.0187741014097,-0.5558672796980052,3.022086295319433,0.10967097134597785,EUTELSAT 7A
2025-06-29T15:28:04.888901,41286.00915060224,7895.589689453695,-3305.408017241047,-0.569045350967382,3.019596051587921,0.11072669548062758,EUTELSAT 7A
2025-06-29T15:29:04.888901,41251.47194260819,8076.685395888272,-3298.7339833088727,-0.5822125531491175,3.0170479987719614,0.11178030243032112,EUTELSAT 7A
2025-06-29T15:30:04.888901,41216.14505190423,8257.626488876049,-3291.996799917431,-0.5953686341334417,3.0144421854379444,0.11283177201670067,EUTELSAT 7A
2025-06-29T15:31:04.888901,41180.029153311174,8438.40950434585,-3285.196595888695,-0.6085133420216491,3.0117786612584485,0.11388108410216874,EUTELSAT 7A
2025-06-29T15:32:04.888901,41143.124936756976,8619.030981239894,-3278.3335012516163,-0.6216464251309152,3.0090574770113023,0.11492821859027397,EUTELSAT 7A
2025-06-29T15:33:04.888901,41105.43310726367,8799.487461580065,-3271.407647239645,-0.6347676319991163,3.006278684578636,0.11597315542609618,EUTELSAT 7A
2025-06-29T15:34:04.888901,41066.9543849339,8979.775490534419,-3264.419166288214,-0.6478767113896671,3.0034423369458922,0.11701587459663307,EUTELSAT 7A
2025-06-29T15:35:04.888901,41027.68950493732,9159.891616483099,-3257.368192032229,-0.660973412296319,3.000548488200841,0.11805635613118196,EUTELSAT 7A
2025-06-29T15:36:04.888901,40987.63921749656,9339.832391084481,-3250.2548593035094,-0.6740574839479692,2.9975971935325463,0.11909458010172358,EUTELSAT 7A
2025-06-29T15:37:04.888901,40946.804287873056,9519.594369341345,-3243.0793041282204,-0.6871286758134804,2.99458850923034,0.12013052662330476,EUTELSAT 7A
2025-06-29T15:38:04.888901,40905.18549635241,9699.174109666634,-3235.841663724278,-0.7001867376064602,2.9915224926827477,0.12116417585441887,EUTELSAT 7A
2025-06-29T15:39:04.888901,40862.783638229695,9878.568173949556,-3228.5420764987307,-0.713231419290075,2.988399202376415,0.12219550799738725,EUTELSAT 7A
2025-06-29T15:40:04.888901,40819.59952379423,10057.773127621254,-3221.180682045123,-0.7262624710818264,2.985218697895,0.1232245032987378,EUTELSAT 7A
2025-06-29T15:41:04.888901,40775.63397831414,10236.785539720944,-3213.757621140819,-0.7392796434583655,2.9819810399180455,0.12425114204958658,EUTELSAT 7A
2025-06-29T15:42:04.888901,40730.88784202081,10415.60198296127,-3206.273035744333,-0.7522826871602465,2.9786862902198354,0.12527540458601305,EUTELSAT 7A
2025-06-29T15:43:04.888901,40685.36197009279,10594.219033794137,-3198.7270689926063,-0.7652713531967198,2.975334511668233,0.126297271289439,EUTELSAT 7A
2025-06-29T15:44:04.888901,40639.05723263959,10772.633272476125,-3191.1198651982936,-0.7782453928504929,2.9719257682234823,0.1273167225870036,EUTELSAT 7A
2025-06-29T15:45:04.888901,40591.97451468504,10950.841283134288,-3183.451569846983,-0.791204557682516,2.96846012493701,0.12833373895194117,EUTELSAT 7A
2025-06-29T15:46:04.888901,40544.11471615063,11128.839653831259,-3175.7223295944477,-0.8041485995367238,2.964937647950187,0.12934830090395305,EUTELSAT 7A
2025-06-29T15:47:04.888901,40495.47875183824,11306.624976630648,-3167.932292263836,-0.8170772705447917,2.9613584044930867,0.13036038900958258,EUTELSAT 7A
2025-06-29T15:48:04.888901,40446.067551412685,11484.193847662747,-3160.0816068428344,-0.8299903231309226,2.9577224628832033,0.13136998388258994,EUTELSAT 7A
2025-06-29T15:49:04.888901,40395.88205938419,11661.542867189286,-3152.1704234808467,-0.8428875100165545,2.9540298925241606,0.13237706618432155,EUTELSAT 7A
2025-06-29T15:50:04.888901,40344.92323509032,11838.66863966862,-3144.19889348612,-0.8557685842251107,2.9502807639044106,0.13338161662408174,EUTELSAT 7A
2025-06-29T15:51:04.888901,40293.192052677754,12015.567773820829,-3136.1671693228577,-0.8686332990867349,2.9464751485958853,0.1343836159595029,EUTELSAT 7A
2025-06-29T15:52:04.888901,40240.689501083616,12192.236882692892,-3128.075404608296,-0.8814814082430364,2.942613119252648,0.1353830449969164,EUTELSAT 7A
2025-06-29T15:53:04.888901,40187.4165840169,12368.672583723093,-3119.9237541098055,-0.8943126656517775,2.938694749609517,0.13637988459171807,EUTELSAT 7A
2025-06-29T15:54:04.888901,40133.37431993911,12544.871498806335,-3111.712373741895,-0.9071268255916309,2.934720114480671,0.13737411564873803,EUTELSAT 7A
2025-06-29T15:55:04.888901,40078.56374204494,12720.83025435877,-3103.4414205632534,-0.9199236426668794,2.9306892897582193,0.1383657191226076,EUTELSAT 7A
2025-06-29T15:56:04.888901,40022.985898242616,12896.54548138196,-3095.111052773764,-0.9327028718120953,2.9266023524107876,0.13935467601812138,EUTELSAT 7A
2025-06-29T15:57:04.888901,39966.64185113402,13072.013815528,-3086.721429711467,-0.94546426829687,2.9224593804820356,0.14034096739060556,EUTELSAT 7A
2025-06-29T15:58:04.888901,39909.53267799433,13247.231897163607,-3078.2727118495204,-0.9582075877304906,2.9182604530891942,0.14132457434627935,EUTELSAT 7A
2025-06-29T15:59:04.888901,39851.65947075152,13422.196371434662,-3069.7650607931446,-0.9709325860666317,2.914005650421556,0.14230547804261867,EUTELSAT 7A
2025-06-29T16:00:04.888901,39793.02333596557,13596.9038883304,-3061.1986392765266,-0.9836390196080333,2.9096950537389596,0.14328365968871729,EUTELSAT 7A
2025-06-29T16:01:04.888901,39733.625394807335,13771.35110274794,-3052.573611159704,-0.9963266450111953,2.9053287453702397,0.1442591005456496,EUTELSAT 7A
2025-06-29T16:02:04.888901,39673.46678303734,13945.534674555647,-3043.8901414254688,-1.008995219290996,2.900906808711681,0.14523178192682623,EUTELSAT 7A
2025-06-29T16:03:04.888901,39612.54865098394,14119.451268657776,-3035.1483961761837,-1.0216444998253944,2.8964293282254276,0.14620168519835647,EUTELSAT 7A
2025-06-29T16:04:04.888901,39550.872163521504,14293.097555058092,-3026.3485426306265,-1.0342742443600645,2.891896389437875,0.14716879177940392,EUTELSAT 7A
2025-06-29T16:05:04.888901,39488.43850004824,14466.47020892373,-3017.4907491207955,-1.0468842110130472,2.8873080789380587,0.1481330831425448,EUTELSAT 7A
2025-06-29T16:06:04.888901,39425.24885446359,14639.565910649002,-3008.575185088683,-1.0594741582793934,2.8826644843759994,0.14909454081412268,EUTELSAT 7A
2025-06-29T16:07:04.888901,39361.30443514556,14812.381345918853,-2999.602021083053,-1.0720438450357865,2.8779656944610466,0.1500531463746035,EUTELSAT 7A
2025-06-29T16:08:04.888901,39296.606464927645,14984.913205772558,-2990.5714287561727,-1.0845930305451836,2.873211798960186,0.15100888145892968,EUTELSAT 7A
2025-06-29T16:09:04.888901,39231.15618107566,15157.158186666737,-2981.483580860555,-1.0971214744613997,2.868402888696354,0.15196172775687092,EUTELSAT 7A
2025-06-29T16:10:04.888901,39164.95483526391,15329.112990539095,-2972.338651245628,-1.1096289368337526,2.8635390555466875,0.1529116670133781,EUTELSAT 7A
2025-06-29T16:11:04.888901,39098.00369355154,15500.774324871303,-2963.1368148544443,-1.122115178111644,2.858620392440803,0.15385868102893202,EUTELSAT 7A
2025-06-29T16:12:04.888901,39030.30403635811,15672.13890275257,-2953.8782477203004,-1.1345799591491874,2.853646993359004,0.15480275165989574,EUTELSAT 7A
2025-06-29T16:13:04.888901,38961.85715843956,15843.20344294201,-2944.563126963422,-1.147023041209749,2.848618953330521,0.1557438608188593,EUTELSAT 7A
2025-06-29T16:14:04.888901,38892.66436886321,16013.964669931807,-2935.1916307875454,-1.1594441859705544,2.8435363684316965,0.1566819904749891,EUTELSAT 7A
2025-06-29T16:15:04.888901,38822.72699098291,16184.419314010187,-2925.7639384765234,-1.1718431555272677,2.838399335784152,0.15761712265437477,EUTELSAT 7A
2025-06-29T16:16:04.888901,38752.04636241384,16354.56411132364,-2916.280230390908,-1.1842197123985285,2.8332079535529555,0.15854923944037247,EUTELSAT 7A
2025-06-29T16:17:04.888901,38680.623835006925,16524.395803939788,-2906.740687964496,-1.1965736195305319,2.8279623209447444,0.15947832297395054,EUTELSAT 7A
2025-06-29T16:18:04.888901,38608.46077482297,16693.911139909855,-2897.145493700853,-1.2089046403015764,2.822662538205843,0.16040435545403262,EUTELSAT 7A
2025-06-29T16:19:04.888901,38535.558562106766,16863.106873330835,-2887.494831169844,-1.2212125385265942,2.8173087066203535,0.16132731913783885,EUTELSAT 7A
2025-06-29T16:20:04.888901,38461.918591260655,17031.979764407664,-2877.7888850041204,-1.233497078461681,2.8119009285082406,0.16224719634122686,EUTELSAT 7A
2025-06-29T16:21:04.888901,38387.54227081802,17200.526579515343,-2868.027840895596,-1.245758024808618,2.806439307223379,0.16316396943903083,EUTELSAT 7A
2025-06-29T16:22:04.888901,38312.431023416226,17368.74409126112,-2858.2118855918807,-1.2579951427194083,2.8009239471515786,0.164077620865402,EUTELSAT 7A
2025-06-29T16:23:04.888901,38236.586285769714,17536.629078545982,-2848.34120689274,-1.270208197800752,2.7953549537086175,0.16498813311414376,EUTELSAT 7A
2025-06-29T16:24:04.888901,38160.00950864233,17704.178326626818,-2838.415993646475,-1.2823969561185748,2.789732433338216,0.1658954887390503,EUTELSAT 7A
2025-06-29T16:25:04.888901,38082.70215681973,17871.388627177836,-2828.436435746328,-1.294561184202507,2.7840564935100227,0.16679967035424076,EUTELSAT 7A
2025-06-29T16:26:04.888901,38004.66570908163,18038.256778351726,-2818.402724126873,-1.3067006490503386,2.7783272427175785,0.16770066063449182,EUTELSAT 7A
2025-06-29T16:27:04.888901,37925.9016581733,18204.7795848415,-2808.3150507603395,-1.3188151181325218,2.772544790476235,0.16859844231557264,EUTELSAT 7A
2025-06-29T16:28:04.888901,37846.411510777194,18370.95385794164,-2798.173608652949,-1.3309043593966283,2.766709247321076,0.16949299819457583,EUTELSAT 7A
2025-06-29T16:29:04.888901,37766.196787484165,18536.776415608976,-2787.978591841233,-1.3429681412717904,2.7608207248048204,0.17038431113024802,EUTELSAT 7A
2025-06-29T16:30:04.888901,37685.259022764505,18702.244082524005,-2777.7301953883252,-1.3550062326731576,2.754879335495688,0.17127236404331922,EUTELSAT 7A
2025-06-29T16:31:04.888901,37603.59976493845,18867.353690151616,-2767.428615380214,-1.367018403006338,2.748885192975258,0.1721571399168318,EUTELSAT 7A
2025-06-29T16:32:04.888901,37521.22057614694,19032.102076801693,-2757.0740489220266,-1.379004422171798,2.7428384118363174,0.1730386217964656,EUTELSAT 7A
2025-06-29T16:33:04.888901,37438.12303232147,19196.48608768992,-2746.6666941342305,-1.3909640605693074,2.736739107680667,0.17391679279086592,EUTELSAT 7A
2025-06-29T16:34:04.888901,37354.30872315428,19360.502574998085,-2736.206750148879,-1.4028970891023225,2.7305873971169277,0.17479163607196627,EUTELSAT 7A
2025-06-29T16:35:04.888901,37269.779252067834,19524.148397934583,-2725.6944171057694,-1.4148032791824035,2.724383397758313,0.17566313487531326,EUTELSAT 7A
2025-06-29T16:36:04.888901,37184.5362361842,19687.420422794505,-2715.129896148638,-1.4266824027335938,2.7181272282203945,0.17653127250038794,EUTELSAT 7A
2025-06-29T16:37:04.888901,37098.581306294145,19850.315523019894,-2704.5133894213063,-1.438534232196807,2.711819008118834,0.17739603231092804,EUTELSAT 7A
2025-06-29T16:38:04.888901,37011.91610682626,20012.8305792593,-2693.8451000638343,-1.4503585405341708,2.7054588580671197,0.17825739773524515,EUTELSAT 7A
2025-06-29T16:39:04.888901,36924.542295815154,20174.96247942806,-2683.125232208605,-1.4621551012334206,2.6990468996742525,0.17911535226654648,EUTELSAT 7A
2025-06-29T16:40:04.888901,36836.46154487016,20336.708118767507,-2672.353990976461,-1.4739236883122124,2.692583255542441,0.17996987946324922,EUTELSAT 7A
2025-06-29T16:41:04.888901,36747.675539143136,20498.064399904786,-2661.531582472748,-1.4856640763224895,2.6860680492647564,0.1808209629492985,EUTELSAT 7A
2025-06-29T16:42:04.888901,36658.18597729637,20659.028232912253,-2650.658213783388,-1.4973760403548055,2.679501405422782,0.1816685864144823,EUTELSAT 7A
2025-06-29T16:43:04.888901,36567.99457147018,20819.596535366454,-2639.7340929709244,-1.5090593560426275,2.6728834495842357,0.18251273361474346,EUTELSAT 7A
2025-06-29T16:44:04.888901,36477.10304725015,20979.766232407583,-2628.7594290705365,-1.5207137995666673,2.6662143083005785,0.18335338837249376,EUTELSAT 7A
2025-06-29T16:45:04.888901,36385.51314363425,21139.534256797964,-2617.7344320860493,-1.5323391476591506,2.6594941091046076,0.18419053457692308,EUTELSAT 7A
2025-06-29T16:46:04.888901,36293.226612999526,21298.897548981244,-2606.6593129859166,-1.5439351776081252,2.6527229805080155,0.18502415618431048,EUTELSAT 7A
2025-06-29T16:47:04.888901,36200.245221068675,21457.853057140936,-2595.534283699178,-1.5555016672617368,2.6459010519989454,0.1858542372183325,EUTELSAT 7A
2025-06-29T16:48:04.888901,36106.57074687626,21616.397737258892,-2584.3595571114197,-1.5670383950324838,2.6390284540395235,0.18668076177036996,EUTELSAT 7A
2025-06-29T16:49:04.888901,36012.204982734744,21774.528553173826,-2573.1353470606837,-1.5785451399014905,2.63210531806336,0.1875037139998149,EUTELSAT 7A
2025-06-29T16:50:04.888901,35917.14973420029,21932.242476639258,-2561.861868333404,-1.5900216814227293,2.6251317764730624,0.18832307813437357,EUTELSAT 7A
2025-06-29T16:51:04.888901,35821.40682003827,22089.536487381665,-2550.5393366602907,-1.601467799727263,2.6181079626376995,0.18913883847037033,EUTELSAT 7A
2025-06-29T16:52:04.888901,35724.97807218834,22246.4075731587,-2539.1679687121796,-1.6128832755274842,2.611034010890248,0.18995097937305103,EUTELSAT 7A
2025-06-29T16:53:04.888901,35627.865335729795,22402.852729816277,-2527.7479820959406,-1.6242678901212866,2.603910056525057,0.1907594852768804,EUTELSAT 7A
2025-06-29T16:54:04.888901,35530.0704688459,22558.868961346943,-2516.2795953502596,-1.6356214253963126,2.5967362357952384,0.19156434068584546,EUTELSAT 7A
2025-06-29T16:55:04.888901,35431.59534281105,22714.45327991152,-2504.7630279441155,-1.6469436638315444,2.5895126859117337,0.19236553017356925,EUTELSAT 7A
2025-06-29T16:56:04.888901,35332.44184186513,22869.602706038277,-2493.198500262064,-1.6582343885118007,2.5822395450340885,0.19316303838433743,EUTELSAT 7A
2025-06-29T16:57:04.888901,35232.611863312406,23024.31426846678,-2481.5862336158143,-1.6694933831163856,2.5749169522777313,0.19395685003229618,EUTELSAT 7A
2025-06-29T16:58:04.888901,35132.107317395144,23178.585004347507,-2469.9264502294404,-1.6807204319336249,2.567545047704699,0.19474694990248023,EUTELSAT 7A
2025-06-29T16:59:04.888901,35030.93012727993,23332.41195926275,-2458.219373237804,-1.691915319862392,2.560123972322632,0.19553332285092082,EUTELSAT 7A
2025-06-29T17:00:04.888901,34929.08222902051,23485.79218728357,-2446.465226682243,-1.7030778324162659,2.5526538680820705,0.19631595380493844,EUTELSAT 7A
2025-06-29T17:01:04.888901,34826.56557152097,23638.722751026075,-2434.6642355063104,-1.7142077557276343,2.5451348778737466,0.19709482776343204,EUTELSAT 7A
2025-06-29T17:02:04.888901,34723.38211649869,23791.200721707595,-2422.816625551482,-1.72530487655179,2.537567145525873,0.19786992979716636,EUTELSAT 7A
2025-06-29T17:03:04.888901,34619.53383844644,23943.22317920329,-2410.922623552807,-1.7363689822710626,2.529950815801375,0.19864124504906164,EUTELSAT 7A
2025-06-29T17:04:04.888901,34515.02272459495,24094.78721210177,-2398.982457134593,-1.7473998608988706,2.522286034395139,0.19940875873447722,EUTELSAT 7A
2025-06-29T17:05:04.888901,34409.85077487487,24245.889917760982,-2386.996354806051,-1.7583973010838043,2.5145729479312413,0.20017245614149687,EUTELSAT 7A
2025-06-29T17:06:04.888901,34304.02000187834,24396.528402364154,-2374.964545956898,-1.7693610921137017,2.506811703960123,0.20093232263121283,EUTELSAT 7A
2025-06-29T17:07:04.888901,34197.53243082074,24546.699780974952,-2362.887260853004,-1.7802910239196748,2.4990024509557944,0.2016883436380055,EUTELSAT 7A
2025-06-29T17:08:04.888901,34090.39009950185,24696.401177593012,-2350.76473063196,-1.7911868870801593,2.4911453383129936,0.2024405046698256,EUTELSAT 7A
2025-06-29T17:09:04.888901,33982.595058267114,24845.6297252088,-2338.5971872986906,-1.8020484728249169,2.4832405163443414,0.20318879130847045,EUTELSAT 7A
2025-06-29T17:10:04.888901,33874.14936996805,24994.38256585911,-2326.3848637209653,-1.8128755730390855,2.475288136277455,0.2039331892098651,EUTELSAT 7A
2025-06-29T17:11:04.888901,33765.05510992315,25142.656850681444,-2314.1279936249807,-1.8236679802671454,2.4672883502520717,0.20467368410433515,EUTELSAT 7A
2025-06-29T17:12:04.888901,33655.31436587803,25290.449739968775,-2301.8268115908822,-1.834425487716914,2.4592413113171427,0.20541026179688282,EUTELSAT 7A
2025-06-29T17:13:04.888901,33544.92923796543,25437.758403224278,-2289.4815530482465,-1.8451478892635413,2.451147173427898,0.20614290816746098,EUTELSAT 7A
2025-06-29T17:14:04.888901,33433.90183866535,25584.58001921507,-2277.0924542716307,-1.8558349794534292,2.443006091442926,0.2068716091712422,EUTELSAT 7A
2025-06-29T17:15:04.888901,33322.23429276445,25730.911776026733,-2264.6597523760097,-1.8664865535082096,2.434818221121208,0.20759635083889155,EUTELSAT 7A
2025-06-29T17:16:04.888901,33209.928737315444,25876.750871117136,-2252.1836853122554,-1.8771024073286744,2.426583719119133,0.2083171192768341,EUTELSAT 7A
2025-06-29T17:17:04.888901,33096.987321596236,26022.094511370167,-2239.664491862575,-1.8876823374986944,2.4183027429875184,0.20903390066752361,EUTELSAT 7A
2025-06-29T17:18:04.888901,32983.41220706882,26166.939913149385,-2227.1024116359517,-1.8982261412891284,2.409975451168589,0.20974668126970689,EUTELSAT 7A
2025-06-29T17:19:04.888901,32869.205567337885,26311.28430235141,-2214.4976850635435,-1.9087336166617352,2.401602002992953,0.21045544741869046,EUTELSAT 7A
2025-06-29T17:20:04.888901,32754.36958810937,26455.124914459004,-2201.850553394099,-1.9192045622730296,2.3931825586765627,0.21116018552660096,EUTELSAT 7A
2025-06-29T17:21:04.888901,32638.90646714874,26598.45899459406,-2189.16125868935,-1.9296387774781598,2.3847172793176603,0.21186088208264836,EUTELSAT 7A
2025-06-29T17:22:04.888901,32522.81841423862,26741.283797570763,-2176.430043819347,-1.9400360623347852,2.3762063268936746,0.2125575236533861,EUTELSAT 7A
2025-06-29T17:23:04.888901,32406.10765113679,26883.596587947937,-2163.657152457829,-1.9503962176068959,2.36764986425815,0.21325009688296934,EUTELSAT 7A
2025-06-29T17:24:04.888901,32288.776411533687,27025.394640081657,-2150.842829077572,-1.9607190447686507,2.359048055137621,0.21393858849341188,EUTELSAT 7A
2025-06-29T17:25:04.888901,32170.82694100947,27166.67523817758,-2137.987318945679,-1.9710043460082043,2.3504010641284827,0.2146229852848429,EUTELSAT 7A
2025-06-29T17:26:04.888901,32052.26149699139,27307.435676342833,-2125.0908681189235,-1.981251924231481,2.341709056693859,0.215303274135759,EUTELSAT 7A
2025-06-29T17:27:04.888901,31933.082348710384,27447.673258638053,-2112.153723439017,-1.9914615830659907,2.332972199160428,0.21597944200327898,EUTELSAT 7A
2025-06-29T17:28:04.888901,31813.29177715763,27587.385299129295,-2099.1761325278785,-2.001633126864601,2.324190658715234,0.2166514759233944,EUTELSAT 7A
2025-06-29T17:29:04.888901,31692.892075041273,27726.569121939014,-2086.158343782934,-2.0117663607092715,2.315364603402527,0.21731936301121763,EUTELSAT 7A
2025-06-29T17:30:04.888901,31571.885546741956,27865.222061298125,-2073.1006063723025,-2.021861090414845,2.306494202120499,0.21798309046123301,EUTELSAT 7A
2025-06-29T17:31:04.888901,31450.274508269205,28003.341461596647,-2060.0031702300653,-2.0319171225327537,2.297579624618091,0.2186426455475414,EUTELSAT 7A
2025-06-29T17:32:04.888901,31328.06128721714,28140.924677434617,-2046.866286051497,-2.0419342643547247,2.2886210414917474,0.21929801562410467,EUTELSAT 7A
2025-06-29T17:33:04.888901,31205.24822271967,28277.969073673175,-2033.6902052882244,-2.05191232391652,2.279618624182137,0.2199491881249912,EUTELSAT 7A
2025-06-29T17:34:04.888901,31081.837665405903,28414.472025484847,-2020.475180143445,-2.0618511100016015,2.2705725449708867,0.22059615056461657,EUTELSAT 7A
2025-06-29T17:35:04.888901,30957.831977355174,28550.430918404007,-2007.221463567086,-2.0717504321448192,2.261482976977285,0.2212388905379846,EUTELSAT 7A
2025-06-29T17:36:04.888901,30833.233532051872,28685.843148376953,-1993.9293092509736,-2.081610100636064,2.252350094154971,0.22187739572092557,EUTELSAT 7A
2025-06-29T17:37:04.888901,30708.04471433975,28820.70612181225,-1980.598971623942,-2.091429926523941,2.243174071288593,0.22251165387033545,EUTELSAT 7A
2025-06-29T17:38:04.888901,30582.267920376842,28955.017255629744,-1967.230705847024,-2.1012097216193584,2.2339550839905056,0.22314165282440904,EUTELSAT 7A
2025-06-29T17:39:04.888901,30455.905557589103,29088.773977310804,-1953.8247678085113,-2.110949298499188,2.2246933086973684,0.2237673805028764,EUTELSAT 7A
2025-06-29T17:40:04.888901,30328.960044624608,29221.973724947402,-1940.3814141190799,-2.12064847050985,2.215388922666793,0.224388824907235,EUTELSAT 7A
2025-06-29T17:41:04.888901,30201.433811307263,29354.613947291175,-1926.9009021068878,-2.130307051770894,2.2060421039739557,0.22500597412097972,EUTELSAT 7A
2025-06-29T17:42:04.888901,30073.32929859013,29486.69210380269,-1913.3834898126133,-2.1399248571786047,2.1966530315081716,0.22561881630983494,EUTELSAT 7A
2025-06-29T17:43:04.888901,29944.648958508944,29618.205664699828,-1899.8294359845547,-2.1495017024095273,2.1872218849694947,0.2262273397219798,EUTELSAT 7A
2025-06-29T17:44:04.888901,29815.395254134975,29749.152111006646,-1886.2390000736416,-2.159037403924038,2.1777488448652624,0.22683153268827708,EUTELSAT 7A
2025-06-29T17:45:04.888901,29685.570659528174,29879.52893460136,-1872.612442228505,-2.1685317789698493,2.1682340925066637,0.2274313836224956,EUTELSAT 7A
2025-06-29T17:46:04.888901,29555.177659689638,30009.333638264718,-1858.9500232904747,-2.1779846455855445,2.158677810005253,0.22802688102153526,EUTELSAT 7A
2025-06-29T17:47:04.888901,29424.218750513923,30138.563735728003,-1845.2520047885707,-2.187395822604079,2.1490801802694626,0.2286180134656488,EUTELSAT 7A
2025-06-29T17:48:04.888901,29292.696438741597,30267.21675172043,-1831.5186489345274,-2.196765129656247,2.1394413870011215,0.22920476961866024,EUTELSAT 7A
2025-06-29T17:49:04.888901,29160.61324191093,30395.29022201695,-1817.7502186177435,-2.2060923871741736,2.12976161469192,0.22978713822818575,EUTELSAT 7A
2025-06-29T17:50:04.888901,29027.971688310055,30522.78169348531,-1803.9469774002794,-2.215377416394742,2.120041048619897,0.23036510812584773,EUTELSAT 7A
2025-06-29T17:51:04.888901,28894.7743169284,30649.688724133204,-1790.1091895117931,-2.2246200393630535,2.1102798748458906,0.23093866822749215,EUTELSAT 7A
2025-06-29T17:52:04.888901,28761.023677407975,30776.008883155173,-1776.2371198444716,-2.2338200789358447,2.100478280209966,0.23150780753340172,EUTELSAT 7A
2025-06-29T17:53:04.888901,28626.722329994915,30901.739750979123,-1762.331033947992,-2.2429773587848842,2.0906364523278618,0.23207251512850685,EUTELSAT 7A
2025-06-29T17:54:04.888901,28491.87284549003,31026.878919313032,-1748.3911980243874,-2.2520917034003896,2.0807545795873694,0.2326327801825983,EUTELSAT 7A
2025-06-29T17:55:04.888901,28356.477805199844,31151.423991190983,-1734.4178789229823,-2.261162938094385,2.070832851144744,0.2331885919505338,EUTELSAT 7A
2025-06-29T17:56:04.888901,28220.53980088734,31275.372581018943,-1720.4113441352915,-2.270190889004058,2.060871456921103,0.2337399397724459,EUTELSAT 7A
2025-06-29T17:57:04.888901,28084.06143472213,31398.722314620936,-1706.3718617898787,-2.279175383095111,2.0508705875987565,0.23428681307394753,EUTELSAT 7A
2025-06-29T17:58:04.888901,27947.045319230612,31521.470829284415,-1692.2997006472212,-2.288116248165102,2.0408304346175794,0.23482920136633628,EUTELSAT 7A
2025-06-29T17:59:04.888901,27809.494077246207,31643.61577380556,-1678.195130094581,-2.2970133128467296,2.0307511901713435,0.2353670942467956,EUTELSAT 7A
2025-06-29T18:00:04.888901,27671.410341858842,31765.154808534488,-1664.058420140824,-2.3058664066111625,2.020633047204031,0.2359004813985967,EUTELSAT 7A
2025-06-29T18:01:04.888901,27532.796756364645,31886.085605420285,-1649.8898414112487,-2.3146753597713046,2.0104761994061366,0.2364293525912967,EUTELSAT 7A
2025-06-29T18:02:04.888901,27393.655974215577,32006.4058480553,-1635.6896651424383,-2.3234400034850498,2.0002808412109863,0.23695369768093572,EUTELSAT 7A
2025-06-29T18:03:04.888901,27253.990658968338,32126.11323171997,-1621.4581631770266,-2.33216016975855,1.9900471677909872,0.237473506610233,EUTELSAT 7A
2025-06-29T18:04:04.888901,27113.80348423359,32245.205463426806,-1607.195607958521,-2.340835691449429,1.9797753750539067,0.23798876940878,EUTELSAT 7A
2025-06-29T18:05:04.888901,26973.097133624564,32363.680261964604,-1592.9022725260604,-2.349466402270019,1.96946565963911,0.2384994761932343,EUTELSAT 7A
2025-06-29T18:06:04.888901,26831.87430070586,32481.53535794211,-1578.5784305092018,-2.3580521367905423,1.9591182189138043,0.23900561716750846,EUTELSAT 7A
2025-06-29T18:07:04.888901,26690.13768894177,32598.768493831587,-1564.2243561226744,-2.3665927304423082,1.948733250969255,0.23950718262296022,EUTELSAT 7A
